time,seconds_elapsed,z,y,x
1788676364762755600,0.145755615234375,-90.9800033569336,28.238000869750977,-30.297000885009766
1788676364778896400,0.161896484375,-98.47300720214844,47.000003814697266,-38.474002838134766
1788676364794990600,0.177990478515625,-96.55500793457031,47.75100326538086,-38.165000915527344
1788676364811177200,0.19417724609375,-96.35700225830078,47.742000579833984,-38.87800216674805
1788676364827384800,0.210384765625,-96.31700134277344,46.36100387573242,-37.974002838134766
1788676364843474000,0.226473876953125,-96.04000091552734,47.52300262451172,-39.18600082397461
1788676364859622100,0.2426220703125,-96.63300323486328,45.715003967285156,-38.18300247192383
1788676364875726000,0.25872607421875,-96.64700317382812,46.57100296020508,-38.277000427246094
1788676364891918800,0.2749189453125,-95.6780014038086,46.467002868652344,-37.97300338745117
1788676364908132000,0.291132080078125,-97.51900482177734,47.31900405883789,-38.57500076293945
1788676364924223700,0.3072236328125,-97.00800323486328,48.493003845214844,-38.871002197265625
1788676364940379400,0.32337939453125,-96.34100341796875,48.07500076293945,-37.95800018310547
1788676364956493800,0.339493896484375,-95.67000579833984,46.3640022277832,-37.669002532958984
1788676364972700200,0.3557001953125,-97.41900634765625,47.20600128173828,-38.983001708984375
1788676364988865800,0.37186572265625,-95.17300415039062,46.557003021240234,-39.19600296020508
1788676365004974300,0.387974365234375,-93.61300659179688,47.285003662109375,-40.617000579833984
1788676365021145600,0.4041455078125,-94.99900817871094,46.6400032043457,-40.927001953125
1788676365037283000,0.420282958984375,-94.9580078125,47.63800048828125,-38.47300338745117
1788676365053493800,0.43649365234375,-96.34600830078125,46.12700271606445,-39.402000427246094
1788676365069676300,0.45267626953125,-95.71200561523438,46.77100372314453,-39.29500198364258
1788676365085789200,0.4687890625,-97.42400360107422,48.176002502441406,-38.56700134277344
1788676365101910500,0.48491064453125,-95.29100799560547,47.7390022277832,-38.98100280761719
1788676365118005000,0.5010048828125,-94.66900634765625,48.915000915527344,-39.07400131225586
1788676365134179800,0.517179931640625,-96.57400512695312,47.84800338745117,-38.979000091552734
1788676365150372000,0.5333720703125,-95.06200408935547,47.423004150390625,-38.47500228881836
1788676365166449000,0.549448974609375,-95.52300262451172,48.052001953125,-39.5890007019043
1788676365182588200,0.565588134765625,-94.63900756835938,46.23200225830078,-39.40300369262695
1788676365198684200,0.58168408203125,-95.72500610351562,46.871002197265625,-39.803001403808594
1788676365214878500,0.59787841796875,-94.5300064086914,46.88100051879883,-38.88800048828125
1788676365231084500,0.61408447265625,-93.44000244140625,45.48800277709961,-38.80000305175781
1788676365247195000,0.63019482421875,-95.9530029296875,48.9160041809082,-39.17400360107422
1788676365263324200,0.64632421875,-95.2090072631836,48.048004150390625,-39.89600372314453
1788676365279430000,0.662429931640625,-95.37500762939453,47.86100387573242,-37.86000061035156
1788676365295628000,0.6786279296875,-96.36100769042969,47.415000915527344,-39.288002014160156
1788676365311838500,0.69483837890625,-96.17000579833984,47.72500228881836,-40.10100173950195
1788676365327939300,0.710939208984375,-94.00900268554688,47.62900161743164,-38.98400115966797
1788676365344100000,0.72710009765625,-94.41400146484375,46.23800277709961,-38.89400100708008
1788676365360214000,0.743214111328125,-93.99900817871094,47.419002532958984,-38.68000030517578
1788676365376422000,0.759421875,-96.36600494384766,48.60000228881836,-38.76900100708008
1788676365392597800,0.77559765625,-94.6300048828125,46.88600158691406,-38.582000732421875
1788676365408703500,0.791703369140625,-94.88600158691406,47.18400192260742,-40.31100082397461
1788676365424872200,0.8078720703125,-94.4310073852539,46.336002349853516,-39.60600280761719
1788676365440995800,0.823995849609375,-93.0560073852539,46.75800323486328,-39.910003662109375
1788676365457215700,0.8402158203125,-95.08900451660156,47.083003997802734,-39.90400314331055
1788676365473396200,0.856396240234375,-96.03700256347656,45.79500198364258,-40.11800003051758
1788676365489460000,0.8724599609375,-94.95700073242188,47.855003356933594,-38.268001556396484
1788676365505585200,0.888585205078125,-95.26500701904297,46.99800109863281,-38.275001525878906
1788676365521708800,0.904708740234375,-93.48400115966797,47.51400375366211,-39.49500274658203
1788676365537877000,0.920876953125,-95.8280029296875,47.0890007019043,-39.496002197265625
1788676365554066700,0.937066650390625,-95.82000732421875,46.01400375366211,-39.81100082397461
1788676365570134300,0.95313427734375,-94.86200714111328,46.118003845214844,-39.913002014160156
1788676365586272000,0.96927197265625,-95.69000244140625,47.32400131225586,-37.96600341796875
1788676365602412500,0.98541259765625,-97.25100708007812,48.1510009765625,-40.4010009765625
1788676365618592500,1.001592529296875,-95.29100799560547,47.52300262451172,-39.08500289916992
1788676365634793200,1.017793212890625,-95.07100677490234,46.77000045776367,-39.29600143432617
1788676365650875400,1.03387548828125,-95.7040023803711,46.55900192260742,-39.09300231933594
1788676365667020300,1.050020263671875,-95.1820068359375,46.22700119018555,-39.810001373291016
1788676365683122000,1.066121826171875,-95.11300659179688,47.82500076293945,-40.509002685546875
1788676365699305700,1.0823056640625,-97.41900634765625,47.53000259399414,-38.777000427246094
1788676365715511000,1.098510986328125,-95.75200653076172,48.04300308227539,-40.302001953125
1788676365731604700,1.114604736328125,-95.48400115966797,47.535003662109375,-38.16800308227539
1788676365747751400,1.13075146484375,-95.7080078125,46.340003967285156,-39.4010009765625
1788676365763857400,1.146857421875,-95.27000427246094,46.99500274658203,-38.479000091552734
1788676365780057000,1.16305712890625,-95.5770034790039,46.57100296020508,-38.176002502441406
1788676365796221000,1.179220947265625,-95.06300354003906,46.66600036621094,-38.99100112915039
1788676365812319700,1.19531982421875,-96.36700439453125,48.16800308227539,-39.0780029296875
1788676365828479500,1.2114794921875,-94.44800567626953,47.5150032043457,-39.59600067138672
1788676365844597000,1.227596923828125,-96.03400421142578,46.77000045776367,-39.39600372314453
1788676365860807400,1.243807373046875,-94.86300659179688,47.30600357055664,-39.189002990722656
1788676365876968400,1.259968505859375,-94.89600372314453,48.90700149536133,-39.685001373291016
1788676365893070800,1.27607080078125,-95.84800720214844,48.2660026550293,-39.689002990722656
1788676365909238800,1.29223876953125,-94.83700561523438,46.24100112915039,-38.69000244140625
1788676365925364700,1.30836474609375,-94.8790054321289,47.51300048828125,-39.79900360107422
1788676365941581600,1.32458154296875,-97.2760009765625,45.715003967285156,-38.284000396728516
1788676365957763800,1.340763916015625,-95.72700500488281,46.54500198364258,-40.112003326416016
1788676365973819000,1.35681884765625,-96.37300109863281,47.29900360107422,-39.9010009765625
1788676365989992700,1.37299267578125,-97.11900329589844,47.302001953125,-39.79800033569336
1788676366006129000,1.38912890625,-96.2080078125,45.7130012512207,-38.285003662109375
1788676366022309000,1.40530908203125,-96.36100769042969,47.7390022277832,-39.082000732421875
1788676366038501600,1.421501708984375,-96.13400268554688,47.207000732421875,-38.781002044677734
1788676366054574000,1.437573974609375,-96.34900665283203,46.66600036621094,-39.19300079345703
1788676366070712800,1.453712890625,-94.84000396728516,46.13200378417969,-38.89400100708008
1788676366086806000,1.469805908203125,-96.79600524902344,46.1140022277832,-40.42000198364258
1788676366102991600,1.48599169921875,-97.37300109863281,45.505001068115234,-37.980003356933594
1788676366119195000,1.50219482421875,-97.30500793457031,46.130001068115234,-39.29900360107422
1788676366135278800,1.51827880859375,-96.11700439453125,45.16400146484375,-39.30900192260742
1788676366151422500,1.53442236328125,-96.02900695800781,45.90800094604492,-39.71000289916992
1788676366167529000,1.550529052734375,-93.99600219726562,45.259002685546875,-39.922000885009766
1788676366183729200,1.566729248046875,-95.59200286865234,46.34600067138672,-38.99300003051758
1788676366199944000,1.58294384765625,-95.68000793457031,45.277000427246094,-38.79900360107422
1788676366216033500,1.599033447265625,-97.09000396728516,45.05000305175781,-39.92000198364258
1788676366232188700,1.615188720703125,-94.60700225830078,44.73800277709961,-38.90700149536133
1788676366248297500,1.63129736328125,-93.98600769042969,45.15700149536133,-39.5150032043457
1788676366264502800,1.647502685546875,-95.15400695800781,45.7030029296875,-38.89800262451172
1788676366280670700,1.663670654296875,-95.17300415039062,46.23200225830078,-39.402000427246094
1788676366296765700,1.679765625,-97.90800476074219,44.10000228881836,-38.90800094604492
1788676366312928800,1.6959287109375,-95.91700744628906,45.80400085449219,-39.50699996948242
1788676366329046300,1.71204638671875,-95.87200164794922,44.21000289916992,-38.50200271606445
1788676366345252900,1.7282529296875,-97.71000671386719,45.387001037597656,-38.79500198364258
1788676366361430300,1.74443017578125,-96.53900146484375,44.518001556396484,-39.518001556396484
1788676366377536000,1.760535888671875,-97.5050048828125,45.814002990722656,-38.89400100708008
1788676366393703200,1.776703125,-95.54600524902344,45.29300308227539,-37.57600021362305
1788676366409827600,1.79282763671875,-96.86400604248047,44.840003967285156,-39.51400375366211
1788676366426000400,1.80900048828125,-95.91700744628906,45.695003509521484,-39.61000061035156
1788676366442192000,1.82519189453125,-95.45000457763672,45.28600311279297,-38.086002349853516
1788676366458261500,1.841261474609375,-96.12600708007812,45.698001861572266,-39.406002044677734
1788676366474394400,1.857394287109375,-95.02400207519531,44.31300354003906,-38.70600128173828
1788676366490534100,1.8735341796875,-96.21500396728516,44.845001220703125,-39.108001708984375
1788676366506710300,1.889710205078125,-96.85100555419922,44.52400207519531,-39.11000061035156
1788676366522902300,1.90590234375,-96.63300323486328,44.85100173950195,-38.70000076293945
1788676366538975000,1.92197509765625,-96.31000518798828,44.85200119018555,-38.59800338745117
1788676366555107600,1.938107666015625,-99.18400573730469,45.18600082397461,-37.980003356933594
1788676366571249200,1.954249267578125,-96.3290023803711,45.92100143432617,-38.7920036315918
1788676366587432200,1.97043212890625,-95.68700408935547,44.840003967285156,-39.41400146484375
1788676366603601400,1.986601318359375,-95.052001953125,46.2400016784668,-38.79100036621094
1788676366619687000,2.00268701171875,-96.73900604248047,44.85100173950195,-38.69900131225586
1788676366635834400,2.01883447265625,-95.48300170898438,44.51000213623047,-40.02800369262695
1788676366651938600,2.0349384765625,-96.51300811767578,43.5620002746582,-38.915000915527344
1788676366668133400,2.05113330078125,-98.33600616455078,44.965003967285156,-38.3910026550293
1788676366684337000,2.0673369140625,-95.78900146484375,44.95100402832031,-39.10700225830078
1788676366700427500,2.083427490234375,-96.64600372314453,44.51900100708008,-39.51700210571289
1788676366716576800,2.09957666015625,-97.57100677490234,44.5420036315918,-37.88600158691406
1788676366732680400,2.115680419921875,-95.67300415039062,44.30800247192383,-39.11300277709961
1788676366748882000,2.1318818359375,-95.24200439453125,44.202003479003906,-39.01300048828125
1788676366765050400,2.14805029296875,-96.22700500488281,43.75700378417969,-40.34000015258789
1788676366781145600,2.1641455078125,-97.8030014038086,45.07100296020508,-38.3900032043457
1788676366797304000,2.180303955078125,-96.53800201416016,44.08700180053711,-39.72500228881836
1788676366813420300,2.196420166015625,-97.49700164794922,44.090003967285156,-39.62200164794922
1788676366829627000,2.212626953125,-96.47700500488281,42.50300216674805,-38.00699996948242
1788676366845797600,2.228797607421875,-97.06200408935547,42.58100128173828,-40.24700164794922
1788676366861909800,2.24490966796875,-96.30500793457031,43.9900016784668,-38.91100311279297
1788676366878077000,2.261076904296875,-96.75200653076172,43.76300048828125,-39.93100357055664
1788676366894210600,2.27721044921875,-96.53600311279297,44.0880012512207,-39.62300109863281
1788676366910390000,2.29339013671875,-95.55500793457031,44.31500244140625,-38.604000091552734
1788676366926579700,2.309579833984375,-96.3270034790039,43.11300277709961,-40.44700241088867
1788676366942701300,2.325701416015625,-98.12700653076172,43.665000915527344,-39.42100143432617
1788676366958881000,2.341881103515625,-96.06000518798828,44.22500228881836,-37.38199996948242
1788676366975022300,2.358022216796875,-96.97300720214844,44.5150032043457,-39.823001861572266
1788676366991210000,2.3742099609375,-96.40900421142578,44.42500305175781,-38.5
1788676367007409200,2.3904091796875,-96.51400756835938,44.31800079345703,-38.50100326538086
1788676367023492000,2.4064921875,-98.02100372314453,45.71800231933594,-38.18100357055664
1788676367039636500,2.422636474609375,-96.63700103759766,43.660003662109375,-39.62700271606445
1788676367055733500,2.4387333984375,-98.42900848388672,43.35200119018555,-38.8120002746582
1788676367071924000,2.454924072265625,-97.12400817871094,42.932003021240234,-38.00300216674805
1788676367088132400,2.47113232421875,-96.46900177001953,42.07500076293945,-37.909000396728516
1788676367104223000,2.487222900390625,-95.99200439453125,44.85000228881836,-38.70000076293945
1788676367120372000,2.5033720703125,-98.3270034790039,43.349002838134766,-39.0160026550293
1788676367136476700,2.5194765625,-96.62200164794922,42.5880012512207,-39.63600158691406
1788676367152673800,2.535673828125,-98.99200439453125,44.30800247192383,-39.5160026550293
1788676367168882700,2.551882568359375,-97.03900146484375,43.676002502441406,-38.50600051879883
1788676367184972500,2.56797265625,-95.11800384521484,44.75200271606445,-37.887001037597656
1788676367201123300,2.584123291015625,-97.6760025024414,43.89500045776367,-38.19700241088867
1788676367217233000,2.60023291015625,-96.29100799560547,43.67400360107422,-38.50699996948242
1788676367233446000,2.61644580078125,-96.75700378417969,45.59700393676758,-38.99800109863281
1788676367249615600,2.63261572265625,-97.82500457763672,44.19300079345703,-39.926002502441406
1788676367265717500,2.648717529296875,-97.7090072631836,43.659000396728516,-39.829002380371094
1788676367281880600,2.664880615234375,-97.1830062866211,45.38200378417969,-39.10200119018555
1788676367297998600,2.68099853515625,-97.60000610351562,44.63300323486328,-39.108001708984375
1788676367314209300,2.697209228515625,-97.05400085449219,44.42300033569336,-38.7030029296875
1788676367330386700,2.71338671875,-96.94200134277344,43.88600158691406,-38.810001373291016
1788676367346490600,2.72949072265625,-98.0770034790039,43.47900390625,-37.284000396728516
1788676367362664400,2.74566455078125,-96.09200286865234,43.88200378417969,-39.01400375366211
1788676367378791400,2.76179150390625,-96.33600616455078,45.053001403808594,-39.6150016784668
1788676367395009300,2.77800927734375,-97.57000732421875,44.00200271606445,-38.19600296020508
1788676367411195100,2.794195068359375,-96.6310043334961,43.77100372314453,-39.320003509521484
1788676367427261200,2.81026123046875,-97.59800720214844,43.98600387573242,-39.419002532958984
1788676367443437000,2.82643701171875,-98.4540023803711,44.958003997802734,-38.900001525878906
1788676367459564800,2.842564697265625,-96.9800033569336,45.48400115966797,-39.50800323486328
1788676367475738600,2.858738525390625,-96.12500762939453,44.94200134277344,-39.820003509521484
1788676367491928000,2.874927978515625,-98.12000274658203,43.669002532958984,-39.11600112915039
1788676367508004000,2.891004150390625,-96.74200439453125,43.87700271606445,-39.42100143432617
1788676367524138800,2.907138671875,-97.89700317382812,44.323001861572266,-38.29500198364258
1788676367540275700,2.923275634765625,-97.07500457763672,45.599002838134766,-38.89600372314453
1788676367556457200,2.939457275390625,-97.36100769042969,44.432003021240234,-38.09100341796875
1788676367572656000,2.95565625,-96.63300323486328,44.85100173950195,-38.70000076293945
1788676367588737000,2.971737060546875,-95.9850082397461,43.01700210571289,-39.531002044677734
1788676367604882000,2.9878818359375,-96.76700592041016,46.02300262451172,-39.198001861572266
1788676367620983600,3.003983642578125,-96.83600616455078,44.31700134277344,-38.60200119018555
1788676367637173200,3.02017333984375,-95.03300476074219,43.01000213623047,-39.94000244140625
1788676367653383700,3.0363837890625,-95.24500274658203,44.849002838134766,-38.70100021362305
1788676367669473300,3.052473388671875,-95.46000671386719,44.63200378417969,-38.90700149536133
1788676367685625300,3.068625244140625,-95.1510009765625,44.625003814697266,-39.41600036621094
1788676367701733600,3.084733642578125,-97.69200134277344,44.750003814697266,-38.393001556396484
1788676367717933600,3.10093359375,-97.05500793457031,43.66600036621094,-39.21900177001953
1788676367734092800,3.1170927734375,-94.61100769042969,44.195003509521484,-39.42100143432617
1788676367750195700,3.13319580078125,-96.7550048828125,45.4900016784668,-38.999000549316406
1788676367766357000,3.14935693359375,-95.02700805664062,45.06700134277344,-38.39400100708008
1788676367782473200,3.16547314453125,-95.4590072631836,45.06500244140625,-38.59700012207031
1788676367798678500,3.181678466796875,-97.49700164794922,45.927001953125,-38.48500061035156
1788676367814843000,3.1978427734375,-96.40800476074219,42.5880012512207,-39.637001037597656
1788676367830953200,3.213953125,-94.52000427246094,44.18600082397461,-40.134002685546875
1788676367847124500,3.23012451171875,-95.89400482177734,45.169002532958984,-38.9010009765625
1788676367863261000,3.246260986328125,-97.177001953125,43.65700149536133,-39.932003021240234
1788676367879433200,3.26243310546875,-96.10900115966797,44.62800216674805,-39.31300354003906
1788676367895615200,3.278615234375,-94.83200073242188,45.380001068115234,-39.00300216674805
1788676367911680500,3.294680419921875,-95.24500274658203,43.87600326538086,-39.32100296020508
1788676367927806500,3.310806396484375,-96.43400573730469,45.59800338745117,-38.897003173828125
1788676367943920400,3.32692041015625,-96.01100158691406,45.27100372314453,-39.30800247192383
1788676367960072700,3.34307275390625,-97.29900360107422,45.053001403808594,-39.71600341796875
1788676367976262100,3.35926220703125,-95.69000244140625,45.37900161743164,-39.20500183105469
1788676367992337400,3.37533740234375,-93.43800354003906,44.84100341796875,-39.111000061035156
1788676368008473900,3.391473876953125,-94.6050033569336,45.064002990722656,-38.59800338745117
1788676368024567000,3.407567138671875,-93.98800659179688,43.85900115966797,-40.44300079345703
1788676368040753000,3.4237529296875,-94.84200286865234,44.509002685546875,-40.02900314331055
1788676368056957200,3.439957275390625,-94.73200225830078,45.26700210571289,-39.41100311279297
1788676368073038000,3.4560380859375,-94.18000793457031,45.71000289916992,-38.288002014160156
1788676368089177600,3.472177490234375,-95.27200317382812,44.400001525878906,-40.233001708984375
1788676368105271300,3.488271240234375,-94.21300506591797,45.79800033569336,-39.7130012512207
1788676368121465900,3.5044658203125,-93.24300384521484,44.18100357055664,-40.34000015258789
1788676368137671700,3.520671630859375,-93.79900360107422,44.92500305175781,-40.842002868652344
1788676368153757200,3.536757080078125,-95.06900787353516,45.25800323486328,-40.124000549316406
1788676368169903400,3.5529033203125,-93.06300354003906,44.80800247192383,-41.45500183105469
1788676368186001400,3.56900146484375,-93.37700653076172,45.78600311279297,-40.52900314331055
1788676368202199600,3.585199462890625,-92.72500610351562,46.11600112915039,-39.814002990722656
1788676368218407000,3.601406982421875,-94.04900360107422,46.95600128173828,-41.23100280761719
1788676368234494700,3.61749462890625,-93.82600402832031,46.42100143432617,-41.134002685546875
1788676368250650000,3.633650146484375,-93.23300170898438,44.94300079345703,-39.41600036621094
1788676368266759700,3.649759765625,-91.70500183105469,46.625003814697266,-41.64400100708008
1788676368282965000,3.665965087890625,-92.76500701904297,46.09100341796875,-41.64800262451172
1788676368299137300,3.68213720703125,-91.67300415039062,45.45600128173828,-40.94200134277344
1788676368315238400,3.69823828125,-92.031005859375,46.082000732421875,-42.26000213623047
1788676368331402800,3.71440283203125,-92.74600219726562,45.5620002746582,-41.143001556396484
1788676368347506200,3.730506103515625,-90.49600219726562,45.45600128173828,-40.84100341796875
1788676368363702300,3.746702392578125,-92.57400512695312,47.05000305175781,-42.047000885009766
1788676368379880400,3.76288037109375,-93.41600799560547,47.81500244140625,-41.02000045776367
1788676368395991600,3.778991455078125,-91.08200073242188,48.88300323486328,-41.01400375366211
1788676368412145400,3.7951455078125,-91.38800811767578,48.35200119018555,-40.7130012512207
1788676368428259800,3.811259765625,-90.94500732421875,47.71200180053711,-40.413002014160156
1788676368444411600,3.82741162109375,-90.31600189208984,46.083003997802734,-41.95600128173828
1788676368460593700,3.84359375,-91.37200164794922,47.7130012512207,-40.413002014160156
1788676368476661500,3.85966162109375,-94.7080078125,47.27000045776367,-41.8380012512207
1788676368492786200,3.8757861328125,-91.72500610351562,48.55900192260742,-41.32200241088867
1788676368508923000,3.8919228515625,-92.0250015258789,46.95000076293945,-41.4370002746582
1788676368525105400,3.90810546875,-93.4310073852539,48.887001037597656,-41.01100158691406
1788676368541305300,3.924305419921875,-92.24400329589844,47.704002380371094,-41.22700119018555
1788676368557387800,3.9403876953125,-91.59600067138672,48.13900375366211,-40.612003326416016
1788676368573529000,3.956529052734375,-92.47500610351562,47.801002502441406,-41.93800354003906
1788676368589630200,3.972630126953125,-92.20500183105469,47.18700408935547,-39.80500030517578
1788676368605822000,3.988822021484375,-91.0510025024414,47.82100296020508,-40.310001373291016
1788676368622031000,4.005031005859375,-94.07400512695312,47.2650032043457,-42.14500045776367
1788676368638127400,4.02112744140625,-91.04200744628906,47.178001403808594,-40.316001892089844
1788676368654277400,4.03727734375,-93.2030029296875,49.65200424194336,-39.884002685546875
1788676368670376400,4.05337646484375,-94.04900360107422,48.25300216674805,-40.40500259399414
1788676368686573800,4.06957373046875,-91.91100311279297,49.548004150390625,-39.479000091552734
1788676368702738000,4.085738037109375,-91.49500274658203,47.37900161743164,-41.332000732421875
1788676368718837000,4.1018369140625,-92.9010009765625,48.34300231933594,-41.5260009765625
1788676368735000300,4.118000244140625,-92.87800598144531,47.70900344848633,-40.92000198364258
1788676368751121400,4.134121337890625,-92.04400634765625,48.452003479003906,-41.32200241088867
1788676368767322400,4.150322265625,-91.0570068359375,48.250003814697266,-40.30600357055664
1788676368783485000,4.16648486328125,-93.22300720214844,48.45100402832031,-41.52400207519531
1788676368799596300,4.18259619140625,-93.1820068359375,48.47600173950195,-39.691001892089844
1788676368815772200,4.198772216796875,-90.96700286865234,48.78000259399414,-40.70900344848633
1788676368831908400,4.214908447265625,-92.02300262451172,47.816001892089844,-40.81800079345703
1788676368848077800,4.231077880859375,-93.94900512695312,49.22200393676758,-40.09000015258789
1788676368864271000,4.24727099609375,-93.31600189208984,49.32400131225586,-40.39600372314453
1788676368880345600,4.263345703125,-93.83000183105469,47.500003814697266,-40.6150016784668
1788676368896484400,4.279484375,-92.89600372314453,48.45500183105469,-41.21900177001953
1788676368912581000,4.2955810546875,-92.4800033569336,50.28400421142578,-40.592002868652344
1788676368928765000,4.311764892578125,-93.531005859375,49.21600341796875,-40.499000549316406
1788676368944961800,4.3279619140625,-94.56900787353516,48.262001037597656,-39.79300308227539
1788676368961042400,4.34404248046875,-92.77400207519531,48.57100296020508,-40.505001068115234
1788676368977184000,4.36018408203125,-92.86900329589844,49.01100158691406,-39.68600082397461
1788676368993284900,4.376284912109375,-94.36500549316406,49.121002197265625,-39.68300247192383
1788676369009481000,4.39248095703125,-93.3270034790039,50.290000915527344,-40.28600311279297
1788676369025692000,4.40869189453125,-92.34800720214844,49.11100387573242,-40.195003509521484
1788676369041775000,4.424775146484375,-93.71800231933594,49.448001861572266,-39.172000885009766
1788676369057924600,4.440924560546875,-93.96800231933594,50.939002990722656,-39.87200164794922
1788676369074029300,4.457029296875,-93.91600799560547,48.16100311279297,-39.285003662109375
1788676369090232800,4.47323291015625,-92.80000305175781,49.961002349853516,-40.79800033569336
1788676369106399500,4.4893994140625,-93.3030014038086,49.332000732421875,-39.785003662109375
1788676369122499800,4.505499755859375,-92.69500732421875,48.87900161743164,-41.52100372314453
1788676369138660600,4.52166064453125,-93.42100524902344,48.677001953125,-40.707000732421875
1788676369154778400,4.5377783203125,-95.21400451660156,48.69300079345703,-39.68600082397461
1788676369170985500,4.5539853515625,-93.3330078125,49.20600128173828,-41.21200180053711
1788676369187159800,4.570159912109375,-93.1310043334961,50.387001037597656,-40.99800109863281
1788676369203265300,4.586265380859375,-93.4530029296875,49.522003173828125,-41.61600112915039
1788676369219429400,4.602429443359375,-93.34500122070312,50.60300064086914,-40.89400100708008
1788676369235551200,4.61855126953125,-93.83500671386719,49.55000305175781,-39.5780029296875
1788676369251768800,4.634768798828125,-92.5830078125,49.53000259399414,-40.90400314331055
1788676369267945500,4.650945556640625,-90.75800323486328,48.993003845214844,-40.810001373291016
1788676369284080400,4.667080322265625,-90.3340072631836,48.99100112915039,-40.91200256347656
1788676369300231400,4.6832314453125,-90.35000610351562,49.19700241088867,-41.52100372314453
1788676369316356400,4.6993564453125,-90.9000015258789,49.72800064086914,-41.92300033569336
1788676369332575200,4.7155751953125,-91.40900421142578,49.204002380371094,-41.11300277709961
1788676369348758000,4.731758056640625,-90.86100769042969,48.67100143432617,-40.8120002746582
1788676369364824300,4.74782421875,-92.1570053100586,49.74500274658203,-40.801002502441406
1788676369380942000,4.763942138671875,-92.98600769042969,48.465003967285156,-40.50600051879883
1788676369397064700,4.780064697265625,-93.64100646972656,49.10600280761719,-40.7030029296875
1788676369413227500,4.7962275390625,-92.87800598144531,48.35700225830078,-40.50700378417969
1788676369429421300,4.81242138671875,-91.28600311279297,48.025001525878906,-41.12300109863281
1788676369445498000,4.828498046875,-90.74800109863281,48.56700134277344,-40.61000061035156
1788676369461629700,4.844629638671875,-91.4990005493164,47.810001373291016,-41.22700119018555
1788676369477765600,4.860765625,-91.72700500488281,48.557003021240234,-41.42300033569336
1788676369493946000,4.876946044921875,-90.42500305175781,48.56800079345703,-40.50800323486328
1788676369510144800,4.893144775390625,-91.96800231933594,49.08100128173828,-42.33500289916992
1788676369526232800,4.90923291015625,-89.91300201416016,48.12200164794922,-41.73500061035156
1788676369542378800,4.925378662109375,-93.11500549316406,48.560001373291016,-41.422000885009766
1788676369558486500,4.941486572265625,-94.17900085449219,48.13100051879883,-41.5260009765625
1788676369574680300,4.957680419921875,-91.2820053100586,47.919002532958984,-41.022003173828125
1788676369590831400,4.973831298828125,-92.60100555419922,49.84300231933594,-41.51300048828125
1788676369606884900,4.989884765625,-93.09500122070312,47.923004150390625,-40.91800308227539
1788676369623041800,5.006041748046875,-90.55500793457031,49.2030029296875,-41.1140022277832
1788676369639156700,5.02215673828125,-93.51100158691406,47.93100357055664,-40.40800094604492
1788676369655355400,5.03835546875,-92.22300720214844,48.25700378417969,-39.897003173828125
1788676369671518500,5.0545185546875,-94.49200439453125,47.92000198364258,-41.32400131225586
1788676369687624000,5.0706240234375,-93.6570053100586,48.98800277709961,-41.51900100708008
1788676369703791000,5.086791015625,-93.83200073242188,47.823001861572266,-40.51000213623047
1788676369719908900,5.102908935546875,-93.28900146484375,46.53000259399414,-40.93000030517578
1788676369736111400,5.119111328125,-93.81600189208984,46.535003662109375,-40.624000549316406
1788676369752273000,5.13527294921875,-92.41900634765625,47.51100158691406,-39.59800338745117
1788676369768381700,5.151381591796875,-94.24400329589844,46.10300064086914,-40.93300247192383
1788676369784553700,5.1675537109375,-94.0060043334961,45.46900177001953,-40.22500228881836
1788676369800687400,5.183687255859375,-95.73100280761719,47.840003967285156,-39.4890022277832
1788676369816909600,5.19990966796875,-96.77300262451172,47.316001892089844,-38.678001403808594
1788676369833090000,5.216090087890625,-96.54500579833984,47.54100036621094,-37.861000061035156
1788676369849203500,5.232203369140625,-96.77400207519531,46.55900192260742,-39.194000244140625
1788676369865330200,5.248330078125,-96.5780029296875,47.954002380371094,-39.08000183105469
1788676369881463000,5.264463134765625,-96.9590072631836,46.79300308227539,-37.7650032043457
1788676369897635600,5.280635498046875,-98.89900207519531,47.75800323486328,-37.95800018310547
1788676369913826800,5.296826904296875,-97.71700286865234,46.89600372314453,-38.17100143432617
1788676369929900000,5.312900146484375,-98.85000610351562,45.518001556396484,-37.163002014160156
1788676369946023000,5.32902294921875,-98.27000427246094,48.6140022277832,-37.95100021362305
1788676369962159000,5.3451591796875,-97.84600830078125,48.50400161743164,-38.156002044677734
1788676369978333000,5.3613330078125,-96.68400573730469,48.60200119018555,-38.66600036621094
1788676369994542000,5.3775419921875,-96.55500793457031,47.75100326538086,-38.165000915527344
1788676370010635000,5.393635009765625,-97.34000396728516,49.35100173950195,-38.86300277709961
1788676370026777600,5.409777587890625,-99.14300537109375,48.172000885009766,-39.07400131225586
1788676370042879000,5.42587890625,-96.66500091552734,47.85700225830078,-38.2650032043457
1788676370059074000,5.442073974609375,-99.24500274658203,49.58000183105469,-37.941001892089844
1788676370075286500,5.45828662109375,-97.51700592041016,48.509002685546875,-37.749000549316406
1788676370091376400,5.47437646484375,-97.4260025024414,50.336002349853516,-37.32600021362305
1788676370107530800,5.49053076171875,-97.41000366210938,49.15700149536133,-37.336002349853516
1788676370123695400,5.5066953125,-97.21000671386719,48.500003814697266,-38.361000061035156
1788676370139897900,5.52289794921875,-96.89000701904297,49.3640022277832,-37.84400177001953
1788676370156062700,5.539062744140625,-98.07000732421875,48.3900032043457,-38.66600036621094
1788676370172168400,5.55516845703125,-97.64800262451172,48.81800079345703,-38.663002014160156
1788676370188332800,5.571332763671875,-97.64200592041016,48.49800109863281,-38.564002990722656
1788676370204449500,5.587449462890625,-98.36800384521484,48.94400405883789,-37.33700180053711
1788676370220658400,5.603658447265625,-98.90400695800781,49.268001556396484,-37.23200225830078
1788676370236829700,5.61982958984375,-98.26800537109375,48.94000244140625,-37.643001556396484
1788676370252939300,5.635939208984375,-99.31600189208984,48.19700241088867,-37.2400016784668
1788676370269108500,5.6521083984375,-96.78800201416016,49.36100387573242,-38.04800033569336
1788676370285239800,5.66823974609375,-96.80000305175781,48.92100143432617,-38.867000579833984
1788676370301409000,5.684408935546875,-96.97600555419922,48.18800354003906,-37.6510009765625
1788676370317600000,5.70060009765625,-96.35000610351562,49.25800323486328,-37.64200210571289
1788676370333673200,5.716673095703125,-96.4540023803711,48.829002380371094,-37.74800109863281
1788676370349801200,5.73280126953125,-96.90200805664062,49.897003173828125,-38.04300308227539
1788676370365934000,5.74893408203125,-97.22000122070312,50.22300338745117,-37.73500061035156
1788676370382114000,5.765114013671875,-97.12000274658203,49.35400390625,-38.557003021240234
1788676370398278400,5.7812783203125,-97.0050048828125,48.27800369262695,-38.87300109863281
1788676370414357500,5.797357421875,-97.4310073852539,48.71200180053711,-38.56300354003906
1788676370430495500,5.81349560546875,-96.79000091552734,48.81900405883789,-38.461002349853516
1788676370446594300,5.82959423828125,-97.86500549316406,49.03300094604492,-38.66100311279297
1788676370462779100,5.845779052734375,-97.56300354003906,48.913002014160156,-39.579002380371094
1788676370478983700,5.861983642578125,-97.22500610351562,47.95000076293945,-39.384002685546875
1788676370495071500,5.878071533203125,-96.99200439453125,48.827003479003906,-37.95100021362305
1788676370511221000,5.894220947265625,-96.92100524902344,49.12900161743164,-39.374000549316406
1788676370527329000,5.9103291015625,-97.64800262451172,48.27800369262695,-38.974002838134766
1788676370543529200,5.926529296875,-96.35100555419922,49.150001525878906,-37.74500274658203
1788676370559697200,5.942697265625,-95.96300506591797,49.01700210571289,-39.58000183105469
1788676370575799600,5.958799560546875,-98.11400604248047,49.12000274658203,-40.18800354003906
1788676370591940400,5.9749404296875,-95.09500122070312,48.160003662109375,-39.487003326416016
1788676370608047900,5.9910478515625,-97.99200439453125,48.048004150390625,-40.198001861572266
1788676370624248000,6.007248046875,-94.78600311279297,49.9900016784668,-38.86000061035156
1788676370640412200,6.023412109375,-95.7350082397461,48.59400177001953,-39.177001953125
1788676370656514300,6.039514404296875,-97.25800323486328,47.823001861572266,-40.91400146484375
1788676370672672300,6.05567236328125,-96.34600830078125,47.74800109863281,-38.36900329589844
1788676370688792300,6.071792236328125,-94.66100311279297,48.81200408935547,-38.76900100708008
1788676370705004500,6.088004638671875,-97.24500274658203,49.23500061035156,-39.47500228881836
1788676370721188400,6.104188232421875,-97.02000427246094,47.72900390625,-39.89600372314453
1788676370737259800,6.120259765625,-97.41700744628906,48.829002380371094,-37.84800338745117
1788676370753389000,6.13638916015625,-97.86600494384766,49.24800109863281,-38.557003021240234
1788676370769534500,6.152534423828125,-96.20000457763672,47.707000732421875,-41.42500305175781
1788676370785715500,6.168715576171875,-98.31200408935547,48.48100280761719,-39.88800048828125
1788676370801912600,6.18491259765625,-96.052001953125,47.73100280761719,-39.592002868652344
1788676370817991000,6.200990966796875,-96.1830062866211,49.12200164794922,-39.78300094604492
1788676370834125300,6.217125244140625,-96.61200714111328,47.93300247192383,-40.608001708984375
1788676370850217000,6.233217041015625,-97.24400329589844,48.47900390625,-39.88900375366211
1788676370866398700,6.249398681640625,-97.01700592041016,48.163002014160156,-39.48500061035156
1788676370882592800,6.2655927734375,-97.76600646972656,47.94700241088867,-39.689002990722656
1788676370898664400,6.28166455078125,-97.97700500488281,47.94900131225586,-39.58700180053711
1788676370914803700,6.2978037109375,-98.74000549316406,47.4010009765625,-40.61000061035156
1788676370930898700,6.313898681640625,-98.08900451660156,47.298004150390625,-40.204002380371094
1788676370947088400,6.33008837890625,-98.24700164794922,46.900001525878906,-37.96600341796875
1788676370963249200,6.346249267578125,-98.68900299072266,47.64800262451172,-38.163002014160156
1788676370979337200,6.362337158203125,-99.97600555419922,47.43000411987305,-38.57100296020508
1788676370995485400,6.3784853515625,-99.56300354003906,46.66400146484375,-39.698001861572266
1788676371011586600,6.394586669921875,-98.24400329589844,46.685001373291016,-37.96800231933594
1788676371027785500,6.410785400390625,-97.37800598144531,47.3390007019043,-37.047000885009766
1788676371043998700,6.426998779296875,-98.13500213623047,46.68600082397461,-37.86600112915039
1788676371060096500,6.443096435546875,-97.83100128173828,47.432003021240234,-38.16600036621094
1788676371076256300,6.45925634765625,-97.92900085449219,48.410003662109375,-37.13800048828125
1788676371092350000,6.475349853515625,-100.16100311279297,47.66400146484375,-37.14200210571289
1788676371108536000,6.4915361328125,-99.8330078125,47.452003479003906,-36.941001892089844
1788676371124706300,6.507706298828125,-99.12100219726562,47.86100387573242,-38.262001037597656
1788676371140808400,6.523808349609375,-98.89800262451172,47.97500228881836,-37.75200271606445
1788676371156972500,6.53997265625,-99.9590072631836,47.98100280761719,-37.445003509521484
1788676371173075500,6.556075439453125,-102.08900451660156,47.44700241088867,-37.54900360107422
1788676371189282800,6.57228271484375,-99.08900451660156,47.34100341796875,-37.145999908447266
1788676371205465000,6.588465087890625,-100.2040023803711,48.178001403808594,-38.76700210571289
1788676371221579000,6.6045791015625,-100.61800384521484,48.51100158691406,-37.94900131225586
1788676371237751600,6.62075146484375,-101.47100830078125,48.72900390625,-37.742000579833984
1788676371253879800,6.6368798828125,-99.74100494384766,47.55000305175781,-37.551002502441406
1788676371270048500,6.653048583984375,-100.57100677490234,47.458003997802734,-36.53200149536133
1788676371286233000,6.669233154296875,-100.82100677490234,46.788002014160156,-38.57500076293945
1788676371302307600,6.6853076171875,-99.65800476074219,48.2920036315918,-38.156002044677734
1788676371318442800,6.70144287109375,-100.72900390625,47.64400100708008,-38.67000198364258
1788676371334579200,6.7175791015625,-101.25000762939453,48.409000396728516,-37.64400100708008
1788676371350761500,6.733761474609375,-100.0790023803711,47.64900207519531,-38.26300048828125
1788676371366960600,6.749960693359375,-99.97200775146484,46.676002502441406,-38.88300323486328
1788676371383037700,6.76603759765625,-99.98400115966797,46.993003845214844,-39.18600082397461
1788676371399171800,6.782171875,-100.53300476074219,47.09300231933594,-39.79500198364258
1788676371415272000,6.79827197265625,-99.7550048828125,48.191001892089844,-37.749000549316406
1788676371431461000,6.814461181640625,-99.16400146484375,48.375003814697266,-39.88800048828125
1788676371447664000,6.8306640625,-98.08900451660156,48.16200256347656,-39.6870002746582
1788676371463751700,6.846751708984375,-98.68400573730469,46.678001403808594,-38.579002380371094
1788676371479896800,6.862896728515625,-100.33900451660156,48.37700271606445,-39.88600158691406
1788676371496001300,6.879001220703125,-100.86100769042969,47.52100372314453,-39.893001556396484
1788676371512161800,6.895161865234375,-101.05900573730469,48.07100296020508,-38.86900329589844
1788676371528319700,6.91131982421875,-101.57400512695312,48.191001892089844,-37.95100021362305
1788676371544422000,6.927421875,-100.20100402832031,48.07200241088867,-38.6670036315918
1788676371560578000,6.943578125,-98.88400268554688,46.362003326416016,-38.17400360107422
1788676371576665900,6.959665771484375,-101.78500366210938,46.788002014160156,-38.676002502441406
1788676371592848400,6.975848388671875,-100.81500244140625,46.35900115966797,-38.579002380371094
1788676371609017000,6.99201708984375,-100.302001953125,47.643001556396484,-38.67000198364258
1788676371625126400,7.00812646484375,-99.58100128173828,47.086002349853516,-40.204002380371094
1788676371641298200,7.024298095703125,-99.35700225830078,47.84800338745117,-39.281002044677734
1788676371657430000,7.040429931640625,-99.67100524902344,47.204002380371094,-39.38800048828125
1788676371673586000,7.0565859375,-99.27400207519531,47.72600173950195,-40.40300369262695
1788676371689768400,7.0727685546875,-99.36200714111328,47.52100372314453,-39.691001892089844
1788676371705840600,7.088840576171875,-100.49900817871094,47.65300369262695,-37.957000732421875
1788676371721956400,7.104956298828125,-100.11800384521484,47.51700210571289,-40.09800338745117
1788676371738082000,7.12108203125,-99.31200408935547,45.7140007019043,-38.58700180053711
1788676371754246700,7.13724658203125,-100.29600524902344,46.242000579833984,-39.294002532958984
1788676371770435600,7.153435546875,-101.88900756835938,46.1410026550293,-38.987003326416016
1788676371786509300,7.16950927734375,-100.4010009765625,46.45900344848633,-39.0880012512207
1788676371802644500,7.18564453125,-98.4580078125,44.63100051879883,-39.310001373291016
1788676371818737200,7.201737060546875,-101.66500854492188,45.06700134277344,-39.20100021362305
1788676371834921000,7.2179208984375,-100.61900329589844,46.13200378417969,-39.49800109863281
1788676371851115500,7.234115478515625,-100.62400817871094,46.67000198364258,-39.3910026550293
1788676371867193000,7.250193115234375,-101.1310043334961,45.823001861572266,-38.685001373291016
1788676371883333600,7.266333740234375,-100.57100677490234,44.75700378417969,-38.18600082397461
1788676371899430100,7.28243017578125,-101.34900665283203,44.52300262451172,-39.71500015258789
1788676371915623000,7.298622802734375,-99.5040054321289,44.2140007019043,-38.60000228881836
1788676371931830000,7.314830078125,-102.60800170898438,44.43000030517578,-38.79800033569336
1788676371947914800,7.330914794921875,-101.23100280761719,44.20600128173828,-39.41200256347656
1788676371964048600,7.347048583984375,-99.5250015258789,45.17400360107422,-38.897003173828125
1788676371980180500,7.363180419921875,-100.0530014038086,44.96200180053711,-38.79600143432617
1788676371996359200,7.379359130859375,-99.61800384521484,43.88600158691406,-39.112003326416016
1788676372012527400,7.39552734375,-101.87200164794922,45.07100296020508,-38.89500045776367
1788676372028630800,7.411630859375,-100.93900299072266,45.59300231933594,-39.80800247192383
1788676372044796000,7.4277958984375,-101.89900207519531,46.35200119018555,-39.29100036621094
1788676372060919000,7.4439189453125,-101.35400390625,45.38500213623047,-39.402000427246094
1788676372077130800,7.460130859375,-99.31500244140625,45.60400390625,-38.79100036621094
1788676372093320200,7.4763203125,-101.35900115966797,45.38200378417969,-39.60600280761719
1788676372109418200,7.492418212890625,-100.26300811767578,44.53300094604492,-38.9010009765625
1788676372125587500,7.50858740234375,-101.35600280761719,46.03200149536133,-39.09100341796875
1788676372141709800,7.524709716796875,-101.75900268554688,44.75100326538086,-38.79600143432617
1788676372157862000,7.54086181640625,-102.29100799560547,45.941001892089844,-37.970001220703125
1788676372174046700,7.557046630859375,-100.38600158691406,45.387001037597656,-39.09700012207031
1788676372190114300,7.5731142578125,-101.9850082397461,45.82400131225586,-38.68400192260742
1788676372206221800,7.589221923828125,-102.19400787353516,45.17900085449219,-38.893001556396484
1788676372222337500,7.605337646484375,-101.78300476074219,45.81700134277344,-39.194000244140625
1788676372238493700,7.62149365234375,-102.64900207519531,45.7030029296875,-39.80500030517578
1788676372254680800,7.637680908203125,-102.52600860595703,44.20000076293945,-40.022003173828125
1788676372270750700,7.653750732421875,-102.31600189208984,45.27800369262695,-39.50300216674805
1788676372286883600,7.669883544921875,-102.0830078125,45.83000183105469,-38.2760009765625
1788676372302980000,7.68597998046875,-101.54400634765625,44.967002868652344,-38.59000015258789
1788676372319157800,7.70215771484375,-104.36200714111328,46.027000427246094,-39.80000305175781
1788676372335354000,7.71835400390625,-102.96200561523438,46.35600280761719,-39.086002349853516
1788676372351434800,7.734434814453125,-103.4580078125,45.083003997802734,-38.17900085449219
1788676372367569200,7.750569091796875,-102.72300720214844,45.50600051879883,-38.48200225830078
1788676372383675600,7.766675537109375,-101.67000579833984,46.36100387573242,-38.5780029296875
1788676372399869400,7.782869384765625,-103.16200256347656,45.71600341796875,-38.887001037597656
1788676372416081400,7.799081298828125,-101.89700317382812,46.56900405883789,-39.08500289916992
1788676372432175900,7.81517578125,-103.27800750732422,46.035003662109375,-39.0880012512207
1788676372448332500,7.83133251953125,-102.50000762939453,45.94400405883789,-37.7660026550293
1788676372464443100,7.847443115234375,-102.92500305175781,44.64900207519531,-38.4900016784668
1788676372480643800,7.863643798828125,-101.89600372314453,46.137001037597656,-39.29300308227539
1788676372496799200,7.87979931640625,-104.96800231933594,46.15700149536133,-38.16800308227539
1788676372512898000,7.89589794921875,-103.71000671386719,45.384002685546875,-39.704002380371094
1788676372529036500,7.91203662109375,-105.34500122070312,46.0150032043457,-40.81700134277344
1788676372545150500,7.928150390625,-102.94300842285156,46.1510009765625,-38.374000549316406
1788676372561360000,7.94435986328125,-100.69400787353516,46.47600173950195,-37.8650016784668
1788676372577517300,7.960517333984375,-104.25900268554688,46.99700164794922,-39.384002685546875
1788676372593624600,7.97662451171875,-103.1830062866211,46.24400329589844,-39.49400329589844
1788676372609793500,7.99279345703125,-101.99500274658203,45.60200119018555,-39.297000885009766
1788676372625930800,8.0089306640625,-103.27200317382812,44.742000579833984,-39.60900115966797
1788676372642102300,8.025102294921876,-102.62200164794922,46.368003845214844,-38.169002532958984
1788676372658293200,8.041293212890626,-102.7560043334961,45.7030029296875,-39.80500030517578
1788676372674362400,8.0573623046875,-101.77200317382812,45.06700134277344,-39.20000076293945
1788676372690476300,8.073476318359376,-101.79700469970703,44.72700119018555,-40.52800369262695
1788676372706613200,8.08961328125,-100.85400390625,47.20000076293945,-39.794002532958984
1788676372722774000,8.10577392578125,-100.59300231933594,45.71600341796875,-38.58500289916992
1788676372738965200,8.12196533203125,-100.17400360107422,45.81800079345703,-38.8900032043457
1788676372755041300,8.138041259765625,-102.21200561523438,45.816001892089844,-39.29500198364258
1788676372771186000,8.15418603515625,-102.31700134277344,45.38500213623047,-39.50300216674805
1788676372787285000,8.170284912109375,-101.7800064086914,44.954002380371094,-39.60900115966797
1788676372803473400,8.186473388671875,-101.29000854492188,47.84400177001953,-39.788002014160156
1788676372819674400,8.20267431640625,-101.36900329589844,45.160003662109375,-40.21900177001953
1788676372835757300,8.21875732421875,-101.36400604248047,47.108001708984375,-38.775001525878906
1788676372851887900,8.234887939453126,-103.06200408935547,45.38800048828125,-39.400001525878906
1788676372867990500,8.250990478515625,-103.06000518798828,45.38900375366211,-39.29800033569336
1788676372884181800,8.267181640625,-101.86500549316406,43.887001037597656,-39.31300354003906
1788676372900337400,8.28333740234375,-103.80400848388672,45.284000396728516,-39.19600296020508
1788676372916424700,8.2994248046875,-102.84400177001953,44.20100021362305,-39.92000198364258
1788676372932570600,8.315570556640624,-101.8810043334961,44.74100112915039,-39.509002685546875
1788676372948668000,8.33166796875,-103.05400848388672,43.772003173828125,-40.025001525878906
1788676372964861400,8.347861328125,-105.07400512695312,43.13200378417969,-40.02800369262695
1788676372981026600,8.364026611328125,-102.21700286865234,43.544002532958984,-40.945003509521484
1788676372997128200,8.380128173828124,-103.99100494384766,44.00400161743164,-38.80000305175781
1788676373013292500,8.39629248046875,-102.84000396728516,44.42000198364258,-39.612003326416016
1788676373029404200,8.412404052734376,-103.78900146484375,44.21200180053711,-39.20500183105469
1788676373045613000,8.428613037109375,-104.22100830078125,43.23800277709961,-40.02800369262695
1788676373061784600,8.44478466796875,-105.91900634765625,43.78700256347656,-39.20600128173828
1788676373077891000,8.46089111328125,-104.3010025024414,43.470001220703125,-38.702003479003906
1788676373094060800,8.477060791015624,-105.27100372314453,43.790000915527344,-38.902000427246094
1788676373110187300,8.493187255859375,-104.28900146484375,42.397003173828125,-38.81300354003906
1788676373126406400,8.509406494140626,-102.35600280761719,42.941001892089844,-37.996002197265625
1788676373142588000,8.525587890625,-105.23800659179688,43.702003479003906,-37.47600173950195
1788676373158699300,8.54169921875,-105.14300537109375,43.371002197265625,-38.19200134277344
1788676373174878200,8.557878173828126,-105.47200775146484,43.36600112915039,-38.60000228881836
1788676373191011600,8.574011474609375,-104.85800170898438,43.781002044677734,-39.51300048828125
1788676373207186000,8.59018603515625,-103.56600189208984,44.5420036315918,-38.592002868652344
1788676373223373600,8.60637353515625,-103.34200286865234,44.11600112915039,-38.39200210571289
1788676373239438800,8.62243896484375,-104.72500610351562,43.689002990722656,-38.39400100708008
1788676373255571000,8.638571044921875,-104.20100402832031,43.250003814697266,-39.112003326416016
1788676373271710700,8.654710693359375,-103.33900451660156,44.22600173950195,-38.1870002746582
1788676373287887400,8.670887451171875,-105.927001953125,44.75400161743164,-38.99400329589844
1788676373304085200,8.687085205078125,-106.05400848388672,45.3910026550293,-39.49800109863281
1788676373320182800,8.703182861328125,-105.51400756835938,44.09700393676758,-40.01900100708008
1788676373336298500,8.719298583984376,-106.74600219726562,44.77800369262695,-37.36300277709961
1788676373352397600,8.7353974609375,-105.06000518798828,44.76100158691406,-38.384002685546875
1788676373368588500,8.751588623046874,-106.11500549316406,44.55400085449219,-37.97700119018555
1788676373384789200,8.767789306640625,-105.26600646972656,45.7390022277832,-37.45800018310547
1788676373400876800,8.783876708984375,-104.64800262451172,46.04800033569336,-38.27100372314453
1788676373417011000,8.800010986328125,-106.02600860595703,44.97600173950195,-38.483001708984375
1788676373433153300,8.8161533203125,-104.40800476074219,45.09100341796875,-37.669002532958984
1788676373449344000,8.832343994140626,-105.81100463867188,45.84100341796875,-37.8640022277832
1788676373465503500,8.84850341796875,-104.95600128173828,46.48800277709961,-37.452003479003906
1788676373481594000,8.864593994140625,-107.29700469970703,45.849002838134766,-37.45500183105469
1788676373497748500,8.88074853515625,-105.68700408935547,45.419002532958984,-37.35900115966797
1788676373513857300,8.896857177734375,-105.88400268554688,45.538002014160156,-36.54300308227539
1788676373530060300,8.913060302734374,-105.17300415039062,45.406002044677734,-38.2760009765625
1788676373546223400,8.929223388671875,-106.45600128173828,45.5150032043457,-38.27400207519531
1788676373562327000,8.9453271484375,-106.00100708007812,46.288002014160156,-36.53600311279297
1788676373578485000,8.961485107421876,-106.75300598144531,46.61100387573242,-36.53200149536133
1788676373594609200,8.977609130859374,-104.85800170898438,48.10400390625,-36.827003479003906
1788676373610828800,8.993828857421875,-107.41700744628906,46.70500183105469,-37.54900360107422
1788676373627016000,9.010015869140625,-105.3800048828125,46.92300033569336,-37.040000915527344
1788676373643127000,9.026126953125,-106.00000762939453,45.42400360107422,-37.053001403808594
1788676373659299600,9.042299560546875,-105.81600189208984,47.67500305175781,-36.93100357055664
1788676373675446300,9.0584462890625,-106.27800750732422,46.46600341796875,-39.284000396728516
1788676373691618000,9.0746181640625,-105.19300842285156,46.691001892089844,-38.367000579833984
1788676373707809800,9.090809814453126,-106.3790054321289,46.36100387573242,-39.08100128173828
1788676373723886600,9.106886474609375,-105.17900848388672,47.13200378417969,-37.44600296020508
1788676373740030700,9.12303076171875,-106.27700805664062,47.547000885009766,-38.5620002746582
1788676373756122600,9.13912255859375,-103.48100280761719,46.906002044677734,-38.06100082397461
1788676373772311600,9.1553115234375,-106.0510025024414,47.12200164794922,-38.26000213623047
1788676373788519200,9.171519287109374,-105.73200225830078,45.932003021240234,-39.086002349853516
1788676373804579800,9.187579833984374,-106.78500366210938,47.13100051879883,-37.64800262451172
1788676373820719000,9.203718994140624,-106.27600860595703,47.11600112915039,-38.76900100708008
1788676373836816000,9.21981591796875,-106.07000732421875,46.678001403808594,-39.384002685546875
1788676373853006000,9.236006103515624,-102.7800064086914,47.634002685546875,-39.68600082397461
1788676373869208600,9.25220849609375,-104.89800262451172,47.215003967285156,-39.177001953125
1788676373885296600,9.268296630859375,-103.64900207519531,47.73400115966797,-40.29500198364258
1788676373901449200,9.28444921875,-102.56300354003906,46.55500030517578,-40.20500183105469
1788676373917556500,9.300556396484374,-103.94600677490234,46.884002685546875,-39.79300308227539
1788676373933762800,9.3167626953125,-102.6300048828125,46.47100067138672,-38.474002838134766
1788676373949934600,9.3329345703125,-102.5560073852539,45.910003662109375,-40.31300354003906
1788676373966040000,9.3490400390625,-103.10200500488281,46.44400405883789,-40.51100158691406
1788676373982189300,9.365189208984376,-103.531005859375,46.22800064086914,-40.71600341796875
1788676373998292500,9.38129248046875,-101.73100280761719,47.18800354003906,-40.8120002746582
1788676374014508800,9.3975087890625,-102.64200592041016,46.68000411987305,-38.87900161743164
1788676374030688000,9.41368798828125,-103.20000457763672,45.47700119018555,-40.72300338745117
1788676374046768000,9.42976806640625,-103.2070083618164,46.01300048828125,-40.71800231933594
1788676374062935800,9.445935791015625,-103.61600494384766,45.160003662109375,-40.42000198364258
1788676374079058700,9.46205859375,-100.7300033569336,45.590003967285156,-40.012001037597656
1788676374095280000,9.478280029296876,-101.73900604248047,45.130001068115234,-42.46000289916992
1788676374111470800,9.494470947265626,-99.76800537109375,46.345001220703125,-39.49700164794922
1788676374127586300,9.51058642578125,-101.81100463867188,45.04300308227539,-40.932003021240234
1788676374143761200,9.52676123046875,-100.63500213623047,46.12300109863281,-40.211002349853516
1788676374159895800,9.542895751953125,-102.76300811767578,44.72600173950195,-40.730003356933594
1788676374176049200,9.559049072265625,-100.64100646972656,45.03900146484375,-41.13800048828125
1788676374192245200,9.575245361328125,-104.37600708007812,45.586002349853516,-40.72100067138672
1788676374208321300,9.5913212890625,-103.2080078125,45.25600051879883,-41.23400115966797
1788676374224450800,9.607450927734375,-101.06500244140625,44.82500076293945,-41.13900375366211
1788676374240592600,9.623592529296875,-102.24100494384766,44.93400192260742,-41.13600158691406
1788676374256774100,9.639774169921875,-102.66600799560547,44.93600082397461,-41.034000396728516
1788676374272974800,9.655974853515625,-101.79300689697266,45.27000045776367,-40.01400375366211
1788676374289060600,9.672060546875,-101.80000305175781,44.94200134277344,-40.5260009765625
1788676374305202700,9.68820263671875,-103.19900512695312,45.910003662109375,-40.41400146484375
1788676374321302000,9.704302001953126,-102.2540054321289,45.57500076293945,-41.33500289916992
1788676374337495600,9.72049560546875,-102.75100708007812,45.38200378417969,-39.80800247192383
1788676374353657300,9.7366572265625,-102.90400695800781,46.43400192260742,-41.224002838134766
1788676374369747200,9.752747314453124,-104.19900512695312,47.72500228881836,-41.00700378417969
1788676374385902800,9.76890283203125,-102.89500427246094,46.54800033569336,-40.7140007019043
1788676374402006800,9.7850068359375,-100.94900512695312,46.66800308227539,-39.595001220703125
1788676374418194200,9.801194091796875,-102.36300659179688,46.54600143432617,-40.816001892089844
1788676374434359600,9.817359619140625,-100.552001953125,46.00100326538086,-41.33300018310547
1788676374450465000,9.833465087890625,-102.57300567626953,46.98100280761719,-40.40500259399414
1788676374466609700,9.849609619140624,-100.8530044555664,48.066001892089844,-39.17500305175781
1788676374482709200,9.865709228515625,-103.12400817871094,48.70000076293945,-40.08300018310547
1788676374498905900,9.88190576171875,-101.51800537109375,47.512001037597656,-40.605003356933594
1788676374515071700,9.89807177734375,-103.10900115966797,48.06100082397461,-39.78300094604492
1788676374531137500,9.914137451171875,-102.78900146484375,46.980003356933594,-40.50700378417969
1788676374547295700,9.930295654296875,-102.05400848388672,48.160003662109375,-40.29300308227539
1788676374563416600,9.94641650390625,-102.49700164794922,47.827003479003906,-41.21200180053711
1788676374579582200,9.962582275390625,-103.36400604248047,49.117000579833984,-40.996002197265625
1788676374595769900,9.978769775390624,-101.74200439453125,46.96600341796875,-41.42500305175781
1788676374611843600,9.994843505859375,-102.50200653076172,48.3640022277832,-41.10600280761719
1788676374627971300,10.010971435546875,-102.89900207519531,47.19400405883789,-40.50400161743164
1788676374644114400,10.027114501953125,-101.73600769042969,46.53700256347656,-41.42900085449219
1788676374660289300,10.043289306640625,-102.06900787353516,48.259002685546875,-40.90400314331055
1788676374676452400,10.059452392578125,-102.52300262451172,48.45900344848633,-42.022003173828125
1788676374692526800,10.07552685546875,-100.46000671386719,47.39600372314453,-41.117000579833984
1788676374708668400,10.09166845703125,-102.15800476074219,46.97300338745117,-40.915000915527344
1788676374724796700,10.107796630859376,-100.90100860595703,47.28000259399414,-41.83100128173828
1788676374740968200,10.12396826171875,-103.12500762939453,46.64600372314453,-41.426002502441406
1788676374757173800,10.140173828125,-103.54800415039062,46.00100326538086,-41.63500213623047
1788676374773266000,10.156265869140626,-101.74800109863281,47.39400100708008,-41.42100143432617
1788676374789414000,10.172413818359376,-101.95100402832031,47.617000579833984,-40.80800247192383
1788676374805518300,10.188518310546876,-102.88300323486328,46.55500030517578,-40.20500183105469
1788676374821719800,10.2047197265625,-102.67200469970703,45.58100128173828,-40.926002502441406
1788676374837875200,10.220875244140625,-101.94300842285156,46.10900115966797,-41.432003021240234
1788676374853970000,10.236969970703125,-102.26700592041016,45.0260009765625,-42.25600051879883
1788676374870127000,10.253127197265625,-101.656005859375,45.980003356933594,-42.96200180053711
1788676374886242800,10.269242919921876,-102.48600769042969,46.21200180053711,-41.73600387573242
1788676374902450000,10.285449951171875,-100.58100128173828,46.63100051879883,-42.24400329589844
1788676374918648800,10.30164892578125,-100.89000701904297,44.802001953125,-42.871002197265625
1788676374934748200,10.317748046875,-102.8800048828125,46.01700210571289,-40.413002014160156
1788676374950912800,10.333912841796876,-102.3270034790039,45.27100372314453,-40.01300048828125
1788676374967036400,10.350036376953126,-102.70000457763672,46.428001403808594,-41.63200378417969
1788676374983250700,10.366250732421875,-99.6030044555664,46.208003997802734,-41.7400016784668
1788676374999427300,10.38242724609375,-101.87200164794922,46.195003509521484,-42.95900344848633
1788676375015540500,10.39854052734375,-99.73600769042969,47.4890022277832,-42.13600158691406
1788676375031710700,10.414710693359375,-100.79200744628906,45.660003662109375,-42.762001037597656
1788676375047835100,10.430835205078125,-99.74000549316406,46.62200164794922,-42.85600280761719
1788676375064010500,10.447010498046875,-102.17500305175781,45.44900131225586,-42.660003662109375
1788676375080194800,10.46319482421875,-98.14200592041016,46.509002685546875,-43.06300354003906
1788676375096259600,10.479259521484375,-99.22700500488281,46.60900115966797,-43.77400207519531
1788676375112369700,10.49536962890625,-100.90200805664062,45.22600173950195,-43.17300033569336
1788676375128487400,10.5114873046875,-98.8060073852539,46.60400390625,-44.08000183105469
1788676375144661800,10.527661865234375,-100.44700622558594,44.810001373291016,-42.159000396728516
1788676375160856800,10.54385693359375,-102.42100524902344,45.97100067138672,-43.7760009765625
1788676375176927500,10.559927490234376,-100.36500549316406,46.30800247192383,-42.349002838134766
1788676375193054000,10.576053955078125,-99.21400451660156,46.50800323486328,-43.2660026550293
1788676375209196500,10.592196533203126,-100.2550048828125,45.22900390625,-42.868003845214844
1788676375225373000,10.608373046875,-100.57300567626953,44.90700149536133,-42.97200393676758
1788676375241571600,10.624571533203126,-100.80400848388672,46.19300079345703,-42.961002349853516
1788676375257653200,10.6406533203125,-101.31200408935547,44.48100280761719,-42.87300109863281
1788676375273795300,10.65679541015625,-101.85700225830078,44.259002685546875,-43.48600387573242
1788676375289930800,10.6729306640625,-100.66900634765625,44.80500030517578,-42.566001892089844
1788676375306103000,10.68910302734375,-101.56800842285156,46.07600402832031,-43.7760009765625
1788676375322350300,10.705350341796875,-100.78800201416016,45.3390007019043,-42.7650032043457
1788676375338439000,10.72143896484375,-100.08900451660156,45.41600036621094,-44.90400314331055
1788676375354576100,10.737576171875,-102.37700653076172,44.592002868652344,-42.6670036315918
1788676375370685200,10.753685302734375,-101.00200653076172,44.25800323486328,-43.487003326416016
1788676375386898700,10.769898681640624,-102.68800354003906,43.95000076293945,-42.67300033569336
1788676375403062300,10.786062255859376,-101.34100341796875,44.89600372314453,-43.88800048828125
1788676375419161900,10.802161865234375,-101.31500244140625,43.72200393676758,-43.49100112915039
1788676375435320800,10.81832080078125,-101.46800231933594,44.23500061035156,-45.21800231933594
1788676375451428900,10.834428955078126,-100.58600616455078,44.89900207519531,-43.58400344848633
1788676375467636000,10.850635986328125,-100.69800567626953,44.89600372314453,-43.78700256347656
1788676375483816700,10.866816650390625,-101.21400451660156,44.47500228881836,-43.281002044677734
1788676375499906800,10.88290673828125,-101.33600616455078,44.57400131225586,-43.8910026550293
1788676375516032500,10.899032470703125,-99.74900817871094,45.75200271606445,-43.781002044677734
1788676375532159500,10.915159423828126,-101.89500427246094,44.884002685546875,-44.80500030517578
1788676375548318200,10.931318115234374,-102.31700134277344,45.320003509521484,-44.29100036621094
1788676375564514800,10.947514892578125,-100.71900177001953,46.397003173828125,-43.77400207519531
1788676375580591600,10.963591552734375,-101.25800323486328,46.61000061035156,-43.87300109863281
1788676375596711400,10.97971142578125,-100.1820068359375,46.073001861572266,-43.87900161743164
1788676375612845300,10.99584521484375,-101.88500213623047,45.97100067138672,-43.67400360107422
1788676375629009200,11.012009033203125,-102.47300720214844,47.12800216674805,-45.39500045776367
1788676375645205500,11.02820556640625,-100.96500396728516,48.43000411987305,-43.95900344848633
1788676375661289200,11.044289306640625,-102.531005859375,46.4010009765625,-43.67000198364258
1788676375677426400,11.060426513671874,-101.50000762939453,47.566001892089844,-44.5780029296875
1788676375693522200,11.076522216796874,-102.68600463867188,47.88500213623047,-44.87900161743164
1788676375709709600,11.09270947265625,-103.06600189208984,47.91400146484375,-42.7390022277832
1788676375725923600,11.108923583984375,-102.7750015258789,47.24800109863281,-44.47700119018555
1788676375742018600,11.1250185546875,-99.67200469970703,47.4630012512207,-44.07200241088867
1788676375758172400,11.14117236328125,-99.91100311279297,48.961002349853516,-44.262001037597656
1788676375774284000,11.157283935546875,-99.36600494384766,47.02100372314453,-44.993003845214844
1788676375790489000,11.173489013671874,-101.39800262451172,47.56300354003906,-44.78200149536133
1788676375806717400,11.189717529296875,-100.99100494384766,48.198001861572266,-45.28600311279297
1788676375822816800,11.205816650390625,-101.42200469970703,49.60200119018555,-44.560001373291016
1788676375838968000,11.221968017578124,-99.2820053100586,47.656002044677734,-45.59800338745117
1788676375855073500,11.238073486328124,-99.28700256347656,47.97700119018555,-45.59600067138672
1788676375871276300,11.2542763671875,-101.93900299072266,47.775001525878906,-44.983001708984375
1788676375887441200,11.270441162109375,-101.01100158691406,49.15900421142578,-45.583003997802734
1788676375903539500,11.28653955078125,-101.00900268554688,48.512001037597656,-45.89400100708008
1788676375919703600,11.30270361328125,-100.88500213623047,47.55000305175781,-45.69900131225586
1788676375935817700,11.318817626953125,-99.5060043334961,48.406002044677734,-45.59100341796875
1788676375952029400,11.335029541015626,-102.72200775146484,48.836002349853516,-45.88900375366211
1788676375968211200,11.351211181640625,-101.9780044555664,47.75200271606445,-46.715003967285156
1788676375984328400,11.367328369140624,-100.01800537109375,47.448001861572266,-45.19200134277344
1788676376000455400,11.383455322265625,-101.21800231933594,47.5420036315918,-46.310001373291016
1788676376016616700,11.39961669921875,-100.46300506591797,48.302001953125,-45.4890022277832
1788676376032765400,11.415765380859375,-101.31500244140625,49.27700424194336,-44.76700210571289
1788676376048946700,11.43194677734375,-99.0060043334961,49.358001708984375,-46.500003814697266
1788676376065003800,11.448003662109375,-100.88500213623047,47.55000305175781,-45.69900131225586
1788676376081136400,11.464136474609376,-100.80900573730469,47.53000259399414,-47.12600326538086
1788676376097276700,11.480276611328126,-100.37300109863281,47.85900115966797,-46.512001037597656
1788676376113453800,11.496453857421875,-100.56200408935547,46.902000427246094,-46.01100158691406
1788676376129654300,11.512654296875,-101.11200714111328,47.75800323486328,-46.20600128173828
1788676376145735200,11.528735107421875,-101.35200500488281,47.310001373291016,-47.63600158691406
1788676376161871000,11.54487109375,-99.74200439453125,46.23200225830078,-47.9530029296875
1788676376177967400,11.56096728515625,-98.91700744628906,48.48200225830078,-47.833003997802734
1788676376194151700,11.577151611328125,-101.21700286865234,45.922000885009766,-47.24100112915039
1788676376210355500,11.59335546875,-97.36900329589844,45.48600387573242,-47.35200119018555
1788676376226442500,11.6094423828125,-99.87500762939453,48.16100311279297,-47.93600082397461
1788676376242585900,11.6255859375,-101.32000732421875,46.68100357055664,-46.62300109863281
1788676376258731500,11.6417314453125,-100.48300170898438,47.42500305175781,-46.92300033569336
1788676376274924000,11.657924072265626,-101.656005859375,46.13200378417969,-47.64600372314453
1788676376291136000,11.674135986328125,-99.5040054321289,45.27400207519531,-47.4530029296875
1788676376307238400,11.69023828125,-99.74400329589844,47.527000427246094,-47.22900390625
1788676376323393500,11.7063935546875,-100.95000457763672,46.86100387573242,-49.06700134277344
1788676376339504600,11.722504638671875,-100.94000244140625,47.40800094604492,-48.24700164794922
1788676376355710700,11.738710693359375,-99.32200622558594,47.7400016784668,-47.329002380371094
1788676376371879400,11.75487939453125,-98.56100463867188,45.47700119018555,-48.165000915527344
1788676376387981800,11.77098193359375,-101.32600402832031,44.624000549316406,-48.169002532958984
1788676376404143900,11.787143798828126,-101.43900299072266,45.053001403808594,-48.165000915527344
1788676376420264200,11.80326416015625,-100.34100341796875,44.204002380371094,-47.35900115966797
1788676376436484900,11.81948486328125,-99.93000793457031,44.73400115966797,-47.76300048828125
1788676376452669200,11.835669189453125,-99.41600799560547,44.83000183105469,-48.577003479003906
1788676376468740400,11.851740234375,-102.04600524902344,44.31700134277344,-47.152000427246094
1788676376484871400,11.867871337890625,-99.84600830078125,46.233001708984375,-47.85100173950195
1788676376501017300,11.884017333984374,-101.62000274658203,43.884002685546875,-47.46200180053711
1788676376517198300,11.9001982421875,-100.35000610351562,45.38800048828125,-47.04300308227539
1788676376533392000,11.916391845703124,-102.17200469970703,44.84600067138672,-47.65700149536133
1788676376549465300,11.93246533203125,-100.98900604248047,44.09300231933594,-47.76700210571289
1788676376565600300,11.948600341796874,-102.28600311279297,44.410003662109375,-48.272003173828125
1788676376581693200,11.964693115234375,-102.04900360107422,43.99100112915039,-47.461002349853516
1788676376597883600,11.980883544921875,-101.43500518798828,45.595001220703125,-47.6510009765625
1788676376614050300,11.99705029296875,-101.0530014038086,44.11900329589844,-45.83100128173828
1788676376630127600,12.013127685546875,-101.38600158691406,44.220001220703125,-46.3390007019043
1788676376646279200,12.029279052734376,-102.24000549316406,44.54500198364258,-46.13100051879883
1788676376662385400,12.045385498046874,-100.25000762939453,45.492000579833984,-47.246002197265625
1788676376678571000,12.061571044921875,-101.41900634765625,45.92900085449219,-46.73100280761719
1788676376694734000,12.077734130859374,-100.87700653076172,44.85200119018555,-47.047000885009766
1788676376710827500,12.09382763671875,-101.08600616455078,45.50400161743164,-46.43000030517578
1788676376726985000,12.10998486328125,-101.40300750732422,44.96600341796875,-46.63800048828125
1788676376743078100,12.126078125,-101.64300537109375,46.68000411987305,-46.72500228881836
1788676376759264800,12.1422646484375,-101.8290023803711,45.832000732421875,-46.01900100708008
1788676376775422200,12.158422119140624,-102.1760025024414,47.11300277709961,-46.41400146484375
1788676376791515600,12.174515625,-100.89900207519531,46.46000289916992,-47.03300094604492
1788676376807662300,12.190662353515625,-101.9320068359375,45.72700119018555,-45.91800308227539
1788676376823772200,12.206772216796875,-101.2350082397461,45.803001403808594,-48.159000396728516
1788676376839981300,12.222981201171875,-100.76400756835938,47.55800247192383,-45.0880012512207
1788676376856158200,12.239158203125,-103.3010025024414,47.03700256347656,-44.27400207519531
1788676376872267000,12.25526708984375,-100.75900268554688,46.37200164794922,-45.608001708984375
1788676376888436200,12.271436279296875,-101.2750015258789,47.89600372314453,-43.862003326416016
1788676376904553000,12.287552978515626,-101.72400665283203,47.66800308227539,-44.98400115966797
1788676376920770600,12.3037705078125,-99.89300537109375,47.999000549316406,-44.06700134277344
1788676376936951800,12.319951904296875,-102.14900207519531,47.67000198364258,-44.88200378417969
1788676376953067300,12.3360673828125,-100.34300231933594,47.98600387573242,-45.08500289916992
1788676376969243100,12.3522431640625,-103.10900115966797,47.564002990722656,-44.88100051879883
1788676376985374500,12.36837451171875,-102.66400146484375,47.250003814697266,-44.27300262451172
1788676377001601500,12.3846015625,-103.98100280761719,49.82400131225586,-44.249000549316406
1788676377017790700,12.400790771484376,-102.01800537109375,47.36000061035156,-43.96800231933594
1788676377033865700,12.41686572265625,-100.96700286865234,48.105003356933594,-44.268001556396484
1788676377049999000,12.4329990234375,-103.74800872802734,48.755001068115234,-44.05500030517578
1788676377066138000,12.44913818359375,-102.99700164794922,47.35100173950195,-44.781002044677734
1788676377082320100,12.465320068359375,-103.17900848388672,47.04600143432617,-43.56100082397461
1788676377098523100,12.481523193359376,-101.83000183105469,47.23600387573242,-45.191001892089844
1788676377114613200,12.49761328125,-102.44400787353516,46.82100296020508,-44.277000427246094
1788676377130762800,12.5137626953125,-101.93900299072266,48.74800109863281,-44.36300277709961
1788676377146864000,12.529864013671874,-102.76500701904297,47.362003326416016,-43.967002868652344
1788676377163055400,12.546055419921874,-102.98800659179688,47.35600280761719,-44.374000549316406
1788676377179265500,12.562265625,-102.531005859375,47.15800094604492,-43.15400314331055
1788676377195331600,12.57833154296875,-102.34100341796875,46.387001037597656,-44.689002990722656
1788676377211483000,12.59448291015625,-101.79800415039062,46.06700134277344,-44.4890022277832
1788676377227588000,12.610588134765624,-103.20100402832031,46.493003845214844,-44.8910026550293
1788676377243781600,12.62678173828125,-101.91000366210938,45.95600128173828,-44.79500198364258
1788676377259944400,12.6429443359375,-100.49200439453125,45.75600051879883,-43.57600021362305
1788676377276040200,12.659040283203124,-100.83700561523438,46.7140007019043,-44.077003479003906
1788676377292204300,12.675204345703126,-101.27300262451172,47.034000396728516,-44.277000427246094
1788676377308321500,12.691321533203125,-101.156005859375,45.5260009765625,-44.80000305175781
1788676377324533500,12.707533447265625,-100.70500183105469,44.56800079345703,-44.30000305175781
1788676377340703000,12.723702880859374,-98.24300384521484,44.45900344848633,-44.10000228881836
1788676377356835800,12.7398359375,-101.25100708007812,46.6140022277832,-43.56800079345703
1788676377372966000,12.7559658203125,-99.84700775146484,45.64900207519531,-43.47600173950195
1788676377389090000,12.772090087890625,-102.63200378417969,46.297000885009766,-43.467002868652344
1788676377405262800,12.788262939453125,-101.4540023803711,45.540000915527344,-43.781002044677734
1788676377421459500,12.80445947265625,-100.4010009765625,45.96200180053711,-44.18600082397461
1788676377437534000,12.820533935546875,-101.78300476074219,45.64400100708008,-44.08500289916992
1788676377453662700,12.836662841796874,-100.802001953125,45.54600143432617,-43.272003173828125
1788676377469761000,12.852760986328125,-101.64400482177734,45.987003326416016,-42.452003479003906
1788676377485944300,12.8689443359375,-99.21600341796875,44.99400329589844,-44.29800033569336
1788676377502136800,12.88513671875,-100.4570083618164,43.39900207519531,-43.49500274658203
1788676377518215700,12.901215576171875,-102.2750015258789,43.941001892089844,-43.284000396728516
1788676377534351600,12.9173515625,-100.53700256347656,44.28000259399414,-41.75600051879883
1788676377550449700,12.93344970703125,-102.69200134277344,43.73100280761719,-42.980003356933594
1788676377566636800,12.94963671875,-102.26200866699219,44.4890022277832,-42.36300277709961
1788676377582843600,12.96584375,-99.7280044555664,44.900001525878906,-43.38100051879883
1788676377598936800,12.981936767578125,-100.89500427246094,45.3390007019043,-42.76400375366211
1788676377615089700,12.998089599609376,-101.74500274658203,44.04600143432617,-43.38600158691406
1788676377631197400,13.014197509765625,-102.82000732421875,45.880001068115234,-42.55400085449219
1788676377647399700,13.030399658203125,-100.03900146484375,44.582000732421875,-43.18000030517578
1788676377663570400,13.0465703125,-100.77400207519531,44.483001708984375,-42.67000198364258
1788676377679666000,13.062666015625,-100.8810043334961,44.483001708984375,-42.67000198364258
1788676377695825700,13.07882568359375,-101.87300109863281,44.78900146484375,-43.88900375366211
1788676377711938800,13.094938720703125,-101.3060073852539,45.67300033569336,-41.84400177001953
1788676377728148200,13.111148193359375,-101.82100677490234,45.14500045776367,-41.3390007019043
1788676377744312300,13.127312255859374,-101.55000305175781,46.08700180053711,-42.961002349853516
1788676377760398600,13.143398681640624,-101.06500244140625,44.177001953125,-41.552001953125
1788676377776565800,13.159565673828125,-100.86700439453125,46.00400161743164,-41.12900161743164
1788676377792689400,13.175689453125,-102.04800415039062,46.43400192260742,-41.12300109863281
1788676377808906200,13.19190625,-102.36400604248047,45.465003967285156,-41.53900146484375
1788676377825091800,13.208091796875,-102.00700378417969,45.595001220703125,-39.807003021240234
1788676377841206000,13.2242060546875,-102.46100616455078,44.93000030517578,-41.44200134277344
1788676377857363500,13.240363525390626,-101.28700256347656,45.46900177001953,-41.13300323486328
1788676377873497900,13.256497802734375,-102.2560043334961,45.35700225830078,-41.540000915527344
1788676377889676300,13.27267626953125,-100.53500366210938,45.794002532958984,-40.724002838134766
1788676377905868500,13.28886865234375,-102.69600677490234,45.99800109863281,-41.73800277709961
1788676377921925400,13.30492529296875,-101.99500274658203,46.250003814697266,-38.884002685546875
1788676377938063400,13.3210634765625,-101.70000457763672,45.910003662109375,-40.21200180053711
1788676377954202000,13.3372021484375,-103.28700256347656,45.4900016784668,-39.80600357055664
1788676377970385700,13.3533857421875,-101.16000366210938,46.12900161743164,-39.803001403808594
1788676377986581800,13.369581787109375,-103.64000701904297,47.415000915527344,-40.09400177001953
1788676378002657800,13.38565771484375,-102.12000274658203,46.564002990722656,-39.492000579833984
1788676378018794800,13.401794677734374,-100.96800231933594,47.845001220703125,-39.68600082397461
1788676378034941400,13.41794140625,-102.23600769042969,46.23400115966797,-40.10600280761719
1788676378051130400,13.43413037109375,-99.90800476074219,47.406002044677734,-40.303001403808594
1788676378067338800,13.4503388671875,-101.09700775146484,49.4530029296875,-39.672000885009766
1788676378083431700,13.466431640625,-100.95500183105469,46.448001861572266,-40.00400161743164
1788676378099577000,13.4825771484375,-103.42100524902344,49.47200393676758,-38.54800033569336
1788676378115680500,13.498680419921875,-100.71900177001953,47.75800323486328,-38.159000396728516
1788676378131848000,13.514847900390626,-101.92500305175781,48.7140007019043,-38.9640007019043
1788676378148055800,13.531055908203125,-103.62300872802734,47.64200210571289,-39.17500305175781
1788676378164148500,13.5471484375,-104.03500366210938,48.19200134277344,-38.1510009765625
1788676378180302800,13.563302734375,-101.44700622558594,47.87900161743164,-37.24100112915039
1788676378196414500,13.57941455078125,-103.16200256347656,47.98600387573242,-37.441001892089844
1788676378212612600,13.595612548828125,-102.5560073852539,47.85600280761719,-39.073001861572266
1788676378228777500,13.611777587890625,-102.5510025024414,48.83100128173828,-38.249000549316406
1788676378244874200,13.627874267578125,-105.00700378417969,48.18700408935547,-38.659000396728516
1788676378261035300,13.64403515625,-102.63800811767578,48.41100311279297,-37.64200210571289
1788676378277151700,13.66015185546875,-102.66000366210938,48.50600051879883,-38.55800247192383
1788676378293339100,13.676339111328126,-101.44100189208984,49.07100296020508,-36.211002349853516
1788676378309506800,13.6925068359375,-101.33600616455078,47.88100051879883,-37.03700256347656
1788676378325610500,13.708610595703124,-102.63800811767578,48.73500061035156,-37.435001373291016
1788676378341777400,13.72477734375,-102.73200225830078,47.44700241088867,-37.650001525878906
1788676378357911300,13.740911376953125,-100.96600341796875,49.035003662109375,-38.861000061035156
1788676378374079000,13.757078857421876,-101.98200225830078,47.12300109863281,-37.75600051879883
1788676378390248400,13.77324853515625,-100.55900573730469,48.698001861572266,-39.98500061035156
1788676378406323700,13.78932373046875,-102.77300262451172,49.259002685546875,-38.34700012207031
1788676378422455600,13.80545556640625,-101.2820053100586,48.06500244140625,-39.2760009765625
1788676378438551600,13.821551513671874,-100.21200561523438,48.38900375366211,-38.96900177001953
1788676378454733000,13.837733154296876,-99.5820083618164,49.13900375366211,-38.9640007019043
1788676378470990000,13.853989990234375,-98.69700622558594,48.724002838134766,-37.84800338745117
1788676378487072000,13.870072021484376,-99.54000091552734,47.11000061035156,-38.37000274658203
1788676378503195400,13.8861953125,-99.78800201416016,49.25200271606445,-38.55500030517578
1788676378519334100,13.902334228515626,-98.48300170898438,49.047000885009766,-37.6410026550293
1788676378535528700,13.91852880859375,-100.87600708007812,49.781002044677734,-39.160003662109375
1788676378551736300,13.934736328125,-100.79200744628906,47.99400329589844,-36.527000427246094
1788676378567829800,13.950829833984375,-100.94200134277344,48.29300308227539,-38.25600051879883
1788676378583987700,13.96698779296875,-97.54500579833984,48.92400360107422,-38.763999938964844
1788676378600093400,13.983093505859374,-101.0320053100586,49.384002685546875,-36.820003509521484
1788676378616296000,13.9992958984375,-99.84700775146484,47.659000396728516,-37.448001861572266
1788676378632514800,14.015514892578125,-97.62400817871094,49.04900360107422,-37.439002990722656
1788676378648619800,14.031619873046875,-100.81700134277344,48.30400085449219,-37.441001892089844
1788676378664783000,14.047783203125,-101.88600158691406,49.38500213623047,-36.819000244140625
1788676378680904200,14.063904296875,-99.99100494384766,49.150001525878906,-38.14800262451172
1788676378697113300,14.08011328125,-99.34800720214844,48.50200271606445,-38.46000289916992
1788676378713304000,14.096303955078126,-99.12500762939453,48.50700378417969,-38.053001403808594
1788676378729417500,14.11241748046875,-101.49800109863281,49.25300216674805,-38.65400314331055
1788676378745569000,14.128569091796875,-101.55400848388672,48.85200119018555,-36.621002197265625
1788676378761691100,14.144691162109375,-100.04400634765625,48.750003814697266,-36.012001037597656
1788676378777909000,14.160908935546875,-100.39700317382812,48.62300109863281,-37.54100036621094
1788676378794092500,14.177092529296875,-100.81100463867188,49.172000885009766,-36.61900329589844
1788676378810206200,14.193206298828125,-100.8060073852539,48.31100082397461,-36.932003021240234
1788676378826339600,14.209339599609375,-101.02400207519531,48.957000732421875,-36.72200012207031
1788676378842470000,14.225469970703125,-99.9320068359375,47.673004150390625,-36.42900085449219
1788676378858643700,14.241643798828125,-99.52400207519531,48.957000732421875,-36.52000045776367
1788676378874836000,14.2578359375,-99.41000366210938,48.20500183105469,-36.62900161743164
1788676378890910500,14.273910400390625,-98.77400207519531,48.742000579833984,-36.52300262451172
1788676378907042800,14.290042724609375,-101.72900390625,48.33500289916992,-35.19900131225586
1788676378923198500,14.306198486328125,-102.302001953125,48.09600067138672,-37.13600158691406
1788676378939374800,14.322374755859375,-100.54600524902344,48.87900161743164,-34.48200225830078
1788676378955574000,14.338573974609375,-100.88300323486328,48.00400161743164,-35.814002990722656
1788676378971650800,14.35465087890625,-99.05900573730469,49.30400085449219,-34.582000732421875
1788676378987788800,14.370788818359374,-100.98800659179688,49.51900100708008,-34.78200149536133
1788676379003921000,14.3869208984375,-101.14800262451172,49.7030029296875,-37.020999908447266
1788676379020085000,14.4030849609375,-100.79300689697266,49.832000732421875,-35.3910026550293
1788676379036284400,14.419284423828126,-101.42900848388672,50.48400115966797,-34.77300262451172
1788676379052369000,14.435368896484375,-99.5530014038086,51.31800079345703,-36.29600143432617
1788676379068503300,14.45150341796875,-100.26200103759766,49.07200241088867,-36.009002685546875
1788676379084643600,14.4676435546875,-98.66900634765625,49.82100296020508,-35.90299987792969
1788676379100840700,14.4838408203125,-99.72100830078125,49.833003997802734,-35.18800354003906
1788676379117051600,14.5000517578125,-98.14000701904297,50.682003021240234,-35.59000015258789
1788676379133143600,14.5161435546875,-99.0820083618164,50.15400314331055,-35.08400344848633
1788676379149294300,14.53229443359375,-99.91500854492188,50.27700424194336,-34.0629997253418
1788676379165402400,14.54840234375,-100.56900787353516,49.40500259399414,-35.191001892089844
1788676379181600800,14.564600830078126,-101.21900177001953,49.61600112915039,-35.49400329589844
1788676379197766000,14.580765869140626,-98.8060073852539,50.884002685546875,-36.60600280761719
1788676379213870800,14.596870849609376,-100.27700805664062,51.117000579833984,-35.380001068115234
1788676379230035000,14.613034912109375,-101.42100524902344,49.40800094604492,-35.0880012512207
1788676379246158300,14.629158447265626,-100.71500396728516,51.11100387573242,-35.888999938964844
1788676379262365200,14.645365234375,-98.14600372314453,50.78600311279297,-35.79300308227539
1788676379278528000,14.661528076171875,-100.90900421142578,50.69000244140625,-35.281002044677734
1788676379294640600,14.677640625,-102.37700653076172,50.70900344848633,-34.055999755859375
1788676379310814200,14.693814208984374,-98.42300415039062,49.94900131225586,-34.374000549316406
1788676379326954500,14.70995458984375,-99.7070083618164,49.51700210571289,-34.78300094604492
1788676379343179000,14.726178955078124,-99.49800109863281,50.16200256347656,-34.57400131225586
1788676379359371000,14.74237109375,-100.27200317382812,50.147003173828125,-35.79600143432617
1788676379375408600,14.75840869140625,-99.90300750732422,49.419002532958984,-34.07100296020508
1788676379391544800,14.774544921875,-99.10400390625,50.78900146484375,-35.69000244140625
1788676379407695000,14.790695068359375,-99.90300750732422,49.419002532958984,-34.07100296020508
1788676379423875600,14.80687548828125,-99.2090072631836,50.7910041809082,-35.5880012512207
1788676379440083500,14.82308349609375,-100.6830062866211,49.29300308227539,-35.599002838134766
1788676379456149800,14.839149658203125,-97.7750015258789,49.62700271606445,-34.2760009765625
1788676379472298200,14.85529833984375,-98.83000183105469,49.31300354003906,-33.87000274658203
1788676379488398300,14.8713984375,-101.42400360107422,51.13500213623047,-34.156002044677734
1788676379504589000,14.887589111328126,-97.90800476074219,49.8280029296875,-35.29199981689453
1788676379520799000,14.903799072265626,-98.77900695800781,52.0890007019043,-34.65999984741211
1788676379536886000,14.919885986328126,-99.5050048828125,50.698001861572266,-34.570003509521484
1788676379553038600,14.93603857421875,-97.56800842285156,49.73200225830078,-34.479000091552734
1788676379569145600,14.9521455078125,-97.8080062866211,50.68800354003906,-35.08100128173828
1788676379585332500,14.96833251953125,-97.16000366210938,50.47600173950195,-34.880001068115234
1788676379601547300,14.98454736328125,-98.03800201416016,50.031002044677734,-36.207000732421875
1788676379617649700,15.000649658203125,-98.44000244140625,49.72200393676758,-35.29300308227539
1788676379633799200,15.016799072265625,-98.3320083618164,49.50600051879883,-35.397003173828125
1788676379649899500,15.0328994140625,-97.81700134277344,49.38600158691406,-36.31500244140625
1788676379666106000,15.049106201171876,-96.84200286865234,49.82500076293945,-35.395999908447266
1788676379682274600,15.065274658203125,-95.68700408935547,49.595001220703125,-36.41800308227539
1788676379698383000,15.081383056640625,-95.22400665283203,48.320003509521484,-35.6150016784668
1788676379714550800,15.09755078125,-95.67100524902344,49.605003356933594,-35.70500183105469
1788676379730676500,15.113676513671875,-97.6500015258789,48.45000076293945,-34.18400192260742
1788676379746895000,15.12989501953125,-97.15200805664062,49.07600402832031,-35.402000427246094
1788676379763080000,15.146079833984375,-96.09800720214844,49.066001892089844,-36.013999938964844
1788676379779198200,15.1621982421875,-95.95500183105469,48.76300048828125,-34.59100341796875
1788676379795375900,15.1783759765625,-97.16900634765625,49.49700164794922,-35.90700149536133
1788676379811510300,15.19451025390625,-97.99600219726562,49.8390007019043,-34.47700119018555
1788676379827685600,15.210685546875,-97.87000274658203,48.230003356933594,-34.59300231933594
1788676379843878000,15.2268779296875,-97.77200317382812,48.22500228881836,-35.00100326538086
1788676379859947800,15.24294775390625,-97.77800750732422,48.329002380371094,-35.204002380371094
1788676379876080000,15.259080078125,-95.21000671386719,48.43600082397461,-34.9010009765625
1788676379892226600,15.2752265625,-98.2080078125,49.84100341796875,-34.375
1788676379908407800,15.29140771484375,-98.39700317382812,47.262001037597656,-34.90700149536133
1788676379924609300,15.307609375,-97.74000549316406,47.92000198364258,-33.781002044677734
1788676379940690700,15.323690673828125,-96.81700134277344,48.54300308227539,-35.10100173950195
1788676379956831000,15.3398310546875,-96.50100708007812,48.97300338745117,-34.996002197265625
1788676379972931000,15.35593115234375,-93.72000122070312,49.62000274658203,-34.38300323486328
1788676379989118200,15.3721181640625,-95.96300506591797,48.86600112915039,-34.895999908447266
1788676380005319700,15.388319580078125,-95.8290023803711,48.99100112915039,-33.57100296020508
1788676380021380600,15.404380615234375,-96.5840072631836,48.55500411987305,-34.185001373291016
1788676380037525800,15.42052587890625,-95.19500732421875,48.33700180053711,-34.290000915527344
1788676380053655800,15.43665576171875,-96.48100280761719,48.66100311279297,-34.28600311279297
1788676380069823700,15.45282373046875,-96.15200805664062,49.53000259399414,-33.362003326416016
1788676380085985000,15.468985107421876,-96.16300201416016,50.172000885009766,-33.45800018310547
1788676380102084600,15.485084716796875,-96.69400787353516,49.634002685546875,-33.66600036621094
1788676380118237700,15.50123779296875,-96.37700653076172,49.19900131225586,-34.077003479003906
1788676380134351000,15.51735107421875,-96.39300537109375,48.75700378417969,-35.10000228881836
1788676380150536700,15.53353662109375,-95.82000732421875,48.88800048828125,-33.2660026550293
1788676380166700300,15.5497001953125,-97.3290023803711,49.531002044677734,-33.46200180053711
1788676380182804200,15.56580419921875,-97.66600799560547,50.60100173950195,-33.55400085449219
1788676380198950400,15.581950439453125,-95.28900146484375,51.047000885009766,-32.025001525878906
1788676380215048700,15.598048583984376,-95.98600769042969,51.01400375366211,-34.57100296020508
1788676380231252500,15.61425244140625,-96.15200805664062,49.53000259399414,-33.362003326416016
1788676380247438000,15.63043798828125,-95.44500732421875,51.6660041809082,-33.85300064086914
1788676380263548200,15.646548095703125,-98.0820083618164,51.14900207519531,-32.73400115966797
1788676380279719700,15.6627197265625,-95.84400177001953,50.927001953125,-33.044002532958984
1788676380295863000,15.678863037109375,-96.03700256347656,49.427001953125,-33.057003021240234
1788676380312039400,15.695039306640625,-95.35000610351562,51.65900421142578,-34.36300277709961
1788676380328228900,15.711228759765625,-95.08200073242188,49.85400390625,-33.05500030517578
1788676380344301600,15.727301513671875,-93.28800201416016,52.8640022277832,-32.1140022277832
1788676380360433000,15.743432861328126,-95.71800231933594,51.695003509521484,-31.713001251220703
1788676380376528100,15.759528076171875,-95.8060073852539,51.1660041809082,-31.209001541137695
1788676380392712000,15.7757119140625,-95.87500762939453,53.178001403808594,-33.02400207519531
1788676380408909600,15.79190966796875,-94.78500366210938,53.08100128173828,-32.11000061035156
1788676380424989200,15.8079892578125,-96.71100616455078,52.86600112915039,-32.415000915527344
1788676380441126400,15.82412646484375,-93.26200103759766,51.691001892089844,-31.716001510620117
1788676380457227000,15.84022705078125,-95.24100494384766,53.173004150390625,-33.33100128173828
1788676380473421800,15.856421875,-95.66500091552734,53.932003021240234,-32.71200180053711
1788676380489633800,15.8726337890625,-96.49700164794922,51.35300064086914,-33.345001220703125
1788676380505720800,15.888720947265625,-96.48400115966797,52.22500228881836,-32.217002868652344
1788676380521869300,15.904869384765625,-96.14700317382812,51.803001403808594,-31.71200180053711
1788676380537975300,15.920975341796876,-95.06300354003906,51.48600387573242,-31.207000732421875
1788676380554181400,15.937181396484375,-96.0320053100586,51.375003814697266,-31.614002227783203
1788676380570345700,15.953345703125,-93.26500701904297,50.717002868652344,-32.4379997253418
1788676380586438400,15.9694384765625,-97.09600830078125,50.94700241088867,-31.718002319335938
1788676380602596900,15.985596923828124,-94.5300064086914,51.053001403808594,-31.51700210571289
1788676380618712300,16.00171240234375,-94.54900360107422,51.582000732421875,-32.020999908447266
1788676380634925600,16.017925537109374,-94.88400268554688,51.68100357055664,-32.63100051879883
1788676380651099400,16.034099365234376,-95.11900329589844,51.56100082397461,-33.6510009765625
1788676380667208400,16.05020849609375,-95.21900177001953,51.24100112915039,-33.552001953125
1788676380683378200,16.066378173828124,-94.46200561523438,51.893001556396484,-32.73200225830078
1788676380699502300,16.08250244140625,-93.91000366210938,50.715003967285156,-32.6410026550293
1788676380715706000,16.0987060546875,-93.08100128173828,50.69900131225586,-33.76300048828125
1788676380731896000,16.11489599609375,-93.17500305175781,51.4630012512207,-32.737003326416016
1788676380748008200,16.13100830078125,-94.59700775146484,51.12000274658203,-34.470001220703125
1788676380764121000,16.14712109375,-93.16400146484375,50.82100296020508,-32.6410026550293
1788676380780258300,16.16325830078125,-92.64100646972656,50.922000885009766,-33.04800033569336
1788676380796424200,16.179424072265626,-94.87500762939453,50.7140007019043,-32.84400177001953
1788676380812617000,16.195616943359376,-92.83900451660156,50.17500305175781,-32.85100173950195
1788676380828691000,16.21169091796875,-96.24800109863281,50.941001892089844,-32.025001525878906
1788676380844822500,16.227822509765623,-92.29500579833984,51.04500198364258,-31.825000762939453
1788676380860962800,16.243962890625,-93.03900146484375,49.85900115966797,-32.44600296020508
1788676380877145000,16.26014501953125,-92.9580078125,50.384002685546875,-33.25600051879883
1788676380893347000,16.27634716796875,-92.62400817871094,50.71600341796875,-32.439002990722656
1788676380909428000,16.292427978515626,-93.17200469970703,50.60000228881836,-33.152000427246094
1788676380925575200,16.3085751953125,-93.83200073242188,50.80600357055664,-33.86300277709961
1788676380941679600,16.3246796875,-95.74900817871094,49.62300109863281,-34.380001068115234
1788676380957871600,16.34087158203125,-94.37600708007812,51.557003021240234,-33.855003356933594
1788676380974085000,16.357085205078125,-92.9280014038086,48.673004150390625,-32.96600341796875
1788676380990177500,16.373177490234376,-93.83600616455078,50.58700180053711,-34.17000198364258
1788676381006327800,16.389327880859376,-92.95700073242188,50.60100173950195,-33.051002502441406
1788676381022434300,16.405434326171875,-94.02400207519531,50.06300354003906,-33.36000061035156
1788676381038627300,16.42162744140625,-93.65400695800781,49.44400405883789,-31.532001495361328
1788676381054794000,16.4377939453125,-95.3060073852539,50.92900085449219,-32.84100341796875
1788676381070891500,16.4538916015625,-92.64700317382812,50.702003479003906,-33.45800018310547
1788676381087055400,16.470055419921874,-93.57500457763672,49.31900405883789,-32.858001708984375
1788676381103179800,16.4861796875,-93.70100402832031,51.57600402832031,-32.3280029296875
1788676381119392800,16.502392822265627,-95.0770034790039,50.83000183105469,-32.23100280761719
1788676381135559400,16.518559326171875,-95.29300689697266,50.829002380371094,-32.33300018310547
1788676381151665700,16.534665771484374,-95.37400817871094,50.952003479003906,-31.10900115966797
1788676381167835600,16.550835693359375,-95.36700439453125,50.95600128173828,-30.803001403808594
1788676381183955700,16.566955810546876,-96.40400695800781,50.220001220703125,-29.89200210571289
1788676381200174300,16.58317431640625,-95.69000244140625,50.95600128173828,-30.905000686645508
1788676381216354000,16.59935400390625,-95.87800598144531,49.458003997802734,-30.714000701904297
1788676381232464100,16.615464111328127,-95.55900573730469,49.88900375366211,-30.507001876831055
1788676381248637200,16.63163720703125,-95.96300506591797,51.30900192260742,-28.559001922607422
1788676381264762600,16.6477626953125,-94.82000732421875,50.63900375366211,-30.399002075195312
1788676381280918000,16.66391796875,-96.19300079345703,51.191001892089844,-29.374000549316406
1788676381297108700,16.680108642578126,-97.14400482177734,50.983001708984375,-29.069002151489258
1788676381313179100,16.69617919921875,-95.42000579833984,50.01700210571289,-28.97800064086914
1788676381329304800,16.712304931640624,-97.04800415039062,51.624000549316406,-29.16600227355957
1788676381345444000,16.728444091796874,-95.4530029296875,51.72600173950195,-29.3700008392334
1788676381361609500,16.744609375,-94.6050033569336,51.505001068115234,-29.781002044677734
1788676381377805300,16.760805419921876,-94.8070068359375,51.512001037597656,-29.2710018157959
1788676381393905700,16.77690576171875,-95.31700134277344,50.98600387573242,-28.562002182006836
1788676381410022000,16.79302197265625,-94.25300598144531,50.7660026550293,-28.871002197265625
1788676381426116900,16.809116943359374,-94.94800567626953,54.19300079345703,-29.1460018157959
1788676381442299600,16.825299560546874,-96.52100372314453,52.592002868652344,-28.852001190185547
1788676381458507000,16.841507080078124,-95.27100372314453,52.57100296020508,-30.280000686645508
1788676381474593500,16.857593505859374,-94.31700134277344,53.862003326416016,-29.76000213623047
1788676381490741500,16.873741455078125,-95.14600372314453,53.01400375366211,-29.156002044677734
1788676381506836500,16.88983642578125,-95.89700317382812,53.121002197265625,-29.256000518798828
1788676381523019800,16.906019775390625,-93.13200378417969,52.78600311279297,-29.97500228881836
1788676381539185200,16.92218505859375,-96.09900665283203,51.94000244140625,-29.470001220703125
1788676381555278600,16.938278564453125,-94.5040054321289,53.12200164794922,-29.054000854492188
1788676381571440600,16.954440673828124,-95.7820053100586,52.36900329589844,-29.364002227783203
1788676381587557000,16.97055712890625,-94.73100280761719,53.762001037597656,-29.25200080871582
1788676381603767300,16.986767333984375,-95.71100616455078,52.13200378417969,-31.09800148010254
1788676381619934700,17.002934814453123,-95.29100799560547,53.9640007019043,-30.268001556396484
1788676381636046800,17.019046875,-94.84000396728516,53.22100067138672,-29.66400146484375
1788676381652213200,17.035213134765623,-94.5320053100586,53.970001220703125,-29.759000778198242
1788676381668339200,17.051339111328126,-93.41000366210938,51.40700149536133,-28.968002319335938
1788676381684507100,17.067507080078126,-94.82300567626953,51.71800231933594,-29.881000518798828
1788676381700690000,17.08368994140625,-93.89500427246094,52.237003326416016,-30.998001098632812
1788676381716751000,17.099751220703126,-94.06700134277344,50.750003814697266,-30.09400177001953
1788676381732877000,17.115876953125,-92.26500701904297,52.36000061035156,-29.674001693725586
1788676381749007600,17.132007568359374,-93.38500213623047,52.33000183105469,-32.0160026550293
1788676381765178400,17.148178466796875,-91.98700714111328,52.7660026550293,-31.301000595092773
1788676381781438500,17.1644384765625,-91.48900604248047,54.689002990722656,-31.692001342773438
1788676381797475300,17.180475341796875,-90.91900634765625,52.76400375366211,-31.302001953125
1788676381813597400,17.196597412109377,-92.9580078125,53.518001556396484,-31.293001174926758
1788676381829735000,17.21273486328125,-92.2300033569336,53.397003173828125,-32.21200180053711
1788676381845907200,17.2289072265625,-92.82100677490234,52.78000259399414,-30.38300132751465
1788676381862101200,17.245101318359374,-90.79700469970703,52.9900016784668,-30.48600196838379
1788676381878197500,17.261197509765626,-91.89600372314453,53.621002197265625,-31.49700164794922
1788676381894337800,17.277337890625,-92.97900390625,52.74800109863281,-32.72600173950195
1788676381910438100,17.293438232421874,-92.41000366210938,52.33700180053711,-31.406002044677734
1788676381926627600,17.309627685546875,-92.73200225830078,52.12000274658203,-31.61100196838379
1788676381942837500,17.32583740234375,-92.85700225830078,52.75800323486328,-32.01300048828125
1788676381958973700,17.3419736328125,-92.94900512695312,52.33500289916992,-31.60900115966797
1788676381975125000,17.358125,-91.45700073242188,52.547000885009766,-31.60900115966797
1788676381991237400,17.3742373046875,-90.51700592041016,53.28900146484375,-32.11300277709961
1788676382007434800,17.390434814453126,-90.94300079345703,52.858001708984375,-32.31999969482422
1788676382023650000,17.406650146484374,-91.5830078125,53.2920036315918,-32.01000213623047
1788676382039783400,17.422783447265626,-92.2020034790039,51.9010009765625,-31.920001983642578
1788676382055940900,17.43894091796875,-93.0780029296875,53.294002532958984,-32.00800323486328
1788676382072057000,17.45505712890625,-93.60900115966797,52.108001708984375,-32.62900161743164
1788676382088256000,17.471256103515625,-94.00700378417969,50.829002380371094,-32.13100051879883
1788676382104419600,17.487419677734376,-91.90400695800781,52.535003662109375,-32.5260009765625
1788676382120560600,17.503560546875,-92.64700317382812,51.35100173950195,-33.04500198364258
1788676382136717300,17.51971728515625,-92.96800231933594,51.78300094604492,-32.83700180053711
1788676382152849700,17.535849609375,-92.64000701904297,52.21900177001953,-32.22200012207031
1788676382169064000,17.55206396484375,-92.29800415039062,50.61100387573242,-32.237003326416016
1788676382185251600,17.56825146484375,-91.16200256347656,52.09800338745117,-33.040000915527344
1788676382201356300,17.584356201171875,-91.0580062866211,51.77300262451172,-33.34800338745117
1788676382217473300,17.600473388671876,-92.3550033569336,51.441001892089844,-34.26700210571289
1788676382233607000,17.61660693359375,-91.69700622558594,53.17900085449219,-32.41800308227539
1788676382249779000,17.632779052734374,-91.91500091552734,52.52800369262695,-33.03499984741211
1788676382265971700,17.6489716796875,-90.81600189208984,51.897003173828125,-32.02300262451172
1788676382282061000,17.66506103515625,-91.99900817871094,51.35400390625,-32.7400016784668
1788676382298195000,17.68119482421875,-92.96600341796875,51.78400421142578,-32.73500061035156
1788676382314325800,17.69732568359375,-91.48200225830078,53.07200241088867,-32.42000198364258
1788676382330491400,17.713491455078124,-92.54700469970703,52.535003662109375,-32.62700271606445
1788676382346697700,17.72969775390625,-92.64800262451172,52.43100357055664,-32.42399978637695
1788676382362806500,17.745806640625,-90.9330062866211,52.64800262451172,-32.01700210571289
1788676382378948600,17.761948486328127,-92.7540054321289,54.37600326538086,-31.184001922607422
1788676382395075800,17.778075927734374,-90.61500549316406,52.64600372314453,-32.11900329589844
1788676382411248400,17.794248291015624,-92.4800033569336,55.53700256347656,-32.49800109863281
1788676382427453000,17.810452880859376,-93.08000183105469,53.61700439453125,-31.90300178527832
1788676382443542000,17.8265419921875,-92.77700805664062,54.68700408935547,-31.996002197265625
1788676382459686700,17.842686767578126,-92.13900756835938,53.27900314331055,-33.02799987792969
1788676382475776300,17.8587763671875,-91.27100372314453,55.55600357055664,-30.972002029418945
1788676382491966500,17.874966552734374,-92.3550033569336,55.439002990722656,-31.786001205444336
1788676382508127500,17.89112744140625,-92.9010009765625,55.000003814697266,-32.605003356933594
1788676382524263400,17.907263427734375,-91.38600158691406,55.33500289916992,-31.483001708984375
1788676382540414000,17.9234140625,-90.30900573730469,55.01400375366211,-31.283000946044922
1788676382556530400,17.939530517578124,-92.21600341796875,54.702003479003906,-30.774002075195312
1788676382572733700,17.955733642578124,-90.73500061035156,54.583003997802734,-31.490001678466797
1788676382588899000,17.971899169921876,-93.6030044555664,52.97600173950195,-31.8070011138916
1788676382605037800,17.988037841796874,-90.34600067138672,55.53200149536133,-32.60300064086914
1788676382621194800,18.00419482421875,-90.56300354003906,55.423004150390625,-32.807003021240234
1788676382637315000,18.020315185546874,-91.21000671386719,55.74400329589844,-32.906002044677734
1788676382653478000,18.036477783203125,-92.69300079345703,55.2130012512207,-32.70500183105469
1788676382669665000,18.0526650390625,-92.46200561523438,53.927001953125,-32.71600341796875
1788676382685813500,18.0688134765625,-91.85000610351562,55.52900314331055,-33.009002685546875
1788676382701931300,18.08493115234375,-92.69100189208984,55.21400451660156,-32.60300064086914
1788676382718060000,18.10106005859375,-91.84100341796875,56.18300247192383,-32.1879997253418
1788676382734228000,18.11722802734375,-91.61500549316406,55.11000442504883,-32.30000305175781
1788676382750433500,18.13343359375,-94.84100341796875,55.750003814697266,-32.9010009765625
1788676382766539800,18.149539794921875,-91.00100708007812,54.768001556396484,-33.730003356933594
1788676382782666200,18.165666259765626,-90.6510009765625,55.5420036315918,-31.89000129699707
1788676382798758700,18.181758544921873,-93.1290054321289,54.66800308227539,-33.422000885009766
1788676382814935600,18.197935546875,-94.18900299072266,55.323001861572266,-32.70199966430664
1788676382831133400,18.214133544921875,-92.91400146484375,54.88500213623047,-33.217002868652344
1788676382847243800,18.230243896484374,-93.06500244140625,56.803001403808594,-34.0150032043457
1788676382863377400,18.24637744140625,-91.00100708007812,54.87600326538086,-33.62700271606445
1788676382879473400,18.262473388671875,-91.99800109863281,56.36900329589844,-34.32500076293945
1788676382895658500,18.278658447265624,-91.23200225830078,55.83900451660156,-33.82200241088867
1788676382911863300,18.29486328125,-91.66300201416016,56.59400177001953,-33.509002685546875
1788676382927924500,18.310924560546876,-90.04000091552734,56.71200180053711,-32.49100112915039
1788676382944072200,18.327072265625,-89.96200561523438,56.478004455566406,-33.919002532958984
1788676382960208000,18.343207763671874,-90.37300109863281,56.16400146484375,-33.41200256347656
1788676382976387000,18.359386962890625,-92.06500244140625,55.31200408935547,-33.2140007019043
1788676382992550400,18.37555029296875,-91.46700286865234,56.36700439453125,-34.428001403808594
1788676383008672500,18.391672607421874,-90.92300415039062,55.18300247192383,-34.74500274658203
1788676383024831700,18.407831787109377,-90.59400177001953,55.728004455566406,-34.027000427246094
1788676383040942800,18.42394287109375,-91.88300323486328,55.4010009765625,-34.538002014160156
1788676383057142500,18.440142578125,-92.31100463867188,55.509002685546875,-34.53600311279297
1788676383073306400,18.456306396484376,-92.29200744628906,54.980003356933594,-34.03200149536133
1788676383089454300,18.472454345703124,-92.12400817871094,56.57400131225586,-35.03600311279297
1788676383105580000,18.488580078125,-91.0250015258789,57.131004333496094,-33.301002502441406
1788676383121713200,18.504713134765623,-93.90800476074219,55.19000244140625,-34.53700256347656
1788676383137880000,18.520880126953124,-91.66700744628906,55.72700119018555,-34.230003356933594
1788676383154064100,18.537064208984376,-90.7020034790039,55.29500198364258,-34.336002349853516
1788676383170172000,18.553171875,-92.29800415039062,56.057003021240234,-33.6150016784668
1788676383186294000,18.5692939453125,-91.8080062866211,56.246002197265625,-35.44700241088867
1788676383202432300,18.585432373046874,-91.69700622558594,55.60000228881836,-35.65700149536133
1788676383218609200,18.601609130859377,-91.46200561523438,56.04500198364258,-34.430999755859375
1788676383234806300,18.61780615234375,-92.31900787353516,55.721004486083984,-34.73800277709961
1788676383250919400,18.63391943359375,-91.9010009765625,54.74200439453125,-35.7660026550293
1788676383267046100,18.650046142578127,-94.01100158691406,55.08500289916992,-34.43600082397461
1788676383283140400,18.666140380859375,-91.36100769042969,55.285003662109375,-35.1510009765625
1788676383299321900,18.68232177734375,-92.22000122070312,55.82400131225586,-35.04300308227539
1788676383315518000,18.69851806640625,-94.03700256347656,54.961002349853516,-35.659000396728516
1788676383331637800,18.7146376953125,-91.70100402832031,54.94900131225586,-36.27400207519531
1788676383347777000,18.730777099609377,-91.68500518798828,55.3910026550293,-35.25100326538086
1788676383363881500,18.746881591796875,-90.39400482177734,55.50300216674805,-34.742000579833984
1788676383380071700,18.76307177734375,-92.97000122070312,55.49900436401367,-35.35000228881836
1788676383396232700,18.779232666015623,-92.75700378417969,56.68700408935547,-34.62700271606445
1788676383412327700,18.79532763671875,-94.656005859375,56.380001068115234,-33.8120002746582
1788676383428478000,18.81147802734375,-93.37000274658203,56.4890022277832,-33.50800323486328
1788676383444591900,18.827591796875,-95.3280029296875,56.79500198364258,-34.92900085449219
1788676383460791000,18.843791015625,-94.66200256347656,55.836002349853516,-34.428001403808594
1788676383476959500,18.85995947265625,-93.37200164794922,57.13600158691406,-33.19600296020508
1788676383493036300,18.876036376953124,-92.00000762939453,56.69200134277344,-34.22100067138672
1788676383509173200,18.89217333984375,-94.21200561523438,56.60600280761719,-32.89400100708008
1788676383525271300,18.908271240234374,-93.1300048828125,55.42400360107422,-33.00800323486328
1788676383541462300,18.924462158203124,-93.88900756835938,55.41800308227539,-33.5160026550293
1788676383557634000,18.940634033203125,-92.54400634765625,57.87600326538086,-33.90400314331055
1788676383573757700,18.9567578125,-93.62300109863281,57.22200393676758,-34.82500076293945
1788676383589917400,18.97291748046875,-93.72000122070312,57.336002349853516,-34.31500244140625
1788676383606042400,18.98904248046875,-92.7760009765625,56.89200210571289,-35.3380012512207
1788676383622208500,19.00520849609375,-93.35100555419922,55.63600158691406,-33.21000289916992
1788676383638395400,19.0213955078125,-92.8790054321289,57.00200271606445,-35.134002685546875
1788676383654502400,19.03750244140625,-92.79900360107422,57.09400177001953,-36.25300216674805
1788676383670633200,19.05363330078125,-92.34200286865234,56.89600372314453,-35.03300094604492
1788676383686777000,19.069777099609375,-94.01000213623047,56.1660041809082,-33.7130012512207
1788676383702959400,19.08595947265625,-91.47000122070312,56.25700378417969,-34.63300323486328
1788676383719154200,19.102154296875,-91.81200408935547,57.8650016784668,-34.61800003051758
1788676383735260400,19.118260498046876,-90.33500671386719,56.663002014160156,-36.15800094604492
1788676383751395600,19.1343955078125,-90.41700744628906,56.89400100708008,-34.93400192260742
1788676383767490000,19.150489990234377,-89.35100555419922,56.67500305175781,-35.1410026550293
1788676383783669500,19.16666943359375,-92.1570053100586,56.66200256347656,-36.46200180053711
1788676383799866600,19.18286669921875,-91.3010025024414,55.90500259399414,-36.87700271606445
1788676383815982800,19.19898291015625,-90.6510009765625,56.23400115966797,-36.263999938964844
1788676383832118300,19.2151181640625,-90.96300506591797,57.10400390625,-35.3390007019043
1788676383848219600,19.2312197265625,-92.5840072631836,56.3380012512207,-36.66800308227539
1788676383864411600,19.24741162109375,-93.19300079345703,56.68300247192383,-35.034000396728516
1788676383880572700,19.26357275390625,-91.27800750732422,55.37800216674805,-36.169002532958984
1788676383896707000,19.27970703125,-91.41200256347656,56.33500289916992,-36.770999908447266
1788676383912857000,19.295857177734376,-90.61300659179688,54.96000289916992,-35.358001708984375
1788676383928968400,19.311968505859376,-91.28300476074219,54.61900329589844,-36.88800048828125
1788676383945167400,19.32816748046875,-91.07000732421875,55.483001708984375,-36.37200164794922
1788676383961329700,19.34432958984375,-92.53800201416016,55.177001953125,-35.354000091552734
1788676383977425000,19.3604248046875,-92.12200164794922,55.49400329589844,-35.65700149536133
1788676383993578200,19.376578125,-89.28400421142578,56.21900177001953,-37.182003021240234
1788676384009695200,19.3926953125,-90.62800598144531,54.73400115966797,-36.17500305175781
1788676384025883400,19.40888330078125,-89.93000793457031,56.75700378417969,-37.07500076293945
1788676384042047200,19.425047119140626,-89.58600616455078,54.71800231933594,-37.297000885009766
1788676384058155800,19.44115576171875,-90.01400756835938,55.150001525878906,-37.0890007019043
1788676384074280000,19.457280029296875,-90.76200103759766,56.0150032043457,-36.57100296020508
1788676384090436400,19.473436279296877,-90.61100769042969,54.31300354003906,-35.669002532958984
1788676384106565000,19.489565185546876,-88.81800079345703,55.26900100708008,-36.07100296020508
1788676384122753800,19.50575390625,-89.77400207519531,54.08500289916992,-36.5890007019043
1788676384138804500,19.521804443359375,-89.36400604248047,55.47900390625,-36.47600173950195
1788676384154912000,19.537912109375,-90.86500549316406,54.61300277709961,-37.29600143432617
1788676384171039200,19.554039306640625,-89.10800170898438,53.6670036315918,-35.677001953125
1788676384187209200,19.570209228515626,-90.5300064086914,54.189002990722656,-36.893001556396484
1788676384203407600,19.58640771484375,-89.76400756835938,53.983001708984375,-36.18300247192383
1788676384219519700,19.602519775390626,-91.2820053100586,54.18700408935547,-37.09600067138672
1788676384235659000,19.618658935546875,-89.33800506591797,54.198001861572266,-36.08000183105469
1788676384251763000,19.634762939453125,-88.91300201416016,54.84400177001953,-35.76900100708008
1788676384267910400,19.650910400390625,-91.66000366210938,53.461002349853516,-35.37000274658203
1788676384284117000,19.667116943359375,-90.62300109863281,52.68400192260742,-37.21200180053711
1788676384300238000,19.683238037109376,-89.55400085449219,52.7910041809082,-37.11000061035156
1788676384316379400,19.69937939453125,-89.84000396728516,51.624000549316406,-36.30500030517578
1788676384332485600,19.715485595703125,-91.156005859375,53.76700210571289,-36.4890022277832
1788676384348663300,19.731663330078124,-90.61100769042969,52.47600173950195,-36.80600357055664
1788676384364876800,19.747876708984375,-90.21300506591797,53.43000411987305,-37.51100158691406
1788676384380970800,19.763970703125,-89.66100311279297,53.11600112915039,-36.90400314331055
1788676384397122000,19.7801220703125,-88.97500610351562,52.27800369262695,-35.384002685546875
1788676384413230600,19.796230712890626,-91.14000701904297,52.15500259399414,-36.80800247192383
1788676384429435400,19.812435302734375,-90.84800720214844,54.191001892089844,-36.79100036621094
1788676384445608400,19.8286083984375,-89.54100799560547,52.79900360107422,-36.499000549316406
1788676384461755000,19.8447548828125,-89.09600067138672,53.458003997802734,-35.270999908447266
1788676384477919500,19.86091943359375,-89.11400604248047,53.12300109863281,-36.29300308227539
1788676384494046200,19.877046142578124,-89.43000793457031,53.018001556396484,-36.19200134277344
1788676384510242300,19.8932421875,-90.17900085449219,53.12600326538086,-36.19000244140625
1788676384526432500,19.9094326171875,-90.0830078125,53.22800064086914,-36.59700012207031
1788676384542591200,19.92559130859375,-89.13500213623047,54.5150032043457,-36.38300323486328
1788676384558713600,19.941713623046876,-88.8810043334961,53.24200439453125,-35.37600326538086
1788676384574849800,19.957849853515626,-91.26300811767578,53.65800094604492,-36.59100341796875
1788676384591028500,19.974028564453125,-89.32400512695312,53.88200378417969,-35.67500305175781
1788676384607216400,19.99021630859375,-90.83200073242188,54.30900192260742,-35.97500228881836
1788676384623328800,20.006328857421874,-91.76600646972656,53.89400100708008,-35.06100082397461
1788676384639458600,20.02245849609375,-89.72000122070312,53.90200424194336,-34.24800109863281
1788676384655579600,20.03857958984375,-89.10700225830078,54.42400360107422,-35.16100311279297
1788676384671739100,20.0547392578125,-90.47600555419922,55.19400405883789,-33.8280029296875
1788676384687937300,20.070937255859373,-91.23600769042969,55.29600143432617,-34.336002349853516
1788676384704036900,20.087036865234374,-90.79500579833984,54.97900390625,-33.932003021240234
1788676384720171800,20.103171875,-92.10400390625,54.6410026550293,-35.35900115966797
1788676384736264000,20.119263916015626,-90.68000793457031,54.336002349853516,-33.9370002746582
1788676384752447000,20.135447021484374,-90.14200592041016,55.202003479003906,-33.217002868652344
1788676384768648700,20.151648681640626,-91.46100616455078,55.6140022277832,-34.63800048828125
1788676384784774100,20.167774169921874,-91.01100158691406,55.302001953125,-33.827003479003906
1788676384800917800,20.183917724609376,-91.66000366210938,55.40700149536133,-34.130001068115234
1788676384817020700,20.200020751953126,-91.22600555419922,54.11300277709961,-34.652000427246094
1788676384833209600,20.216209716796875,-92.28900146484375,55.19900131225586,-33.724002838134766
1788676384849420000,20.232419921875,-93.12400817871094,54.99500274658203,-33.012001037597656
1788676384865554200,20.24855419921875,-91.66100311279297,55.298004150390625,-34.233001708984375
1788676384881708000,20.2647080078125,-91.67100524902344,55.724002838134766,-34.43300247192383
1788676384897818000,20.280818115234375,-92.61900329589844,55.40900421142578,-34.027000427246094
1788676384914019800,20.297019775390623,-91.68800354003906,55.60600280761719,-35.249000549316406
1788676384930185700,20.313185791015623,-91.43900299072266,55.195003509521484,-33.92900085449219
1788676384946321700,20.32932177734375,-89.50700378417969,55.30600357055664,-33.42100143432617
1788676384962482400,20.345482421875,-91.74800109863281,55.5260009765625,-33.2130012512207
1788676384978606000,20.361606201171874,-91.01200103759766,54.54500198364258,-34.34300231933594
1788676384994814500,20.377814453125,-91.85400390625,55.31100082397461,-33.316001892089844
1788676385010998000,20.393998046875,-91.7550048828125,54.54900360107422,-34.13800048828125
1788676385027102700,20.410102783203126,-93.05000305175781,56.05600357055664,-33.81700134277344
1788676385043228200,20.426228271484376,-91.86700439453125,55.08700180053711,-34.031002044677734
1788676385059359000,20.44235888671875,-92.91400146484375,55.42500305175781,-32.906002044677734
1788676385075531800,20.45853173828125,-92.79700469970703,53.48600387573242,-33.637001037597656
1788676385091738000,20.474738037109375,-92.48100280761719,55.320003509521484,-32.704002380371094
1788676385107850500,20.4908505859375,-91.48600769042969,54.69000244140625,-31.590002059936523
1788676385123983000,20.506983154296876,-91.01000213623047,55.195003509521484,-33.8280029296875
1788676385140110600,20.523110595703123,-92.29500579833984,55.195003509521484,-34.03000259399414
1788676385156291800,20.539291748046875,-90.57500457763672,54.01000213623047,-34.246002197265625
1788676385172491500,20.555491455078126,-92.16700744628906,53.802001953125,-33.94000244140625
1788676385188614000,20.57161376953125,-91.41500091552734,54.12800216674805,-33.531002044677734
1788676385204755500,20.58775537109375,-91.94100189208984,54.67500305175781,-32.8120002746582
1788676385220891000,20.603890869140624,-90.11600494384766,53.4890022277832,-33.13100051879883
1788676385237066000,20.62006591796875,-92.4050064086914,54.76100158691406,-34.441001892089844
1788676385253277000,20.63627685546875,-92.38200378417969,54.55900192260742,-33.5260009765625
1788676385269410000,20.65241015625,-90.58900451660156,54.32600402832031,-34.6510009765625
1788676385285549600,20.668549560546875,-91.51100158691406,53.37800216674805,-33.53700256347656
1788676385301656800,20.68465673828125,-92.37300109863281,54.888004302978516,-32.91200256347656
1788676385317854000,20.70085400390625,-93.02400207519531,54.342002868652344,-33.73100280761719
1788676385334020400,20.717020263671873,-93.24200439453125,54.0160026550293,-34.1410026550293
1788676385350119000,20.733118896484374,-92.57200622558594,53.384002685546875,-33.230003356933594
1788676385366276400,20.7492763671875,-92.77900695800781,53.173004150390625,-33.02799987792969
1788676385382386000,20.765385986328123,-92.34800720214844,53.3910026550293,-32.72100067138672
1788676385398588200,20.781588134765624,-92.13900756835938,53.06300354003906,-33.13199996948242
1788676385414766300,20.797766357421875,-92.64800262451172,53.079002380371094,-32.01100158691406
1788676385430924500,20.813924560546877,-93.6310043334961,53.3910026550293,-32.82200241088867
1788676385447060500,20.830060546875,-92.96800231933594,52.10700225830078,-32.630001068115234
1788676385463164000,20.846163818359376,-93.59100341796875,52.65900421142578,-31.50400161743164
1788676385479357400,20.862357421875,-94.25300598144531,52.323001861572266,-32.62600326538086
1788676385495530000,20.878530029296876,-94.15800476074219,52.85600280761719,-32.82600021362305
1788676385511663900,20.894663818359376,-94.08100128173828,54.24200439453125,-33.323001861572266
1788676385527811800,20.910811767578124,-93.15800476074219,52.3380012512207,-31.405000686645508
1788676385543927000,20.926927001953125,-94.4850082397461,53.393001556396484,-32.81999969482422
1788676385560085500,20.94308544921875,-95.32400512695312,53.728004455566406,-31.900001525878906
1788676385576277800,20.95927783203125,-93.96600341796875,54.57200241088867,-32.70900344848633
1788676385592371500,20.975371337890625,-93.91600799560547,52.332000732421875,-31.91400146484375
1788676385608501200,20.991501220703125,-92.28800201416016,51.04900360107422,-31.520002365112305
1788676385624642000,21.00764208984375,-95.20100402832031,52.224002838134766,-32.117000579833984
1788676385640788200,21.023788330078126,-94.99600219726562,52.86700439453125,-32.111000061035156
1788676385656984800,21.03998486328125,-93.9310073852539,52.21600341796875,-32.62800216674805
1788676385673051600,21.0560517578125,-94.2800064086914,55.7650032043457,-31.679000854492188
1788676385689187300,21.072187255859376,-95.2040023803711,53.08700180053711,-31.702001571655273
1788676385705285400,21.088285400390625,-94.3550033569336,53.19000244140625,-31.906002044677734
1788676385721468400,21.104468505859376,-94.64700317382812,52.23600387573242,-31.20100212097168
1788676385737667300,21.120667236328124,-93.75800323486328,52.03900146484375,-29.777002334594727
1788676385753794300,21.136794189453123,-94.15300750732422,54.156002044677734,-31.795001983642578
1788676385769919500,21.15291943359375,-95.28500366210938,54.07500076293945,-29.961002349853516
1788676385786023200,21.169023193359376,-95.62100219726562,53.5260009765625,-30.98400115966797
1788676385802217200,21.18521728515625,-94.13300323486328,55.03200149536133,-30.362001419067383
1788676385818429000,21.201428955078125,-94.54900360107422,53.419002532958984,-30.88500213623047
1788676385834562000,21.21756201171875,-94.78400421142578,55.13500213623047,-30.76700210571289
1788676385850716200,21.233716064453127,-95.21800231933594,54.592002868652344,-31.38300132751465
1788676385866833700,21.249833740234376,-93.07100677490234,54.81100082397461,-30.772001266479492
1788676385883033900,21.266033935546876,-96.56300354003906,53.647003173828125,-30.065000534057617
1788676385899199200,21.28219921875,-96.1300048828125,53.86600112915039,-29.656002044677734
1788676385915345000,21.298344970703123,-94.48100280761719,54.58400344848633,-31.893001556396484
1788676385931510000,21.314510009765623,-96.35900115966797,53.85700225830078,-30.369001388549805
1788676385947633400,21.33063330078125,-95.3800048828125,54.191001892089844,-29.349000930786133
1788676385963845600,21.346845703125,-94.77700805664062,54.599002838134766,-30.772001266479492
1788676385980032800,21.36303271484375,-93.84300231933594,55.230003356933594,-31.5830020904541
1788676385996142800,21.379142822265624,-94.56100463867188,53.303001403808594,-31.49700164794922
1788676386012269300,21.395269287109375,-94.34200286865234,53.7390022277832,-30.98400115966797
1788676386028410000,21.41141015625,-94.96800231933594,53.965003967285156,-30.16600227355957
1788676386044584200,21.427584228515624,-93.91600799560547,54.27800369262695,-30.674001693725586
1788676386060778000,21.443778076171874,-93.0510025024414,53.5260009765625,-30.6820011138916
1788676386076891000,21.459890869140626,-93.17100524902344,53.62700271606445,-31.190000534057617
1788676386093024500,21.4760244140625,-93.49400329589844,53.842002868652344,-31.18800163269043
1788676386109118500,21.492118408203126,-91.64700317382812,52.99400329589844,-30.281002044677734
1788676386125301500,21.508301513671874,-93.5050048828125,53.94300079345703,-31.59400177001953
1788676386141502700,21.524502685546874,-94.01500701904297,53.41800308227539,-30.88500213623047
1788676386157630700,21.540630615234374,-94.23200225830078,52.98400115966797,-31.296001434326172
1788676386173764400,21.556764404296874,-92.39400482177734,53.31900405883789,-30.073001861572266
1788676386189866800,21.57286669921875,-94.69100189208984,53.506004333496094,-32.41200256347656
1788676386206037000,21.589037109375,-95.09000396728516,53.09100341796875,-31.3960018157959
1788676386222243800,21.605243896484374,-92.60000610351562,52.45900344848633,-30.28400230407715
1788676386238376200,21.621376220703127,-94.66300201416016,52.7660026550293,-31.60300064086914
1788676386254502400,21.63750244140625,-92.21800231933594,53.08000183105469,-31.90900230407715
1788676386270590000,21.65358984375,-94.26400756835938,52.965003967285156,-32.72300338745117
1788676386286781000,21.669781005859374,-92.7280044555664,52.663002014160156,-31.097002029418945
1788676386302987800,21.68598779296875,-93.51300811767578,53.39800262451172,-32.3120002746582
1788676386319079200,21.7020791015625,-92.73200225830078,51.47200393676758,-32.025001525878906
1788676386335218700,21.71821875,-90.27700805664062,53.845001220703125,-30.58100128173828
1788676386351321000,21.734321044921874,-91.99900817871094,53.62400436401367,-31.29400062561035
1788676386367509200,21.75050927734375,-92.23200225830078,53.93600082397461,-32.00400161743164
1788676386383678000,21.766677978515624,-90.29000091552734,52.432003021240234,-32.01900100708008
1788676386399798800,21.782798828125,-92.01900482177734,52.638004302978516,-32.83000183105469
1788676386415946000,21.798946044921873,-91.87700653076172,52.552001953125,-31.303001403808594
1788676386432058400,21.815058349609377,-92.406005859375,52.55500411987305,-31.099000930786133
1788676386448270300,21.831270263671875,-91.98400115966797,52.552001953125,-31.303001403808594
1788676386464459800,21.847459716796877,-92.73500061035156,51.03700256347656,-32.43600082397461
1788676386480562200,21.863562255859375,-91.66100311279297,52.22800064086914,-31.408000946044922
1788676386496690000,21.87968994140625,-91.89800262451172,53.40400314331055,-31.703001022338867
1788676386512823800,21.89582373046875,-91.37000274658203,52.21000289916992,-32.733001708984375
1788676386529000400,21.91200048828125,-92.95500183105469,52.33100128173828,-31.915000915527344
1788676386545195500,21.928195556640624,-91.2560043334961,53.29500198364258,-31.705001831054688
1788676386561311200,21.944311279296876,-91.99800109863281,53.08400344848633,-31.604001998901367
1788676386577442800,21.96044287109375,-92.81600189208984,51.59400177001953,-30.90300178527832
1788676386593581800,21.976581787109374,-92.10400390625,51.89500427246094,-32.32699966430664
1788676386609762600,21.992762451171874,-92.94000244140625,51.90800094604492,-31.511001586914062
1788676386625963500,22.008963623046874,-91.4780044555664,52.10200119018555,-32.836002349853516
1788676386642079000,22.025078857421875,-92.66700744628906,52.2030029296875,-33.444000244140625
1788676386658219300,22.04121923828125,-90.25100708007812,50.294002532958984,-31.63100242614746
1788676386674321400,22.0573212890625,-93.00900268554688,50.958003997802734,-30.399002075195312
1788676386690513200,22.07351318359375,-91.54300689697266,51.371002197265625,-31.41600227355957
1788676386706720300,22.08972021484375,-91.7550048828125,50.94000244140625,-31.623001098632812
1788676386722811100,22.10581103515625,-91.01600646972656,51.582000732421875,-31.61800193786621
1788676386738961200,22.121961181640625,-94.31200408935547,51.37900161743164,-31.10700225830078
1788676386755069200,22.138069091796876,-93.04800415039062,51.79900360107422,-31.614002227783203
1788676386771249700,22.154249755859375,-89.60100555419922,51.59600067138672,-30.398000717163086
1788676386787412000,22.170411865234374,-93.86700439453125,51.7140007019043,-30.086002349853516
1788676386803485000,22.18648486328125,-92.93000793457031,51.48200225830078,-31.31100082397461
1788676386819637800,22.2026376953125,-92.28500366210938,52.02300262451172,-30.798002243041992
1788676386835752400,22.21875244140625,-92.93800354003906,51.90900421142578,-31.40900230407715
1788676386851954700,22.23495458984375,-91.6300048828125,51.923004150390625,-30.18800163269043
1788676386868117200,22.2511171875,-94.0580062866211,52.268001556396484,-28.756000518798828
1788676386884243700,22.26724365234375,-91.96400451660156,53.10400390625,-30.07600212097168
1788676386900394200,22.283394287109374,-92.49900817871094,52.34800338745117,-30.591001510620117
1788676386916506000,22.299506103515625,-91.52700805664062,52.24500274658203,-30.18600082397461
1788676386932671700,22.315671630859374,-90.8010025024414,52.12300109863281,-31.20600128173828
1788676386948856600,22.331856689453126,-91.95100402832031,52.355003356933594,-29.981000900268555
1788676386964946700,22.34794677734375,-93.98600769042969,52.13900375366211,-30.387001037597656
1788676386981061600,22.3640615234375,-91.21700286865234,53.10300064086914,-30.077001571655273
1788676386997200000,22.380199951171875,-92.79400634765625,52.68800354003906,-29.26300048828125
1788676387013376000,22.3963759765625,-92.9000015258789,52.14800262451172,-29.57400131225586
1788676387029570600,22.412570556640624,-92.81800079345703,52.781002044677734,-30.281002044677734
1788676387045685500,22.428685546875,-92.7090072631836,52.78200149536133,-30.180002212524414
1788676387061810000,22.444809814453127,-89.61400604248047,52.993003845214844,-30.080001831054688
1788676387077902600,22.460902587890626,-91.93600463867188,52.256004333496094,-29.3700008392334
1788676387094083000,22.4770830078125,-89.9280014038086,51.268001556396484,-30.90900230407715
1788676387110286000,22.4932861328125,-90.90900421142578,52.230003356933594,-31.205001831054688
1788676387126407000,22.509406982421876,-91.31600189208984,52.56700134277344,-30.08100128173828
1788676387142549500,22.525549560546875,-90.48800659179688,52.65800094604492,-31.202001571655273
1788676387158660400,22.541660400390626,-91.44500732421875,52.22900390625,-31.3070011138916
1788676387174861000,22.557861083984374,-91.76400756835938,52.77100372314453,-30.894001007080078
1788676387191077600,22.57407763671875,-89.94000244140625,50.93700408935547,-31.625001907348633
1788676387207215400,22.59021533203125,-90.70000457763672,52.22700119018555,-31.40900230407715
1788676387223369500,22.606369384765625,-92.0790023803711,52.6670036315918,-30.691001892089844
1788676387239515100,22.62251513671875,-92.82200622558594,51.590003967285156,-31.209001541137695
1788676387255721700,22.6387216796875,-90.14100646972656,51.37700271606445,-30.806001663208008
1788676387271891200,22.65489111328125,-91.0250015258789,51.900001525878906,-31.819002151489258
1788676387287993600,22.67099365234375,-91.0040054321289,50.400001525878906,-31.8330020904541
1788676387304152800,22.68715283203125,-91.10700225830078,50.72700119018555,-31.422000885009766
1788676387320270600,22.7032705078125,-91.32600402832031,50.2920036315918,-31.935001373291016
1788676387336474400,22.719474365234376,-90.34500122070312,51.49100112915039,-30.296001434326172
1788676387352652800,22.73565283203125,-92.48600769042969,50.410003662109375,-31.21900177001953
1788676387368781000,22.751781005859375,-91.52800750732422,49.6510009765625,-31.839000701904297
1788676387384928000,22.767927978515626,-88.88500213623047,51.035003662109375,-32.13500213623047
1788676387401038800,22.784038818359374,-89.38700103759766,50.40700149536133,-31.12200164794922
1788676387417235000,22.80023486328125,-89.2820053100586,50.51400375366211,-31.121002197265625
1788676387433412900,22.816412841796875,-89.40300750732422,48.452003479003906,-33.07400131225586
1788676387449565000,22.83256494140625,-89.91400146484375,49.76300048828125,-31.22800064086914
1788676387465722400,22.848722412109375,-89.1820068359375,49.53700256347656,-32.04600143432617
1788676387481842000,22.864842041015624,-89.93400573730469,50.18400192260742,-31.836002349853516
1788676387498012000,22.881011962890625,-90.3740005493164,49.31200408935547,-32.9640007019043
1788676387514200000,22.897199951171874,-89.60600280761719,49.647003173828125,-31.841001510620117
1788676387530297600,22.913297607421875,-90.65400695800781,49.87700271606445,-30.819002151489258
1788676387546420000,22.929419921875,-90.56200408935547,50.40900421142578,-31.1200008392334
1788676387562514700,22.9455146484375,-88.8530044555664,49.75800323486328,-31.535001754760742
1788676387578698000,22.961697998046876,-90.33800506591797,49.22500228881836,-31.43600082397461
1788676387594897700,22.977897705078124,-88.00700378417969,49.85900115966797,-31.841001510620117
1788676387611014000,22.994013916015625,-88.5780029296875,50.05400085449219,-33.367000579833984
1788676387627150600,23.010150634765626,-88.9280014038086,48.5880012512207,-30.8330020904541
1788676387643252200,23.026252197265624,-89.92200469970703,49.32600402832031,-31.843002319335938
1788676387659444500,23.042444580078126,-89.177001953125,49.000003814697266,-32.15299987792969
1788676387675655200,23.0586552734375,-89.07100677490234,49.10700225830078,-32.152000427246094
1788676387691748600,23.07474853515625,-89.40200805664062,48.560001373291016,-32.97100067138672
1788676387707904800,23.09090478515625,-90.5530014038086,49.65700149536133,-31.229001998901367
1788676387724020200,23.107020263671874,-90.44500732421875,48.577003479003906,-31.849000930786133
1788676387740221000,23.123220947265626,-89.39700317382812,50.29300308227539,-31.632001876831055
1788676387756385500,23.139385498046874,-90.34300231933594,48.250003814697266,-32.26000213623047
1788676387772523800,23.155523681640624,-89.92200469970703,48.678001403808594,-32.25699996948242
1788676387788682500,23.1716826171875,-91.01000213623047,49.316001892089844,-32.759002685546875
1788676387804800000,23.187800048828127,-89.1810073852539,48.673004150390625,-32.5629997253418
1788676387821011500,23.204011474609374,-89.06300354003906,48.788002014160156,-31.95100212097168
1788676387837176800,23.2201767578125,-90.3530044555664,48.46000289916992,-32.564002990722656
1788676387853330000,23.236329833984374,-89.67000579833984,48.052001953125,-30.93800163269043
1788676387869453800,23.252453857421877,-90.1050033569336,47.61600112915039,-31.553001403808594
1788676387885586000,23.2685859375,-90.31000518798828,48.48600387573242,-30.628002166748047
1788676387901757700,23.2847578125,-91.84000396728516,48.25100326538086,-32.36000061035156
1788676387917947600,23.30094775390625,-92.14000701904297,48.91200256347656,-31.029001235961914
1788676387934061000,23.31706103515625,-91.16700744628906,48.702003479003906,-30.625001907348633
1788676387950186000,23.33318603515625,-91.36700439453125,47.84600067138672,-30.530000686645508
1788676387966329600,23.34932958984375,-91.6030044555664,49.34600067138672,-30.619001388549805
1788676387982509600,23.365509521484373,-92.47600555419922,48.90300369262695,-31.742000579833984
1788676387998711300,23.381711181640625,-90.86200714111328,48.152000427246094,-31.649002075195312
1788676388014809600,23.3978095703125,-91.51100158691406,48.90400314331055,-31.540000915527344
1788676388030928000,23.413927978515623,-91.63400268554688,49.435001373291016,-31.942001342773438
1788676388047068000,23.43006787109375,-90.87800598144531,49.65500259399414,-31.4320011138916
1788676388063248600,23.44624853515625,-92.79000091552734,48.90800094604492,-31.43600082397461
1788676388079454500,23.462454345703126,-92.04300689697266,48.25800323486328,-31.85000228881836
1788676388095575300,23.4785751953125,-93.18500518798828,48.71200180053711,-30.113000869750977
1788676388111721000,23.494720947265623,-91.83500671386719,50.30800247192383,-30.814001083374023
1788676388127853600,23.510853515625,-89.99400329589844,48.483001708984375,-30.832000732421875
1788676388144031500,23.527031494140626,-91.51800537109375,49.22500228881836,-31.639001846313477
1788676388160200400,23.543200439453123,-90.44700622558594,49.009002685546875,-31.64200210571289
1788676388176344000,23.559343994140626,-93.74600219726562,49.345001220703125,-30.922000885009766
1788676388192500700,23.575500732421876,-91.19500732421875,49.874000549316406,-31.124000549316406
1788676388208621600,23.59162158203125,-90.69100189208984,49.74700164794922,-32.552001953125
1788676388224825000,23.6078251953125,-92.9800033569336,48.38200378417969,-30.727001190185547
1788676388240998700,23.62399853515625,-90.98800659179688,49.54500198364258,-31.636001586914062
1788676388257144000,23.64014404296875,-92.27700805664062,49.759002685546875,-31.83700180053711
1788676388273310500,23.656310546875,-90.95700073242188,49.13200378417969,-30.520002365112305
1788676388289435100,23.67243505859375,-93.98400115966797,50.95100402832031,-31.009000778198242
1788676388305644000,23.68864404296875,-92.60800170898438,49.86100387573242,-32.24300003051758
1788676388321829000,23.7048291015625,-90.9520034790039,47.730003356933594,-31.143001556396484
1788676388337985300,23.7209853515625,-90.56800079345703,50.72900390625,-31.21900177001953
1788676388354159900,23.737159912109377,-92.69900512695312,49.22200393676758,-31.94300079345703
1788676388370294300,23.753294189453126,-94.40400695800781,49.33500289916992,-31.73600196838379
1788676388386467800,23.7694677734375,-91.10700225830078,49.43000411987305,-32.24800109863281
1788676388402659300,23.785659423828125,-92.86300659179688,48.28000259399414,-30.321001052856445
1788676388418772000,23.80177197265625,-91.54100799560547,49.427001953125,-32.55400085449219
1788676388434901500,23.817901611328125,-91.38800811767578,49.56200408935547,-30.413002014160156
1788676388451044400,23.83404443359375,-93.74200439453125,48.915000915527344,-31.027002334594727
1788676388467220200,23.85022021484375,-93.40400695800781,47.62800216674805,-31.03900146484375
1788676388483416000,23.866416015625,-92.59500122070312,47.49100112915039,-33.180999755859375
1788676388499490000,23.882489990234376,-91.61000061035156,47.50400161743164,-32.06100082397461
1788676388515624400,23.89862451171875,-93.44000244140625,48.255001068115234,-32.25600051879883
1788676388531719200,23.91471923828125,-91.29000091552734,46.74700164794922,-32.5780029296875
1788676388547902000,23.93090185546875,-90.21000671386719,47.185001373291016,-31.76000213623047
1788676388564104200,23.947104248046877,-91.4780044555664,45.57400131225586,-32.18000030517578
1788676388580208000,23.9632080078125,-91.0040054321289,47.05000305175781,-33.900001525878906
1788676388596329700,23.979329833984377,-90.02800750732422,46.95000076293945,-33.290000915527344
1788676388612429800,23.995429931640626,-89.6050033569336,46.62200164794922,-33.70100021362305
1788676388628623600,24.01162353515625,-90.45000457763672,47.277000427246094,-32.880001068115234
1788676388644841500,24.027841552734376,-93.5060043334961,45.14600372314453,-32.38500213623047
1788676388660937500,24.0439375,-91.19900512695312,46.413002014160156,-33.49700164794922
1788676388677086700,24.060086669921876,-92.45700073242188,45.349002838134766,-33.09800338745117
1788676388693199400,24.076199462890624,-90.88400268554688,46.08500289916992,-33.90800094604492
1788676388709397000,24.09239697265625,-91.82300567626953,46.53200149536133,-32.680999755859375
1788676388725563100,24.108563232421876,-92.23700714111328,44.704002380371094,-33.20600128173828
1788676388741700000,24.1247001953125,-91.95500183105469,46.19300079345703,-34.00800323486328
1788676388757856300,24.140856201171875,-89.73400115966797,47.04100036621094,-34.41100311279297
1788676388773973800,24.156973876953124,-91.94100189208984,46.634002685546875,-33.08700180053711
1788676388790182000,24.173181884765626,-92.97200775146484,44.496002197265625,-32.79899978637695
1788676388806347500,24.189347412109374,-92.2550048828125,44.69300079345703,-34.020999908447266
1788676388822456800,24.205456787109377,-92.34200286865234,45.24500274658203,-32.79300308227539
1788676388838581200,24.221581298828124,-91.61700439453125,45.87900161743164,-33.400001525878906
1788676388854711000,24.2377109375,-91.27800750732422,45.67400360107422,-32.689002990722656
1788676388870879500,24.25387939453125,-91.29900360107422,45.22900390625,-33.915000915527344
1788676388887068400,24.270068359375,-92.37100219726562,45.87600326538086,-33.704002380371094
1788676388903174100,24.286174072265624,-91.06100463867188,44.27100372314453,-33.415000915527344
1788676388919307000,24.30230712890625,-93.53300476074219,45.993003845214844,-33.09100341796875
1788676388935443700,24.318443603515625,-93.33700561523438,45.118003845214844,-34.42300033569336
1788676388951617300,24.3346171875,-92.37000274658203,45.12000274658203,-34.11900329589844
1788676388967813600,24.350813720703126,-91.32200622558594,44.78200149536133,-35.24300003051758
1788676388983900700,24.366900634765624,-92.67100524902344,44.37600326538086,-33.717002868652344
1788676389000030200,24.3830302734375,-92.12700653076172,45.678001403808594,-32.48400115966797
1788676389016163600,24.39916357421875,-92.64400482177734,44.608001708984375,-32.3910026550293
1788676389032327200,24.4153271484375,-92.78700256347656,46.208003997802734,-32.98800277709961
1788676389048535600,24.43153564453125,-90.96300506591797,44.2650032043457,-33.82200241088867
1788676389064661200,24.4476611328125,-93.51500701904297,45.4640007019043,-32.586002349853516
1788676389080804400,24.463804443359376,-94.17400360107422,44.15700149536133,-34.22700119018555
1788676389096915500,24.47991552734375,-93.00900268554688,45.987003326416016,-33.499000549316406
1788676389113091800,24.496091796875,-93.4310073852539,46.9630012512207,-32.67500305175781
1788676389129261000,24.512260986328126,-93.41300201416016,44.81300354003906,-33.2030029296875
1788676389145377000,24.528376953125,-92.44400787353516,44.2760009765625,-33.20900344848633
1788676389161534700,24.54453466796875,-92.89400482177734,45.775001525878906,-33.297000885009766
1788676389177651700,24.560651611328126,-91.8340072631836,45.33700180053711,-33.91400146484375
1788676389193857800,24.57685791015625,-92.10800170898438,44.60900115966797,-32.290000915527344
1788676389210031400,24.59303125,-93.23900604248047,46.08500289916992,-34.211002349853516
1788676389226180600,24.6091806640625,-92.75100708007812,45.58100128173828,-31.7710018157959
1788676389242348000,24.62534814453125,-93.02400207519531,45.65300369262695,-34.419002532958984
1788676389258477000,24.64147705078125,-92.16600799560547,45.00600051879883,-34.62900161743164
1788676389274695200,24.657695068359374,-91.93900299072266,45.55400085449219,-33.70800018310547
1788676389290880800,24.673880859375,-91.29100799560547,44.801002502441406,-33.81700134277344
1788676389307038000,24.690037841796876,-93.13500213623047,46.73200225830078,-33.900001525878906
1788676389323211500,24.70621142578125,-93.13600158691406,46.29900360107422,-34.20900344848633
1788676389339347500,24.722347412109375,-94.49000549316406,45.025001525878906,-33.50600051879883
1788676389355517000,24.738516845703124,-92.07600402832031,46.07600402832031,-34.72200012207031
1788676389371711000,24.7547109375,-93.22700500488281,46.20000076293945,-33.599002838134766
1788676389387821000,24.770821044921874,-94.84300231933594,45.87000274658203,-34.41400146484375
1788676389403950600,24.78695068359375,-94.9530029296875,45.3280029296875,-34.928001403808594
1788676389420092000,24.803091796875,-94.59800720214844,44.91600036621094,-33.608001708984375
1788676389436267300,24.819267333984374,-91.9540023803711,45.65300369262695,-34.31800079345703
1788676389452465000,24.83546484375,-93.89900207519531,45.31800079345703,-35.54100036621094
1788676389468606000,24.85160595703125,-93.33100128173828,44.689002990722656,-34.427001953125
1788676389484721200,24.86772119140625,-93.48900604248047,43.967002868652344,-32.395999908447266
1788676389500865000,24.883864990234375,-93.85100555419922,43.83400344848633,-34.332000732421875
1788676389517048300,24.90004833984375,-94.94100189208984,44.90300369262695,-34.62700271606445
1788676389533254100,24.916254150390625,-93.96100616455078,44.37300109863281,-34.12300109863281
1788676389549356300,24.932356201171874,-95.69700622558594,44.57500076293945,-35.2400016784668
1788676389565505000,24.948505126953126,-92.36800384521484,45.66200256347656,-33.70600128173828
1788676389581613300,24.96461328125,-96.84500122070312,44.59300231933594,-34.0160026550293
1788676389597806600,24.980806640625,-94.06300354003906,44.051002502441406,-34.12600326538086
1788676389614021000,24.997021240234375,-95.17200469970703,43.92000198364258,-36.06100082397461
1788676389630115300,25.013115234375,-94.07600402832031,44.152000427246094,-34.634002685546875
1788676389646270000,25.02927001953125,-94.23300170898438,43.862003326416016,-32.294002532958984
1788676389662385000,25.045385009765624,-95.17100524902344,45.11000061035156,-35.236000061035156
1788676389678586600,25.061586669921876,-94.3010025024414,44.46900177001953,-34.9370002746582
1788676389694754600,25.077754638671873,-93.12400817871094,44.79300308227539,-34.630001068115234
1788676389710878700,25.093878662109375,-95.4800033569336,44.14400100708008,-35.34600067138672
1788676389727040000,25.1100400390625,-96.40900421142578,43.625003814697266,-34.22800064086914
1788676389743155500,25.126155517578123,-95.0250015258789,43.62000274658203,-34.43400192260742
1788676389759351600,25.1423515625,-95.69000244140625,43.3900032043457,-35.65800094604492
1788676389775537000,25.158536865234375,-92.76900482177734,42.97600173950195,-34.2390022277832
1788676389791641600,25.1746416015625,-93.52200317382812,43.19000244140625,-34.3380012512207
1788676389807766800,25.190766845703124,-94.27900695800781,42.42900085449219,-35.26000213623047
1788676389823902000,25.20690185546875,-96.1310043334961,44.57100296020508,-35.54500198364258
1788676389840121600,25.22312158203125,-94.84200286865234,43.493003845214844,-35.862003326416016
1788676389856314400,25.239314453125,-94.71000671386719,43.18400192260742,-34.948001861572266
1788676389872431600,25.255431640625,-97.03400421142578,43.31100082397461,-33.72100067138672
1788676389888569000,25.271569091796874,-94.57000732421875,42.44700241088867,-33.93600082397461
1788676389904665000,25.2876650390625,-96.38300323486328,42.23600387573242,-33.935001373291016
1788676389920843500,25.303843505859376,-96.50200653076172,42.336002349853516,-34.44300079345703
1788676389937045800,25.320045654296877,-95.9780044555664,43.51900100708008,-34.12800216674805
1788676389953164000,25.3361640625,-95.22500610351562,42.980003356933594,-34.236000061035156
1788676389969309000,25.352308837890625,-96.64400482177734,42.53200149536133,-35.86800003051758
1788676389985415000,25.368414794921875,-95.86700439453125,44.06100082397461,-33.6140022277832
1788676390001601300,25.384601318359376,-95.64300537109375,41.14900207519531,-34.9640007019043
1788676390017815300,25.400815185546875,-95.22500610351562,43.30400085449219,-34.02900314331055
1788676390033946000,25.416946044921875,-96.4850082397461,43.10300064086914,-33.2140007019043
1788676390050095000,25.43309521484375,-96.60200500488281,42.9890022277832,-33.72500228881836
1788676390066205000,25.449204833984375,-96.25800323486328,42.89500045776367,-32.707000732421875
1788676390082401500,25.465401611328126,-96.46500396728516,42.25100326538086,-32.814002990722656
1788676390098569200,25.4815693359375,-95.84300231933594,42.77900314331055,-33.31999969482422
1788676390114681900,25.497681884765626,-96.6100082397461,43.74100112915039,-33.61600112915039
1788676390130839600,25.513839599609376,-97.97700500488281,43.540000915527344,-32.801002502441406
1788676390146960100,25.529960205078126,-98.51500701904297,43.64600372314453,-32.9010009765625
1788676390163165700,25.546165771484375,-97.96500396728516,43.00600051879883,-32.60200119018555
1788676390179343400,25.56234326171875,-97.5580062866211,43.96600341796875,-32.900001525878906
1788676390195492400,25.578492431640626,-98.09700775146484,44.50400161743164,-32.79199981689453
1788676390211653400,25.5946533203125,-97.41600799560547,43.55500030517578,-31.579002380371094
1788676390227763000,25.610762939453124,-97.73600769042969,43.98800277709961,-31.269001007080078
1788676390243958800,25.626958740234375,-96.96300506591797,43.46200180053711,-30.46000099182129
1788676390260140300,25.643140380859375,-98.27400207519531,45.499000549316406,-30.542001724243164
1788676390276273700,25.659273681640624,-100.19900512695312,44.85200119018555,-31.055002212524414
1788676390292426200,25.67542626953125,-100.3030014038086,45.28700256347656,-30.644001007080078
1788676390308547000,25.691547119140626,-98.61900329589844,44.62000274658203,-32.18000030517578
1788676390324756000,25.707755859375,-101.24700164794922,44.10900115966797,-30.65300178527832
1788676390340950300,25.7239501953125,-98.70600128173828,45.49700164794922,-30.746002197265625
1788676390357059800,25.740059814453126,-98.16000366210938,45.288002014160156,-30.341001510620117
1788676390373193000,25.75619287109375,-99.98100280761719,45.8280029296875,-30.23200225830078
1788676390389335300,25.772335205078125,-98.24700164794922,45.840003967285156,-29.113000869750977
1788676390405511700,25.78851171875,-99.84500122070312,44.224002838134766,-29.940000534057617
1788676390421706500,25.80470654296875,-99.53300476074219,46.48800277709961,-28.902000427246094
1788676390437804500,25.820804443359375,-101.63600158691406,44.458003997802734,-28.714000701904297
1788676390453934300,25.836934326171875,-101.57300567626953,44.647003173828125,-30.546001434326172
1788676390470063900,25.85306396484375,-101.1570053100586,44.9640007019043,-30.849000930786133
1788676390486246000,25.869245849609374,-99.55500793457031,44.31300354003906,-31.264001846313477
1788676390502451500,25.885451416015623,-99.12000274658203,44.53300094604492,-30.75400161743164
1788676390518563800,25.901563720703123,-100.8320083618164,44.96600341796875,-30.6460018157959
1788676390534706200,25.9177060546875,-99.97900390625,45.39600372314453,-30.439001083374023
1788676390550809600,25.9338095703125,-99.94500732421875,44.552001953125,-29.428001403808594
1788676390566998500,25.94999853515625,-99.6300048828125,45.0890007019043,-29.32200050354004
1788676390583164200,25.9661640625,-98.58900451660156,44.74700164794922,-30.75200080871582
1788676390599270700,25.982270751953124,-100.74000549316406,45.7130012512207,-30.843002319335938
1788676390615425300,25.99842529296875,-100.59000396728516,44.551002502441406,-29.631000518798828
1788676390631543300,26.014543212890626,-99.13700103759766,44.95500183105469,-31.259000778198242
1788676390647747600,26.03074755859375,-99.98400115966797,45.71800231933594,-30.43600082397461
1788676390663910100,26.04691015625,-100.00000762939453,45.92400360107422,-31.046001434326172
1788676390680030500,26.063030517578124,-99.53700256347656,45.621002197265625,-29.623001098632812
1788676390696188200,26.079188232421874,-99.56300354003906,45.7130012512207,-30.74300193786621
1788676390712310300,26.095310302734376,-100.1780014038086,44.97300338745117,-30.035001754760742
1788676390728480000,26.11147998046875,-98.70000457763672,44.52900314331055,-31.060001373291016
1788676390744661000,26.127660888671876,-99.15800476074219,47.10400390625,-30.8330020904541
1788676390760770300,26.143770263671875,-100.23600769042969,46.01900100708008,-31.961002349853516
1788676390776893700,26.159893798828126,-99.4580078125,46.46800231933594,-30.329002380371094
1788676390793034500,26.176034423828124,-99.13300323486328,45.82200241088867,-30.538002014160156
1788676390809196000,26.192196044921875,-98.9590072631836,46.55400085449219,-31.856000900268555
1788676390825364500,26.208364501953124,-100.30400848388672,45.71800231933594,-30.43600082397461
1788676390841460500,26.22446044921875,-98.06100463867188,45.499000549316406,-30.543001174926758
1788676390857571800,26.24057177734375,-99.03500366210938,46.465003967285156,-30.533000946044922
1788676390873700600,26.25670068359375,-98.8550033569336,46.22800064086914,-32.165000915527344
1788676390889875200,26.272875244140625,-99.13900756835938,45.60200119018555,-30.948001861572266
1788676390906077700,26.28907763671875,-98.38300323486328,45.93100357055664,-30.33500099182129
1788676390922197500,26.305197509765627,-98.4050064086914,45.59300231933594,-31.560001373291016
1788676390938342100,26.321342041015626,-99.03900146484375,45.38200378417969,-31.35700225830078
1788676390954448400,26.337448486328125,-98.73200225830078,46.022003173828125,-31.556001663208008
1788676390970641400,26.353641357421875,-100.43000793457031,45.275001525878906,-31.560001373291016
1788676390986857500,26.369857421875,-99.03500366210938,45.92500305175781,-30.843002319335938
1788676391002992600,26.38599267578125,-98.8340072631836,45.052001953125,-31.972002029418945
1788676391019144200,26.402144287109376,-98.38700103759766,45.28000259399414,-30.952001571655273
1788676391035261400,26.418261474609373,-100.09500122070312,45.06700134277344,-31.053001403808594
1788676391051465200,26.43446533203125,-100.39800262451172,44.32100296020508,-30.75400161743164
1788676391067640000,26.45064013671875,-100.18000793457031,44.323001861572266,-30.55000114440918
1788676391083759000,26.466759033203125,-99.72700500488281,44.23100280761719,-29.431001663208008
1788676391099893500,26.4828935546875,-100.61300659179688,45.077003479003906,-30.339000701904297
1788676391116013000,26.499012939453124,-102.10200500488281,44.97500228881836,-30.13500213623047
1788676391132219600,26.5152197265625,-100.74100494384766,46.902000427246094,-30.119001388549805
1788676391148394500,26.53139453125,-101.99700164794922,46.919002532958984,-28.99700164794922
1788676391164535000,26.54753515625,-100.6050033569336,45.8380012512207,-29.518001556396484
1788676391180694000,26.563694091796876,-101.5790023803711,45.94000244140625,-30.025001525878906
1788676391196818000,26.57981787109375,-100.29400634765625,46.80500411987305,-29.306001663208008
1788676391213031200,26.59603125,-100.95000457763672,46.58100128173828,-30.12200164794922
1788676391229245000,26.612244873046876,-102.73800659179688,46.92400360107422,-28.691001892089844
1788676391245402000,26.628402099609374,-100.81500244140625,48.00300216674805,-27.970001220703125
1788676391261555000,26.644554931640624,-100.72400665283203,46.69600296020508,-29.51000213623047
1788676391277673000,26.6606728515625,-101.52800750732422,46.18700408935547,-27.578001022338867
1788676391293846000,26.676845947265626,-102.19300842285156,46.60600280761719,-28.38800048828125
1788676391310040300,26.693040283203125,-100.50200653076172,46.592002868652344,-29.20600128173828
1788676391326150100,26.709150146484376,-102.96200561523438,47.0260009765625,-29.097002029418945
1788676391342279400,26.725279541015624,-102.59300231933594,46.94700241088867,-26.959001541137695
1788676391358400800,26.74140087890625,-101.78400421142578,49.08000183105469,-27.654001235961914
1788676391374562600,26.7575625,-102.93500518798828,47.367000579833984,-27.668001174926758
1788676391390760000,26.773760009765624,-103.61400604248047,48.20900344848633,-28.882001876831055
1788676391406861300,26.789861328125,-101.99500274658203,48.10900115966797,-28.172000885009766
1788676391422977800,26.805977783203126,-101.77700805664062,48.11100387573242,-27.968000411987305
1788676391439121200,26.82212109375,-104.12300872802734,47.9010009765625,-27.96700096130371
1788676391455299000,26.838299072265624,-103.51000213623047,48.74700164794922,-28.673002243041992
1788676391471509500,26.854509521484374,-102.41000366210938,47.03600311279297,-28.282001495361328
1788676391487638000,26.870637939453125,-101.54900360107422,47.90300369262695,-27.461000442504883
1788676391503785500,26.886785400390625,-101.44600677490234,48.009002685546875,-27.562002182006836
1788676391519892200,26.902892333984376,-103.4530029296875,47.053001403808594,-27.160001754760742
1788676391536082000,26.91908203125,-102.76100158691406,48.423004150390625,-28.779001235961914
1788676391552297000,26.935296875,-103.06600189208984,48.32500076293945,-28.168001174926758
1788676391568391700,26.9513916015625,-102.52000427246094,48.76400375366211,-27.350000381469727
1788676391584541700,26.967541748046877,-102.21100616455078,49.40500259399414,-27.44700050354004
1788676391600655000,26.983655029296877,-103.87700653076172,48.137001037597656,-26.33500099182129
1788676391616861400,26.999861328125,-102.52400207519531,49.08500289916992,-27.347002029418945
1788676391633025500,27.016025634765626,-103.45600128173828,48.2400016784668,-26.53900146484375
1788676391649172500,27.03217236328125,-101.87500762939453,47.79300308227539,-27.76700210571289
1788676391665339600,27.048339599609374,-103.44500732421875,46.842002868652344,-26.959001541137695
1788676391681473800,27.064473876953127,-104.96500396728516,48.12600326538086,-27.251001358032227
1788676391697642200,27.080642333984375,-105.49000549316406,47.80800247192383,-27.049001693725586
1788676391713821700,27.09682177734375,-103.4780044555664,49.84800338745117,-26.525001525878906
1788676391729930000,27.112929931640625,-104.7090072631836,46.20600128173828,-26.555002212524414
1788676391746054000,27.129053955078124,-104.25800323486328,46.652000427246094,-25.22800064086914
1788676391762187800,27.145187744140625,-104.29000854492188,47.17300033569336,-26.343000411987305
1788676391778360800,27.16136083984375,-104.17100524902344,48.26100158691406,-25.112001419067383
1788676391794554400,27.177554443359377,-105.7750015258789,47.073001861572266,-25.935001373291016
1788676391810660000,27.19366015625,-104.06800842285156,47.50200271606445,-25.73000144958496
1788676391826790100,27.2097900390625,-104.19200134277344,46.95100402832031,-26.85500144958496
1788676391842886000,27.225885986328127,-106.86700439453125,47.493003845214844,-26.7450008392334
1788676391859066400,27.24206640625,-105.66900634765625,45.66800308227539,-26.864002227783203
1788676391875229700,27.258229736328126,-105.15100860595703,48.143001556396484,-26.02800178527832
1788676391891356000,27.27435595703125,-104.5060043334961,47.496002197265625,-26.238000869750977
1788676391907498200,27.290498291015624,-104.82600402832031,47.605003356933594,-26.13500213623047
1788676391923644400,27.30664453125,-104.62700653076172,48.676002502441406,-26.126001358032227
1788676391939823000,27.322822998046874,-104.0040054321289,47.80000305175781,-27.459001541137695
1788676391956040700,27.339040771484374,-105.71900177001953,49.63600158691406,-26.625001907348633
1788676391972157400,27.355157470703126,-102.69800567626953,48.137001037597656,-26.13300132751465
1788676391988291000,27.371291015625,-104.90800476074219,47.29600143432617,-25.22100067138672
1788676392004392700,27.387392822265625,-106.6570053100586,47.922000885009766,-26.639001846313477
1788676392020588000,27.403588134765624,-106.74800872802734,47.932003021240234,-25.926000595092773
1788676392036763100,27.41976318359375,-104.91500854492188,48.156002044677734,-25.01000213623047
1788676392052901600,27.435901611328124,-107.18600463867188,46.9530029296875,-27.055002212524414
1788676392069065700,27.452065673828123,-103.9780044555664,47.92400360107422,-26.235000610351562
1788676392085187300,27.468187255859377,-106.41400146484375,47.29100036621094,-25.72800064086914
1788676392101397200,27.484397216796875,-106.3010025024414,48.160003662109375,-24.906002044677734
1788676392117574400,27.500574462890626,-107.14600372314453,46.65400314331055,-25.428001403808594
1788676392133725400,27.516725341796874,-106.4280014038086,48.147003173828125,-25.823001861572266
1788676392149889300,27.53288916015625,-105.7820053100586,47.93300247192383,-25.724000930786133
1788676392166042400,27.54904248046875,-106.61200714111328,47.51700210571289,-24.911001205444336
1788676392182169000,27.565169189453126,-106.29600524902344,47.298004150390625,-25.21900177001953
1788676392198359600,27.581359619140624,-107.59100341796875,47.832000732421875,-25.518001556396484
1788676392214451500,27.597451416015623,-107.52000427246094,48.8910026550293,-26.426000595092773
1788676392230584800,27.613584716796876,-106.63200378417969,47.93800354003906,-25.519001007080078
1788676392246730200,27.629730224609375,-106.62800598144531,46.643001556396484,-26.141000747680664
1788676392262905900,27.64590576171875,-106.3320083618164,48.249000549316406,-26.229001998901367
1788676392279105000,27.66210498046875,-108.11900329589844,46.8640022277832,-25.832000732421875
1788676392295224800,27.678224853515626,-107.08700561523438,48.78600311279297,-26.224000930786133
1788676392311362300,27.6943623046875,-108.76900482177734,48.69700241088867,-25.102001190185547
1788676392327463000,27.710462890625,-107.24800872802734,47.954002380371094,-24.397001266479492
1788676392343632600,27.726632568359374,-108.31500244140625,47.95500183105469,-24.3960018157959
1788676392359835000,27.7428349609375,-106.59900665283203,48.17400360107422,-23.887001037597656
1788676392375954200,27.7589541015625,-108.09900665283203,48.92900085449219,-23.67500114440918
1788676392392091400,27.77509130859375,-108.30900573730469,47.95900344848633,-24.090002059936523
1788676392408198400,27.791198486328124,-107.7800064086914,48.496002197265625,-23.98400115966797
1788676392424394500,27.80739453125,-107.88300323486328,48.3900032043457,-23.88300132751465
1788676392440609300,27.823609375,-107.89500427246094,49.24800109863281,-23.876001358032227
1788676392456723700,27.8397236328125,-107.56000518798828,49.3640022277832,-23.16200065612793
1788676392472857000,27.855857177734375,-107.0060043334961,49.051002502441406,-22.452001571655273
1788676392489006600,27.872006591796875,-107.22000885009766,48.294002532958984,-22.968000411987305
1788676392505212700,27.888212646484376,-107.65900421142578,48.8280029296875,-23.167001724243164
1788676392521380900,27.904380859375,-107.73600769042969,48.95500183105469,-21.73900032043457
1788676392537485000,27.920485107421875,-106.48300170898438,49.47600173950195,-22.65300178527832
1788676392553634800,27.936634765625,-105.85800170898438,50.33000183105469,-22.850000381469727
1788676392569752300,27.95275244140625,-108.91800689697266,49.492000579833984,-21.733001708984375
1788676392585960700,27.968960693359374,-108.5040054321289,49.483001708984375,-22.345001220703125
1788676392602131500,27.98513134765625,-108.08900451660156,50.340003967285156,-22.338001251220703
1788676392618278100,28.001278076171875,-107.23100280761719,49.044002532958984,-22.96200180053711
1788676392634407000,28.017406982421875,-105.81600189208984,48.62600326538086,-22.05000114440918
1788676392650538800,28.033538818359375,-107.24200439453125,49.68600082397461,-23.058000564575195
1788676392666712000,28.049712158203125,-108.74700164794922,50.439002990722656,-23.049001693725586
1788676392682899200,28.065899169921874,-107.7340087890625,49.60400390625,-21.224000930786133
1788676392699010000,28.082010009765625,-107.32400512695312,48.72900390625,-22.5570011138916
1788676392715134200,28.09813427734375,-106.37600708007812,50.124000549316406,-22.240001678466797
1788676392731282400,28.114282470703124,-108.79900360107422,48.310001373291016,-21.94700050354004
1788676392747462400,28.13046240234375,-108.18400573730469,48.294002532958984,-23.069000244140625
1788676392763661000,28.1466611328125,-109.14600372314453,49.052001953125,-22.65300178527832
1788676392779778300,28.1627783203125,-108.1820068359375,47.647003173828125,-23.380001068115234
1788676392795915500,28.17891552734375,-106.88800811767578,47.112003326416016,-23.183000564575195
1788676392812017200,28.19501708984375,-108.7020034790039,49.27800369262695,-21.735000610351562
1788676392828205300,28.211205322265624,-108.15200805664062,46.152000427246094,-22.98600196838379
1788676392844416000,28.227416015625,-108.94600677490234,47.746002197265625,-24.091001510620117
1788676392860543500,28.24354345703125,-108.3600082397461,47.237003326416016,-22.059001922607422
1788676392876682200,28.25968212890625,-108.77200317382812,46.4900016784668,-21.862001419067383
1788676392892784400,28.275784423828124,-109.22100830078125,47.55800247192383,-22.157001495361328
1788676392908956000,28.291955810546874,-107.97400665283203,48.400001525878906,-23.170001983642578
1788676392925169400,28.30816943359375,-106.18600463867188,46.435001373291016,-25.634000778198242
1788676392941253600,28.324253662109374,-108.32000732421875,47.9530029296875,-24.600000381469727
1788676392957386200,28.34038623046875,-109.31500244140625,45.512001037597656,-22.88800048828125
1788676392973498600,28.35649853515625,-108.47400665283203,45.827003479003906,-23.29400062561035
1788676392989696800,28.37269677734375,-106.66900634765625,47.332000732421875,-22.77400016784668
1788676393005862000,28.38886181640625,-109.0250015258789,46.358001708984375,-23.696001052856445
1788676393021996500,28.40499658203125,-109.47400665283203,47.31800079345703,-24.09400177001953
1788676393038156300,28.42115625,-106.36600494384766,47.42900085449219,-23.48600196838379
1788676393054257200,28.437257080078126,-105.30900573730469,46.772003173828125,-24.410001754760742
1788676393070472700,28.45347265625,-107.75300598144531,47.8640022277832,-23.17500114440918
1788676393086647800,28.469647705078124,-104.53500366210938,47.11100387573242,-22.98200035095215
1788676393102783000,28.485782958984377,-107.54900360107422,47.20900344848633,-23.996000289916992
1788676393118948000,28.501947998046877,-107.43900299072266,47.31900405883789,-23.791000366210938
1788676393135085800,28.5180859375,-106.46300506591797,47.21900177001953,-23.1820011138916
1788676393151305200,28.53430517578125,-107.32100677490234,46.893001556396484,-23.59200096130371
1788676393167491800,28.550491943359376,-106.05400848388672,47.423004150390625,-23.894001007080078
1788676393183644700,28.566644775390625,-106.36500549316406,46.2400016784668,-24.21000099182129
1788676393199776800,28.58277685546875,-108.177001953125,46.677001953125,-23.796001434326172
1788676393215908600,28.59890869140625,-107.31800842285156,46.4630012512207,-23.69700050354004
1788676393232080000,28.615079833984375,-106.92300415039062,46.659000396728516,-25.020000457763672
1788676393248272100,28.631272216796877,-107.1030044555664,47.544002532958984,-22.975000381469727
1788676393264369200,28.647369140625,-106.9840087890625,46.47100067138672,-23.086000442504883
1788676393280484000,28.663484130859374,-108.51100158691406,46.345001220703125,-24.61400032043457
1788676393296628500,28.67962841796875,-108.06800842285156,45.814002990722656,-24.211000442504883
1788676393312808700,28.69580859375,-108.71300506591797,47.974002838134766,-23.071001052856445
1788676393329014000,28.712013916015625,-106.23800659179688,46.577003479003906,-23.086000442504883
1788676393345141500,28.7281416015625,-108.36600494384766,47.665000915527344,-22.05500030517578
1788676393361286700,28.74428662109375,-108.39000701904297,46.46200180053711,-23.900001525878906
1788676393377396200,28.760396240234375,-106.68500518798828,46.349002838134766,-24.10700035095215
1788676393393592800,28.7765927734375,-107.66300201416016,47.74500274658203,-23.99100112915039
1788676393409804300,28.79280419921875,-107.9590072631836,46.355003356933594,-23.799001693725586
1788676393425902800,28.80890283203125,-106.89700317382812,46.78200149536133,-23.797000885009766
1788676393442055200,28.82505517578125,-107.11700439453125,48.07600402832031,-23.2760009765625
1788676393458171400,28.84117138671875,-106.56500244140625,46.897003173828125,-23.185001373291016
1788676393474374700,28.857374755859375,-107.8330078125,46.583003997802734,-22.779001235961914
1788676393490545000,28.873544921875,-107.85800170898438,47.432003021240234,-23.382001876831055
1788676393506676200,28.88967626953125,-105.62000274658203,46.88600158691406,-23.899002075195312
1788676393522820000,28.905820068359375,-107.32100677490234,46.893001556396484,-23.59200096130371
1788676393538946800,28.92194677734375,-107.83900451660156,47.336002349853516,-22.56800079345703
1788676393555158800,28.93815869140625,-107.11500549316406,47.428001403808594,-23.58700180053711
1788676393571330000,28.954330078125,-105.46800231933594,45.07600402832031,-22.999000549316406
1788676393587423200,28.97042333984375,-105.7030029296875,47.333003997802734,-22.571001052856445
1788676393603532300,28.9865322265625,-108.20100402832031,49.58000183105469,-23.0570011138916
1788676393619666200,29.002666259765626,-107.1050033569336,47.00300216674805,-23.387001037597656
1788676393635838000,29.018837890625,-107.21300506591797,47.75800323486328,-22.97300148010254
1788676393652030500,29.035030517578125,-107.13700866699219,47.84800338745117,-24.296001434326172
1788676393668134400,29.051134521484375,-106.81800842285156,49.900001525878906,-23.056001663208008
1788676393684263000,29.067262939453126,-106.67500305175781,48.94900131225586,-22.046001434326172
1788676393700404700,29.08340478515625,-105.8530044555664,48.928001403808594,-23.474000930786133
1788676393716586500,29.09958642578125,-106.26000213623047,47.86000061035156,-23.279001235961914
1788676393732786400,29.115786376953125,-105.86200714111328,48.1660041809082,-24.397001266479492
1788676393748906800,29.13190673828125,-106.26200866699219,49.156002044677734,-22.554000854492188
1788676393765039600,29.14803955078125,-105.4320068359375,47.41100311279297,-24.71000099182129
1788676393781182000,29.164181884765625,-105.0050048828125,48.923004150390625,-23.780000686645508
1788676393797369900,29.180369873046875,-105.2090072631836,48.7130012512207,-23.476001739501953
1788676393813575000,29.196574951171876,-107.79000854492188,49.570003509521484,-23.7710018157959
1788676393829693200,29.212693115234377,-105.2750015258789,49.53700256347656,-25.91400146484375
1788676393845831000,29.228830810546874,-104.91700744628906,48.15500259399414,-25.112001419067383
1788676393861929000,29.244928955078127,-107.0580062866211,49.02000045776367,-24.796001434326172
1788676393878116000,29.2611162109375,-105.15100860595703,49.1150016784668,-25.408000946044922
1788676393894323000,29.277322998046873,-103.6300048828125,49.02100372314453,-24.291000366210938
1788676393910414000,29.2934140625,-104.1810073852539,49.11900329589844,-25.00200080871582
1788676393926562600,29.3095625,-105.09600830078125,47.74400329589844,-23.791000366210938
1788676393942675200,29.32567529296875,-104.81800842285156,49.663002014160156,-24.487001419067383
1788676393958875400,29.34187548828125,-104.79000854492188,49.1400032043457,-23.575000762939453
1788676393975045000,29.358045166015625,-105.96800231933594,49.24700164794922,-23.674001693725586
1788676393991162400,29.374162353515626,-105.01500701904297,49.457000732421875,-23.878000259399414
1788676394007318800,29.39031884765625,-104.59500122070312,49.993003845214844,-23.873001098632812
1788676394023437800,29.406437744140625,-103.2090072631836,49.665000915527344,-24.184001922607422
1788676394039644200,29.42264404296875,-104.04200744628906,51.08400344848633,-22.336000442504883
1788676394055819300,29.4388193359375,-103.8030014038086,48.397003173828125,-22.8700008392334
1788676394071966000,29.454966064453124,-105.6760025024414,49.44600296020508,-24.79400062561035
1788676394088129500,29.471129638671876,-103.21400451660156,49.01300048828125,-24.801000595092773
1788676394104259800,29.487259765625,-103.60900115966797,48.70900344848633,-23.580001831054688
1788676394120471600,29.503471435546874,-104.39800262451172,50.198001861572266,-24.483001708984375
1788676394136655000,29.519655029296874,-105.56200408935547,51.07100296020508,-23.455001831054688
1788676394152804900,29.535804931640627,-104.29900360107422,50.95000076293945,-24.375001907348633
1788676394168930300,29.551930419921874,-103.73400115966797,49.99500274658203,-23.569000244140625
1788676394185046800,29.568046875,-104.16900634765625,49.55900192260742,-24.183000564575195
1788676394201206500,29.58420654296875,-106.30900573730469,50.42400360107422,-23.867000579833984
1788676394217401300,29.6004013671875,-105.06700134277344,49.96600341796875,-25.910001754760742
1788676394233467000,29.616466796875,-104.3600082397461,51.086002349853516,-22.23400115966797
1788676394249598700,29.6325986328125,-104.15800476074219,50.10600280761719,-23.36400032043457
1788676394265695200,29.6486953125,-105.34800720214844,49.23400115966797,-24.59200096130371
1788676394281878800,29.664878662109373,-104.8340072631836,49.65400314331055,-25.200000762939453
1788676394298079700,29.681079833984374,-104.83500671386719,51.05800247192383,-24.373001098632812
1788676394314208800,29.697208740234377,-105.01400756835938,49.566001892089844,-23.775001525878906
1788676394330355200,29.713355224609376,-104.16700744628906,50.10000228881836,-23.7710018157959
1788676394346466300,29.72946630859375,-104.93700408935547,51.06100082397461,-24.16900062561035
1788676394362656300,29.74565625,-103.96100616455078,50.63600158691406,-23.767000198364258
1788676394378869200,29.761869140625,-103.53900146484375,49.551002502441406,-24.69300079345703
1788676394395007500,29.778007568359374,-105.9000015258789,50.41200256347656,-24.683000564575195
1788676394411160000,29.79416015625,-105.57500457763672,50.52300262451172,-24.37700080871582
1788676394427274500,29.8102744140625,-104.94500732421875,49.97500228881836,-25.19700050354004
1788676394443474400,29.826474365234375,-103.23300170898438,50.082000732421875,-24.9950008392334
1788676394459636000,29.842635986328126,-104.85200500488281,50.18300247192383,-25.705001831054688
1788676394475737300,29.8587373046875,-103.98100280761719,50.08400344848633,-24.994001388549805
1788676394491897300,29.8748974609375,-104.156005859375,50.10700225830078,-23.262001037597656
1788676394508015600,29.891015625,-102.08700561523438,50.17100143432617,-26.218000411987305
1788676394524219400,29.907219482421876,-104.53700256347656,50.71900177001953,-25.599000930786133
1788676394540397800,29.923397705078123,-105.47600555419922,50.95000076293945,-24.475000381469727
1788676394556480000,29.93947998046875,-104.83600616455078,50.625003814697266,-24.6820011138916
1788676394572601300,29.955601318359374,-103.66800689697266,50.94300079345703,-24.783000946044922
1788676394588732200,29.971732177734374,-105.73100280761719,52.1140022277832,-25.58500099182129
1788676394604898000,29.98789794921875,-106.33600616455078,52.02900314331055,-24.0570011138916
1788676394621095000,30.004094970703125,-103.66300201416016,51.27000427246094,-24.373001098632812
1788676394637206300,30.020206298828125,-106.44600677490234,51.27100372314453,-24.67500114440918
1788676394653329400,30.036329345703123,-103.46200561523438,51.04600143432617,-25.088001251220703
1788676394669468700,30.05246875,-103.8030014038086,52.33100128173828,-25.178001403808594
1788676394685648400,30.0686484375,-103.58100128173828,51.255001068115234,-25.49300193786621
1788676394701848600,30.0848486328125,-101.9000015258789,51.560001373291016,-26.511001586914062
1788676394717943000,30.100943115234376,-104.19300842285156,50.84100341796875,-24.47800064086914
1788676394734062000,30.11706201171875,-103.27300262451172,51.13900375366211,-26.106000900268555
1788676394750197800,30.13319775390625,-103.39000701904297,52.2140007019043,-25.893001556396484
1788676394766376400,30.14937646484375,-102.41700744628906,50.70600128173828,-26.315000534057617
1788676394782581500,30.16558154296875,-104.6760025024414,52.862003326416016,-25.681001663208008
1788676394798706000,30.181705810546877,-101.91000366210938,52.310001373291016,-26.505001068115234
1788676394814831900,30.197831787109376,-103.59600830078125,52.00300216674805,-25.690000534057617
1788676394830969000,30.213968994140625,-103.19000244140625,52.85400390625,-26.091001510620117
1788676394847154400,30.230154541015626,-101.88400268554688,51.89400100708008,-25.59200096130371
1788676394863339800,30.24633984375,-104.01900482177734,52.33000183105469,-25.280000686645508
1788676394879435500,30.262435546875,-102.70500183105469,53.90400314331055,-27.610000610351562
1788676394895580000,30.278579833984374,-103.08800506591797,53.3910026550293,-25.98400115966797
1788676394911692000,30.294692138671873,-105.43600463867188,52.31500244140625,-26.602001190185547
1788676394927885000,30.310885009765624,-102.38600158691406,53.038002014160156,-28.23000144958496
1788676394944055000,30.327054931640625,-103.62200164794922,52.85200119018555,-26.29400062561035
1788676394960173300,30.34317333984375,-105.37800598144531,52.717002868652344,-28.53400230407715
1788676394976337200,30.359337158203125,-103.00200653076172,53.37800216674805,-26.9010009765625
1788676394992460000,30.3754599609375,-102.79000854492188,53.80900192260742,-26.694002151489258
1788676395008668400,30.39166845703125,-103.75300598144531,53.48500442504883,-27.001001358032227
1788676395024840400,30.40784033203125,-103.87800598144531,52.178001403808594,-28.643001556396484
1788676395040990700,30.42399072265625,-104.71300506591797,53.05500411987305,-27.2080020904541
1788676395057162800,30.440162841796877,-102.89700317382812,53.48500442504883,-26.9010009765625
1788676395073293800,30.4562939453125,-102.37700653076172,51.855003356933594,-28.546001434326172
1788676395089461500,30.47246142578125,-102.36700439453125,52.94200134277344,-27.415000915527344
1788676395105652500,30.488652587890623,-103.84700775146484,51.548004150390625,-27.630001068115234
1788676395121759500,30.504759521484374,-102.2800064086914,51.63200378417969,-29.15900230407715
1788676395137886200,30.52088623046875,-101.48600769042969,50.90300369262695,-27.536001205444336
1788676395154028300,30.5370283203125,-103.01600646972656,51.74900436401367,-28.546001434326172
1788676395170185500,30.553185546875,-101.73600769042969,51.85400390625,-28.546001434326172
1788676395186386200,30.56938623046875,-102.81900787353516,52.17000198364258,-29.052001953125
1788676395202464000,30.585464111328125,-102.302001953125,51.72700119018555,-30.075000762939453
1788676395218588200,30.601588134765624,-102.59300231933594,51.74500274658203,-28.750001907348633
1788676395234724900,30.617724853515625,-102.5040054321289,52.38300323486328,-29.152002334594727
1788676395250915000,30.6339150390625,-102.80900573730469,51.42000198364258,-29.058000564575195
1788676395267122200,30.6501220703125,-101.49600219726562,52.086002349853516,-27.220001220703125
1788676395283251200,30.666251220703124,-100.44800567626953,50.88300323486328,-28.862001419067383
1788676395299382000,30.682382080078124,-103.2560043334961,52.057003021240234,-29.56100082397461
1788676395315524400,30.6985244140625,-101.84600830078125,51.63600158691406,-28.854001998901367
1788676395331721700,30.7147216796875,-101.28500366210938,50.4630012512207,-28.356000900268555
1788676395347883300,30.73088330078125,-102.58700561523438,51.31700134277344,-28.75400161743164
1788676395364134100,30.747134033203125,-103.32200622558594,49.92100143432617,-29.071001052856445
1788676395380259600,30.763259521484375,-105.23700714111328,50.03600311279297,-28.660001754760742
1788676395396359000,30.77935888671875,-104.44700622558594,49.62800216674805,-27.035001754760742
1788676395412558600,30.79555859375,-103.43000793457031,49.81200408935547,-29.173002243041992
1788676395428717800,30.8117177734375,-103.552001953125,51.42400360107422,-28.85300064086914
1788676395444860700,30.827860595703125,-102.48600769042969,50.233001708984375,-29.680002212524414
1788676395461026000,30.844026123046874,-104.92000579833984,49.81700134277344,-28.968002319335938
1788676395477147100,30.860147216796875,-101.83800506591797,50.34400177001953,-29.273000717163086
1788676395493363700,30.87636376953125,-100.0250015258789,50.880001068115234,-29.066001892089844
1788676395509551600,30.892551513671876,-102.61100769042969,51.73500061035156,-29.565000534057617
1788676395525656600,30.908656494140626,-103.77200317382812,50.23200225830078,-29.882001876831055
1788676395541782000,30.924781982421877,-103.65100860595703,50.888004302978516,-28.858001708984375
1788676395557919500,30.94091943359375,-103.88800811767578,50.551002502441406,-30.0830020904541
1788676395574096100,30.95709619140625,-101.74700164794922,49.362003326416016,-30.606000900268555
1788676395590283500,30.973283447265626,-102.17000579833984,50.22900390625,-29.884000778198242
1788676395606396000,30.98939599609375,-103.3550033569336,49.68400192260742,-30.703001022338867
1788676395622523400,31.0055234375,-102.82000732421875,49.9010009765625,-30.498001098632812
1788676395638617000,31.0216171875,-104.11900329589844,49.89200210571289,-31.31100082397461
1788676395654791700,31.037791748046875,-103.02400207519531,49.906002044677734,-30.090002059936523
1788676395670988000,31.053988037109374,-102.90900421142578,49.803001403808594,-29.785001754760742
1788676395687079400,31.070079345703125,-103.0250015258789,49.798004150390625,-30.19300079345703
1788676395703213000,31.086213134765625,-102.14500427246094,49.59600067138672,-29.177001953125
1788676395719309600,31.1023095703125,-102.81000518798828,50.0150032043457,-29.987001419067383
1788676395735482000,31.118482177734375,-101.75000762939453,49.900001525878906,-30.397001266479492
1788676395751690800,31.134690673828125,-103.6500015258789,50.457000732421875,-29.066001892089844
1788676395767821300,31.1508212890625,-100.65800476074219,49.48100280761719,-29.58700180053711
1788676395783971600,31.1669716796875,-102.49700164794922,51.52300262451172,-29.363000869750977
1788676395800084500,31.18308447265625,-101.43500518798828,50.76100158691406,-30.084001541137695
1788676395816265200,31.19926513671875,-102.82400512695312,50.33100128173828,-30.39200210571289
1788676395832429800,31.215429931640625,-101.94000244140625,49.69900131225586,-29.48200225830078
1788676395848530400,31.231530517578125,-101.33100128173828,50.00300216674805,-30.702001571655273
1788676395864684500,31.2476845703125,-100.14000701904297,48.82200241088867,-30.714000701904297
1788676395880790300,31.263790283203125,-103.66200256347656,49.69300079345703,-30.091001510620117
1788676395896994000,31.279994140625,-103.0300064086914,50.33500289916992,-30.086002349853516
1788676395913169200,31.296169189453124,-101.34400177001953,50.967002868652344,-30.694002151489258
1788676395929306400,31.312306396484374,-100.38600158691406,51.18000411987305,-30.69300079345703
1788676395945471200,31.32847119140625,-100.61600494384766,50.84700393676758,-31.613000869750977
1788676395961593600,31.344593505859375,-98.38200378417969,51.595001220703125,-31.507001876831055
1788676395977810200,31.36081005859375,-101.09900665283203,49.14900207519531,-30.405000686645508
1788676395993991000,31.376990966796875,-100.09600830078125,51.37700271606445,-31.91400146484375
1788676396010143200,31.393143310546876,-100.72600555419922,50.62800216674805,-31.920001983642578
1788676396026270700,31.409270751953127,-98.54800415039062,50.6510009765625,-29.987001419067383
1788676396042409000,31.425408935546876,-99.7800064086914,51.374000549316406,-32.11800003051758
1788676396058584000,31.441583984375,-100.9310073852539,50.310001373291016,-31.71900177001953
1788676396074775000,31.457775146484376,-101.58800506591797,51.165000915527344,-31.91400146484375
1788676396090891000,31.47389111328125,-99.73100280761719,49.78300094604492,-30.910001754760742
1788676396107028000,31.490028076171875,-101.22000122070312,50.005001068115234,-30.499000549316406
1788676396123127800,31.5061279296875,-98.78900146484375,50.31100082397461,-31.41600227355957
1788676396139309000,31.52230908203125,-100.36600494384766,49.355003356933594,-30.913002014160156
1788676396155511000,31.538510986328124,-99.1310043334961,50.62200164794922,-32.22800064086914
1788676396171637200,31.55463720703125,-97.94900512695312,49.544002532958984,-32.544002532958984
1788676396187776000,31.57077587890625,-100.42200469970703,49.970001220703125,-33.047000885009766
1788676396203892000,31.58689208984375,-99.3340072631836,48.68300247192383,-32.95800018310547
1788676396220052000,31.603052001953124,-99.4070053100586,47.5150032043457,-32.15299987792969
1788676396236256800,31.6192568359375,-98.0250015258789,48.80600357055664,-31.634000778198242
1788676396252364500,31.635364501953124,-96.22600555419922,48.46900177001953,-32.555999755859375
1788676396268506400,31.65150634765625,-100.19100189208984,48.35900115966797,-33.2650032043457
1788676396284610000,31.667610107421876,-96.86100769042969,48.25700378417969,-32.45500183105469
1788676396300800800,31.68380078125,-97.5260009765625,48.676002502441406,-33.2660026550293
1788676396317014800,31.700014892578125,-97.89500427246094,46.983001708984375,-31.75200080871582
1788676396333150700,31.716150634765626,-100.19700622558594,47.81500244140625,-33.88100051879883
1788676396349301000,31.732301025390626,-96.6500015258789,47.28300094604492,-33.177001953125
1788676396365413600,31.74841357421875,-98.03500366210938,47.71900177001953,-32.763999938964844
1788676396381610000,31.76460986328125,-96.99700164794922,48.2400016784668,-33.78000259399414
1788676396397776600,31.780776611328125,-95.1810073852539,47.37300109863281,-34.29899978637695
1788676396413899300,31.796899169921875,-98.04100799560547,46.85100173950195,-33.58700180053711
1788676396430046700,31.813046630859375,-97.28300476074219,46.42400360107422,-33.38800048828125
1788676396446173700,31.829173583984375,-96.21900177001953,46.637001037597656,-33.387001037597656
1788676396462388700,31.845388671875,-96.0040054321289,46.74500274658203,-33.28499984741211
1788676396478570800,31.86157080078125,-96.21300506591797,46.42400360107422,-33.28700256347656
1788676396494667800,31.877667724609374,-96.22200775146484,47.715003967285156,-32.86800003051758
1788676396510784000,31.893783935546875,-96.99200439453125,46.19000244140625,-34.816001892089844
1788676396526924000,31.909924072265625,-97.15900421142578,45.78600311279297,-32.986000061035156
1788676396543095000,31.926094970703126,-97.59500122070312,44.80900192260742,-34.01300048828125
1788676396559285200,31.94228515625,-96.22000122070312,45.44700241088867,-34.2130012512207
1788676396575395600,31.9583955078125,-96.5560073852539,45.22200393676758,-35.02900314331055
1788676396591524900,31.97452490234375,-95.2800064086914,45.97300338745117,-34.820003509521484
1788676396607620600,31.99062060546875,-96.64000701904297,46.10000228881836,-33.49300003051758
1788676396623796700,32.00679663085938,-96.14800262451172,47.47900390625,-34.5
1788676396639999500,32.02299951171875,-95.1550064086914,46.30800247192383,-33.79899978637695
1788676396656101400,32.03910131835938,-95.34700775146484,44.052001953125,-34.22600173950195
1788676396672240000,32.055240234375,-93.32100677490234,45.23600387573242,-33.60700225830078
1788676396688342500,32.07134252929688,-97.51400756835938,45.333003997802734,-34.823001861572266
1788676396704531200,32.08753125,-95.48800659179688,44.89600372314453,-35.237003326416016
1788676396720741400,32.10374145507812,-95.36500549316406,45.55400085449219,-34.111000061035156
1788676396736872400,32.11987255859375,-94.84000396728516,45.332000732421875,-34.62300109863281
1788676396753025000,32.13602490234375,-93.66400146484375,46.08700180053711,-34.108001708984375
1788676396769137200,32.15213720703125,-93.27100372314453,46.3900032043457,-35.43000030517578
1788676396785337000,32.16833715820312,-93.72000122070312,45.83700180053711,-36.759002685546875
1788676396801542100,32.18454223632813,-96.56300354003906,45.43300247192383,-35.23100280761719
1788676396817601800,32.20060180664063,-94.97400665283203,46.8280029296875,-34.915000915527344
1788676396833767200,32.21676708984375,-95.69600677490234,46.30500030517578,-34.104000091552734
1788676396849796600,32.232796630859376,-93.91100311279297,46.17500305175781,-35.53300094604492
1788676396866004700,32.24900463867188,-93.67200469970703,46.8390007019043,-34
1788676396882192000,32.26519189453125,-94.65400695800781,47.044002532958984,-34.8120002746582
1788676396898347300,32.28134716796875,-94.10900115966797,46.72500228881836,-34.51000213623047
1788676396914520600,32.2975205078125,-94.64700317382812,46.18300247192383,-35.02300262451172
1788676396930636300,32.31363623046875,-93.65900421142578,45.874000549316406,-34.00800323486328
1788676396946790100,32.3297900390625,-94.31300354003906,45.327003479003906,-34.92900085449219
1788676396962975700,32.345975830078125,-94.5560073852539,47.79500198364258,-34.7030029296875
1788676396979082800,32.36208276367187,-94.11400604248047,47.58700180053711,-34.19600296020508
1788676396995208400,32.37820849609375,-92.21800231933594,46.81200408935547,-35.836002349853516
1788676397011343400,32.39434326171875,-93.03400421142578,47.80900192260742,-33.483001708984375
1788676397027522000,32.41052197265625,-93.04600524902344,46.72100067138672,-34.71500015258789
1788676397043723800,32.426723876953126,-95.28800201416016,46.833003997802734,-34.60900115966797
1788676397059841800,32.442841796875,-91.32600402832031,47.698001861572266,-33.5880012512207
1788676397075980800,32.45898071289062,-91.97100067138672,47.480003356933594,-33.89400100708008
1788676397092078000,32.475078125,-92.39800262451172,48.454002380371094,-33.27400207519531
1788676397108260000,32.491260009765625,-92.94300079345703,48.448001861572266,-33.78300094604492
1788676397124465700,32.507465576171874,-92.4330062866211,48.540000915527344,-34.801002502441406
1788676397140588000,32.523588134765625,-91.97400665283203,48.88300323486328,-33.169002532958984
1788676397156726300,32.53972631835938,-91.57600402832031,48.540000915527344,-34.70100021362305
1788676397172825000,32.5558251953125,-90.47000122070312,48.34600067138672,-33.07400131225586
1788676397189019100,32.57201904296875,-92.5050048828125,48.02100372314453,-33.58300018310547
1788676397205230600,32.58823071289063,-90.7040023803711,49.19900131225586,-33.47300338745117
1788676397221355800,32.60435571289062,-91.48500061035156,48.9640007019043,-35.104000091552734
1788676397237506300,32.62050634765625,-92.63400268554688,48.44000244140625,-34.29300308227539
1788676397253626400,32.63662646484375,-92.19500732421875,47.474002838134766,-34.40400314331055
1788676397269833500,32.65283349609375,-90.16600799560547,47.255001068115234,-34.51000213623047
1788676397286002000,32.669001953125,-92.52300262451172,48.33400344848633,-34.19200134277344
1788676397302128400,32.68512841796875,-93.27200317382812,47.25400161743164,-34.913002014160156
1788676397318296000,32.70129614257812,-92.84800720214844,47.68400192260742,-34.80800247192383
1788676397334422800,32.7174228515625,-91.14500427246094,47.570003509521484,-35.117000579833984
1788676397350638800,32.73363891601562,-91.25100708007812,48.00300216674805,-34.80800247192383
1788676397366805800,32.7498056640625,-91.3280029296875,47.69600296020508,-33.69000244140625
1788676397382954500,32.76595458984375,-92.18500518798828,48.56100082397461,-33.27300262451172
1788676397399080400,32.78208056640625,-93.90400695800781,48.34100341796875,-33.884002685546875
1788676397415205600,32.79820556640625,-92.01000213623047,48.64600372314453,-34.90299987792969
1788676397431379500,32.81437939453125,-94.24500274658203,48.329002380371094,-34.801002502441406
1788676397447575000,32.830574951171876,-91.04300689697266,47.78300094604492,-35.217002868652344
1788676397463688000,32.84668798828125,-93.27200317382812,46.82200241088867,-35.22300338745117
1788676397479817000,32.86281689453125,-90.3790054321289,47.68800354003906,-34.20000076293945
1788676397495944000,32.87894384765625,-92.00900268554688,48.10600280761719,-35.2130012512207
1788676397512109600,32.89510961914063,-89.32200622558594,47.68000411987305,-34.711002349853516
1788676397528312000,32.91131201171875,-91.66700744628906,48.22600173950195,-34.194000244140625
1788676397544443600,32.92744360351563,-92.4320068359375,48.97300338745117,-34.492000579833984
1788676397560537600,32.94353759765625,-90.45100402832031,46.845001220703125,-33.189002990722656
1788676397576637400,32.95963745117187,-91.98900604248047,46.82100296020508,-35.12300109863281
1788676397592822500,32.97582250976563,-92.82100677490234,48.673004150390625,-32.96600341796875
1788676397609028900,32.99202880859375,-93.67400360107422,48.78300094604492,-32.862003326416016
1788676397625157000,33.0081572265625,-91.10700225830078,47.80900192260742,-33.281002044677734
1788676397641306600,33.024306640625,-90.7030029296875,47.14600372314453,-34.7140007019043
1788676397657417500,33.04041748046875,-91.34200286865234,47.68800354003906,-34.301002502441406
1788676397673609700,33.05660961914062,-94.1500015258789,48.862003326416016,-35
1788676397689778400,33.0727783203125,-92.2080078125,47.034000396728516,-35.22200012207031
1788676397705920300,33.088920166015626,-90.26700592041016,48.0150032043457,-33.790000915527344
1788676397722081800,33.10508178710938,-90.09600067138672,48.961002349853516,-35.10600280761719
1788676397738199000,33.12119897460938,-91.54900360107422,49.20500183105469,-33.06500244140625
1788676397754402800,33.13740283203125,-90.39000701904297,48.65400314331055,-34.09000015258789
1788676397770580500,33.15358056640625,-91.47600555419922,48.86000061035156,-34.80000305175781
1788676397786694700,33.16969458007812,-92.83000183105469,47.695003509521484,-33.99300003051758
1788676397802863900,33.18586376953125,-91.35800170898438,48.21900177001953,-34.704002380371094
1788676397819010600,33.202010498046874,-91.35000610351562,48.76400375366211,-33.986000061035156
1788676397835227600,33.2182275390625,-92.84000396728516,48.121002197265625,-34.19300079345703
1788676397851413500,33.23441357421875,-91.14300537109375,48.11100387573242,-34.70500183105469
1788676397867564500,33.250564453125,-91.21900177001953,48.67000198364258,-32.96800231933594
1788676397883735000,33.26673510742187,-90.92200469970703,48.87200164794922,-33.884002685546875
1788676397899871500,33.28287158203125,-91.69600677490234,49.93800354003906,-34.38199996948242
1788676397916039400,33.29903930664062,-91.88800811767578,50.38300323486328,-33.156002044677734
1788676397932221700,33.3152216796875,-89.93800354003906,48.66800308227539,-32.970001220703125
1788676397948267000,33.33126708984375,-91.60100555419922,51.12000274658203,-34.16800308227539
1788676397964380400,33.34738037109375,-91.57300567626953,48.97500228881836,-34.28900146484375
1788676397980521000,33.36352099609375,-91.02200317382812,49.525001525878906,-33.165000915527344
1788676397996700000,33.37969995117187,-90.81500244140625,48.87200164794922,-33.884002685546875
1788676398012895700,33.39589575195313,-91.52400207519531,49.329002380371094,-31.841001510620117
1788676398029016300,33.41201635742188,-91.56000518798828,49.52300262451172,-33.36800003051758
1788676398045136000,33.42813598632812,-92.31200408935547,49.30600357055664,-33.67399978637695
1788676398061269200,33.44426928710938,-91.59300231933594,50.90800094604492,-33.967002868652344
1788676398077452300,33.46045239257813,-91.79500579833984,50.915000915527344,-33.457000732421875
1788676398093661400,33.476661376953125,-90.72300720214844,49.72800064086914,-33.97800064086914
1788676398109781500,33.49278149414062,-92.93900299072266,49.531002044677734,-32.95800018310547
1788676398125891300,33.508891357421874,-93.40200805664062,51.2390022277832,-33.452003479003906
1788676398141985800,33.52498583984375,-93.39100646972656,49.840003967285156,-33.87200164794922
1788676398158179800,33.54117993164063,-93.73400115966797,51.77300262451172,-33.6510009765625
1788676398174395600,33.55739575195312,-91.1810073852539,51.97900390625,-33.95800018310547
1788676398190526000,33.57352587890625,-92.44000244140625,53.50700378417969,-32.00699996948242
1788676398206678300,33.58967822265625,-91.37100219726562,51.77700424194336,-33.04199981689453
1788676398222791700,33.605791748046876,-92.02100372314453,52.961002349853516,-32.72500228881836
1788676398238989600,33.621989501953124,-92.66300201416016,51.23200225830078,-33.86000061035156
1788676398255158500,33.638158447265624,-92.13400268554688,51.445003509521484,-33.961002349853516
1788676398271305000,33.654304931640624,-91.19700622558594,52.509002685546875,-34.36000061035156
1788676398287469800,33.6704697265625,-92.33600616455078,52.20900344848633,-32.935001373291016
1788676398303579100,33.6865791015625,-90.76600646972656,51.53900146484375,-34.777000427246094
1788676398319775200,33.70277514648438,-91.64200592041016,54.12000274658203,-34.14200210571289
1788676398335946500,33.71894653320312,-90.44100189208984,52.8380012512207,-33.74700164794922
1788676398352059400,33.73505932617188,-91.07200622558594,52.84400177001953,-33.3390007019043
1788676398368189000,33.75118896484375,-91.8290023803711,51.867000579833984,-34.3650016784668
1788676398384295200,33.76729516601562,-90.29800415039062,53.724002838134766,-31.60000228881836
1788676398400472000,33.78347216796875,-93.00000762939453,52.952003479003906,-33.53900146484375
1788676398416666400,33.79966625976562,-91.84400177001953,52.2910041809082,-34.76900100708008
1788676398432780000,33.815780029296874,-91.40300750732422,52.62200164794922,-33.952003479003906
1788676398448917200,33.831917236328124,-90.77200317382812,52.832000732421875,-34.25600051879883
1788676398465018000,33.84801806640625,-91.6310043334961,51.53300094604492,-35.28499984741211
1788676398481207000,33.86420703125,-91.84300231933594,51.535003662109375,-35.18300247192383
1788676398497419500,33.88041943359375,-93.86700439453125,51.8650016784668,-34.77000045776367
1788676398513502500,33.89650244140625,-91.50200653076172,51.871002197265625,-34.060001373291016
1788676398529647900,33.91264794921875,-91.3340072631836,52.49200439453125,-35.685001373291016
1788676398545670400,33.92867041015625,-90.13900756835938,53.0420036315918,-34.45900344848633
1788676398561866500,33.94486645507813,-91.37800598144531,52.422000885009766,-32.935001373291016
1788676398578084600,33.961084716796876,-90.8810043334961,52.290000915527344,-34.66800308227539
1788676398594184000,33.97718383789063,-90.12100219726562,52.189002990722656,-34.16100311279297
1788676398610289200,33.9932890625,-91.21300506591797,51.85100173950195,-35.487003326416016
1788676398626433000,34.00943310546875,-92.07400512695312,52.173004150390625,-35.58500289916992
1788676398642620400,34.02562036132812,-93.20500183105469,51.66100311279297,-33.95800018310547
1788676398658770400,34.0417705078125,-90.4580078125,52.07100296020508,-34.97600173950195
1788676398674883300,34.05788330078125,-92.4320068359375,51.13500213623047,-33.14900207519531
1788676398691034400,34.074034423828124,-94.59200286865234,50.259002685546875,-34.78300094604492
1788676398707112200,34.0901123046875,-92.04300689697266,52.5160026550293,-33.952003479003906
1788676398723284700,34.10628466796875,-93.5050048828125,50.70100402832031,-33.65999984741211
1788676398739413500,34.12241357421875,-91.00800323486328,52.27800369262695,-35.58500289916992
1788676398755496400,34.13849633789062,-90.97700500488281,50.56800079345703,-35.29500198364258
1788676398771661600,34.15466162109375,-91.4590072631836,52.37200164794922,-36.60200119018555
1788676398787790600,34.17079052734375,-91.73300170898438,51.96900177001953,-34.772003173828125
1788676398804012500,34.187012451171874,-91.52800750732422,51.63900375366211,-35.38600158691406
1788676398820194600,34.203194580078126,-91.13800811767578,52.480003356933594,-36.5
1788676398836347600,34.21934765625,-92.83800506591797,53.02900314331055,-35.78000259399414
1788676398852502800,34.23550268554688,-94.51900482177734,50.022003173828125,-36.415000915527344
1788676398868637400,34.251637451171874,-92.92900085449219,52.066001892089844,-35.68600082397461
1788676398884817000,34.26781689453125,-91.30500793457031,51.428001403808594,-35.08300018310547
1788676398901026800,34.28402685546875,-92.49100494384766,52.07200241088867,-35.178001403808594
1788676398917144800,34.30014477539063,-93.7560043334961,52.083003997802734,-34.4630012512207
1788676398933280000,34.31628002929688,-90.82000732421875,51.506004333496094,-37.22200012207031
1788676398949343500,34.33234350585938,-92.49100494384766,52.612003326416016,-34.867000579833984
1788676398965459200,34.34845922851562,-93.16100311279297,52.37900161743164,-36.29500198364258
1788676398981664500,34.36466455078125,-92.39900207519531,51.84600067138672,-35.99500274658203
1788676398997746400,34.38074633789063,-92.4070053100586,53.246002197265625,-35.47300338745117
1788676399013884200,34.39688427734375,-94.16700744628906,51.55400085449219,-34.05900192260742
1788676399029990400,34.412990478515624,-92.11400604248047,53.22900390625,-36.69600296020508
1788676399046182400,34.42918237304688,-92.82200622558594,52.7140007019043,-35.27300262451172
1788676399062396200,34.44539624023437,-92.42000579833984,54.320003509521484,-35.362003326416016
1788676399078511600,34.46151171875,-93.49300384521484,53.88600158691406,-35.87300109863281
1788676399094611500,34.47761157226562,-93.34500122070312,53.04600143432617,-34.557003021240234
1788676399110657300,34.4936572265625,-92.94900512695312,53.35000228881836,-35.777000427246094
1788676399126850800,34.50985083007812,-94.6780014038086,53.665000915527344,-36.48500061035156
1788676399143064600,34.526064697265625,-94.77800750732422,53.345001220703125,-36.38600158691406
1788676399159182600,34.5421826171875,-92.9590072631836,55.182003021240234,-35.04800033569336
1788676399175320800,34.55832080078125,-92.45700073242188,54.40500259399414,-36.99100112915039
1788676399191422200,34.57442211914063,-94.75800323486328,54.006004333496094,-35.05600357055664
1788676399207588400,34.59058837890625,-93.18000793457031,55.070003509521484,-35.45600128173828
1788676399223760000,34.606759765625,-93.89400482177734,53.68600082397461,-34.85600280761719
1788676399239893500,34.6228935546875,-94.3550033569336,53.77400207519531,-36.281002044677734
1788676399256058400,34.63905834960938,-94.52400207519531,54.23400115966797,-34.03499984741211
1788676399272180200,34.65518017578125,-95.11700439453125,53.875003814697266,-36.8900032043457
1788676399288364000,34.67136401367188,-93.58600616455078,53.89400100708008,-35.262001037597656
1788676399304542700,34.68754272460937,-93.31400299072266,54.72900390625,-36.88500213623047
1788676399320655000,34.703655029296876,-93.94900512695312,53.86900329589844,-37.19700241088867
1788676399336777500,34.719777587890626,-93.09000396728516,54.84300231933594,-36.375
1788676399352874200,34.735874267578126,-94.55500793457031,53.78300094604492,-35.669002532958984
1788676399369052400,34.75205249023438,-95.74000549316406,54.426002502441406,-35.763999938964844
1788676399385248000,34.768248046875,-94.24600219726562,54.96400451660156,-35.45500183105469
1788676399401335800,34.784335693359374,-93.74200439453125,54.513004302978516,-37.09000015258789
1788676399417454600,34.80045458984375,-96.47400665283203,53.13900375366211,-35.97800064086914
1788676399433546200,34.816546142578126,-95.83000183105469,53.35600280761719,-35.67100143432617
1788676399449706000,34.8327060546875,-95.22000122070312,53.76900100708008,-36.78900146484375
1788676399465912600,34.84891259765625,-94.02000427246094,53.8910026550293,-35.56700134277344
1788676399482032600,34.86503271484375,-94.99900817871094,54.85400390625,-35.76100158691406
1788676399498171100,34.881171142578125,-96.15200805664062,53.4640007019043,-35.67000198364258
1788676399514277400,34.89727734375,-95.33000183105469,54.52300262451172,-36.47700119018555
1788676399530471200,34.91347119140625,-96.59900665283203,53.237003326416016,-36.69000244140625
1788676399546660900,34.929660888671876,-94.78700256347656,53.0150032043457,-37
1788676399562721500,34.94572143554687,-96.15400695800781,51.51700210571289,-37.01100158691406
1788676399578850600,34.9618505859375,-93.2820053100586,52.263004302978516,-37.00800323486328
1788676399594962400,34.97796240234375,-97.14800262451172,53.552001953125,-37.19600296020508
1788676399611113500,34.994113525390624,-93.47100067138672,51.845001220703125,-36.19700241088867
1788676399627327500,35.01032739257813,-94.3330078125,52.05800247192383,-36.39800262451172
1788676399643451000,35.02645092773437,-95.9530029296875,52.37400436401367,-37.00400161743164
1788676399659606800,35.04260668945312,-97.53300476074219,50.012001037597656,-37.53200149536133
1788676399675728400,35.05872827148438,-94.47300720214844,52.47100067138672,-37.61600112915039
1788676399691925200,35.07492529296875,-97.04900360107422,51.81800079345703,-38.637001037597656
1788676399708032800,35.09103271484375,-94.60800170898438,52.237003326416016,-39.044002532958984
1788676399724106500,35.1071064453125,-94.17200469970703,51.702003479003906,-38.948001861572266
1788676399740257000,35.123257080078126,-95.10800170898438,51.070003509521484,-38.2390022277832
1788676399756354000,35.13935400390625,-94.01400756835938,50.65200424194336,-37.327003479003906
1788676399772536000,35.1555361328125,-95.84200286865234,49.78300094604492,-38.4530029296875
1788676399788722400,35.171722412109375,-95.31900787353516,48.91100311279297,-39.480003356933594
1788676399804856800,35.18785693359375,-96.17300415039062,51.073001861572266,-38.13600158691406
1788676399821019400,35.204019287109375,-94.54200744628906,51.19700241088867,-36.711002349853516
1788676399837145900,35.220145751953126,-96.92200469970703,50.53300094604492,-38.547000885009766
1788676399853315300,35.2363154296875,-95.51300811767578,50.65200424194336,-37.52900314331055
1788676399869506600,35.25250659179687,-94.85400390625,49.797000885009766,-37.23200225830078
1788676399885613000,35.268613037109375,-96.16200256347656,49.89200210571289,-38.35000228881836
1788676399901730300,35.284730224609376,-94.35900115966797,49.125003814697266,-39.37800216674805
1788676399917879000,35.30087915039063,-94.52800750732422,49.69200134277344,-37.03000259399414
1788676399934064600,35.31706469726562,-95.31000518798828,51.077003479003906,-37.729000091552734
1788676399950264000,35.33326416015625,-96.7090072631836,49.560001373291016,-39.1670036315918
1788676399966386200,35.34938623046875,-96.4540023803711,49.36900329589844,-37.4370002746582
1788676399982531600,35.365531494140626,-94.54700469970703,49.78900146484375,-37.84400177001953
1788676399998638000,35.38163818359375,-94.56800079345703,49.452003479003906,-38.967002868652344
1788676400014754000,35.397754150390625,-97.10400390625,49.68800354003906,-37.63800048828125
1788676400030966300,35.41396630859375,-98.72100830078125,49.790000915527344,-38.246002197265625
1788676400047098600,35.4300986328125,-97.47100830078125,50.63300323486328,-39.15700149536133
1788676400063250400,35.44625048828125,-94.23200225830078,50.32500076293945,-37.737003326416016
1788676400079363800,35.46236376953125,-97.77300262451172,51.077003479003906,-38.03200149536133
1788676400095561500,35.4785615234375,-95.67200469970703,52.242000579833984,-38.8390007019043
1788676400111777300,35.49477734375,-97.95600128173828,50.340003967285156,-37.121002197265625
1788676400127895300,35.51089526367188,-96.60400390625,50.6400032043457,-38.547000885009766
1788676400143939600,35.526939697265625,-95.17000579833984,50.34100341796875,-36.717002868652344
1788676400160010000,35.543010009765624,-97.5530014038086,50.000003814697266,-38.44900131225586
1788676400176186600,35.5591865234375,-97.24700164794922,51.17900085449219,-38.33700180053711
1788676400192310000,35.57531005859375,-95.61300659179688,49.68300247192383,-37.84300231933594
1788676400208316700,35.591316650390624,-97.24100494384766,50.75100326538086,-38.34100341796875
1788676400224440800,35.60744091796875,-97.78400421142578,51.71900177001953,-38.12800216674805
1788676400240482600,35.623482666015626,-95.66500091552734,51.27300262451172,-39.15300369262695
1788676400256469000,35.63946899414063,-95.3340072631836,50.63100051879883,-39.05800247192383
1788676400272550700,35.65555053710938,-97.27000427246094,51.814002990722656,-38.94300079345703
1788676400288562000,35.67156201171875,-97.57300567626953,51.393001556396484,-38.4370002746582
1788676400304595700,35.687595703125,-95.41600799560547,50.862003326416016,-37.83300018310547
1788676400320672500,35.70367260742187,-96.1760025024414,51.93600082397461,-37.72100067138672
1788676400336808000,35.71980786132813,-97.8030014038086,53.76100158691406,-37.7030029296875
1788676400352987600,35.73598754882813,-95.09900665283203,52.37300109863281,-37.005001068115234
1788676400369095200,35.75209521484375,-96.4010009765625,53.44200134277344,-37.30000305175781
1788676400385212700,35.76821264648437,-96.09000396728516,53.112003326416016,-37.91400146484375
1788676400401340200,35.78434008789063,-96.29000091552734,52.90500259399414,-37.406002044677734
1788676400417523500,35.8005234375,-97.0260009765625,53.12900161743164,-36.7920036315918
1788676400433717200,35.81671728515625,-97.90400695800781,53.656002044677734,-37.5
1788676400449847600,35.83284765625,-97.37500762939453,54.51700210571289,-37.1870002746582
1788676400465937200,35.848937255859376,-96.94400787353516,53.54600143432617,-37.604000091552734
1788676400482026800,35.86502685546875,-97.99800109863281,54.42000198364258,-36.474002838134766
1788676400498203600,35.88120361328125,-97.91600799560547,55.37800216674805,-36.97500228881836
1788676400514413000,35.8974130859375,-98.54000091552734,54.957000732421875,-36.46900177001953
1788676400530543400,35.91354345703125,-98.09600830078125,54.10200119018555,-36.27300262451172
1788676400546655700,35.92965576171875,-99.51300811767578,55.05900192260742,-36.97600173950195
1788676400562670600,35.945670654296876,-99.38200378417969,53.4530029296875,-36.88800048828125
1788676400578830800,35.96183081054688,-99.3800048828125,53.77800369262695,-36.58000183105469
1788676400594980900,35.97798095703125,-99.49400329589844,55.28700256347656,-35.95500183105469
1788676400611092000,35.99409204101563,-97.87600708007812,54.10600280761719,-35.96800231933594
1788676400627232300,36.01023217773437,-99.16700744628906,55.506004333496094,-35.54600143432617
1788676400643336400,36.02633642578125,-98.82600402832031,53.790000915527344,-35.66400146484375
1788676400659431200,36.04243115234375,-97.64000701904297,53.79500198364258,-35.156002044677734
1788676400675594500,36.058594482421874,-100.02300262451172,54.31800079345703,-36.371002197265625
1788676400691655700,36.07465576171875,-99.41000366210938,55.81300354003906,-36.66400146484375
1788676400707800000,36.09080004882812,-101.19600677490234,53.99700164794922,-36.474002838134766
1788676400723916300,36.106916259765626,-99.39500427246094,54.5260009765625,-36.777000427246094
1788676400740090000,36.123090087890624,-99.58900451660156,52.80900192260742,-36.996002197265625
1788676400756279800,36.13927978515625,-99.60200500488281,54.09700393676758,-36.781002044677734
1788676400772392200,36.15539208984375,-98.86500549316406,53.65800094604492,-37.49800109863281
1788676400788524000,36.17152392578125,-98.7550048828125,54.092002868652344,-37.08700180053711
1788676400804654000,36.18765405273437,-99.70000457763672,54.103004455566406,-36.37300109863281
1788676400820835300,36.20383544921875,-99.60000610351562,52.802001953125,-37.505001068115234
1788676400837027000,36.220027099609375,-99.40300750732422,54.30500411987305,-37.288002014160156
1788676400853139500,36.23613940429688,-99.05900573730469,52.913002014160156,-37.09700012207031
1788676400869266400,36.252266357421874,-96.80900573730469,53.67100143432617,-36.27799987792969
1788676400885334300,36.26833422851563,-101.22400665283203,54.52000427246094,-37.38600158691406
1788676400901499100,36.2844990234375,-98.63300323486328,53.12900161743164,-36.99400329589844
1788676400917704000,36.30070385742187,-102.03600311279297,51.845001220703125,-37.20500183105469
1788676400933825500,36.316825439453126,-99.81500244140625,54.53000259399414,-36.47100067138672
1788676400949966300,36.33296630859375,-99.37800598144531,53.99500274658203,-36.374000549316406
1788676400966072300,36.349072265625,-99.46400451660156,52.81900405883789,-36.18100357055664
1788676400982270700,36.365270751953126,-99.59600830078125,53.77700424194336,-36.68100357055664
1788676400998468400,36.38146826171875,-100.53300476074219,53.25200271606445,-35.97200012207031
1788676401014553600,36.3975537109375,-101.50800323486328,54.21800231933594,-35.96200180053711
1788676401030639400,36.41363940429687,-100.44100189208984,52.81100082397461,-36.893001556396484
1788676401046754000,36.42975415039062,-100.47500610351562,54.0880012512207,-37.59400177001953
1788676401062958800,36.445958740234374,-99.0250015258789,52.61000061035156,-35.7760009765625
1788676401079127800,36.4621279296875,-102.2800064086914,53.880001068115234,-37.288002014160156
1788676401095271000,36.47827099609375,-100.98900604248047,55.18100357055664,-36.05600357055664
1788676401111436300,36.49443627929688,-100.01500701904297,53.8910026550293,-36.272003173828125
1788676401127510000,36.510510009765625,-101.10200500488281,54.961002349853516,-36.46500015258789
1788676401143632000,36.5266318359375,-102.16600799560547,54.31700134277344,-36.67300033569336
1788676401159765200,36.54276513671875,-103.54900360107422,54.10600280761719,-36.57200241088867
1788676401175912200,36.558912109375,-102.51300811767578,56.24700164794922,-36.656002044677734
1788676401192066600,36.575066650390625,-100.69400787353516,56.138004302978516,-36.557003021240234
1788676401208185600,36.591185546875,-100.86700439453125,54.86600112915039,-35.55000305175781
1788676401224361500,36.607361572265624,-103.00800323486328,54.75800323486328,-35.854000091552734
1788676401240555300,36.62355517578125,-101.49700164794922,54.11700439453125,-35.55600357055664
1788676401256659700,36.63965966796875,-102.15800476074219,56.051002502441406,-35.23200225830078
1788676401272774100,36.65577416992188,-101.60800170898438,55.08700180053711,-35.138999938964844
1788676401288919800,36.671919921875,-101.74300384521484,54.96200180053711,-36.46500015258789
1788676401305082400,36.68808227539063,-102.03500366210938,55.73600387573242,-34.72600173950195
1788676401321280300,36.7042802734375,-100.78800201416016,56.362003326416016,-35.842002868652344
1788676401337380400,36.72038037109375,-102.28500366210938,56.36300277709961,-35.94200134277344
1788676401353494500,36.73649462890625,-101.06200408935547,56.49900436401367,-33.70100021362305
1788676401369606000,36.75260595703125,-102.8070068359375,55.182003021240234,-36.156002044677734
1788676401385770000,36.76877001953125,-100.37600708007812,57.32500457763672,-35.93600082397461
1788676401401866200,36.7848662109375,-102.38900756835938,56.47300338745117,-35.737003326416016
1788676401417946400,36.8009462890625,-102.07600402832031,56.900001525878906,-35.836002349853516
1788676401433930800,36.8169306640625,-101.2820053100586,56.603004455566406,-33.90400314331055
1788676401449987000,36.83298706054688,-101.3070068359375,55.94000244140625,-35.43800354003906
1788676401466136300,36.84913623046875,-102.1760025024414,57.013004302978516,-35.427001953125
1788676401482333200,36.865333251953125,-102.50900268554688,57.329002380371094,-35.83100128173828
1788676401498466800,36.881466796875,-100.9050064086914,57.11300277709961,-35.83500289916992
1788676401514560800,36.89756079101563,-99.72700500488281,57.54500198364258,-35.426002502441406
1788676401530677000,36.913677001953126,-100.94600677490234,57.30400085449219,-37.56500244140625
1788676401546859500,36.92985961914062,-102.82500457763672,57.98100280761719,-35.2140007019043
1788676401563004700,36.94600463867187,-100.1510009765625,56.7910041809082,-35.737003326416016
1788676401579175200,36.96217504882812,-103.79000854492188,57.11600112915039,-35.93400192260742
1788676401595323100,36.9783232421875,-102.30000305175781,57.11100387573242,-36.138999938964844
1788676401611424300,36.99442431640625,-102.5050048828125,57.656002044677734,-35.42100143432617
1788676401627615500,37.010615478515625,-102.40200805664062,57.1140022277832,-35.935001373291016
1788676401643750100,37.02675024414062,-104.99600219726562,58.720001220703125,-36.32500076293945
1788676401659832600,37.04283251953125,-102.71300506591797,57.12000274658203,-35.527000427246094
1788676401675982300,37.058982421875,-101.89500427246094,57.096004486083984,-37.159000396728516
1788676401692107300,37.075107177734374,-101.57500457763672,58.717002868652344,-36.12600326538086
1788676401708149500,37.0911494140625,-104.23400115966797,56.99800109863281,-36.749000549316406
1788676401724344300,37.10734423828125,-102.42400360107422,57.74800109863281,-36.54100036621094
1788676401740428500,37.123428466796874,-102.60200500488281,56.474002838134766,-35.737003326416016
1788676401756558000,37.13955810546875,-102.83600616455078,57.11000442504883,-36.2400016784668
1788676401772706300,37.15570629882812,-102.51300811767578,57.220001220703125,-36.03600311279297
1788676401788801000,37.17180102539062,-104.14800262451172,59.147003173828125,-36.323001861572266
1788676401804854300,37.187854248046875,-104.22300720214844,56.35700225830078,-36.65299987792969
1788676401820821000,37.203821044921874,-100.81400299072266,56.130001068115234,-37.16800308227539
1788676401836789000,37.2197890625,-101.10700225830078,56.58000183105469,-35.63600158691406
1788676401852832500,37.23583251953125,-102.54100799560547,55.798004150390625,-38.18800354003906
1788676401869007000,37.25200708007812,-102.53600311279297,55.26000213623047,-38.29500198364258
1788676401885213000,37.268212890625,-100.39400482177734,54.8280029296875,-38.301002502441406
1788676401901310500,37.284310546875,-101.69300842285156,56.11600112915039,-38.288002014160156
1788676401917333500,37.30033349609375,-101.06000518798828,55.678001403808594,-38.90400314331055
1788676401933433000,37.31643310546875,-103.16900634765625,55.590003967285156,-37.781002044677734
1788676401949581800,37.332581787109376,-102.51700592041016,55.27100372314453,-37.480003356933594
1788676401965790500,37.34879052734375,-102.3320083618164,56.11900329589844,-38.185001373291016
1788676401981823200,37.3648232421875,-102.81700134277344,53.44700241088867,-37.69900131225586
1788676401997917700,37.380917724609375,-102.11700439453125,55.68700408935547,-38.393001556396484
1788676402013998600,37.39699853515625,-103.73700714111328,54.92100143432617,-39.72200012207031
1788676402030198500,37.41319848632813,-103.47700500488281,53.86900329589844,-38.30600357055664
1788676402046402800,37.42940283203125,-104.46100616455078,54.39600372314453,-39.01300048828125
1788676402062543600,37.44554370117187,-101.69100189208984,55.14500427246094,-38.80600357055664
1788676402078706700,37.46170678710938,-102.32300567626953,55.47600173950195,-38.191001892089844
1788676402094727200,37.47772705078125,-102.77000427246094,54.1670036315918,-39.93400192260742
1788676402110865400,37.49386547851562,-104.48300170898438,53.95100402832031,-40.2390022277832
1788676402126971000,37.50997094726562,-103.29300689697266,54.823001861572266,-39.01000213623047
1788676402143117800,37.52611791992187,-105.12200164794922,55.682003021240234,-39.10200119018555
1788676402159224300,37.542224365234375,-104.03600311279297,54.827003479003906,-38.80600357055664
1788676402175351000,37.55835107421875,-103.72400665283203,54.605003356933594,-39.31700134277344
1788676402191412700,37.57441284179688,-101.906005859375,53.95500183105469,-39.63100051879883
1788676402207476000,37.59047607421875,-102.21200561523438,54.83000183105469,-38.4010009765625
1788676402223463200,37.606463134765626,-103.04600524902344,52.89800262451172,-38.72200012207031
1788676402239444500,37.622444580078124,-103.15300750732422,53.762001037597656,-38.20500183105469
1788676402255483000,37.63848291015625,-104.68400573730469,54.06700134277344,-39.62700271606445
1788676402271624200,37.65462426757812,-105.4320068359375,53.31100082397461,-40.14200210571289
1788676402287819500,37.670819580078124,-104.49800872802734,54.05000305175781,-40.849002838134766
1788676402303921200,37.68692114257812,-104.48800659179688,53.191001892089844,-40.95900344848633
1788676402320053800,37.7030537109375,-104.79200744628906,52.66200256347656,-40.55600357055664
1788676402336152300,37.71915234375,-103.79900360107422,53.112003326416016,-38.82100296020508
1788676402352316000,37.73531591796875,-102.65800476074219,53.41400146484375,-40.14400100708008
1788676402368524500,37.751524658203124,-105.42300415039062,55.262001037597656,-38.49500274658203
1788676402384594000,37.767593994140626,-104.23400115966797,52.8910026550293,-39.332000732421875
1788676402400721200,37.78372119140625,-103.08600616455078,52.65700149536133,-40.660003662109375
1788676402416869400,37.79986938476563,-102.55500793457031,53.52000427246094,-40.24500274658203
1788676402433048800,37.816048828125,-105.17300415039062,51.177001953125,-39.448001861572266
1788676402449267700,37.83226782226563,-104.5570068359375,52.134002685546875,-39.94900131225586
1788676402465249500,37.84824951171875,-103.35400390625,52.3650016784668,-38.52300262451172
1788676402481299200,37.86429931640625,-104.36300659179688,53.5260009765625,-39.9370002746582
1788676402497270500,37.8802705078125,-104.13300323486328,52.34700393676758,-39.948001861572266
1788676402513459000,37.896458984375,-105.76800537109375,53.086002349853516,-40.95800018310547
1788676402529630500,37.91263037109375,-103.28400421142578,53.53200149536133,-39.42900085449219
1788676402545731800,37.92873193359375,-104.36600494384766,53.4170036315918,-40.14200210571289
1788676402561875000,37.944875,-105.2280044555664,53.630001068115234,-40.34300231933594
1788676402577990400,37.960990478515626,-105.74200439453125,53.31800079345703,-39.63200378417969
1788676402594209800,37.97720971679688,-103.38200378417969,53.862003326416016,-38.81500244140625
1788676402610400000,37.99339990234375,-105.07300567626953,54.09100341796875,-37.89400100708008
1788676402626543000,38.00954321289063,-105.62700653076172,53.43100357055664,-39.224002838134766
1788676402642641000,38.025640869140624,-107.13300323486328,53.85900115966797,-39.422000885009766
1788676402658774300,38.04177416992187,-105.51600646972656,54.298004150390625,-38.50300216674805
1788676402674950400,38.05795043945312,-105.31000518798828,54.833003997802734,-38.499000549316406
1788676402691142400,38.074142333984376,-107.781005859375,54.07200241088867,-39.62300109863281
1788676402707303400,38.090303466796875,-106.4590072631836,54.310001373291016,-37.6870002746582
1788676402723435000,38.10643505859375,-106.4540023803711,53.12400436401367,-38.207000732421875
1788676402739574000,38.122573974609374,-106.13600158691406,54.095001220703125,-37.689002990722656
1788676402755751200,38.13875122070313,-108.79800415039062,53.888004302978516,-37.48400115966797
1788676402771938800,38.15493872070312,-106.6780014038086,53.33500289916992,-38.51000213623047
1788676402788056600,38.171056640625,-107.33100891113281,53.112003326416016,-39.224002838134766
1788676402804191200,38.18719116210937,-107.44500732421875,52.46000289916992,-39.94300079345703
1788676402820290300,38.203290283203124,-107.3030014038086,53.88600158691406,-37.486000061035156
1788676402836476400,38.219476318359376,-108.82100677490234,54.41400146484375,-38.19200134277344
1788676402852685000,38.23568505859375,-109.2080078125,52.17000198364258,-37.80400085449219
1788676402868811300,38.251811279296874,-107.95600891113281,52.798004150390625,-38.717002868652344
1788676402884961000,38.2679609375,-107.32500457763672,53.332000732421875,-38.81500244140625
1788676402901050600,38.28405053710937,-107.31400299072266,51.717002868652344,-39.3380012512207
1788676402917243100,38.3002431640625,-108.07100677490234,51.605003356933594,-39.84800338745117
1788676402933412000,38.316412109375,-108.05500793457031,52.58700180053711,-38.5150032043457
1788676402949507000,38.33250708007812,-107.30000305175781,52.37400436401367,-38.314002990722656
1788676402965648100,38.348648193359374,-107.43900299072266,52.67900085449219,-39.53300094604492
1788676402981748500,38.36474853515625,-103.88500213623047,51.50300216674805,-38.9370002746582
1788676402997957000,38.38095703125,-107.42100524902344,53.0150032043457,-38.512001037597656
1788676403014124500,38.39712451171875,-106.5570068359375,52.15500259399414,-38.62200164794922
1788676403030273500,38.4132734375,-107.11600494384766,52.68000411987305,-39.432003021240234
1788676403046440700,38.429440673828125,-107.10000610351562,52.36600112915039,-38.92500305175781
1788676403062555400,38.445555419921874,-107.10000610351562,52.798004150390625,-38.61600112915039
1788676403078776300,38.4617763671875,-105.27400207519531,52.37000274658203,-38.41800308227539
1788676403094934000,38.47793408203125,-107.51400756835938,52.05000305175781,-38.52000045776367
1788676403111046000,38.4940458984375,-108.66900634765625,50.11900329589844,-38.84100341796875
1788676403127171600,38.510171630859375,-107.09500885009766,51.93700408935547,-38.92900085449219
1788676403143280400,38.5262802734375,-109.52100372314453,51.95900344848633,-37.60200119018555
1788676403159405000,38.54240502929687,-110.56000518798828,49.708003997802734,-37.72200012207031
1788676403175586800,38.5585869140625,-108.3590087890625,51.19300079345703,-38.62900161743164
1788676403191664400,38.57466430664063,-108.54700469970703,50.992000579833984,-37.611000061035156
1788676403207791900,38.5907919921875,-108.68400573730469,51.73100280761719,-38.522003173828125
1788676403223920000,38.60692016601563,-109.20000457763672,50.77000427246094,-38.32600021362305
1788676403240095200,38.62309521484375,-110.59500885009766,50.11900329589844,-39.04300308227539
1788676403256297000,38.639296875,-109.34900665283203,51.50100326538086,-39.74500274658203
1788676403272408300,38.655408203125,-107.99500274658203,50.678001403808594,-37.00400161743164
1788676403288548400,38.67154833984375,-108.0530014038086,51.724002838134766,-38.93000030517578
1788676403304694300,38.6876943359375,-110.17800903320312,50.97700119018555,-38.93400192260742
1788676403320868000,38.7038681640625,-106.94000244140625,50.12800216674805,-37.927001953125
1788676403337073200,38.7200732421875,-107.47900390625,50.342002868652344,-38.0260009765625
1788676403353199900,38.736199951171876,-109.50900268554688,50.77700424194336,-37.816001892089844
1788676403369344500,38.752344482421876,-105.35000610351562,50.33500289916992,-38.33400344848633
1788676403385455600,38.76845556640625,-109.86600494384766,52.268001556396484,-38.5150032043457
1788676403401654300,38.784654296875,-109.54400634765625,52.26900100708008,-38.41400146484375
1788676403417828900,38.80082885742188,-108.57600402832031,51.29900360107422,-38.729000091552734
1788676403433971500,38.816971435546876,-108.35200500488281,52.06100082397461,-37.80600357055664
1788676403450135000,38.83313500976563,-107.62600708007812,50.96600341796875,-39.44700241088867
1788676403466141200,38.84914111328125,-107.82600402832031,52.272003173828125,-38.009002685546875
1788676403482266400,38.86526635742187,-109.42400360107422,52.169002532958984,-37.906002044677734
1788676403498476000,38.88147607421875,-108.0580062866211,51.61300277709961,-39.237003326416016
1788676403514580500,38.89758056640625,-108.47600555419922,52.483001708984375,-38.31100082397461
1788676403530737700,38.913737548828124,-108.60600280761719,53.33400344848633,-38.81300354003906
1788676403546865700,38.92986572265625,-108.52700805664062,53.64200210571289,-39.829002380371094
1788676403563082500,38.94608251953125,-107.3290023803711,53.11300277709961,-39.12200164794922
1788676403579266600,38.9622666015625,-109.01700592041016,53.12800216674805,-38.2030029296875
1788676403595428000,38.978427978515626,-110.48100280761719,51.09600067138672,-38.117000579833984
1788676403611599400,38.99459936523437,-110.06100463867188,53.25200271606445,-37.08000183105469
1788676403627717600,39.010717529296876,-107.50000762939453,51.518001556396484,-38.21900177001953
1788676403643877600,39.02687768554687,-109.34900665283203,52.689002990722656,-39.022003173828125
1788676403660075000,39.043074951171874,-109.24100494384766,54.52800369262695,-37.78300094604492
1788676403676216300,39.05921630859375,-109.01500701904297,54.643001556396484,-37.17100143432617
1788676403692378600,39.07537866210937,-109.43400573730469,54.540000915527344,-36.86600112915039
1788676403708527000,39.09152709960937,-109.18500518798828,52.61600112915039,-36.47600173950195
1788676403724710000,39.1077099609375,-108.38200378417969,54.853004455566406,-37.374000549316406
1788676403740836400,39.12383642578125,-108.82000732421875,54.307003021240234,-38.19300079345703
1788676403756946400,39.13994653320312,-109.6500015258789,53.566001892089844,-37.58700180053711
1788676403773080000,39.156080078125,-109.97000885009766,54.8640022277832,-36.76100158691406
1788676403789228800,39.17222875976562,-109.03500366210938,55.06300354003906,-37.77900314331055
1788676403805419000,39.1884189453125,-107.19800567626953,54.85700225830078,-36.96800231933594
1788676403821604900,39.20460498046875,-109.77100372314453,54.74700164794922,-37.47500228881836
1788676403837691100,39.220691162109375,-110.3080062866211,54.853004455566406,-37.57500076293945
1788676403853808000,39.23680810546875,-109.23100280761719,54.31700134277344,-37.479000091552734
1788676403869895400,39.2528955078125,-110.72600555419922,53.99500274658203,-37.68400192260742
1788676403886103600,39.269103515625,-110.07500457763672,55.19000244140625,-36.452003479003906
1788676403902275300,39.285275390625,-110.53700256347656,54.62900161743164,-38.39200210571289
1788676403918367200,39.3013671875,-110.62100219726562,54.75100326538086,-37.27000045776367
1788676403934521000,39.31752099609375,-110.08600616455078,54.53400421142578,-37.375
1788676403950626800,39.333626708984376,-111.58800506591797,54.74800109863281,-37.57400131225586
1788676403966837000,39.3498369140625,-111.59800720214844,54.310001373291016,-38.29100036621094
1788676403982958300,39.365958251953124,-112.8800048828125,55.176002502441406,-37.77300262451172
1788676403999105000,39.38210498046875,-111.37000274658203,55.724002838134766,-36.75100326538086
1788676404015269400,39.39826928710937,-110.86600494384766,56.893001556396484,-37.35300064086914
1788676404031395000,39.41439501953125,-110.84100341796875,55.39600372314453,-37.16200256347656
1788676404047605500,39.43060546875,-110.05300903320312,54.44600296020508,-35.94900131225586
1788676404063793200,39.446793212890626,-109.25800323486328,54.94900131225586,-38.28900146484375
1788676404079890200,39.46289013671875,-109.88600158691406,56.03900146484375,-37.05600357055664
1788676404096019500,39.47901953125,-110.84900665283203,55.17400360107422,-37.67400360107422
1788676404112159000,39.495158935546876,-112.69600677490234,56.45500183105469,-38.27100372314453
1788676404128321000,39.51132104492188,-108.32000732421875,56.12300109863281,-38.58500289916992
1788676404144513000,39.527512939453125,-109.58100891113281,55.27300262451172,-38.18400192260742
1788676404160545800,39.5435458984375,-111.16300201416016,55.50300216674805,-37.16100311279297
1788676404176678700,39.5596787109375,-109.2820053100586,56.98800277709961,-38.06700134277344
1788676404192812500,39.5758125,-110.5250015258789,55.06800079345703,-37.573001861572266
1788676404208984800,39.59198486328125,-109.39300537109375,55.689002990722656,-39.09700012207031
1788676404225192200,39.608192138671875,-111.4050064086914,54.94600296020508,-38.79500198364258
1788676404241319700,39.62431958007812,-110.7800064086914,55.26000213623047,-39.303001403808594
1788676404257465300,39.64046533203125,-109.7020034790039,54.832000732421875,-39.104000091552734
1788676404273588000,39.656587890625,-111.42200469970703,54.71900177001953,-39.7140007019043
1788676404289748700,39.672748779296874,-111.2800064086914,53.660003662109375,-38.807003021240234
1788676404305963800,39.6889638671875,-110.57500457763672,55.68700408935547,-39.4010009765625
1788676404322060500,39.705060546875,-110.37000274658203,54.384002685546875,-40.63500213623047
1788676404338212000,39.72121215820312,-111.1290054321289,54.37800216674805,-41.14400100708008
1788676404354326300,39.737326171875,-109.81800842285156,53.53000259399414,-40.3380012512207
1788676404370521900,39.75352197265625,-110.56100463867188,54.506004333496094,-39.51300048828125
1788676404386689000,39.76968896484375,-110.33500671386719,52.78400421142578,-40.038002014160156
1788676404402826500,39.785826416015624,-109.71800231933594,53.85000228881836,-40.4370002746582
1788676404418982700,39.801982666015626,-110.88800811767578,53.53000259399414,-40.43800354003906
1788676404435087600,39.81808764648437,-111.85600280761719,54.06700134277344,-40.432003021240234
1788676404451277600,39.834277587890625,-109.93800354003906,53.84600067138672,-40.742000579833984
1788676404467449900,39.850449951171875,-111.82000732421875,52.57600402832031,-39.733001708984375
1788676404483575800,39.866575927734374,-109.82500457763672,53.4170036315918,-40.746002197265625
1788676404499742200,39.8827421875,-111.14700317382812,53.17900085449219,-42.682003021240234
1788676404515861000,39.89886108398437,-109.72000885009766,52.875003814697266,-41.159000396728516
1788676404532053800,39.9150537109375,-111.01300811767578,54.16800308227539,-40.84000015258789
1788676404548243500,39.93124340820312,-111.99100494384766,54.26700210571289,-41.551002502441406
1788676404564366600,39.94736669921875,-110.802001953125,52.54500198364258,-41.97500228881836
1788676404580536600,39.96353662109375,-112.30400848388672,54.27100372314453,-41.24500274658203
1788676404596673000,39.97967309570313,-110.59400177001953,53.94600296020508,-41.35200119018555
1788676404612845000,39.995844970703125,-110.68000793457031,53.310001373291016,-40.84800338745117
1788676404629036300,40.01203637695313,-110.78700256347656,53.634002685546875,-40.6410026550293
1788676404645102000,40.02810205078125,-110.81300354003906,53.83500289916992,-41.65800094604492
1788676404661214500,40.04421435546875,-114.10700225830078,53.85000228881836,-40.941001892089844
1788676404677359600,40.06035961914063,-113.36500549316406,54.27700424194336,-40.93800354003906
1788676404693540600,40.07654052734375,-114.531005859375,53.96000289916992,-40.736000061035156
1788676404709740000,40.09273999023438,-113.99100494384766,54.50400161743164,-40.12000274658203
1788676404725864400,40.10886450195313,-113.76600646972656,54.51000213623047,-39.611000061035156
1788676404741994200,40.124994140625,-113.14600372314453,55.14500427246094,-40.11600112915039
1788676404758118400,40.14111840820313,-112.82100677490234,54.17500305175781,-40.53200149536133
1788676404774304300,40.15730419921875,-112.27800750732422,53.855003356933594,-40.332000732421875
1788676404790517000,40.17351708984375,-113.34100341796875,54.832000732421875,-39.50699996948242
1788676404806530800,40.18953076171875,-113.89300537109375,53.849002838134766,-40.941001892089844
1788676404822565400,40.2055654296875,-112.49500274658203,55.58200454711914,-39.400001525878906
1788676404838653700,40.22165380859375,-112.39000701904297,54.717002868652344,-40.01900100708008
1788676404854838300,40.23783837890625,-110.91800689697266,53.40400314331055,-41.86600112915039
1788676404870988300,40.25398828125,-112.27100372314453,53.96800231933594,-39.92300033569336
1788676404887128600,40.27012866210937,-113.24900817871094,53.09400177001953,-41.25400161743164
1788676404903288800,40.286288818359374,-113.67500305175781,53.63600158691406,-40.84100341796875
1788676404919387400,40.302387451171874,-113.36400604248047,53.84600067138672,-41.14600372314453
1788676404935593700,40.31859375,-111.7560043334961,52.55000305175781,-41.66800308227539
1788676404951765800,40.334765869140625,-114.65400695800781,53.95100402832031,-41.44900131225586
1788676404967908400,40.350908447265624,-113.66400909423828,52.88600158691406,-40.84800338745117
1788676404984068600,40.36706860351563,-111.97100830078125,53.631004333496094,-41.047000885009766
1788676405000183000,40.38318310546875,-114.09900665283203,53.314002990722656,-40.94600296020508
1788676405016404000,40.399404052734376,-111.87700653076172,53.406002044677734,-41.76300048828125
1788676405032592000,40.415591796875,-114.10400390625,52.987003326416016,-41.35600280761719
1788676405048704300,40.431704345703125,-114.3080062866211,51.156002044677734,-42.08500289916992
1788676405064832000,40.44783203125,-114.24800872802734,50.435001373291016,-39.85000228881836
1788676405080967700,40.4639677734375,-113.32300567626953,50.19600296020508,-41.58500289916992
1788676405097141500,40.4801416015625,-114.29100799560547,50.73400115966797,-41.579002380371094
1788676405113336600,40.496336669921874,-115.78600311279297,51.60000228881836,-41.060001373291016
1788676405129422000,40.51242211914062,-113.55900573730469,50.832000732421875,-42.191001892089844
1788676405145558300,40.528558349609376,-114.50800323486328,50.948001861572266,-41.577003479003906
1788676405161586400,40.54458642578125,-111.67300415039062,47.52100372314453,-41.10200119018555
1788676405177766100,40.56076611328125,-112.906005859375,49.97300338745117,-42.19900131225586
1788676405193972500,40.57697241210938,-113.84100341796875,48.58500289916992,-41.90400314331055
1788676405210009900,40.593009765625,-113.67100524902344,49.099002838134766,-43.53000259399414
1788676405226136300,40.60913623046875,-112.79400634765625,48.4630012512207,-42.926002502441406
1788676405242229200,40.62522924804688,-113.63900756835938,48.5780029296875,-42.41400146484375
1788676405258372400,40.64137231445312,-111.84600830078125,48.88600158691406,-43.22900390625
1788676405274560500,40.657560546875,-113.64700317382812,49.33000183105469,-42.30600357055664
1788676405290693000,40.67369311523437,-112.90000915527344,48.57200241088867,-42.823001861572266
1788676405306847000,40.68984692382813,-112.21500396728516,47.301002502441406,-41.612003326416016
1788676405322993700,40.70599365234375,-111.06900787353516,48.038002014160156,-42.422000885009766
1788676405339183900,40.722183837890626,-111.25300598144531,47.73200225830078,-41.30400085449219
1788676405355355100,40.73835522460938,-112.67200469970703,47.500003814697266,-42.832000732421875
1788676405371475700,40.75447583007813,-112.9840087890625,46.42400360107422,-43.147003173828125
1788676405387640600,40.770640625,-114.11100769042969,46.2390022277832,-41.11000061035156
1788676405403759600,40.78675952148438,-112.31900787353516,46.65400314331055,-41.92300033569336
1788676405419962000,40.80296215820312,-113.05400848388672,45.906002044677734,-41.827003479003906
1788676405436144400,40.819144287109374,-113.02400207519531,45.708003997802734,-40.60700225830078
1788676405452298200,40.83529833984375,-111.94200897216797,44.5260009765625,-40.720001220703125
1788676405468468000,40.85146801757813,-111.33600616455078,43.53200149536133,-42.86900329589844
1788676405484582000,40.86758178710937,-112.38700866699219,44.625003814697266,-41.432003021240234
1788676405500797700,40.883797607421876,-112.7080078125,43.868003845214844,-41.948001861572266
1788676405516989000,40.89998901367188,-111.2800064086914,43.13300323486328,-40.63200378417969
1788676405533106000,40.91610595703125,-113.94800567626953,42.4900016784668,-40.939002990722656
1788676405549281000,40.93228100585937,-114.52900695800781,43.11100387573242,-42.665000915527344
1788676405565399800,40.94839990234375,-113.12100219726562,43.01300048828125,-41.85300064086914
1788676405581560800,40.96456079101562,-111.50700378417969,42.26100158691406,-41.76000213623047
1788676405597758700,40.9807587890625,-111.06800842285156,42.37600326538086,-41.14800262451172
1788676405613898500,40.9968984375,-111.93000793457031,41.832000732421875,-41.8650016784668
1788676405630009300,41.01300927734375,-110.76900482177734,42.470001220703125,-42.064002990722656
1788676405646107600,41.029107666015626,-112.55400848388672,41.41100311279297,-41.358001708984375
1788676405662292000,41.0452919921875,-113.64200592041016,42.04900360107422,-41.86100387573242
1788676405678492000,41.06149194335938,-111.79000854492188,40.87900161743164,-40.95600128173828
1788676405694620700,41.07762060546875,-111.24800872802734,40.34300231933594,-40.96200180053711
1788676405710724000,41.09372412109375,-111.14400482177734,41.20500183105469,-40.547000885009766
1788676405726827500,41.10982763671875,-112.17100524902344,40.04300308227539,-39.435001373291016
1788676405743018500,41.1260185546875,-110.94000244140625,41.20000076293945,-40.95500183105469
1788676405759226600,41.1422265625,-110.7800064086914,40.47500228881836,-39.0260009765625
1788676405775306000,41.158305908203126,-112.07100677490234,41.012001037597656,-39.121002197265625
1788676405791443500,41.174443359375,-111.65400695800781,41.22100067138672,-39.426002502441406
1788676405807559400,41.19055932617187,-113.66700744628906,40.47700119018555,-39.22600173950195
1788676405823762400,41.206762451171876,-112.25700378417969,41.137001037597656,-37.79600143432617
1788676405839982800,41.22298291015625,-111.37600708007812,39.09800338745117,-37.9170036315918
1788676405856120000,41.2391201171875,-111.84900665283203,39.93600082397461,-39.4370002746582
1788676405872277200,41.25527734375,-111.82100677490234,40.49300003051758,-37.802001953125
1788676405888381200,41.27138110351562,-110.88800811767578,40.04300308227539,-39.33500289916992
1788676405904573400,41.28757348632813,-112.92000579833984,40.80000305175781,-39.02000045776367
1788676405920743200,41.3037431640625,-109.8060073852539,38.861000061035156,-39.44900131225586
1788676405936875000,41.319875,-109.0570068359375,39.617000579833984,-38.93400192260742
1788676405953038000,41.3360380859375,-110.33800506591797,39.72700119018555,-38.829002380371094
1788676405969135900,41.35213598632812,-110.2280044555664,38.540000915527344,-39.45100021362305
1788676405985317000,41.36831713867188,-107.7820053100586,39.71900177001953,-39.13800048828125
1788676406001505000,41.38450512695312,-110.1300048828125,40.26400375366211,-38.72300338745117
1788676406017615000,41.400614990234374,-109.39900207519531,39.172000885009766,-40.160003662109375
1788676406033741600,41.416741455078125,-109.927001953125,40.58100128173828,-39.0260009765625
1788676406049884400,41.432884521484375,-108.77300262451172,39.91800308227539,-40.358001708984375
1788676406066064600,41.44906469726563,-109.61700439453125,39.81800079345703,-39.95000076293945
1788676406082265000,41.46526513671875,-107.76800537109375,39.836002349853516,-38.42400360107422
1788676406098348000,41.48134814453125,-109.1780014038086,40.47300338745117,-39.02800369262695
1788676406114462000,41.4974619140625,-107.34000396728516,38.97100067138672,-38.94200134277344
1788676406130606000,41.513606201171875,-108.9310073852539,37.68300247192383,-39.25699996948242
1788676406146793000,41.52979296875,-108.9540023803711,39.182003021240234,-39.345001220703125
1788676406162998800,41.54599877929687,-108.19900512695312,38.96900177001953,-39.14400100708008
1788676406179121400,41.56212133789062,-108.51600646972656,38.75600051879883,-39.14600372314453
1788676406195263700,41.578263671875,-107.01700592041016,38.10700225830078,-39.35700225830078
1788676406211369200,41.594369140625,-106.89800262451172,37.89800262451172,-38.952003479003906
1788676406227565600,41.61056567382813,-107.6820068359375,36.90500259399414,-41.20000076293945
1788676406243783200,41.626783203125,-107.76600646972656,38.540000915527344,-39.14900207519531
1788676406259916500,41.64291650390625,-109.00700378417969,37.16100311279297,-38.242000579833984
1788676406276069000,41.65906909179687,-106.59200286865234,39.402000427246094,-38.63300323486328
1788676406292187100,41.67518725585938,-106.8070068359375,37.564002990722656,-39.871002197265625
1788676406308386800,41.69138671875,-106.97300720214844,35.432003021240234,-39.07500076293945
1788676406324557300,41.707557373046875,-105.09300231933594,37.457000732421875,-39.67100143432617
1788676406340653600,41.72365356445312,-106.14200592041016,36.60600280761719,-39.371002197265625
1788676406356817700,41.739817626953126,-105.39000701904297,37.25600051879883,-38.755001068115234
1788676406372932000,41.75593212890625,-107.82300567626953,35.652000427246094,-38.76700210571289
1788676406389140700,41.772140625,-106.2040023803711,35.98500061035156,-37.74700164794922
1788676406405317000,41.78831713867187,-104.3810043334961,34.797000885009766,-38.1670036315918
1788676406421464800,41.80446484375,-104.94200134277344,35.43000030517578,-38.97600173950195
1788676406437615900,41.82061596679687,-104.73300170898438,37.5880012512207,-37.83700180053711
1788676406453732600,41.83673266601563,-105.5840072631836,36.51100158691406,-38.354000091552734
1788676406469929200,41.85292919921875,-106.59400177001953,33.954002380371094,-37.35700225830078
1788676406486109000,41.86910888671875,-106.21800231933594,35.86800003051758,-38.461002349853516
1788676406502225000,41.88522485351562,-105.33100128173828,34.48100280761719,-37.86300277709961
1788676406518389800,41.9013896484375,-106.79100799560547,33.42399978637695,-36.954002380371094
1788676406534519000,41.91751904296875,-105.3270034790039,35.02400207519531,-37.349002838134766
1788676406550693000,41.93369311523438,-106.16000366210938,33.634002685546875,-37.25800323486328
1788676406566886000,41.94988598632813,-106.38500213623047,33.84300231933594,-37.66400146484375
1788676406583004700,41.966004638671876,-104.24900817871094,34.272003173828125,-37.35700225830078
1788676406599141000,41.98214111328125,-105.96400451660156,34.270999908447266,-37.66100311279297
1788676406615239000,41.99823901367188,-105.96400451660156,34.270999908447266,-37.66100311279297
1788676406631429400,42.014429443359376,-106.73600769042969,35.013999938964844,-38.263999938964844
1788676406647631400,42.03063134765625,-105.84500122070312,33.84600067138672,-37.35900115966797
1788676406663759000,42.046759033203124,-105.18700408935547,34.93600082397461,-35.92400360107422
1788676406679885600,42.062885498046874,-105.1100082397461,35.78200149536133,-36.73100280761719
1788676406695997200,42.0789970703125,-104.56900787353516,34.59700012207031,-37.150001525878906
1788676406712189700,42.095189697265624,-106.69900512695312,34.496002197265625,-36.945003509521484
1788676406728400400,42.111400390625,-104.88900756835938,35.89500045776367,-36.323001861572266
1788676406744535600,42.12753564453125,-105.64500427246094,35.0260009765625,-37.24700164794922
1788676406760692200,42.143692138671874,-105.29000854492188,34.182003021240234,-36.236000061035156
1788676406776808400,42.15980834960938,-105.7560043334961,34.159000396728516,-37.967002868652344
1788676406793018000,42.17601806640625,-104.25200653076172,35.45900344848633,-36.73500061035156
1788676406809155600,42.19215551757812,-103.9280014038086,34.70500183105469,-37.04800033569336
1788676406825278500,42.208278564453124,-104.76200866699219,34.39400100708008,-36.33700180053711
1788676406841446700,42.22444677734375,-104.56600189208984,34.05800247192383,-37.35900115966797
1788676406857489700,42.24048974609375,-104.76800537109375,35.36300277709961,-36.02300262451172
1788676406873703200,42.256703125,-104.27700805664062,36.30900192260742,-37.3390007019043
1788676406889873000,42.272872802734376,-102.98800659179688,35.44600296020508,-37.552001953125
1788676406905975300,42.28897534179688,-102.8790054321289,36.42000198364258,-36.83100128173828
1788676406922103300,42.30510327148438,-104.15200805664062,35.99500274658203,-36.73100280761719
1788676406938233900,42.32123388671875,-104.3550033569336,34.70500183105469,-37.04800033569336
1788676406954401500,42.337401611328126,-104.16300201416016,37.070003509521484,-36.518001556396484
1788676406970614500,42.353614501953125,-105.4070053100586,36.229000091552734,-35.40299987792969
1788676406986725400,42.36972534179687,-104.15400695800781,36.426002502441406,-36.52300262451172
1788676407002856000,42.38585595703125,-104.14500427246094,36.432003021240234,-36.11600112915039
1788676407018981000,42.40198120117188,-104.56400299072266,36.54500198364258,-35.707000732421875
1788676407035146500,42.418146484375,-105.72000122070312,35.694000244140625,-35.40700149536133
1788676407051348200,42.43434814453125,-105.65200805664062,35.022003173828125,-37.552001953125
1788676407067455500,42.45045556640625,-104.17000579833984,36.63300323486328,-37.13300323486328
1788676407083582000,42.46658203125,-103.81300354003906,35.57400131225586,-36.124000549316406
1788676407099730000,42.48272998046875,-101.36900329589844,36.643001556396484,-36.0160026550293
1788676407115911000,42.49891088867187,-102.86800384521484,36.427001953125,-36.32100296020508
1788676407132118500,42.51511840820312,-103.3810043334961,35.900001525878906,-35.7140007019043
1788676407148251400,42.53125146484375,-104.68400573730469,35.99700164794922,-36.62800216674805
1788676407164401000,42.54740087890625,-104.25200653076172,36.108001708984375,-36.32200241088867
1788676407180513800,42.563513671875,-101.38400268554688,36.742000579833984,-36.62600326538086
1788676407196657000,42.579656982421874,-102.34200286865234,36.314002990722656,-36.730003356933594
1788676407212782800,42.59578295898437,-103.84200286865234,37.393001556396484,-36.31100082397461
1788676407228899800,42.61189990234375,-102.13400268554688,35.445003509521484,-37.553001403808594
1788676407244921600,42.627921630859376,-102.26300811767578,36.83700180053711,-37.643001556396484
1788676407261046800,42.644046875,-104.56700134277344,35.78700256347656,-36.32500076293945
1788676407277256000,42.660255859375,-101.70500183105469,36.634002685546875,-36.72800064086914
1788676407293430500,42.67643041992188,-102.01800537109375,36.42300033569336,-36.5260009765625
1788676407309577200,42.6925771484375,-101.27600860595703,36.31100082397461,-36.83400344848633
1788676407325741600,42.708741455078126,-101.59200286865234,35.665000915527344,-37.04300308227539
1788676407341868000,42.72486791992188,-100.74700164794922,36.84700012207031,-36.72800064086914
1788676407358088200,42.741088134765626,-101.17200469970703,35.552001953125,-37.452003479003906
1788676407374270500,42.7572705078125,-99.79600524902344,36.19200134277344,-37.55000305175781
1788676407390428400,42.77342846679687,-102.1310043334961,36.2030029296875,-36.935001373291016
1788676407406604300,42.78960424804688,-102.6030044555664,36.50100326538086,-38.7660026550293
1788676407422744600,42.80574462890625,-101.09900665283203,36.9370002746582,-38.051002502441406
1788676407438918700,42.821918701171874,-101.95000457763672,37.37200164794922,-37.63800048828125
1788676407455112700,42.83811279296875,-101.08000183105469,36.948001861572266,-37.236000061035156
1788676407471192800,42.85419287109375,-100.43000793457031,37.70900344848633,-36.31300354003906
1788676407487329000,42.8703291015625,-100.01100158691406,35.86600112915039,-37.858001708984375
1788676407503474200,42.88647412109375,-100.8530044555664,35.76700210571289,-37.34800338745117
1788676407519653600,42.902653564453125,-98.41600799560547,36.18400192260742,-37.95900344848633
1788676407535848000,42.918847900390624,-97.98800659179688,36.400001525878906,-37.75400161743164
1788676407551914800,42.93491479492187,-98.71400451660156,34.685001373291016,-37.87000274658203
1788676407568051200,42.95105126953125,-101.11200714111328,36.92900085449219,-38.66200256347656
1788676407584197400,42.967197265625,-100.8800048828125,36.939002990722656,-37.84700012207031
1788676407600386600,42.983386474609375,-99.27300262451172,36.832000732421875,-37.645999908447266
1788676407616573200,42.9995732421875,-97.4520034790039,34.78000259399414,-38.68600082397461
1788676407632682200,43.01568212890625,-98.29500579833984,36.30000305175781,-37.24500274658203
1788676407648807700,43.0318076171875,-99.2540054321289,35.33100128173828,-37.762001037597656
1788676407664949500,43.04794946289063,-99.49200439453125,37.37000274658203,-37.540000915527344
1788676407681141200,43.064141357421875,-99.39800262451172,35.849002838134766,-39.08100128173828
1788676407697310200,43.080310302734375,-99.7070083618164,35.85600280761719,-38.57100296020508
1788676407713433900,43.09643383789062,-99.1300048828125,34.044002532958984,-37.77300262451172
1788676407729592000,43.112592041015624,-100.00100708007812,35.7650032043457,-37.45100021362305
1788676407745710600,43.12871069335937,-100.4310073852539,35.65500259399414,-37.65500259399414
1788676407761914400,43.14491430664062,-97.6830062866211,35.41699981689453,-39.08700180053711
1788676407778078200,43.161078125,-98.53700256347656,35.85200119018555,-38.777000427246094
1788676407794223900,43.17722387695313,-100.43900299072266,35.867000579833984,-37.85700225830078
1788676407810386000,43.193385986328124,-97.76500701904297,35.75699996948242,-37.76000213623047
1788676407826509300,43.20950927734375,-98.71500396728516,36.73800277709961,-36.62900161743164
1788676407842716700,43.225716552734376,-98.71400451660156,34.361000061035156,-38.07600021362305
1788676407858884900,43.241884765625,-99.07100677490234,36.39200210571289,-38.46600341796875
1788676407874994400,43.257994384765624,-97.75800323486328,35.54500198364258,-37.55800247192383
1788676407891116000,43.27411596679688,-98.4050064086914,36.191001892089844,-37.44900131225586
1788676407907261400,43.29026147460937,-99.25800323486328,35.76100158691406,-37.656002044677734
1788676407923440600,43.30644067382813,-98.31500244140625,36.397003173828125,-38.05900192260742
1788676407939641300,43.32264135742187,-99.18500518798828,38.22500228881836,-37.634002685546875
1788676407955756800,43.3387568359375,-99.1760025024414,37.691001892089844,-37.53700256347656
1788676407971889700,43.3548896484375,-98.94500732421875,36.945003509521484,-37.23800277709961
1788676407987991600,43.370991455078126,-97.91600799560547,37.13500213623047,-38.86800003051758
1788676408004179200,43.38717919921875,-96.7540054321289,37.6670036315918,-39.06800079345703
1788676408020361200,43.403361328125,-98.09900665283203,35.749000549316406,-38.371002197265625
1788676408036396300,43.41939624023438,-98.62600708007812,35.75400161743164,-38.064002990722656
1788676408052521200,43.43552124023437,-97.53500366210938,37.97200012207031,-40.38900375366211
1788676408068566500,43.45156640625,-98.7540054321289,36.93100357055664,-38.25699996948242
1788676408084758300,43.46775830078125,-99.08000183105469,36.387001037597656,-38.87300109863281
1788676408100967200,43.48396728515625,-96.9540023803711,35.08100128173828,-40.11000061035156
1788676408117080800,43.500080810546876,-97.28900146484375,36.47800064086914,-39.893001556396484
1788676408133228300,43.51622827148437,-95.23100280761719,35.84400177001953,-38.98500061035156
1788676408149341400,43.53234155273437,-96.6510009765625,37.3390007019043,-39.479000091552734
1788676408165539800,43.54853979492187,-96.83100128173828,35.7390022277832,-38.983001708984375
1788676408181755000,43.5647548828125,-95.79800415039062,37.87800216674805,-39.17000198364258
1788676408197893000,43.58089306640625,-96.50000762939453,36.61000061035156,-37.95800018310547
1788676408214052400,43.59705224609375,-99.3790054321289,36.29300308227539,-37.957000732421875
1788676408230165200,43.613165283203124,-95.9850082397461,37.13800048828125,-38.4630012512207
1788676408246374000,43.62937377929688,-95.88400268554688,37.8910026550293,-38.25300216674805
1788676408262545400,43.64554541015625,-96.41900634765625,37.134002685546875,-38.768001556396484
1788676408278689800,43.66168969726562,-98.42100524902344,37.15400314331055,-37.54300308227539
1788676408294853000,43.67785302734375,-97.25700378417969,37.5780029296875,-37.74400329589844
1788676408311004000,43.69400390625,-96.18500518798828,35.634002685546875,-38.781002044677734
1788676408327197200,43.710197265625,-96.2070083618164,37.24100112915039,-38.76700210571289
1788676408343379000,43.72637890625,-95.98900604248047,37.56800079345703,-38.35700225830078
1788676408359480300,43.74248022460937,-99.61200714111328,37.68600082397461,-37.944000244140625
1788676408375649500,43.7586494140625,-97.49000549316406,37.67500305175781,-38.55800247192383
1788676408391785700,43.77478564453125,-98.03500366210938,38.31700134277344,-38.65400314331055
1788676408407951600,43.79095166015625,-98.3530044555664,37.99500274658203,-38.75800323486328
1788676408424144000,43.80714379882812,-97.06900787353516,37.99400329589844,-38.65800094604492
1788676408440219600,43.8232197265625,-98.14500427246094,37.88300323486328,-39.06500244140625
1788676408456354000,43.83935400390625,-96.1820068359375,37.25600051879883,-37.647003173828125
1788676408472497000,43.85549682617187,-95.7750015258789,36.919002532958984,-38.77100372314453
1788676408488669200,43.87166918945312,-94.65900421142578,39.47600173950195,-39.768001556396484
1788676408504862500,43.887862548828124,-97.81700134277344,38.96800231933594,-38.03700256347656
1788676408520981800,43.903981689453126,-98.14300537109375,38.10000228881836,-38.85900115966797
1788676408537121500,43.92012158203125,-97.49900817871094,38.64200210571289,-38.34600067138672
1788676408553215000,43.93621508789062,-96.01000213623047,38.96000289916992,-38.44700241088867
1788676408569409000,43.95240893554688,-97.9320068359375,38.74700164794922,-38.54800033569336
1788676408585652200,43.96865234375,-96.88400268554688,38.19300079345703,-39.777000427246094
1788676408601786400,43.984786376953124,-97.05900573730469,38.432003021240234,-37.941001892089844
1788676408617936400,44.00093627929687,-97.0840072631836,39.066001892089844,-38.64800262451172
1788676408634046000,44.0170458984375,-95.40400695800781,40.775001525878906,-38.8390007019043
1788676408650239700,44.03323974609375,-96.26900482177734,39.25699996948242,-40.277000427246094
1788676408666407200,44.0494072265625,-94.41400146484375,38.522003173828125,-38.96200180053711
1788676408682498300,44.06549829101562,-96.12200164794922,39.49700164794922,-38.34000015258789
1788676408698656000,44.08165600585937,-96.4530029296875,39.275001525878906,-38.9530029296875
1788676408714772200,44.097772216796876,-94.76300811767578,40.77400207519531,-38.84000015258789
1788676408730974500,44.11397436523438,-94.31200408935547,39.707000732421875,-38.44200134277344
1788676408747142700,44.130142578125,-95.82100677490234,39.70100021362305,-39.052001953125
1788676408763275800,44.14627587890625,-94.86100769042969,39.159000396728516,-39.46500015258789
1788676408779444700,44.16244482421875,-94.19300079345703,38.310001373291016,-38.76000213623047
1788676408795578600,44.17857861328125,-96.7540054321289,38.855003356933594,-38.345001220703125
1788676408811720400,44.19472045898438,-96.76700592041016,38.95500183105469,-38.85300064086914
1788676408827924700,44.2109248046875,-96.43400573730469,38.20600128173828,-38.75800323486328
1788676408844038100,44.2270380859375,-93.46400451660156,39.486000061035156,-38.85300064086914
1788676408860136700,44.24313671875,-96.67000579833984,39.165000915527344,-39.15700149536133
1788676408876259600,44.259259521484374,-94.71900177001953,38.53200149536133,-38.24800109863281
1788676408892417800,44.275417724609376,-96.16100311279297,40.66200256347656,-39.34800338745117
1788676408908620000,44.2916201171875,-95.36400604248047,38.20600128173828,-38.65800094604492
1788676408924732000,44.30773193359375,-95.57500457763672,39.18000030517578,-37.93600082397461
1788676408940871700,44.32387158203125,-97.53300476074219,38.189002990722656,-40.18300247192383
1788676408956970200,44.33997021484375,-94.71100616455078,38.320003509521484,-38.047000885009766
1788676408973157600,44.35615771484375,-95.25000762939453,38.534000396728516,-38.145999908447266
1788676408989365200,44.372365234375,-96.01300811767578,38.85000228881836,-38.6510009765625
1788676409005493200,44.3884931640625,-95.49900817871094,40.566001892089844,-38.43300247192383
1788676409021637400,44.40463745117187,-95.18900299072266,39.695003509521484,-39.46000289916992
1788676409037746200,44.42074609375,-96.24800109863281,38.729000091552734,-39.67100143432617
1788676409053937000,44.43693701171875,-94.31600189208984,39.4890022277832,-38.75
1788676409070150700,44.45315063476563,-95.94800567626953,39.04100036621094,-40.38200378417969
1788676409086283300,44.469283203125,-92.8060073852539,39.387001037597656,-38.1410026550293
1788676409102434600,44.4854345703125,-92.62200164794922,40.66600036621094,-38.6400032043457
1788676409118550000,44.50155004882812,-95.06600189208984,38.84000015258789,-39.26400375366211
1788676409134752500,44.51775244140625,-94.41600799560547,38.845001220703125,-38.85700225830078
1788676409150922000,44.533921875,-94.97000122070312,39.48200225830078,-39.36000061035156
1788676409167057000,44.550056884765624,-94.74200439453125,40.57100296020508,-38.027000427246094
1788676409183213800,44.5662138671875,-96.47300720214844,40.34400177001953,-39.147003173828125
1788676409199334100,44.58233422851563,-94.78300476074219,39.573001861572266,-40.480003356933594
1788676409215551000,44.59855102539063,-95.41900634765625,39.361000061035156,-40.37900161743164
1788676409231724300,44.61472436523437,-93.89600372314453,38.83500289916992,-39.46900177001953
1788676409247825200,44.6308251953125,-93.24400329589844,39.814002990722656,-38.34100341796875
1788676409263990300,44.646990234375,-95.40800476074219,39.26000213623047,-39.97300338745117
1788676409280119300,44.66311938476562,-93.40300750732422,39.67400360107422,-40.78700256347656
1788676409296337000,44.6793369140625,-95.62400817871094,40.55600357055664,-39.24800109863281
1788676409312527600,44.69552758789062,-94.86800384521484,39.479000091552734,-39.564002990722656
1788676409328662500,44.71166259765625,-95.91400146484375,40.358001708984375,-38.027000427246094
1788676409344776700,44.727776611328125,-96.01700592041016,39.28000259399414,-38.54600143432617
1788676409360908500,44.743908447265625,-94.09800720214844,40.1400032043457,-38.13300323486328
1788676409377075200,44.7600751953125,-95.90300750732422,39.717002868652344,-37.93100357055664
1788676409393207300,44.776207275390625,-93.13600158691406,40.89500045776367,-37.61800003051758
1788676409409272000,44.79227197265625,-93.03800201416016,39.37700271606445,-38.95600128173828
1788676409425408500,44.80840844726563,-93.80000305175781,39.15300369262695,-39.772003173828125
1788676409441558800,44.82455883789063,-93.48300170898438,39.691001892089844,-39.564002990722656
1788676409457743400,44.840743408203124,-93.16100311279297,40.55600357055664,-38.94600296020508
1788676409473942800,44.85694287109375,-94.32000732421875,40.78300094604492,-38.12700271606445
1788676409490066200,44.873066162109374,-94.21400451660156,39.810001373291016,-38.74700164794922
1788676409506204000,44.889203857421876,-96.88500213623047,40.78600311279297,-38.22600173950195
1788676409522301400,44.90530151367187,-95.62300109863281,40.34000015258789,-39.35200119018555
1788676409538494200,44.921494140625,-93.7030029296875,41.63300323486328,-38.630001068115234
1788676409554707500,44.93770751953125,-94.11500549316406,41.21000289916992,-38.22600173950195
1788676409570836000,44.9538359375,-94.57100677490234,42.16600036621094,-38.93000030517578
1788676409586986200,44.969986328125,-95.52400207519531,40.87600326538086,-39.34700012207031
1788676409603099000,44.98609887695312,-94.04200744628906,42.16200256347656,-39.134002685546875
1788676409619301000,45.00230102539062,-93.62400817871094,42.156002044677734,-39.5420036315918
1788676409635518000,45.01851806640625,-92.74300384521484,41.52300262451172,-38.73400115966797
1788676409651676700,45.0346767578125,-92.53700256347656,41.08500289916992,-39.349002838134766
1788676409667812900,45.05081274414062,-92.41900634765625,40.983001708984375,-38.94300079345703
1788676409683931000,45.066930908203126,-92.09600067138672,40.444000244140625,-39.152000427246094
1788676409700138500,45.083138427734376,-91.02900695800781,40.65800094604492,-39.04900360107422
1788676409716308500,45.09930859375,-92.4330062866211,40.327003479003906,-39.967002868652344
1788676409732451000,45.115451171875,-93.177001953125,41.73500061035156,-38.935001373291016
1788676409748612600,45.13161254882812,-93.39100646972656,41.08700180053711,-39.34800338745117
1788676409764745500,45.14774536132813,-92.97400665283203,41.29600143432617,-39.652000427246094
1788676409780919300,45.163919189453125,-89.51000213623047,40.02300262451172,-38.34400177001953
1788676409797108000,45.18010791015625,-92.88400268554688,40.74500274658203,-40.77800369262695
1788676409813170700,45.19617065429688,-90.40300750732422,40.8650016784668,-39.55800247192383
1788676409829281500,45.212281494140626,-91.26800537109375,40.535003662109375,-40.272003173828125
1788676409845419000,45.2284189453125,-88.99700164794922,41.0890007019043,-38.6410026550293
1788676409861593300,45.24459326171875,-92.46400451660156,42.902000427246094,-39.74100112915039
1788676409877788400,45.26078833007813,-92.46000671386719,40.95900344848633,-40.777000427246094
1788676409893892000,45.27689208984375,-92.23700714111328,41.612003326416016,-39.95600128173828
1788676409910025000,45.29302490234375,-91.36200714111328,40.868003845214844,-39.454002380371094
1788676409926167800,45.309167724609374,-91.08900451660156,42.35100173950195,-40.66400146484375
1788676409942347800,45.32534765625,-91.47400665283203,40.64800262451172,-39.8640022277832
1788676409958557700,45.3415576171875,-91.86000061035156,39.80900192260742,-38.54600143432617
1788676409974681600,45.357681640625,-91.73700714111328,39.60300064086914,-37.9370002746582
1788676409990824700,45.37382470703125,-91.2560043334961,40.435001373291016,-39.76400375366211
1788676410006930200,45.38993017578125,-91.02700805664062,40.01100158691406,-39.361000061035156
1788676410023125000,45.406125,-91.76800537109375,39.044002532958984,-39.67400360107422
1788676410039292200,45.422292236328126,-91.47100067138672,41.082000732421875,-39.452003479003906
1788676410055425800,45.43842578125,-91.69600677490234,40.21200180053711,-40.47800064086914
1788676410071580200,45.454580078125,-90.95100402832031,40.749000549316406,-40.27100372314453
1788676410087694300,45.4706943359375,-90.43800354003906,40.303001403808594,-41.49800109863281
1788676410103898000,45.48689819335937,-90.83000183105469,41.51400375366211,-39.14400100708008
1788676410120070700,45.50307055664062,-91.86700439453125,39.15700149536133,-39.2650032043457
1788676410136212000,45.5192119140625,-90.8290023803711,40.00100326538086,-40.07400131225586
1788676410152372200,45.53537231445313,-90.38300323486328,40.229000091552734,-39.05400085449219
1788676410168494600,45.55149462890625,-91.56300354003906,39.47100067138672,-39.772003173828125
1788676410184700000,45.567699951171875,-89.46100616455078,40.095001220703125,-40.8900032043457
1788676410200876800,45.58387670898438,-90.16800689697266,38.5,-40.0880012512207
1788676410217033500,45.60003344726562,-91.57500457763672,40.00400161743164,-39.97100067138672
1788676410233208800,45.61620874023438,-89.96000671386719,39.9010009765625,-39.46500015258789
1788676410249342200,45.63234228515625,-90.91700744628906,39.58100128173828,-39.46600341796875
1788676410265516300,45.648516357421876,-89.19400787353516,39.695003509521484,-38.75400161743164
1788676410281707000,45.66470703125,-90.81200408935547,40.22800064086914,-39.15500259399414
1788676410297862000,45.68086181640625,-90.41000366210938,39.564002990722656,-40.69000244140625
1788676410314036200,45.6970361328125,-90.79200744628906,38.94300079345703,-39.06500244140625
1788676410330168800,45.7131689453125,-88.99600219726562,38.172000885009766,-40.39800262451172
1788676410346345200,45.72934521484375,-88.91800689697266,41.073001861572266,-39.86300277709961
1788676410362539500,45.74553955078125,-90.60700225830078,40.65500259399414,-39.25400161743164
1788676410378601500,45.7616015625,-92.08600616455078,40.018001556396484,-38.952003479003906
1788676410394741800,45.77774169921875,-90.5250015258789,41.288002014160156,-39.961002349853516
1788676410410889700,45.7938896484375,-90.19700622558594,42.2650032043457,-39.03600311279297
1788676410427079700,45.81007958984375,-90.51300048828125,41.079002380371094,-39.55600357055664
1788676410443289000,45.8262890625,-89.77300262451172,41.6140022277832,-39.552001953125
1788676410459419000,45.8424189453125,-91.69500732421875,42.15700149536133,-39.2390022277832
1788676410475546400,45.85854638671875,-89.85800170898438,40.547000885009766,-39.255001068115234
1788676410491661600,45.87466162109375,-89.16300201416016,42.35100173950195,-40.4630012512207
1788676410507840800,45.8908408203125,-88.29200744628906,42.143001556396484,-39.855003356933594
1788676410524050200,45.90705029296875,-90.9310073852539,40.76100158691406,-39.354000091552734
1788676410540172800,45.9231728515625,-90.01600646972656,42.137001037597656,-40.566001892089844
1788676410556317000,45.93931689453125,-87.96000671386719,41.177001953125,-39.96500015258789
1788676410572433000,45.95543286132813,-89.26000213623047,43.65400314331055,-39.229000091552734
1788676410588636400,45.971636474609376,-91.0830078125,43.76000213623047,-39.531002044677734
1788676410604854500,45.9878544921875,-88.29600524902344,44.086002349853516,-38.819000244140625
1788676410620988000,46.00398779296875,-89.302001953125,44.060001373291016,-40.855003356933594
1788676410637143300,46.02014331054688,-88.66000366210938,43.952003479003906,-40.85700225830078
1788676410653257200,46.03625732421875,-87.54400634765625,43.439002990722656,-39.02900314331055
1788676410669466400,46.05246630859375,-90.21300506591797,43.22800064086914,-39.12900161743164
1788676410685636000,46.068635986328125,-86.79000091552734,44.09100341796875,-38.31100082397461
1788676410701783600,46.08478344726562,-87.3530044555664,44.07400131225586,-39.63500213623047
1788676410717949000,46.10094897460937,-86.52100372314453,44.38300323486328,-40.448001861572266
1788676410734078000,46.11707788085938,-88.62300109863281,44.40700149536133,-38.9170036315918
1788676410750290700,46.133290771484376,-88.35600280761719,46.10400390625,-40.22700119018555
1788676410766476500,46.1494765625,-88.86100769042969,44.39200210571289,-40.038002014160156
1788676410782586400,46.16558642578125,-85.87300109863281,44.819000244140625,-39.83400344848633
1788676410798713900,46.1817138671875,-88.64200592041016,44.288002014160156,-39.83500289916992
1788676410814820600,46.19782055664062,-85.89000701904297,44.37700271606445,-40.85700225830078
1788676410830971600,46.2139716796875,-85.46100616455078,44.26900100708008,-40.858001708984375
1788676410847154700,46.23015478515625,-88.2280044555664,45.25100326538086,-39.827003479003906
1788676410863271000,46.24627099609375,-86.72900390625,45.143001556396484,-39.72800064086914
1788676410879410000,46.262409912109376,-88.63200378417969,44.077003479003906,-39.531002044677734
1788676410895514000,46.27851416015625,-88.82200622558594,44.20000076293945,-38.410003662109375
1788676410911688200,46.294688232421876,-87.57200622558594,44.93600082397461,-39.32100296020508
1788676410927889000,46.31088891601563,-86.52300262451172,44.81500244140625,-40.24100112915039
1788676410943963100,46.32696313476563,-86.74200439453125,44.704002380371094,-40.547000885009766
1788676410960100400,46.34310034179688,-86.09900665283203,45.24400329589844,-40.13600158691406
1788676410976203800,46.359203857421875,-85.88500213623047,44.704002380371094,-40.44600296020508
1788676410992394200,46.37539428710937,-85.1290054321289,44.708003997802734,-40.040000915527344
1788676411008582000,46.391581787109374,-88.2300033569336,44.0620002746582,-40.65300369262695
1788676411024715500,46.407715576171874,-87.1500015258789,45.47200393676758,-39.21500015258789
1788676411040867300,46.42386743164062,-84.8290023803711,44.047000885009766,-41.37000274658203
1788676411057016300,46.440016357421875,-84.93000030517578,45.77900314331055,-40.03000259399414
1788676411073206000,46.4562060546875,-84.84100341796875,44.58000183105469,-41.569000244140625
1788676411089377800,46.472377685546874,-85.26900482177734,44.68800354003906,-41.56800079345703
1788676411105502700,46.48850268554688,-84.18600463867188,45.02000045776367,-40.64900207519531
1788676411121582600,46.50458251953125,-85.48800659179688,46.522003173828125,-40.634002685546875
1788676411137675800,46.52067578125,-83.74500274658203,43.51400375366211,-40.96900177001953
1788676411153764400,46.536764404296875,-85.63400268554688,42.99700164794922,-39.85000228881836
1788676411169921300,46.55292138671875,-87.04700469970703,44.92900085449219,-39.730003356933594
1788676411186076700,46.56907666015625,-83.73800659179688,43.73400115966797,-40.55900192260742
1788676411202251500,46.58525146484375,-83.72400665283203,43.527000427246094,-40.052001953125
1788676411218389000,46.60138891601562,-81.81700134277344,44.595001220703125,-40.04500198364258
1788676411234608000,46.617608154296875,-83.21500396728516,43.83500289916992,-40.967002868652344
1788676411250797300,46.63379736328125,-83.29300689697266,43.74500274658203,-39.74500274658203
1788676411266910700,46.64991064453125,-83.93900299072266,44.28300094604492,-39.637001037597656
1788676411283046100,46.666046142578125,-84.17000579833984,43.40800094604492,-40.96900177001953
1788676411299185400,46.682185302734375,-86.18700408935547,42.55400085449219,-40.974002838134766
1788676411315365000,46.698365234375,-83.86200714111328,43.61600112915039,-41.375003814697266
1788676411331564000,46.71456396484375,-83.22400665283203,43.505001068115234,-41.58100128173828
1788676411347644700,46.73064477539062,-82.89800262451172,43.400001525878906,-41.37800216674805
1788676411363779800,46.74677978515625,-83.01700592041016,43.61000061035156,-41.784000396728516
1788676411379925500,46.762925537109375,-83.74800109863281,43.29600143432617,-41.2760009765625
1788676411396112400,46.7791123046875,-82.92300415039062,44.034000396728516,-42.086002349853516
1788676411412319000,46.79531909179688,-83.99300384521484,43.38600158691406,-42.599002838134766
1788676411428450000,46.81144995117187,-84.16900634765625,42.97700119018555,-41.177001953125
1788676411444588300,46.82758837890625,-82.26600646972656,42.85400390625,-42.09700012207031
1788676411460694300,46.8436943359375,-83.11600494384766,43.39800262451172,-41.582000732421875
1788676411476866000,46.859865966796875,-83.00200653076172,43.0780029296875,-41.483001708984375
1788676411493081000,46.8760810546875,-83.302001953125,41.902000427246094,-41.28900146484375
1788676411509170000,46.892169921875,-84.47600555419922,42.012001037597656,-41.185001373291016
1788676411525320400,46.908320556640625,-84.76000213623047,44.996002197265625,-42.48200225830078
1788676411541431000,46.92443115234375,-80.76500701904297,43.28700256347656,-41.586002349853516
1788676411557632800,46.9406328125,-84.59900665283203,42.867000579833984,-41.38100051879883
1788676411573801500,46.95680151367188,-83.01400756835938,43.28700256347656,-41.88900375366211
1788676411589949700,46.97294970703125,-83.11700439453125,42.96500015258789,-41.8910026550293
1788676411606118100,46.9891181640625,-81.8340072631836,44.15300369262695,-41.06700134277344
1788676411622236400,47.005236328125,-81.85900115966797,44.13800048828125,-42.18800354003906
1788676411638447600,47.02144750976562,-82.92000579833984,44.14400100708008,-41.88100051879883
1788676411654615000,47.037614990234374,-81.32200622558594,44.24700164794922,-41.98400115966797
1788676411670764300,47.05376440429688,-83.24700164794922,44.35600280761719,-42.08300018310547
1788676411686888700,47.069888671875,-82.48300170898438,43.82400131225586,-41.68100357055664
1788676411703029000,47.086029052734375,-82.79500579833984,44.37000274658203,-40.96200180053711
1788676411719247000,47.1022470703125,-82.19000244140625,45.105003356933594,-42.077003479003906
1788676411735442200,47.118442138671874,-82.06400299072266,44.68400192260742,-41.470001220703125
1788676411751557000,47.13455712890625,-83.99000549316406,44.14400100708008,-41.98200225830078
1788676411767688400,47.1506884765625,-81.86900329589844,46.185001373291016,-41.355003356933594
1788676411783832600,47.16683251953125,-83.1510009765625,44.78200149536133,-42.28300094604492
1788676411800004000,47.18300415039062,-79.656005859375,46.81300354003906,-42.26900100708008
1788676411816208100,47.1992080078125,-82.16700744628906,45.551002502441406,-40.749000549316406
1788676411832329200,47.2153291015625,-83.04300689697266,45.97100067138672,-41.457000732421875
1788676411848466000,47.2314658203125,-83.677001953125,46.19200134277344,-41.047000885009766
1788676411864564700,47.247564697265624,-84.23400115966797,46.07100296020508,-42.16800308227539
1788676411880751400,47.26375146484375,-83.69700622558594,46.829002380371094,-41.551002502441406
1788676411896953600,47.27995361328125,-82.22000122070312,46.275001525878906,-42.678001403808594
1788676411913076000,47.29607592773438,-82.31800079345703,46.49700164794922,-42.1670036315918
1788676411929219800,47.3122197265625,-81.75300598144531,46.191001892089844,-40.948001861572266
1788676411945324800,47.32832470703125,-80.82000732421875,46.7130012512207,-41.86100387573242
1788676411961515800,47.34451586914062,-81.39200592041016,46.36600112915039,-43.79900360107422
1788676411977728300,47.360728271484376,-80.84300231933594,47.88800048828125,-42.156002044677734
1788676411993858000,47.376858154296876,-81.67900085449219,46.27800369262695,-42.37300109863281
1788676412010005200,47.39300512695313,-80.30400085449219,45.72800064086914,-43.297000885009766
1788676412026116000,47.4091162109375,-79.66800689697266,47.02100372314453,-42.67500305175781
1788676412042312200,47.425312255859374,-79.63800048828125,46.3910026550293,-41.76400375366211
1788676412058475500,47.4414755859375,-79.52900695800781,47.3650016784668,-41.0420036315918
1788676412074574000,47.457573974609375,-83.61400604248047,45.733001708984375,-43.2920036315918
1788676412090728400,47.473728515625,-80.72700500488281,45.73200225830078,-43.092002868652344
1788676412106845000,47.489844970703125,-80.18800354003906,46.70600128173828,-42.26900100708008
1788676412123050000,47.50605004882812,-80.73500061035156,47.672000885009766,-42.26000213623047
1788676412139219500,47.522219482421875,-80.09700012207031,48.64200210571289,-41.743003845214844
1788676412155364000,47.538364013671874,-80.39200592041016,46.172000885009766,-42.172000885009766
1788676412171521300,47.55452124023437,-80.4310073852539,47.553001403808594,-43.077003479003906
1788676412187645200,47.57064526367188,-80.39500427246094,46.06200408935547,-42.37700271606445
1788676412203856400,47.5868564453125,-79.9990005493164,46.47500228881836,-43.49400329589844
1788676412220033500,47.603033447265624,-78.3030014038086,47.76100158691406,-43.281002044677734
1788676412236164600,47.61916455078125,-77.11200714111328,47.3380012512207,-42.777000427246094
1788676412252317200,47.63531713867187,-77.53400421142578,46.801002502441406,-42.88300323486328
1788676412268451600,47.65145166015625,-78.35000610351562,46.393001556396484,-41.46000289916992
1788676412284620300,47.667620361328126,-78.91500091552734,46.159000396728516,-42.9890022277832
1788676412300806700,47.683806640625,-78.39200592041016,46.90800094604492,-42.983001708984375
1788676412316882200,47.699882080078126,-78.69200134277344,45.624000549316406,-42.89200210571289
1788676412333012700,47.7160126953125,-79.98500061035156,47.13200378417969,-42.470001220703125
1788676412349172200,47.73217211914063,-80.54100036621094,47.44300079345703,-43.281002044677734
1788676412365330000,47.74832983398438,-79.76300048828125,47.35300064086914,-41.95900344848633
1788676412381529900,47.76452978515625,-78.82600402832031,46.47200393676758,-43.59700393676758
1788676412397658000,47.780658203125,-80.41100311279297,46.59300231933594,-42.77900314331055
1788676412413804300,47.79680419921875,-79.34100341796875,46.91600036621094,-42.47200012207031
1788676412429907500,47.812907470703124,-78.3010025024414,46.250003814697266,-44.10900115966797
1788676412446085000,47.82908520507812,-80.19600677490234,46.16100311279297,-42.987003326416016
1788676412462287400,47.84528735351562,-78.72000122070312,46.03900146484375,-43.90700149536133
1788676412478418700,47.86141870117188,-79.98800659179688,46.698001861572266,-42.88100051879883
1788676412494569500,47.877569580078124,-77.83500671386719,45.40800094604492,-42.89500045776367
1788676412510678800,47.8936787109375,-78.38300323486328,46.15700149536133,-43.09100341796875
1788676412526879700,47.909879638671875,-77.7540054321289,48.41800308227539,-42.15500259399414
1788676412543043300,47.926043212890626,-79.67500305175781,45.93600082397461,-43.7030029296875
1788676412559185200,47.94218505859375,-77.82500457763672,46.49500274658203,-41.7650032043457
1788676412575349200,47.958349365234376,-79.12300109863281,45.730003356933594,-42.992000579833984
1788676412591473000,47.97447290039062,-77.92900085449219,45.957000732421875,-41.97300338745117
1788676412607687000,47.99068701171875,-78.8010025024414,46.92000198364258,-42.1670036315918
1788676412623855600,48.006855712890626,-78.83800506591797,47.97800064086914,-43.177001953125
1788676412639987200,48.0229873046875,-79.74500274658203,46.06700134277344,-41.970001220703125
1788676412656110000,48.03911010742188,-78.82000732421875,47.66400146484375,-42.56800079345703
1788676412672251100,48.05525122070313,-79.77800750732422,46.803001403808594,-42.98200225830078
1788676412688424200,48.07142407226563,-80.00900268554688,46.9010009765625,-43.694000244140625
1788676412704618200,48.0876181640625,-80.19500732421875,47.67500305175781,-41.95500183105469
1788676412720731000,48.10373095703125,-78.08200073242188,47.98200225830078,-42.77000045776367
1788676412736864500,48.119864501953124,-79.10200500488281,47.3640022277832,-41.04300308227539
1788676412752992000,48.13599194335937,-79.6830062866211,48.63300323486328,-42.355003356933594
1788676412769155000,48.15215502929688,-79.58200073242188,48.737003326416016,-42.55800247192383
1788676412785354000,48.16835400390625,-78.1830062866211,46.90500259399414,-43.1870002746582
1788676412801451800,48.18445166015625,-79.13300323486328,47.4530029296875,-42.36600112915039
1788676412817595000,48.20059497070312,-79.04100036621094,47.87600326538086,-42.77000045776367
1788676412833737200,48.2167373046875,-78.1780014038086,48.52900314331055,-41.95000076293945
1788676412849925600,48.232925537109374,-80.44900512695312,48.5150032043457,-43.272003173828125
1788676412866128100,48.249128173828126,-79.98800659179688,47.99500274658203,-42.05500030517578
1788676412882253000,48.26525317382813,-78.17000579833984,47.345001220703125,-42.368003845214844
1788676412898396200,48.28139624023437,-77.94100189208984,48.327003479003906,-41.03600311279297
1788676412914498600,48.29749853515625,-78.8290023803711,49.496002197265625,-41.8390007019043
1788676412930690800,48.31369091796875,-79.25900268554688,48.52300262451172,-42.560001373291016
1788676412946901000,48.32990087890625,-77.2090072631836,47.7760009765625,-42.060001373291016
1788676412963034000,48.3460341796875,-77.0040054321289,47.77000045776367,-42.46800231933594
1788676412979182800,48.36218286132812,-76.56800079345703,47.775001525878906,-42.06100082397461
1788676412995300000,48.37830004882812,-78.76600646972656,49.68600082397461,-43.67100143432617
1788676413011503600,48.39450366210937,-77.427001953125,47.9890022277832,-42.160003662109375
1788676413027675000,48.4106748046875,-77.64200592041016,48.74500274658203,-41.74500274658203
1788676413043814100,48.426814208984375,-79.89100646972656,48.85300064086914,-41.945003509521484
1788676413059968800,48.44296875,-78.49800109863281,49.827003479003906,-41.12300109863281
1788676413076093200,48.45909326171875,-79.5570068359375,48.53700256347656,-41.54100036621094
1788676413092304000,48.475303955078125,-80.18500518798828,49.62600326538086,-40.30800247192383
1788676413108481000,48.49148095703125,-78.72100067138672,48.092002868652344,-42.66600036621094
1788676413124632800,48.5076328125,-77.22300720214844,48.52300262451172,-42.25700378417969
1788676413140807700,48.5238076171875,-78.27800750732422,47.56100082397461,-42.26400375366211
1788676413156944000,48.53994384765625,-78.9000015258789,47.68100357055664,-41.34600067138672
1788676413173116200,48.5561162109375,-78.70700073242188,48.53300094604492,-41.746002197265625
1788676413189302500,48.57230249023438,-78.70500183105469,48.858001708984375,-41.4370002746582
1788676413205414100,48.5884140625,-76.77200317382812,48.2140007019043,-41.34400177001953
1788676413221541400,48.604541259765625,-76.5570068359375,48.10600280761719,-41.345001220703125
1788676413237684000,48.62068408203125,-78.7040023803711,47.02100372314453,-42.57400131225586
1788676413253862000,48.63686181640625,-78.4800033569336,47.56800079345703,-41.755001068115234
1788676413270059000,48.65305908203125,-76.13200378417969,47.78000259399414,-41.65400314331055
1788676413286093600,48.66909350585937,-75.27100372314453,47.134002685546875,-41.76300048828125
1788676413302225400,48.68522534179687,-76.12700653076172,48.10700225830078,-41.243003845214844
1788676413318324000,48.70132397460937,-77.09900665283203,47.88600158691406,-41.855003356933594
1788676413334511600,48.71751171875,-78.25800323486328,46.60000228881836,-41.967002868652344
1788676413350718500,48.73371850585937,-77.75700378417969,47.336002349853516,-42.980003356933594
1788676413366826500,48.74982641601562,-76.97900390625,46.48800277709961,-42.17400360107422
1788676413382955800,48.76595581054688,-76.11700439453125,46.05900192260742,-42.077003479003906
1788676413399061200,48.782061279296876,-75.15299987792969,46.492000579833984,-41.66600036621094
1788676413415258400,48.79825830078125,-77.18600463867188,46.16800308227539,-42.07400131225586
1788676413431469000,48.814468994140626,-76.18600463867188,45.32600402832031,-40.861000061035156
1788676413447587800,48.830587890625,-75.00200653076172,45.43800354003906,-40.35200119018555
1788676413463725800,48.84672583007813,-77.06500244140625,45.961002349853516,-41.56700134277344
1788676413479837000,48.8628369140625,-78.26600646972656,47.027000427246094,-42.06500244140625
1788676413496034800,48.879034912109375,-75.79400634765625,45.52000045776367,-42.285003662109375
1788676413512196900,48.89519677734375,-76.09700012207031,44.775001525878906,-41.98600387573242
1788676413528332000,48.91133203125,-77.1500015258789,45.5420036315918,-40.85700225830078
1788676413544488700,48.92748876953125,-75.0570068359375,44.97200393676758,-43.10600280761719
1788676413560607200,48.94360717773438,-77.35100555419922,43.820003509521484,-41.38200378417969
1788676413576817200,48.95981713867187,-79.06000518798828,44.6870002746582,-40.862003326416016
1788676413593001200,48.976001220703125,-78.23100280761719,44.34700393676758,-42.191001892089844
1788676413609091800,48.992091796875,-78.12300109863281,45.75200271606445,-41.262001037597656
1788676413625195300,49.0081953125,-77.77300262451172,43.932003021240234,-41.07500076293945
1788676413641322200,49.024322265625,-79.31100463867188,45.42100143432617,-42.0780029296875
1788676413657537800,49.040537841796876,-76.91300201416016,46.09600067138672,-39.427001953125
1788676413673727200,49.05672729492188,-77.39000701904297,44.66100311279297,-42.59700012207031
1788676413689823500,49.072823486328126,-77.0530014038086,46.07600402832031,-40.95500183105469
1788676413705932500,49.0889326171875,-79.19300079345703,46.077003479003906,-41.156002044677734
1788676413722075000,49.10507495117187,-79.9320068359375,45.435001373291016,-41.160003662109375
1788676413738245000,49.1212451171875,-78.76300048828125,45.53700256347656,-41.3650016784668
1788676413754436400,49.13743627929688,-78.5300064086914,44.577003479003906,-41.06800079345703
1788676413770528000,49.153528076171874,-76.97000122070312,46.60200119018555,-41.663002014160156
1788676413786660000,49.16966015625,-79.53600311279297,46.71200180053711,-41.76100158691406
1788676413802758700,49.185758544921875,-77.46400451660156,46.73500061035156,-39.8280029296875
1788676413818945000,49.20194506835937,-76.62000274658203,46.29500198364258,-40.54600143432617
1788676413835153000,49.21815283203125,-76.94000244140625,46.72900390625,-40.236000061035156
1788676413851278800,49.23427880859375,-76.93500518798828,46.083003997802734,-40.445003509521484
1788676413867418000,49.25041821289062,-77.5060043334961,46.277000427246094,-41.97100067138672
1788676413883526400,49.2665263671875,-78.5770034790039,46.493003845214844,-41.96800231933594
1788676413899711000,49.2827109375,-78.11900329589844,46.61900329589844,-40.54100036621094
1788676413915919000,49.29891918945312,-78.04300689697266,47.03300094604492,-41.65800094604492
1788676413932048100,49.315048095703126,-79.26500701904297,45.9900016784668,-39.62800216674805
1788676413948193000,49.33119311523438,-76.96600341796875,46.82100296020508,-41.35600280761719
1788676413964304100,49.34730419921875,-76.32400512695312,47.577003479003906,-40.84000015258789
1788676413980504000,49.363504150390625,-77.35800170898438,46.410003662109375,-40.035003662109375
1788676413996674000,49.37967407226562,-77.17000579833984,47.79900360107422,-40.3280029296875
1788676414012813600,49.3958134765625,-78.44200134277344,46.94200134277344,-40.43600082397461
1788676414028975900,49.41197583007813,-76.86400604248047,46.493003845214844,-41.7660026550293
1788676414045100500,49.4281005859375,-75.0790023803711,47.22900390625,-42.67900085449219
1788676414061310200,49.44431030273437,-76.94200134277344,47.9160041809082,-39.6140022277832
1788676414077489400,49.46048950195313,-78.67500305175781,46.715003967285156,-41.45600128173828
1788676414093643500,49.4766435546875,-77.927001953125,47.47100067138672,-40.941001892089844
1788676414109812200,49.49281225585938,-76.1820068359375,45.97700119018555,-40.24400329589844
1788676414125947000,49.50894677734375,-76.08100128173828,46.730003356933594,-40.03300094604492
1788676414142116000,49.5251162109375,-77.052001953125,46.833003997802734,-40.439002990722656
1788676414158299100,49.54129907226562,-75.7760009765625,47.044002532958984,-40.540000915527344
1788676414174406100,49.55740625,-76.23200225830078,47.46000289916992,-41.55500030517578
1788676414190573300,49.5735732421875,-75.46600341796875,47.25400161743164,-40.84400177001953
1788676414206715000,49.58971484375,-76.7550048828125,46.71000289916992,-41.56100082397461
1788676414222892800,49.60589282226562,-78.78400421142578,46.7140007019043,-41.55800247192383
1788676414239086000,49.622086181640626,-76.09300231933594,46.939002990722656,-40.439002990722656
1788676414255166700,49.63816674804688,-76.74200439453125,47.04300308227539,-40.74300003051758
1788676414271300000,49.65430004882813,-76.97000122070312,46.81800079345703,-41.55900192260742
1788676414287399700,49.670399658203124,-77.36200714111328,46.083003997802734,-40.445003509521484
1788676414303585500,49.68658544921875,-77.71900177001953,46.926002502441406,-41.55800247192383
1788676414319785700,49.70278564453125,-76.9330062866211,47.92100143432617,-39.207000732421875
1788676414335905300,49.7189052734375,-77.04500579833984,47.27000045776367,-39.82400131225586
1788676414352047000,49.735047119140624,-77.14200592041016,46.95100402832031,-39.62300109863281
1788676414368147700,49.751147705078125,-76.31100463867188,48.44900131225586,-39.71200180053711
1788676414384336000,49.7673359375,-74.98900604248047,45.12200164794922,-39.94700241088867
1788676414400543700,49.78354370117187,-76.71700286865234,46.73400115966797,-39.829002380371094
1788676414416640800,49.799640869140624,-76.86300659179688,47.57500076293945,-41.044002532958984
1788676414432786200,49.8157861328125,-75.86600494384766,46.62200164794922,-40.035003662109375
1788676414448896500,49.831896484375,-76.31300354003906,46.935001373291016,-40.74400329589844
1788676414465096200,49.84809619140625,-76.3290023803711,46.60100173950195,-41.66400146484375
1788676414481257200,49.86425732421875,-76.2760009765625,45.87700271606445,-39.73500061035156
1788676414497400600,49.88040063476563,-76.21000671386719,46.176002502441406,-41.362003326416016
1788676414513539800,49.89653979492188,-75.71700286865234,44.59400177001953,-39.441001892089844
1788676414529635000,49.91263500976562,-75.23900604248047,46.18000030517578,-40.95600128173828
1788676414545837000,49.92883715820312,-74.35900115966797,45.43800354003906,-40.25100326538086
1788676414562027800,49.94502783203125,-73.38400268554688,43.932003021240234,-40.57100296020508
1788676414578117400,49.96111743164062,-74.77100372314453,44.367000579833984,-40.26000213623047
1788676414594230800,49.97723071289062,-77.12800598144531,46.204002380371094,-39.42500305175781
1788676414610360800,49.99336083984375,-76.05900573730469,44.689002990722656,-40.35700225830078
1788676414626529300,50.009529296875,-76.70600128173828,45.11900329589844,-40.35200119018555
1788676414642721300,50.02572119140625,-76.07000732421875,45.76400375366211,-40.14400100708008
1788676414658793700,50.041793701171876,-76.48100280761719,44.15300369262695,-40.4630012512207
1788676414674922000,50.057921875,-78.0780029296875,44.807003021240234,-39.84400177001953
1788676414691065600,50.07406567382812,-77.46200561523438,44.25100326538086,-41.2760009765625
1788676414707242000,50.09024194335937,-76.18000030517578,46.19400405883789,-40.038002014160156
1788676414723444200,50.1064443359375,-75.0770034790039,44.48500061035156,-39.54500198364258
1788676414739568000,50.12256811523437,-77.98400115966797,45.55500030517578,-39.939002990722656
1788676414755700700,50.13870068359375,-77.96800231933594,44.70100402832031,-39.74300003051758
1788676414771799600,50.15479956054688,-76.48600006103516,44.150001525878906,-40.6670036315918
1788676414787986700,50.170986572265626,-76.4990005493164,46.0880012512207,-40.038002014160156
1788676414804198000,50.18719799804688,-75.64400482177734,45.22200393676758,-40.557003021240234
1788676414820323000,50.20332299804687,-77.97400665283203,46.31800079345703,-39.0160026550293
1788676414836469800,50.2194697265625,-78.48400115966797,44.38800048828125,-39.134002685546875
1788676414852576500,50.235576416015626,-76.47100067138672,44.59100341796875,-39.746002197265625
1788676414868777000,50.25177685546875,-77.11000061035156,44.59400177001953,-39.643001556396484
1788676414884941800,50.26794189453125,-76.59500122070312,46.95900344848633,-39.012001037597656
1788676414901074000,50.28407397460938,-78.50100708007812,44.48600387573242,-39.84600067138672
1788676414917225000,50.30022485351562,-78.42500305175781,46.0880012512207,-40.2400016784668
1788676414933338400,50.31633837890625,-78.85000610351562,46.73800277709961,-39.724002838134766
1788676414949517600,50.332517578125,-79.18500518798828,48.13500213623047,-39.50800323486328
1788676414965690000,50.34869018554687,-77.14700317382812,46.30000305175781,-40.2390022277832
1788676414981789200,50.3647890625,-78.75800323486328,46.94600296020508,-40.23200225830078
1788676414997928400,50.380928466796874,-78.41500091552734,48.147003173828125,-38.4900016784668
1788676415014045200,50.39704516601562,-78.3060073852539,46.63600158691406,-39.31800079345703
1788676415030253300,50.41325341796875,-78.61300659179688,46.53600311279297,-38.80900192260742
1788676415046451500,50.429451416015624,-79.71800231933594,47.92000198364258,-39.611000061035156
1788676415062591200,50.44559130859375,-77.57100677490234,46.41100311279297,-40.034000396728516
1788676415078742000,50.46174194335938,-78.94100189208984,47.07200241088867,-38.80400085449219
1788676415094855700,50.47785571289062,-77.87600708007812,47.39400100708008,-38.70100021362305
1788676415111054800,50.494054931640626,-79.48400115966797,47.39200210571289,-39.00400161743164
1788676415127241700,50.51024169921875,-80.56700134277344,48.35700225830078,-39.09600067138672
1788676415143378200,50.52637817382813,-79.67100524902344,47.30000305175781,-37.88500213623047
1788676415159500000,50.5425,-78.85400390625,47.81700134277344,-39.20500183105469
1788676415175638800,50.558638671875,-78.97600555419922,48.45600128173828,-39.505001068115234
1788676415191810800,50.57481079101562,-77.35600280761719,48.249000549316406,-38.79600143432617
1788676415208002300,50.591002197265624,-79.47500610351562,47.397003173828125,-38.59700012207031
1788676415224118800,50.60711889648437,-79.51000213623047,48.781002044677734,-39.29800033569336
1788676415240257000,50.623257080078126,-78.66300201416016,48.12700271606445,-40.018001556396484
1788676415256352500,50.6393525390625,-78.42900085449219,48.4630012512207,-38.89400100708008
1788676415272543500,50.65554345703125,-78.34100341796875,48.02000045776367,-40.01900100708008
1788676415288745500,50.67174536132813,-80.14700317382812,49.32500076293945,-38.78300094604492
1788676415304872200,50.6878720703125,-79.5320053100586,50.06500244140625,-39.4900016784668
1788676415321011200,50.70401123046875,-80.3740005493164,49.85700225830078,-39.08300018310547
1788676415337117400,50.720117431640624,-79.51500701904297,49.643001556396484,-38.98500061035156
1788676415353307400,50.73630737304688,-79.32500457763672,50.493003845214844,-39.487003326416016
1788676415369470500,50.75247045898438,-78.69800567626953,50.15900421142578,-40.30500030517578
1788676415385602300,50.76860229492188,-78.8070068359375,50.698001861572266,-40.09700012207031
1788676415401749200,50.78474926757813,-80.60200500488281,51.038002014160156,-38.97100067138672
1788676415417858600,50.80085864257813,-81.22700500488281,50.400001525878906,-38.67000198364258
1788676415434055400,50.81705541992188,-80.58100128173828,50.18600082397461,-38.57100296020508
1788676415450218500,50.83321850585938,-81.61500549316406,49.01900100708008,-37.7650032043457
1788676415466353700,50.84935375976563,-80.07000732421875,50.820003509521484,-39.177001953125
1788676415482514700,50.8655146484375,-79.96400451660156,50.387001037597656,-39.487003326416016
1788676415498646000,50.88164599609375,-80.34500122070312,49.875003814697266,-37.759002685546875
1788676415514816300,50.89781616210937,-80.81100463867188,50.71600341796875,-38.97300338745117
1788676415530997000,50.9139970703125,-79.72400665283203,51.26700210571289,-37.74800109863281
1788676415547079200,50.9300791015625,-80.59400177001953,50.935001373291016,-38.66600036621094
1788676415563199500,50.946199462890625,-82.302001953125,50.28900146484375,-39.077003479003906
1788676415579329000,50.9623291015625,-82.09000396728516,50.07100296020508,-39.28300094604492
1788676415595499300,50.97849926757812,-79.94800567626953,50.72100067138672,-38.56700134277344
1788676415611689500,50.994689453125,-80.79400634765625,49.970001220703125,-38.67400360107422
1788676415627761400,51.010761474609374,-80.06500244140625,49.85000228881836,-39.59300231933594
1788676415643890700,51.026890625,-79.19500732421875,49.96600341796875,-38.77800369262695
1788676415660011300,51.04301123046875,-78.88500213623047,50.39200210571289,-38.979000091552734
1788676415676167700,51.059167724609374,-80.1550064086914,50.941001892089844,-38.15700149536133
1788676415692370700,51.07537060546875,-79.07500457763672,48.35300064086914,-39.20000076293945
1788676415708493800,51.09149389648437,-80.14500427246094,48.893001556396484,-38.9900016784668
1788676415724624600,51.107624755859376,-80.46700286865234,48.35300064086914,-39.402000427246094
1788676415740717800,51.1237177734375,-81.12000274658203,50.50800323486328,-38.56700134277344
1788676415756901000,51.139901123046876,-79.49600219726562,48.89800262451172,-38.58400344848633
1788676415773107200,51.15610717773438,-79.61600494384766,50.72700119018555,-38.05800247192383
1788676415789233200,51.172233154296876,-82.81600189208984,49.005001068115234,-38.986000061035156
1788676415805384200,51.18838427734375,-79.4010009765625,49.43100357055664,-38.78300094604492
1788676415821494000,51.20449389648437,-78.43400573730469,48.35200119018555,-39.20100021362305
1788676415837692000,51.22069189453125,-80.02900695800781,49.547000885009766,-38.17000198364258
1788676415853863400,51.236863525390625,-80.8070068359375,50.07100296020508,-39.18300247192383
1788676415870004500,51.25300439453125,-80.70700073242188,49.41800308227539,-39.902000427246094
1788676415886164200,51.269164306640626,-80.79700469970703,48.34800338745117,-39.80900192260742
1788676415902288100,51.2852880859375,-82.41200256347656,50.17900085449219,-39.28200149536133
1788676415918499300,51.30149926757812,-78.54700469970703,49.43000411987305,-38.784000396728516
1788676415934681000,51.31768115234375,-80.8080062866211,48.665000915527344,-40.112003326416016
1788676415950831000,51.3338310546875,-81.22100067138672,49.10700225830078,-39.191001892089844
1788676415966999300,51.34999926757813,-82.86700439453125,49.8390007019043,-40.71000289916992
1788676415983127300,51.36612719726563,-82.09400177001953,48.880001068115234,-40.21000289916992
1788676415999340800,51.3823408203125,-82.29700469970703,49.427001953125,-39.3900032043457
1788676416015522300,51.39852221679688,-82.34200286865234,49.833003997802734,-41.118003845214844
1788676416031674000,51.414674072265626,-81.75800323486328,48.56500244140625,-39.704002380371094
1788676416047792600,51.430792724609375,-81.47300720214844,49.948001861572266,-40.406002044677734
1788676416063925800,51.44692578125,-82.51600646972656,49.965003967285156,-39.284000396728516
1788676416080094000,51.46309399414063,-81.76600646972656,50.07400131225586,-39.08000183105469
1788676416096277500,51.47927758789063,-82.53600311279297,51.57400131225586,-39.1670036315918
1788676416112366000,51.495365966796875,-81.06100463867188,51.66800308227539,-39.983001708984375
1788676416128478000,51.51147802734375,-82.09400177001953,50.177001953125,-39.384002685546875
1788676416144617200,51.5276171875,-84.6510009765625,50.2920036315918,-39.07400131225586
1788676416160796700,51.543796630859376,-83.93900299072266,51.0260009765625,-40.189002990722656
1788676416176993000,51.559992919921875,-82.21000671386719,50.172000885009766,-39.79100036621094
1788676416193109500,51.576109619140624,-84.6760025024414,51.250003814697266,-39.57500076293945
1788676416209227500,51.5922275390625,-82.85800170898438,52.22200393676758,-38.85600280761719
1788676416225356300,51.60835620117187,-83.81900024414062,51.35900115966797,-39.371002197265625
1788676416241542700,51.62454272460938,-82.9530029296875,50.176002502441406,-39.58700180053711
1788676416257749200,51.64074926757812,-85.0830078125,50.6150016784668,-39.07100296020508
1788676416273857300,51.65685717773437,-83.81100463867188,51.79600143432617,-38.75600051879883
1788676416289990700,51.67299072265625,-82.31500244140625,51.038002014160156,-39.172000885009766
1788676416306087000,51.6890869140625,-85.64000701904297,51.790000915527344,-39.3650016784668
1788676416322281700,51.70528173828125,-85.52800750732422,51.577003479003906,-39.2650032043457
1788676416338446800,51.72144677734375,-83.40400695800781,52.10700225830078,-39.467002868652344
1788676416354580500,51.73758056640625,-82.93700408935547,51.698001861572266,-37.94300079345703
1788676416370731800,51.753731689453126,-83.15400695800781,50.94000244140625,-38.56100082397461
1788676416386870000,51.7698701171875,-84.6780014038086,51.897003173828125,-39.26400375366211
1788676416403042600,51.78604248046875,-82.73300170898438,51.69200134277344,-38.35100173950195
1788676416419202800,51.802202880859376,-83.07600402832031,52.868003845214844,-38.64600372314453
1788676416435347500,51.818347412109375,-84.02000427246094,51.583003997802734,-38.656002044677734
1788676416451468500,51.83446850585938,-83.07500457763672,52.76000213623047,-38.647003173828125
1788676416467599000,51.85059912109375,-83.81100463867188,51.79600143432617,-38.75600051879883
1788676416483769300,51.86676928710938,-84.48300170898438,52.426002502441406,-39.76900100708008
1788676416499956200,51.88295629882813,-83.49200439453125,52.22700119018555,-38.54900360107422
1788676416516064000,51.89906396484375,-82.65900421142578,51.78000259399414,-39.777000427246094
1788676416532187600,51.915187744140624,-85.74600219726562,52.548004150390625,-38.849002838134766
1788676416548326100,51.931326171875,-86.0780029296875,52.75700378417969,-39.25400161743164
1788676416564503600,51.947503662109376,-84.87200164794922,51.801002502441406,-38.44900131225586
1788676416580695800,51.96369580078125,-85.24300384521484,53.93300247192383,-39.34700012207031
1788676416596771800,51.97977172851562,-84.45100402832031,51.0410041809082,-39.17000198364258
1788676416612902000,51.99590185546875,-86.3740005493164,52.448001861572266,-38.34000015258789
1788676416628999000,52.0119990234375,-84.0530014038086,52.86000061035156,-39.358001708984375
1788676416645187600,52.0281875,-84.04900360107422,51.8900032043457,-39.77400207519531
1788676416661386000,52.04438598632812,-85.83800506591797,52.0160026550293,-38.54800033569336
1788676416677483800,52.06048388671875,-85.00100708007812,52.76100158691406,-38.84800338745117
1788676416693631500,52.076631591796875,-84.24600219726562,52.00800323486328,-38.95800018310547
1788676416709726200,52.092726318359375,-84.8030014038086,52.211002349853516,-39.87200164794922
1788676416725902000,52.108902099609374,-83.9520034790039,53.397003173828125,-39.25100326538086
1788676416742114000,52.125114013671876,-85.09700775146484,52.768001556396484,-38.3390007019043
1788676416758245600,52.14124560546875,-84.25100708007812,52.54500198364258,-38.85100173950195
1788676416774397200,52.15739721679687,-82.96000671386719,51.68400192260742,-38.96200180053711
1788676416790494000,52.17349389648437,-82.9540023803711,51.58000183105469,-38.759002685546875
1788676416806676200,52.18967626953125,-84.16900634765625,51.342002868652344,-40.695003509521484
1788676416822847700,52.20584765625,-84.0530014038086,51.887001037597656,-39.97800064086914
1788676416838972000,52.22197192382812,-82.98400115966797,51.454002380371094,-40.1870002746582
1788676416855126500,52.23812646484375,-86.0320053100586,50.73200225830078,-38.457000732421875
1788676416871246800,52.25424682617187,-84.7020034790039,51.99100112915039,-40.28200149536133
1788676416887413200,52.27041333007813,-83.8270034790039,51.138004302978516,-39.88300323486328
1788676416903596000,52.286595947265624,-84.0050048828125,50.72700119018555,-38.5620002746582
1788676416919748600,52.30274853515625,-84.27100372314453,51.993003845214844,-40.0780029296875
1788676416935917800,52.31891772460938,-85.09400177001953,50.06800079345703,-39.8910026550293
1788676416952046000,52.33504614257812,-84.64700317382812,49.32200241088867,-39.4900016784668
1788676416968213000,52.351212890625,-85.09700775146484,50.82200241088867,-39.5780029296875
1788676416984400600,52.36740063476562,-84.90900421142578,51.131004333496094,-40.49300003051758
1788676417000507000,52.3835068359375,-84.35900115966797,51.68000411987305,-39.470001220703125
1788676417016632300,52.39963232421875,-84.91400146484375,51.34400177001953,-40.59300231933594
1788676417032753700,52.415753662109374,-84.22300720214844,50.509002685546875,-38.86900329589844
1788676417048929800,52.4319296875,-85.75200653076172,52.3280029296875,-39.259002685546875
1788676417065120300,52.44812036132812,-83.93000030517578,50.708003997802734,-39.98800277709961
1788676417081234200,52.464234130859374,-86.4050064086914,51.24100112915039,-40.4900016784668
1788676417097367300,52.4803671875,-83.81900024414062,50.38600158691406,-39.99100112915039
1788676417113468700,52.49646875,-84.65800476074219,49.9640007019043,-39.586002349853516
1788676417129644000,52.51264404296875,-86.4000015258789,51.243003845214844,-40.28600311279297
1788676417145846800,52.5288466796875,-86.16700744628906,51.79500198364258,-39.05900192260742
1788676417161972200,52.54497216796875,-86.6570053100586,48.47200393676758,-39.19000244140625
1788676417178113500,52.561113525390624,-86.49400329589844,50.927001953125,-39.88100051879883
1788676417194218800,52.57721875,-86.16000366210938,50.61100387573242,-39.47700119018555
1788676417210408200,52.593408203125,-85.01300048828125,50.80800247192383,-40.59700012207031
1788676417226620700,52.60962060546875,-85.44000244140625,50.59300231933594,-40.70000076293945
1788676417242693400,52.625693359375,-83.99400329589844,50.08500289916992,-38.46600341796875
1788676417258829000,52.6418291015625,-84.14000701904297,49.41400146484375,-40.611000061035156
1788676417274930400,52.657930419921875,-84.25800323486328,50.59600067138672,-40.39600372314453
1788676417291129900,52.6741298828125,-86.12800598144531,49.44200134277344,-38.77400207519531
1788676417307292000,52.6902919921875,-86.36600494384766,51.048004150390625,-38.862003326416016
1788676417323433700,52.70643383789063,-84.5830078125,51.8900032043457,-39.77300262451172
1788676417339598000,52.72259814453125,-85.96200561523438,50.92500305175781,-39.98400115966797
1788676417355720200,52.73872021484375,-86.92100524902344,51.25200271606445,-39.67400360107422
1788676417371922400,52.75492236328125,-85.94500732421875,50.50300216674805,-39.47800064086914
1788676417388085800,52.771085693359375,-86.47300720214844,51.26400375366211,-38.75800323486328
1788676417404190500,52.7871904296875,-86.47900390625,50.39600372314453,-39.58000183105469
1788676417420312000,52.80331201171875,-86.70600128173828,51.14500427246094,-39.67500305175781
1788676417436446000,52.819446044921875,-83.18600463867188,51.24500274658203,-39.781002044677734
1788676417452616200,52.8356162109375,-87.88300323486328,50.7130012512207,-40.08500289916992
1788676417468810000,52.85181005859375,-83.61600494384766,51.46000289916992,-39.77800369262695
1788676417484923600,52.86792358398438,-85.9540023803711,52.33500289916992,-38.749000549316406
1788676417501053700,52.8840537109375,-84.92400360107422,53.06700134277344,-39.96600341796875
1788676417517149700,52.90014965820313,-84.44600677490234,50.71900177001953,-39.17300033569336
1788676417533334500,52.91633447265625,-84.59100341796875,51.993003845214844,-40.0780029296875
1788676417549531600,52.93253173828125,-84.89600372314453,52.868003845214844,-38.84700012207031
1788676417565614300,52.9486142578125,-83.40800476074219,52.53700256347656,-39.362003326416016
1788676417581751000,52.9647509765625,-86.427001953125,53.49700164794922,-40.0620002746582
1788676417597848000,52.98084814453125,-84.90400695800781,51.78200149536133,-39.87600326538086
1788676417614036200,52.9970361328125,-84.71800231933594,52.954002380371094,-40.375003814697266
1788676417630243800,53.013243896484376,-85.35700225830078,53.496002197265625,-39.96200180053711
1788676417646370800,53.02937084960938,-85.0060043334961,53.082000732421875,-38.845001220703125
1788676417662515700,53.045515625,-85.56200408935547,53.178001403808594,-39.76100158691406
1788676417678623700,53.06162377929687,-85.63700103759766,52.54900360107422,-38.74700164794922
1788676417694819300,53.0778193359375,-86.18600463867188,53.297000885009766,-38.944000244140625
1788676417710984700,53.09398461914063,-83.31300354003906,53.71900177001953,-39.147003173828125
1788676417727120000,53.11011987304688,-84.35600280761719,52.22200393676758,-38.95600128173828
1788676417743250000,53.12625,-85.52000427246094,52.663002014160156,-38.237003326416016
1788676417759364900,53.14236474609375,-84.28800201416016,53.388004302978516,-39.9640007019043
1788676417775569700,53.15856958007812,-84.6820068359375,52.327003479003906,-39.15800094604492
1788676417791735600,53.174735595703126,-83.83800506591797,53.4010009765625,-38.94600296020508
1788676417807872300,53.190872314453124,-84.46700286865234,53.40800094604492,-38.43600082397461
1788676417824034600,53.20703466796875,-86.38900756835938,51.89900207519531,-39.36300277709961
1788676417840161500,53.22316162109375,-87.59600067138672,53.61000442504883,-39.75400161743164
1788676417856376000,53.2393759765625,-85.23200225830078,52.31900405883789,-39.87000274658203
1788676417872558000,53.25555810546875,-85.3270034790039,52.32600402832031,-39.361000061035156
1788676417888708600,53.27170849609375,-83.6300048828125,52.6400032043457,-39.66600036621094
1788676417904814300,53.287814453125,-84.67200469970703,51.14400100708008,-39.474002838134766
1788676417920929800,53.3039296875,-81.802001953125,51.564002990722656,-39.78000259399414
1788676417937085200,53.32008520507812,-85.50800323486328,49.96800231933594,-39.38199996948242
1788676417953275600,53.33627563476563,-83.17400360107422,51.36100387573242,-39.16800308227539
1788676417969371100,53.35237109375,-87.24300384521484,50.06300354003906,-40.499000549316406
1788676417985489700,53.36848974609375,-84.56400299072266,50.7130012512207,-39.682003021240234
1788676418001623300,53.38462329101562,-86.78600311279297,50.189002990722656,-39.07200241088867
1788676418017797400,53.40079736328125,-85.4050064086914,49.42500305175781,-39.89600372314453
1788676418033991200,53.4169912109375,-86.2820053100586,50.926002502441406,-39.983001708984375
1788676418050107400,53.433107421875,-86.2750015258789,50.066001892089844,-40.195003509521484
1788676418066237700,53.44923779296875,-83.68000030517578,48.35200119018555,-39.80600357055664
1788676418082338000,53.465338134765624,-85.61700439453125,51.26400375366211,-38.65700149536133
1788676418098522600,53.48152270507813,-86.03400421142578,49.86600112915039,-39.07600021362305
1788676418114728000,53.49772802734375,-86.37000274658203,50.397003173828125,-39.479000091552734
1788676418130831000,53.5138310546875,-85.73900604248047,50.715003967285156,-39.68000030517578
1788676418146957800,53.529957763671874,-86.62800598144531,50.58700180053711,-41.310001373291016
1788676418163093000,53.54609301757812,-88.0840072631836,49.42400360107422,-40.30000305175781
1788676418179265500,53.562265625,-84.98600769042969,50.82500076293945,-39.375
1788676418195472400,53.57847241210938,-86.34000396728516,49.875003814697266,-38.46500015258789
1788676418211600100,53.59460009765625,-85.72500610351562,49.426002502441406,-39.89500045776367
1788676418227757000,53.61075708007812,-86.13900756835938,50.94700241088867,-38.35300064086914
1788676418243870700,53.62687060546875,-86.67200469970703,49.868003845214844,-38.97300338745117
1788676418260073500,53.64307348632813,-86.62200164794922,51.34700393676758,-40.59000015258789
1788676418276236300,53.659236328125,-86.58500671386719,50.61300277709961,-39.374000549316406
1788676418292380400,53.67538037109375,-86.6030044555664,51.25100326538086,-39.7760009765625
1788676418308540700,53.69154077148438,-87.23300170898438,51.36600112915039,-39.2650032043457
1788676418324644400,53.707644287109375,-87.01200103759766,52.12600326538086,-38.444000244140625
1788676418340850200,53.72385009765625,-86.3810043334961,51.79600143432617,-39.05900192260742
1788676418357038600,53.74003857421875,-84.552001953125,50.50400161743164,-39.2760009765625
1788676418373100000,53.75610009765625,-86.37500762939453,52.23100280761719,-38.54600143432617
1788676418389224000,53.77222387695313,-87.03900146484375,52.11000061035156,-39.66600036621094
1788676418405359400,53.788359375,-84.24100494384766,52.65900421142578,-38.34100341796875
1788676418421528000,53.80452807617188,-84.97900390625,52.45000076293945,-38.03600311279297
1788676418437717800,53.8207177734375,-87.2020034790039,52.573001861572266,-37.1150016784668
1788676418453831000,53.83683081054688,-86.5790023803711,52.02100372314453,-38.242000579833984
1788676418469935600,53.852935546875,-87.42400360107422,53.64900207519531,-36.80000305175781
1788676418486074400,53.86907446289062,-87.62600708007812,53.00800323486328,-36.7030029296875
1788676418502244000,53.885244140625,-87.45000457763672,52.553001403808594,-38.643001556396484
1788676418518435800,53.90143579101562,-86.97600555419922,53.445003509521484,-35.987003326416016
1788676418534508500,53.91750854492187,-87.42000579833984,53.00400161743164,-37.009002685546875
1788676418550635500,53.933635498046876,-88.302001953125,52.880001068115234,-38.33400344848633
1788676418566731500,53.9497314453125,-87.39900207519531,53.0160026550293,-36.092002868652344
1788676418582911200,53.9659111328125,-90.3530044555664,54.1670036315918,-38.52300262451172
1788676418599107800,53.98210791015625,-90.17400360107422,53.56200408935547,-35.677001953125
1788676418615225600,53.9982255859375,-88.07100677490234,52.78200149536133,-37.62200164794922
1788676418631361500,54.01436157226563,-88.29200744628906,53.967002868652344,-37.2030029296875
1788676418647462400,54.03046240234375,-90.6300048828125,53.005001068115234,-37.31100082397461
1788676418663651600,54.04665161132812,-88.71700286865234,53.86000442504883,-37.204002380371094
1788676418679859500,54.062859375,-87.6520004272461,54.506004333496094,-36.89400100708008
1788676418695986000,54.07898583984375,-88.59200286865234,53.65500259399414,-36.49300003051758
1788676418712133400,54.09513330078125,-87.70500183105469,52.48500061035156,-35.79100036621094
1788676418728248800,54.11124877929687,-89.08800506591797,52.922000885009766,-35.2760009765625
1788676418744446500,54.12744653320313,-90.0840072631836,53.768001556396484,-36.28600311279297
1788676418760611000,54.143611083984375,-90.31000518798828,54.733001708984375,-36.277000427246094
1788676418776751600,54.15975170898437,-89.31400299072266,52.807003021240234,-35.88800048828125
1788676418792910300,54.17591040039063,-89.74400329589844,53.022003173828125,-35.88600158691406
1788676418809030400,54.192030517578125,-89.5320053100586,53.12900161743164,-35.88500213623047
1788676418825236700,54.20823681640625,-89.94800567626953,52.380001068115234,-35.8910026550293
1788676418841421800,54.224421875,-89.66700744628906,52.35600280761719,-37.62300109863281
1788676418857525800,54.24052587890625,-88.69900512695312,53.00700378417969,-36.906002044677734
1788676418873691000,54.25669091796875,-89.82000732421875,52.60900115966797,-34.76900100708008
1788676418889818000,54.27281811523437,-89.19400787353516,51.19400405883789,-36.310001373291016
1788676418905990700,54.28899072265625,-90.7040023803711,52.160003662109375,-36.4010009765625
1788676418922151000,54.30515087890625,-91.33500671386719,50.97800064086914,-36.717002868652344
1788676418938210000,54.3212099609375,-90.50100708007812,51.612003326416016,-37.22100067138672
1788676418954337500,54.33733764648437,-90.3530044555664,49.58400344848633,-36.62800216674805
1788676418970478000,54.35347802734375,-90.12300109863281,49.59300231933594,-35.91600036621094
1788676418986650600,54.36965063476563,-90.16200256347656,50.43400192260742,-37.130001068115234
1788676419002843600,54.38584375,-91.85400390625,50.880001068115234,-36.10600280761719
1788676419018956000,54.4019560546875,-92.16400146484375,49.15700149536133,-36.73200225830078
1788676419035093200,54.41809326171875,-90.16300201416016,51.62300109863281,-36.40700149536133
1788676419051188200,54.434188232421874,-91.2080078125,49.15300369262695,-36.9370002746582
1788676419067370000,54.450369873046874,-91.85100555419922,50.44900131225586,-36.211002349853516
1788676419083536400,54.46653637695312,-91.72900390625,49.37800216674805,-36.22100067138672
1788676419099657000,54.48265698242187,-89.98700714111328,49.07100296020508,-34.902000427246094
1788676419115808000,54.49880810546875,-90.8060073852539,50.650001525878906,-37.12800216674805
1788676419131913200,54.51491333007812,-90.86500549316406,48.842002868652344,-36.125
1788676419148096500,54.53109643554688,-92.78400421142578,49.927001953125,-35.29800033569336
1788676419164303600,54.5473037109375,-90.0260009765625,50.56100082397461,-35.7030029296875
1788676419180440000,54.563440185546874,-91.19100189208984,49.595001220703125,-35.91400146484375
1788676419196593400,54.57959350585938,-90.26200103759766,49.89900207519531,-37.13500213623047
1788676419212711200,54.595711181640624,-90.12000274658203,49.37900161743164,-35.91699981689453
1788676419228912000,54.611912109375,-91.81700134277344,50.68600082397461,-34.579002380371094
1788676419245073200,54.6280732421875,-90.84000396728516,48.208003997802734,-35.41800308227539
1788676419261216300,54.64421630859375,-90.5250015258789,48.09600067138672,-35.724002838134766
1788676419277378800,54.66037890625,-90.63900756835938,49.3900032043457,-35.204002380371094
1788676419293480000,54.67647998046875,-92.96900177001953,50.16100311279297,-33.87000274658203
1788676419309628700,54.69262866210938,-91.8340072631836,50.89200210571289,-35.189002990722656
1788676419325809200,54.70880908203125,-92.75800323486328,49.40200424194336,-34.48800277709961
1788676419341912300,54.72491235351563,-92.54600524902344,48.32100296020508,-35.211002349853516
1788676419358032600,54.74103271484375,-91.80400085449219,50.69400405883789,-33.96800231933594
1788676419374163200,54.7571630859375,-92.9310073852539,48.45500183105469,-33.27300262451172
1788676419390333400,54.77333349609375,-93.57200622558594,48.78000259399414,-33.066001892089844
1788676419406531600,54.789531494140626,-94.13600158691406,50.49100112915039,-33.35600280761719
1788676419422642000,54.80564184570313,-92.031005859375,50.03700256347656,-34.992000579833984
1788676419438771500,54.821771484375,-93.8280029296875,49.51100158691406,-34.48500061035156
1788676419454867000,54.83786694335937,-92.03800201416016,50.89800262451172,-34.781002044677734
1788676419471030000,54.85403002929687,-93.4010009765625,50.375003814697266,-33.96900177001953
1788676419487230200,54.87023022460937,-91.13400268554688,49.41400146484375,-33.47100067138672
1788676419503274200,54.886274169921876,-93.29600524902344,50.15800094604492,-34.17500305175781
1788676419519396900,54.90239697265625,-93.92300415039062,49.84300231933594,-33.76900100708008
1788676419535502300,54.91850244140625,-93.35900115966797,48.99500274658203,-32.9630012512207
1788676419551683600,54.93468359375,-93.37000274658203,49.746002197265625,-32.95600128173828
1788676419567894800,54.95089477539062,-94.5320053100586,48.8900032043457,-32.96200180053711
1788676419584024300,54.9670244140625,-94.18800354003906,49.445003509521484,-31.531002044677734
1788676419600156200,54.98315625,-93.24200439453125,49.43300247192383,-32.246002197265625
1788676419616251600,54.999251708984374,-94.32200622558594,49.428001403808594,-32.75400161743164
1788676419632434200,55.01543408203125,-92.42300415039062,49.62700271606445,-33.67100143432617
1788676419648601900,55.03160180664062,-91.75900268554688,49.10000228881836,-32.9640007019043
1788676419664720100,55.04772021484375,-92.72100067138672,49.6410026550293,-32.652000427246094
1788676419680866300,55.0638662109375,-93.79200744628906,50.397003173828125,-32.3380012512207
1788676419696987600,55.07998754882812,-94.5560073852539,49.30800247192383,-33.77300262451172
1788676419713200000,55.0962001953125,-93.04200744628906,49.858001708984375,-32.54800033569336
1788676419729381400,55.11238134765625,-92.73300170898438,49.202003479003906,-33.47100067138672
1788676419745532000,55.128531982421876,-95.50700378417969,49.85600280761719,-32.95199966430664
1788676419761698300,55.1446982421875,-93.46500396728516,50.077003479003906,-32.2400016784668
1788676419777830400,55.160830322265625,-93.12400817871094,49.54900360107422,-31.634000778198242
1788676419794042600,55.17704272460937,-94.7300033569336,50.413002014160156,-31.31800079345703
1788676419810226700,55.193226806640624,-92.79400634765625,48.58100128173828,-31.84600067138672
1788676419826380500,55.20938061523437,-92.2820053100586,49.97200393676758,-31.937002182006836
1788676419842559700,55.22555981445313,-95.37000274658203,49.54900360107422,-31.83500099182129
1788676419858677800,55.241677734375,-94.95000457763672,48.68000411987305,-32.65800094604492
1788676419874832400,55.257832275390626,-94.6030044555664,49.88500213623047,-30.71200180053711
1788676419891020800,55.274020751953124,-94.39700317382812,50.09600067138672,-30.91400146484375
1788676419907132200,55.29013208007812,-92.23300170898438,48.92100143432617,-30.418001174926758
1788676419923260400,55.306260498046875,-94.04200744628906,48.27900314331055,-30.523000717163086
1788676419939353600,55.322353515625,-94.93600463867188,51.17400360107422,-30.496002197265625
1788676419955530500,55.33853051757813,-94.05900573730469,48.37700271606445,-31.235000610351562
1788676419971732500,55.354732421875,-93.21300506591797,49.45100402832031,-30.921001434326172
1788676419987855600,55.370855712890624,-94.81800079345703,49.560001373291016,-31.020002365112305
1788676420003992300,55.38699243164063,-95.44300079345703,49.246002197265625,-30.513002395629883
1788676420020093200,55.40309326171875,-95.32300567626953,48.281002044677734,-30.522001266479492
1788676420036278500,55.41927856445312,-93.94900512695312,48.595001220703125,-30.928001403808594
1788676420052490800,55.43549072265625,-91.71600341796875,49.45000076293945,-30.821001052856445
1788676420068557600,55.4515576171875,-93.53400421142578,48.695003509521484,-31.437002182006836
1788676420084687600,55.4676875,-93.3080062866211,48.59400177001953,-30.929000854492188
1788676420100828200,55.483828125,-93.17500305175781,48.82600402832031,-29.60300064086914
1788676420117006800,55.5000068359375,-92.66800689697266,48.48400115966797,-31.032001495361328
1788676420133172500,55.51617236328125,-94.23800659179688,47.858001708984375,-30.01700210571289
1788676420149299200,55.53229931640625,-92.53800201416016,47.958003997802734,-30.32400131225586
1788676420165438700,55.548438720703125,-94.76400756835938,48.40400314331055,-29.299001693725586
1788676420181538800,55.564538818359374,-92.31300354003906,46.7760009765625,-30.53900146484375
1788676420197743900,55.58074389648438,-93.1570053100586,46.35100173950195,-30.338001251220703
1788676420213908200,55.596908203125,-91.02000427246094,46.24100112915039,-30.341001510620117
1788676420230046200,55.61304614257813,-93.08900451660156,47.19200134277344,-31.553001403808594
1788676420246205400,55.629205322265626,-93.35400390625,46.470001220703125,-29.5210018157959
1788676420262340600,55.645340576171876,-93.56400299072266,45.60700225830078,-29.93600082397461
1788676420278508300,55.66150830078125,-94.84900665283203,45.3910026550293,-30.242000579833984
1788676420294695700,55.67769580078125,-93.11200714111328,45.297000885009766,-29.023000717163086
1788676420310803700,55.6938037109375,-93.1290054321289,44.20600128173828,-30.4580020904541
1788676420326926800,55.7099267578125,-92.66300201416016,43.689002990722656,-29.03700065612793
1788676420343065900,55.72606591796875,-94.1500015258789,45.10100173950195,-27.801000595092773
1788676420359240200,55.742240234375,-94.2540054321289,43.590003967285156,-28.62900161743164
1788676420375432700,55.7584326171875,-94.56400299072266,43.81300354003906,-28.01500129699707
1788676420391525400,55.774525390625,-96.16200256347656,44.250003814697266,-27.602001190185547
1788676420407642400,55.79064233398437,-93.7350082397461,43.47200393676758,-29.34400177001953
1788676420423796500,55.80679638671875,-94.69900512695312,42.71500015258789,-29.96000099182129
1788676420439962400,55.82296240234375,-92.85400390625,42.19000244140625,-28.94900131225586
1788676420456168400,55.83916845703125,-93.0580062866211,43.169002532958984,-27.921001434326172
1788676420472238600,55.855238525390625,-92.0060043334961,44.130001068115234,-28.016000747680664
1788676420488375800,55.871375732421875,-96.79800415039062,43.06500244140625,-28.121002197265625
1788676420504474600,55.887474609375,-95.4010009765625,41.55500030517578,-28.645000457763672
1788676420520663000,55.9036630859375,-94.32600402832031,43.17900085449219,-27.308000564575195
1788676420536872000,55.91987182617188,-93.9070053100586,43.28200149536133,-27.613000869750977
1788676420552979700,55.93597973632812,-95.29500579833984,43.608001708984375,-27.405000686645508
1788676420569133300,55.95213330078125,-93.68400573730469,41.77400207519531,-28.136001586914062
1788676420585246200,55.96824609375,-94.43000793457031,42.316001892089844,-27.72300148010254
1788676420601444600,55.984444580078126,-95.4000015258789,42.85200119018555,-27.819002151489258
1788676420617608400,56.0006083984375,-95.29900360107422,42.4170036315918,-28.332000732421875
1788676420633741800,56.01674194335938,-93.75900268554688,42.7660026550293,-26.090002059936523
1788676420649889300,56.03288916015625,-94.62700653076172,41.46200180053711,-27.527000427246094
1788676420665999000,56.0489990234375,-95.57300567626953,42.33700180053711,-26.295001983642578
1788676420682201600,56.06520166015625,-94.16800689697266,41.48100280761719,-26.101001739501953
1788676420698372900,56.08137280273438,-96.18000793457031,40.62900161743164,-25.902000427246094
1788676420714515200,56.09751513671875,-93.83900451660156,42.35000228881836,-25.177001953125
1788676420730654700,56.11365478515625,-95.54300689697266,40.518001556396484,-26.108001708984375
1788676420746761200,56.12976123046875,-96.29800415039062,41.27100372314453,-25.998001098632812
1788676420762949400,56.14594946289063,-95.62300109863281,40.426002502441406,-24.988000869750977
1788676420779125200,56.162125244140626,-96.47100830078125,40.432003021240234,-24.681001663208008
1788676420795258600,56.178258544921874,-93.05000305175781,39.34800338745117,-25.20400047302246
1788676420811416300,56.194416259765624,-97.32400512695312,40.5420036315918,-24.577001571655273
1788676420827539500,56.21053955078125,-94.12800598144531,40.20800018310547,-25.09400177001953
1788676420843709200,56.226709228515624,-96.34900665283203,40.33300018310547,-24.071001052856445
1788676420859898600,56.242898681640625,-94.54100799560547,39.35300064086914,-24.999000549316406
1788676420876003300,56.25900341796875,-94.71600341796875,38.40400314331055,-23.886001586914062
1788676420892126200,56.27512622070312,-94.50900268554688,39.37200164794922,-23.57200050354004
1788676420908217900,56.2912177734375,-94.07200622558594,37.8640022277832,-24.09600067138672
1788676420924401200,56.30740112304687,-95.29800415039062,37.94300079345703,-26.334001541137695
1788676420940603100,56.32360302734375,-93.75300598144531,37.755001068115234,-24.19900131225586
1788676420956708600,56.33970849609375,-93.96900177001953,37.970001220703125,-24.19700050354004
1788676420972853800,56.35585375976562,-94.92500305175781,38.40700149536133,-23.6820011138916
1788676420988965400,56.37196533203125,-94.72700500488281,36.884002685546875,-25.32600212097168
1788676421005156900,56.388156982421876,-94.81900787353516,36.35200119018555,-25.025001525878906
1788676421021367300,56.4043671875,-95.02100372314453,36.7920036315918,-24.20600128173828
1788676421037498400,56.420498291015626,-94.8060073852539,36.361000061035156,-24.41400146484375
1788676421053647600,56.43664770507812,-94.6100082397461,36.99800109863281,-24.816001892089844
1788676421069756200,56.452756103515625,-95.44500732421875,35.28200149536133,-25.033000946044922
1788676421085954300,56.468954345703125,-96.07500457763672,36.15400314331055,-24.006000518798828
1788676421102165000,56.4851650390625,-94.77700805664062,35.730003356933594,-23.50200080871582
1788676421118299400,56.50129931640625,-95.94000244140625,35.41400146484375,-23.198001861572266
1788676421134461400,56.51746142578125,-95.10000610351562,34.97200012207031,-24.1200008392334
1788676421150577400,56.533577392578124,-95.0570068359375,33.80900192260742,-22.908000946044922
1788676421166785800,56.54978588867188,-95.72500610351562,33.361000061035156,-24.439001083374023
1788676421182951000,56.56595092773438,-95.302001953125,34.76300048828125,-23.714000701904297
1788676421199074000,56.58207397460937,-94.99400329589844,33.67500305175781,-24.946001052856445
1788676421215194000,56.59819409179688,-94.61300659179688,31.441001892089844,-23.642000198364258
1788676421231323000,56.61432299804687,-94.75800323486328,33.040000915527344,-24.341001510620117
1788676421247488300,56.63048828125,-95.1830062866211,33.906002044677734,-23.722002029418945
1788676421263677400,56.646677490234374,-95.60100555419922,31.426000595092773,-24.86400032043457
1788676421279786800,56.662786865234374,-93.70600128173828,32.380001068115234,-25.46900177001953
1788676421295914000,56.6789140625,-93.34900665283203,31.213001251220703,-24.56300163269043
1788676421312039400,56.69503930664062,-94.02200317382812,32.05900192260742,-25.47100067138672
1788676421328194300,56.7111943359375,-93.69900512695312,31.08700180053711,-25.990001678466797
1788676421344387300,56.72738720703125,-93.48100280761719,30.873001098632812,-25.89000129699707
1788676421360478000,56.74347802734375,-94.11100769042969,31.097002029418945,-25.2760009765625
1788676421376600300,56.759600341796876,-95.27900695800781,31.96700096130371,-24.452001571655273
1788676421392732000,56.77573193359375,-91.72000122070312,30.038002014160156,-24.066001892089844
1788676421408909600,56.79190966796875,-93.56400299072266,30.996002197265625,-24.768001556396484
1788676421425112800,56.80811279296875,-93.84800720214844,29.181001663208008,-24.274002075195312
1788676421441199000,56.82419921875,-92.16400146484375,28.839000701904297,-25.604001998901367
1788676421457335800,56.84033569335938,-92.29800415039062,28.499000549316406,-27.033000946044922
1788676421473439500,56.856439453125,-93.2350082397461,28.191001892089844,-26.11800193786621
1788676421489631700,56.8726318359375,-92.97700500488281,28.001001358032227,-24.286001205444336
1788676421505840000,56.88884008789063,-92.96900177001953,27.249000549316406,-24.394001007080078
1788676421521967000,56.904967041015624,-91.27800750732422,26.371002197265625,-25.729001998901367
1788676421538099200,56.92109912109375,-92.31700134277344,26.60700035095215,-24.299001693725586
1788676421554189600,56.937189453125,-93.81700134277344,25.309001922607422,-25.327001571655273
1788676421570370600,56.95337060546875,-93.50000762939453,25.523000717163086,-25.32600212097168
1788676421586535700,56.96953564453125,-91.51700592041016,26.897001266479492,-26.53900146484375
1788676421602679600,56.98567944335937,-95.4010009765625,26.187002182006836,-23.99300193786621
1788676421618844200,57.00184423828125,-92.86500549316406,25.62700080871582,-25.529001235961914
1788676421634971000,57.017970947265624,-93.9070053100586,25.536001205444336,-24.408000946044922
1788676421651182000,57.03418212890625,-92.00000762939453,25.523000717163086,-25.124000549316406
1788676421667363800,57.05036376953125,-91.88300323486328,24.773000717163086,-25.131000518798828
1788676421683519200,57.06651928710937,-93.59400177001953,25.74700164794922,-24.61100196838379
1788676421699689200,57.08268920898438,-93.781005859375,23.170001983642578,-25.041000366210938
1788676421715819300,57.0988193359375,-92.32100677490234,23.90300178527832,-26.157001495361328
1788676421731985200,57.11498510742187,-92.21700286865234,22.928001403808594,-26.878002166748047
1788676421748169000,57.1311689453125,-94.02100372314453,23.58700180053711,-25.953001022338867
1788676421764301800,57.1473017578125,-92.34300231933594,24.32200050354004,-26.86600112915039
1788676421780405200,57.1634052734375,-94.13900756835938,22.60700035095215,-27.0830020904541
1788676421796524300,57.179524169921876,-93.60100555419922,23.14900016784668,-26.569002151489258
1788676421812697600,57.19569750976562,-95.2030029296875,23.692001342773438,-26.257001876831055
1788676421828888000,57.21188818359375,-92.23200225830078,23.027000427246094,-27.489002227783203
1788676421845007400,57.22800732421875,-93.1510009765625,22.838001251220703,-25.757001876831055
1788676421861143300,57.244143310546875,-94.54000091552734,23.056001663208008,-25.652000427246094
1788676421877268200,57.26026831054688,-95.22700500488281,23.2450008392334,-27.58500099182129
1788676421893432300,57.27643237304687,-92.36800384521484,24.522001266479492,-27.88300132751465
1788676421909637600,57.2926376953125,-92.98400115966797,23.0260009765625,-27.692001342773438
1788676421925741800,57.30874194335937,-94.13300323486328,23.475000381469727,-26.26000213623047
1788676421941871900,57.32487182617187,-92.79700469970703,23.33300018310547,-28.7080020904541
1788676421957963300,57.34096337890625,-91.29300689697266,22.796001434326172,-28.612001419067383
1788676421974151000,57.35715087890625,-94.6810073852539,22.711000442504883,-27.387001037597656
1788676421990356200,57.37335620117187,-92.78600311279297,23.016000747680664,-28.405000686645508
1788676422006489300,57.3894892578125,-93.94900512695312,22.052001953125,-28.514001846313477
1788676422022642000,57.40564184570312,-94.39000701904297,23.666000366210938,-28.09200096130371
1788676422038752500,57.42175244140625,-92.7800064086914,23.560001373291016,-27.78900146484375
1788676422054947600,57.43794750976563,-93.73800659179688,21.510000228881836,-28.926000595092773
1788676422071108900,57.45410888671875,-93.66400146484375,23.11100196838379,-29.422000885009766
1788676422087250000,57.47025,-93.89400482177734,23.966001510620117,-29.61800193786621
1788676422103407600,57.48640771484375,-93.02300262451172,21.921001434326172,-30.1460018157959
1788676422119529500,57.502529541015626,-94.40300750732422,22.793001174926758,-29.220001220703125
1788676422135735000,57.518735107421875,-93.2760009765625,23.62700080871582,-30.84400177001953
1788676422151900700,57.53490063476563,-92.19700622558594,23.308000564575195,-30.542001724243164
1788676422168005400,57.55100537109375,-91.98700714111328,21.900001525878906,-31.57400131225586
1788676422184128000,57.5671279296875,-93.49600219726562,23.08300018310547,-31.459001541137695
1788676422200260600,57.583260498046876,-90.56100463867188,22.461000442504883,-29.533000946044922
1788676422216426800,57.5994267578125,-91.76800537109375,22.011001586914062,-31.26700210571289
1788676422232616000,57.615615966796874,-92.84000396728516,22.983001708984375,-30.85000228881836
1788676422248722000,57.631721923828124,-90.05400085449219,22.22800064086914,-30.860000610351562
1788676422264846300,57.647846435546874,-89.76900482177734,22.530000686645508,-32.284000396728516
1788676422280987000,57.66398681640625,-91.23200225830078,20.823001861572266,-31.89000129699707
1788676422297162800,57.68016284179687,-91.7560043334961,21.802001953125,-30.862001419067383
1788676422313341200,57.69634106445312,-91.78800201416016,22.108001708984375,-32.08100128173828
1788676422329410800,57.712410888671876,-89.20500183105469,20.819000244140625,-31.994001388549805
1788676422345545000,57.728544921875,-89.65800476074219,22.209001541137695,-32.28700256347656
1788676422361644800,57.744644775390626,-90.2490005493164,21.591001510620117,-30.4580020904541
1788676422377830000,57.760829833984374,-91.25900268554688,20.483001708984375,-33.319000244140625
1788676422394027800,57.77702783203125,-91.25800323486328,20.591001510620117,-33.21600341796875
1788676422410111000,57.79311108398438,-90.74000549316406,21.229000091552734,-33.51700210571289
1788676422426247000,57.80924682617187,-89.44100189208984,21.130001068115234,-32.805999755859375
1788676422442343700,57.82534375,-90.48400115966797,20.498001098632812,-32.09700012207031
1788676422458533400,57.841533447265626,-89.63800048828125,20.060001373291016,-32.7130012512207
1788676422474745600,57.85774560546875,-89.71300506591797,19.106000900268555,-31.907001495361328
1788676422490826200,57.873826171875,-88.75800323486328,19.209001541137695,-32.111000061035156
1788676422506978300,57.889978271484374,-89.44900512695312,20.368000030517578,-33.62800216674805
1788676422523094000,57.906093994140626,-90.38400268554688,19.95400047302246,-32.7130012512207
1788676422539302400,57.92230249023437,-91.23300170898438,19.63300132751465,-32.71500015258789
1788676422555464700,57.938464599609375,-90.5580062866211,18.464000701904297,-31.911001205444336
1788676422571599600,57.954599609375,-91.02800750732422,19.088001251220703,-33.43300247192383
1788676422587757600,57.970757568359375,-91.47700500488281,20.696001052856445,-33.419002532958984
1788676422603875600,57.98687548828125,-90.9070053100586,18.556001663208008,-33.13300323486328
1788676422620085200,58.00308520507812,-89.95600128173828,19.737001419067383,-32.81800079345703
1788676422636267500,58.019267578125,-90.16200256347656,20.066001892089844,-32.30500030517578
1788676422652416800,58.03541674804688,-89.4320068359375,19.62200164794922,-33.329002380371094
1788676422668586000,58.0515859375,-90.5790023803711,18.668001174926758,-32.72500228881836
1788676422684716800,58.067716796875,-92.48600769042969,19.545000076293945,-31.492000579833984
1788676422700887600,58.083887451171876,-90.5040054321289,19.621000289916992,-33.531002044677734
1788676422717080600,58.10008056640625,-90.51800537109375,19.18000030517578,-34.452003479003906
1788676422733186300,58.116186279296876,-89.86900329589844,20.049001693725586,-33.52799987792969
1788676422749300000,58.13230004882813,-92.19600677490234,18.44500160217285,-33.53900146484375
1788676422765439700,58.14843969726562,-92.42200469970703,18.979000091552734,-33.73800277709961
1788676422781618700,58.16461865234375,-91.13600158691406,19.19500160217285,-33.432003021240234
1788676422797818000,58.18081811523437,-92.41100311279297,19.850000381469727,-32.71200180053711
1788676422813941200,58.196941162109376,-90.73500061035156,20.043001174926758,-34.03600311279297
1788676422830099500,58.21309936523438,-89.69700622558594,18.46700096130371,-31.60700225830078
1788676422846197200,58.229197265625,-91.66400146484375,19.740001678466797,-32.816001892089844
1788676422862371300,58.245371337890624,-91.13900756835938,18.545000076293945,-33.94700241088867
1788676422878574000,58.26157397460938,-89.75000762939453,19.30000114440918,-33.43300247192383
1788676422894687000,58.27768701171875,-90.4050064086914,19.724000930786133,-33.836002349853516
1788676422910818300,58.293818359375,-90.0830078125,20.049001693725586,-33.52799987792969
1788676422926925800,58.30992578125,-90.07600402832031,19.405000686645508,-33.63500213623047
1788676422943123500,58.32612353515625,-90.83000183105469,20.051000595092773,-33.527000427246094
1788676422959282400,58.342282470703125,-90.62200164794922,18.966001510620117,-34.454002380371094
1788676422975363800,58.35836376953125,-90.9530029296875,18.420000076293945,-35.27300262451172
1788676422991529500,58.374529541015626,-90.74500274658203,20.46900177001953,-34.236000061035156
1788676423007642000,58.39064208984375,-91.81400299072266,18.417001724243164,-35.577003479003906
1788676423023822300,58.406822265625,-90.22400665283203,19.272001266479492,-35.57200241088867
1788676423039987200,58.4229873046875,-90.7550048828125,21.328001022338867,-34.12700271606445
1788676423056116700,58.43911669921875,-91.41200256347656,20.238000869750977,-35.5620002746582
1788676423072273700,58.45527368164063,-91.26500701904297,19.290000915527344,-34.34800338745117
1788676423088372700,58.47137280273437,-90.34800720214844,20.018001556396484,-35.871002197265625
1788676423104572000,58.487572021484375,-89.72000122070312,19.902000427246094,-36.48400115966797
1788676423120777700,58.50377783203125,-89.92900085449219,20.44500160217285,-35.96900177001953
1788676423136880400,58.51988037109375,-89.4540023803711,19.60900115966797,-34.34800338745117
1788676423152999200,58.53599926757813,-89.69500732421875,20.457000732421875,-35.053001403808594
1788676423169126400,58.55212646484375,-90.14600372314453,19.362001419067383,-36.794002532958984
1788676423185292300,58.568292236328126,-90.6810073852539,20.768001556396484,-35.96600341796875
1788676423201474300,58.58447436523438,-88.7800064086914,20.968000411987305,-36.781002044677734
1788676423217575400,58.600575439453124,-89.6050033569336,20.339000701904297,-35.86900329589844
1788676423233705000,58.616705078125,-89.19500732421875,20.86800193786621,-36.272003173828125
1788676423249800700,58.63280078125,-91.76000213623047,20.222000122070312,-36.784000396728516
1788676423265980400,58.64898046875,-87.71300506591797,21.506000518798828,-36.47200012207031
1788676423282178600,58.665178466796874,-88.052001953125,20.73900032043457,-37.803001403808594
1788676423298289400,58.68128930664062,-89.22500610351562,21.39000129699707,-37.28600311279297
1788676423314419000,58.6974189453125,-87.8340072631836,21.39000129699707,-37.18600082397461
1788676423330514400,58.71351440429687,-87.31600189208984,21.05500030517578,-38.10700225830078
1788676423346698200,58.7296982421875,-89.89800262451172,22.128000259399414,-38.29800033569336
1788676423362904300,58.745904296875,-89.26000213623047,21.477001190185547,-38.81300354003906
1788676423378991900,58.76199194335938,-88.10700225830078,21.894001007080078,-39.52400207519531
1788676423395134700,58.778134765625,-88.04400634765625,21.608001708984375,-36.87800216674805
1788676423411239000,58.79423901367188,-86.72300720214844,23.187000274658203,-38.90300369262695
1788676423427430000,58.81042993164063,-87.03500366210938,21.895000457763672,-39.32200241088867
1788676423443638000,58.82663793945313,-85.97600555419922,22.86100196838379,-39.111000061035156
1788676423459766300,58.84276635742187,-87.23900604248047,22.226001739501953,-38.707000732421875
1788676423475911200,58.8589111328125,-87.47100067138672,23.72800064086914,-38.592002868652344
1788676423492029400,58.87502954101563,-87.43000793457031,21.700000762939453,-37.999000549316406
1788676423508230000,58.89122998046875,-88.54100799560547,22.86400032043457,-39.21000289916992
1788676423524398600,58.90739868164062,-87.5840072631836,23.50800132751465,-39.00100326538086
1788676423540497700,58.92349755859375,-85.9520034790039,21.1460018157959,-39.12600326538086
1788676423556654600,58.93965454101563,-85.32100677490234,22.00400161743164,-39.01700210571289
1788676423572772400,58.9557724609375,-88.32300567626953,23.190000534057617,-38.79900360107422
1788676423588983300,58.9719833984375,-87.16500091552734,23.395000457763672,-39.410003662109375
1788676423605164800,58.98816479492187,-90.03500366210938,23.299001693725586,-38.89800262451172
1788676423621255700,59.00425561523438,-89.48400115966797,22.22800064086914,-38.80600357055664
1788676423637412000,59.020412109375,-86.69400787353516,22.556001663208008,-37.992000579833984
1788676423653551900,59.0365517578125,-88.5270004272461,22.98000144958496,-38.49500274658203
1788676423669722600,59.05272265625,-87.25300598144531,23.514001846313477,-38.492000579833984
1788676423685913300,59.068913330078125,-86.06000518798828,22.33500099182129,-38.402000427246094
1788676423702022700,59.085022705078124,-87.96900177001953,22.12900161743164,-37.99400329589844
1788676423718153200,59.1011533203125,-87.6550064086914,21.909000396728516,-38.40400314331055
1788676423734253300,59.11725341796875,-86.17900085449219,23.408000946044922,-38.29100036621094
1788676423750439400,59.133439453125,-88.19300079345703,22.55500030517578,-38.194000244140625
1788676423766646300,59.149646240234375,-87.2540054321289,22.433000564575195,-39.21500015258789
1788676423782769400,59.16576928710938,-89.17000579833984,23.84400177001953,-38.08000183105469
1788676423798914300,59.18191430664063,-86.93900299072266,22.213001251220703,-39.625
1788676423815020000,59.19802001953125,-86.41700744628906,23.718000411987305,-39.20500183105469
1788676423831210800,59.21421069335938,-88.53600311279297,22.975000381469727,-38.90300369262695
1788676423847417600,59.23041748046875,-85.74500274658203,21.89900016784668,-38.91600036621094
1788676423863541000,59.246541015625,-87.05500793457031,23.82900047302246,-38.999000549316406
1788676423879692300,59.2626923828125,-87.16600036621094,23.178001403808594,-39.61600112915039
1788676423895800300,59.27880029296875,-88.46400451660156,23.71000099182129,-40.01700210571289
1788676423911992000,59.29499194335938,-88.3810043334961,24.452001571655273,-40.62200164794922
1788676423928149500,59.3111494140625,-87.49700164794922,22.95600128173828,-40.229000091552734
1788676423944288500,59.32728857421875,-87.31800079345703,24.772001266479492,-40.62000274658203
1788676423960440600,59.34344067382813,-87.08000183105469,24.46200180053711,-39.707000732421875
1788676423976553200,59.35955322265625,-88.58500671386719,23.593000411987305,-40.73100280761719
1788676423992759000,59.375759033203124,-87.46300506591797,22.652000427246094,-38.90700149536133
1788676424008925000,59.39192504882813,-88.16500091552734,26.398000717163086,-39.281002044677734
1788676424025044200,59.40804418945312,-87.01700592041016,24.543001174926758,-41.6410026550293
1788676424041208600,59.42420849609375,-88.68700408935547,24.569000244140625,-39.90700149536133
1788676424057332500,59.44033251953125,-88.61500549316406,25.088001251220703,-41.125003814697266
1788676424073550800,59.45655078125,-87.44000244140625,25.08700180053711,-41.12700271606445
1788676424089735400,59.4727353515625,-88.21200561523438,25.506000518798828,-41.9370002746582
1788676424105843200,59.48884326171875,-86.79100036621094,25.415000915527344,-40.51400375366211
1788676424121971000,59.504970947265626,-86.58900451660156,25.30000114440918,-41.12600326538086
1788676424138110700,59.52111083984375,-88.34000396728516,26.898000717163086,-42.0260009765625
1788676424154287000,59.537287109375,-87.81100463867188,26.57000160217285,-42.4370002746582
1788676424170483000,59.55348291015625,-87.96900177001953,25.19900131225586,-40.820003509521484
1788676424186579000,59.569578857421874,-87.81200408935547,28.298002243041992,-41.40400314331055
1788676424202693600,59.58569360351562,-87.68500518798828,26.365001678466797,-41.72600173950195
1788676424218836700,59.60183666992187,-88.11500549316406,26.68800163269043,-41.621002197265625
1788676424235025200,59.61802514648438,-87.781005859375,26.696001052856445,-41.01000213623047
1788676424251225900,59.63422583007812,-90.5770034790039,26.040000915527344,-42.33700180053711
1788676424267346000,59.65034594726563,-89.61200714111328,26.689001083374023,-41.72100067138672
1788676424283484000,59.66648388671875,-87.3060073852539,28.821001052856445,-42.316001892089844
1788676424299586000,59.6825859375,-89.42000579833984,29.269001007080078,-41.08700180053711
1788676424315777300,59.69877734375,-87.41700744628906,27.95400047302246,-43.03700256347656
1788676424331985200,59.714985107421874,-90.37000274658203,28.305002212524414,-41.19700241088867
1788676424348078600,59.73107861328125,-88.781005859375,27.863000869750977,-42.01700210571289
1788676424364221700,59.7472216796875,-85.63200378417969,30.85000228881836,-42.60600280761719
1788676424380328200,59.763328125,-86.47600555419922,29.237001419067383,-43.12900161743164
1788676424396525600,59.779525634765626,-87.55500793457031,30.421001434326172,-42.913002014160156
1788676424412689700,59.79568969726562,-88.0790023803711,31.50800132751465,-41.78200149536133
1788676424428810000,59.81181005859375,-85.96100616455078,29.981000900268555,-43.53000259399414
1788676424444968200,59.82796826171875,-88.2030029296875,30.63300132751465,-43.1140022277832
1788676424461112000,59.84411206054688,-87.88800048828125,31.170001983642578,-43.00800323486328
1788676424477298700,59.860298583984374,-89.56600189208984,30.759000778198242,-41.88900375366211
1788676424493478100,59.87647802734375,-88.72400665283203,30.53400230407715,-42.605003356933594
1788676424509590800,59.8925908203125,-87.30400085449219,32.97200012207031,-44.419002532958984
1788676424525754000,59.90875415039063,-87.5060043334961,32.1150016784668,-44.426002502441406
1788676424541879300,59.92487939453125,-89.10200500488281,32.87700271606445,-43.704002380371094
1788676424558095000,59.94109521484375,-87.90900421142578,30.509000778198242,-44.3380012512207
1788676424574278000,59.95727783203125,-86.6510009765625,32.22200012207031,-44.32500076293945
1788676424590434300,59.973434326171876,-87.69900512695312,31.58700180053711,-43.819000244140625
1788676424606607400,59.989607421875,-86.54200744628906,33.19600296020508,-43.60300064086914
1788676424622741500,60.00574145507812,-87.3070068359375,32.97100067138672,-44.52100372314453
1788676424638873000,60.021873046875,-87.20700073242188,32.96600341796875,-44.827003479003906
1788676424655065600,60.03806567382812,-87.50000762939453,32.01000213623047,-44.22300338745117
1788676424671115800,60.05411572265625,-85.57600402832031,32.65700149536133,-43.711002349853516
1788676424687226600,60.0702265625,-86.09100341796875,31.481000900268555,-43.61900329589844
1788676424703324200,60.08632421875,-88.45700073242188,32.230003356933594,-43.915000915527344
1788676424719487700,60.10248779296875,-86.01400756835938,32.32699966430664,-44.426002502441406
1788676424735693800,60.11869384765625,-86.47400665283203,33.38800048828125,-45.23100280761719
1788676424751776300,60.1347763671875,-86.22300720214844,31.681001663208008,-44.63500213623047
1788676424767897600,60.15089770507812,-87.26400756835938,32.02400207519531,-43.20500183105469
1788676424784037600,60.16703759765625,-87.08600616455078,32.43400192260742,-44.5260009765625
1788676424800215000,60.18321508789062,-88.33800506591797,32.130001068115234,-43.406002044677734
1788676424816424400,60.19942456054687,-87.16300201416016,30.83100128173828,-44.23400115966797
1788676424832547300,60.21554736328125,-85.99400329589844,32.87900161743164,-43.19900131225586
1788676424848696000,60.231696044921875,-87.10600280761719,33.07100296020508,-45.03000259399414
1788676424864805000,60.24780517578125,-86.02200317382812,32.538002014160156,-44.62800216674805
1788676424881008000,60.26400805664063,-87.59300231933594,32.34300231933594,-43.40500259399414
1788676424897214200,60.28021411132813,-86.74300384521484,31.150001525878906,-44.33400344848633
1788676424913352200,60.296352294921874,-86.44000244140625,32.43600082397461,-44.323001861572266
1788676424929508900,60.3125087890625,-87.17300415039062,32.013999938964844,-43.91800308227539
1788676424945625300,60.328625244140625,-86.2540054321289,32.095001220703125,-45.75200271606445
1788676424961817600,60.34481762695312,-88.14400482177734,31.46900177001953,-44.737003326416016
1788676424977985300,60.3609853515625,-88.1290054321289,32.018001556396484,-43.7130012512207
1788676424994123000,60.377123046875,-88.56200408935547,31.5830020904541,-44.22600173950195
1788676425010279400,60.39327954101562,-87.94300079345703,32.32600021362305,-44.72900390625
1788676425026419500,60.40941943359375,-86.97400665283203,31.464000701904297,-44.94200134277344
1788676425042638800,60.42563891601562,-85.9330062866211,32.527000427246094,-45.44300079345703
1788676425058825000,60.441824951171874,-87.7300033569336,32.54100036621094,-44.62600326538086
1788676425074932200,60.45793212890625,-86.37200164794922,33.38500213623047,-45.435001373291016
1788676425091059500,60.4740595703125,-85.91500091552734,31.89000129699707,-45.04100036621094
1788676425107202000,60.4902021484375,-88.37100219726562,33.73100280761719,-43.902000427246094
1788676425123384000,60.506384033203126,-86.78900146484375,34.14900207519531,-44.51100158691406
1788676425139593500,60.522593505859376,-87.0780029296875,33.73500061035156,-43.39400100708008
1788676425155667500,60.53866748046875,-89.22100067138672,33.086002349853516,-44.11000061035156
1788676425171806200,60.55480615234375,-89.56500244140625,33.50400161743164,-44.92100143432617
1788676425187905800,60.57090576171875,-87.8740005493164,34.57200241088867,-45.0150032043457
1788676425204070700,60.587070556640626,-87.66100311279297,34.788002014160156,-44.91200256347656
1788676425220272000,60.603272216796874,-89.26500701904297,35.11300277709961,-44.80500030517578
1788676425236378000,60.619378173828125,-86.38800048828125,35.2130012512207,-45.012001037597656
1788676425252503000,60.6355029296875,-89.04200744628906,35.22700119018555,-44.29500198364258
1788676425268644400,60.65164428710938,-87.57400512695312,36.395999908447266,-44.79600143432617
1788676425284821200,60.6678212890625,-87.56700134277344,37.04900360107422,-44.077003479003906
1788676425301039400,60.68403930664063,-86.29400634765625,36.93400192260742,-44.487003326416016
1788676425317157400,60.700157470703125,-88.63500213623047,35.538002014160156,-45.00600051879883
1788676425333311200,60.716311279296875,-87.03900146484375,36.288002014160156,-44.797000885009766
1788676425349409500,60.73240942382812,-87.47200775146484,36.069000244140625,-45.20600128173828
1788676425365608200,60.748608154296875,-87.68700408935547,36.50100326538086,-44.99800109863281
1788676425381778700,60.76477880859375,-87.5780029296875,37.691001892089844,-44.17300033569336
1788676425397920800,60.78092065429688,-89.08100128173828,38.553001403808594,-43.96000289916992
1788676425414082000,60.79708203125,-87.8330078125,38.31500244140625,-45.59300231933594
1788676425430209000,60.813208984375,-87.156005859375,38.336002349853516,-43.9640007019043
1788676425446417200,60.829417236328126,-87.37800598144531,38.76300048828125,-44.0620002746582
1788676425462590500,60.84559057617187,-85.99800109863281,38.21600341796875,-44.78200149536133
1788676425478744300,60.86174438476562,-86.53700256347656,39.294002532958984,-44.3640022277832
1788676425494913800,60.877913818359374,-87.80500793457031,38.980003356933594,-43.95800018310547
1788676425511027000,60.89402685546875,-86.31500244140625,38.32600021362305,-44.577003479003906
1788676425527187200,60.91018725585938,-89.09100341796875,37.79100036621094,-44.88300323486328
1788676425543382000,60.92638208007813,-87.5790023803711,38.55500030517578,-43.656002044677734
1788676425559476500,60.9424765625,-88.47000122070312,37.237003326416016,-46.112003326416016
1788676425575607600,60.958607666015624,-87.19100189208984,38.09800338745117,-45.698001861572266
1788676425591753200,60.97475317382813,-87.69800567626953,38.44000244140625,-44.268001556396484
1788676425607933200,60.99093310546875,-90.04000091552734,37.259002685546875,-44.68300247192383
1788676425624135200,61.00713525390625,-87.177001953125,37.8910026550293,-45.191001892089844
1788676425640260400,61.02326025390625,-87.82400512695312,37.672000885009766,-45.599002838134766
1788676425656402000,61.03940185546875,-87.28600311279297,38.538002014160156,-44.87900161743164
1788676425672548600,61.055548583984375,-87.71100616455078,38.75600051879883,-44.67300033569336
1788676425688736500,61.07173657226563,-87.68800354003906,38.229000091552734,-43.965003967285156
1788676425704861700,61.08786181640625,-89.41800689697266,38.00300216674805,-45.08500289916992
1788676425720906500,61.103906494140624,-87.08600616455078,39.50200271606445,-44.871002197265625
1788676425737039000,61.1200390625,-87.35900115966797,39.099002838134766,-43.04100036621094
1788676425753183000,61.13618286132812,-89.19000244140625,38.768001556396484,-43.95800018310547
1788676425769363000,61.152363037109374,-86.62600708007812,38.656002044677734,-43.96200180053711
1788676425785579500,61.16857958984375,-85.9000015258789,38.85900115966797,-44.7760009765625
1788676425801739300,61.1847392578125,-85.55000305175781,38.87600326538086,-43.452003479003906
1788676425817871600,61.20087158203125,-85.37500762939453,37.98800277709961,-45.70100402832031
1788676425833972200,61.21697216796875,-86.74800109863281,39.40400314331055,-44.159000396728516
1788676425850158300,61.23315844726562,-83.85100555419922,37.89500045776367,-44.48200225830078
1788676425866318600,61.249318603515626,-87.31300354003906,39.819000244140625,-45.275001525878906
1788676425882447600,61.26544750976562,-86.61700439453125,38.66200256347656,-43.55500030517578
1788676425898596600,61.2815966796875,-86.43400573730469,39.400001525878906,-44.465003967285156
1788676425914705200,61.297705078125,-87.2800064086914,39.73100280761719,-43.85000228881836
1788676425930908000,61.31390795898437,-85.99700164794922,39.297000885009766,-44.05900192260742
1788676425947072500,61.33007250976563,-85.89500427246094,39.18600082397461,-44.36600112915039
1788676425963218700,61.34621875,-87.26800537109375,38.87300109863281,-43.858001708984375
1788676425979343600,61.36234350585938,-85.04500579833984,39.939002990722656,-44.05500030517578
1788676425995478500,61.378478515625,-84.92400360107422,37.785003662109375,-44.78700256347656
1788676426011649800,61.39464990234375,-83.552001953125,38.96200180053711,-44.77800369262695
1788676426027838500,61.41083837890625,-85.89000701904297,38.32400131225586,-44.67900085449219
1788676426043945700,61.42694580078125,-85.86800384521484,37.689002990722656,-44.07400131225586
1788676426060070700,61.44307055664063,-85.552001953125,38.01000213623047,-44.07100296020508
1788676426076212500,61.45921240234375,-85.66300201416016,37.035003662109375,-44.89400100708008
1788676426092392400,61.475392333984374,-85.76600646972656,38.875,-43.55400085449219
1788676426108592400,61.49159228515625,-85.4800033569336,37.88100051879883,-45.702003479003906
1788676426124710100,61.507710205078126,-85.44400024414062,37.90300369262695,-44.07200241088867
1788676426140847600,61.52384765625,-85.10400390625,37.80600357055664,-43.259002685546875
1788676426156946700,61.53994677734375,-84.47900390625,38.12000274658203,-43.7660026550293
1788676426173137200,61.55613720703125,-84.17100524902344,37.57100296020508,-44.68800354003906
1788676426189348000,61.57234814453125,-84.66100311279297,39.91200256347656,-45.99100112915039
1788676426205480400,61.58848046875,-84.58500671386719,37.58000183105469,-44.07600021362305
1788676426221629400,61.60462939453125,-85.65300750732422,38.12200164794922,-43.76400375366211
1788676426237741600,61.620741455078125,-82.91200256347656,38.637001037597656,-44.98600387573242
1788676426253918000,61.63691796875,-84.17100524902344,38.3280029296875,-44.172000885009766
1788676426270087400,61.65308740234375,-86.01300048828125,38.855003356933594,-45.082000732421875
1788676426286173700,61.669173583984374,-85.35200500488281,39.19000244140625,-43.95900344848633
1788676426302327600,61.68532763671875,-85.63800048828125,38.13100051879883,-43.051002502441406
1788676426318429700,61.7014296875,-83.98100280761719,39.93400192260742,-44.26000213623047
1788676426334619000,61.717618896484375,-83.15400695800781,40.24100112915039,-45.277000427246094
1788676426350797800,61.7337978515625,-85.3550033569336,38.540000915527344,-44.474002838134766
1788676426366943500,61.749943603515625,-85.47900390625,39.611000061035156,-44.566001892089844
1788676426383109400,61.766109375,-83.77400207519531,40.36300277709961,-44.25600051879883
1788676426399218400,61.782218505859376,-83.11100769042969,39.0780029296875,-44.06500244140625
1788676426415411200,61.7984111328125,-84.1820068359375,39.61900329589844,-43.855003356933594
1788676426431595500,61.81459545898438,-86.02800750732422,39.711002349853516,-45.176002502441406
1788676426447730200,61.830730224609376,-85.14700317382812,39.94200134277344,-43.85100173950195
1788676426463885800,61.8468857421875,-85.93900299072266,40.99700164794922,-45.165000915527344
1788676426480002600,61.86300244140625,-83.5560073852539,40.90500259399414,-43.742000579833984
1788676426496215000,61.87921508789063,-86.37800598144531,40.88200378417969,-45.7760009765625
1788676426512404500,61.89540454101562,-86.3340072631836,39.39500045776367,-44.77100372314453
1788676426528565800,61.91156567382812,-84.39700317382812,41.887001037597656,-42.51000213623047
1788676426544694300,61.9276943359375,-83.98700714111328,41.336002349853516,-43.63600158691406
1788676426560834800,61.94383471679687,-83.03500366210938,41.97700119018555,-43.63200378417969
1788676426577011700,61.96001171875,-83.60000610351562,42.932003021240234,-44.43800354003906
1788676426593212200,61.976212158203126,-85.13900756835938,40.487003326416016,-43.13300323486328
1788676426609330000,61.99232983398438,-85.15300750732422,41.01900100708008,-43.43400192260742
1788676426625461800,62.00846166992188,-84.4050064086914,41.66600036621094,-43.022003173828125
1788676426641545700,62.02454565429687,-85.81800079345703,41.97800064086914,-43.93400192260742
1788676426657736200,62.04073608398438,-85.29400634765625,41.86300277709961,-44.445003509521484
1788676426673936100,62.05693603515625,-85.71800231933594,42.94600296020508,-43.62000274658203
1788676426690028500,62.073028564453125,-84.86800384521484,42.402000427246094,-44.13500213623047
1788676426706171100,62.089171142578124,-86.77900695800781,42.62800216674805,-43.51900100708008
1788676426722280200,62.1052802734375,-86.71200561523438,44.00800323486328,-44.42400360107422
1788676426738474800,62.12147485351562,-84.96600341796875,42.62300109863281,-43.624000549316406
1788676426754690800,62.13769091796875,-85.281005859375,41.762001037597656,-43.93600082397461
1788676426770825700,62.15382568359375,-83.50300598144531,43.57500076293945,-44.432003021240234
1788676426786983400,62.1699833984375,-85.09700775146484,43.69000244140625,-44.022003173828125
1788676426803101700,62.18610180664062,-86.77100372314453,43.17300033569336,-42.802001953125
1788676426819304700,62.2023046875,-85.18500518798828,43.16100311279297,-43.51700210571289
1788676426835463000,62.218462890625,-86.18000030517578,43.03300094604492,-45.14600372314453
1788676426851609600,62.23460961914063,-86.14000701904297,43.707000732421875,-42.900001525878906
1788676426867774200,62.250774169921876,-83.6030044555664,43.255001068115234,-44.333003997802734
1788676426883896600,62.266896484375,-84.01600646972656,42.724002838134766,-44.031002044677734
1788676426900106500,62.2831064453125,-83.60400390625,43.68600082397461,-44.125003814697266
1788676426916271600,62.29927172851563,-84.44100189208984,42.617000579833984,-44.03200149536133
1788676426932333800,62.31533374023437,-84.57200622558594,43.68300247192383,-44.43000030517578
1788676426948459800,62.33145971679688,-85.29600524902344,43.483001708984375,-43.51400375366211
1788676426964603400,62.347603271484374,-84.44100189208984,42.941001892089844,-43.82500076293945
1788676426980764400,62.36376440429687,-84.20600128173828,43.17000198364258,-42.7030029296875
1788676426996960800,62.37996069335937,-84.4330062866211,42.8380012512207,-43.52100372314453
1788676427013058600,62.39605859375,-83.36200714111328,41.974002838134766,-43.9370002746582
1788676427029187800,62.412187744140624,-84.62000274658203,41.77400207519531,-43.02000045776367
1788676427045322800,62.42832275390625,-84.98100280761719,43.047000885009766,-44.027000427246094
1788676427061503200,62.444503173828124,-85.7080078125,42.08700180053711,-43.72900390625
1788676427077707300,62.460707275390625,-85.03900146484375,41.996002197265625,-42.509002685546875
1788676427093828400,62.47682836914063,-84.4310073852539,41.867000579833984,-44.038002014160156
1788676427109974300,62.492974365234375,-84.84400177001953,40.6870002746582,-44.150001525878906
1788676427126080800,62.50908081054688,-84.86700439453125,43.483001708984375,-43.41200256347656
1788676427142271200,62.525271240234375,-84.42000579833984,42.41400146484375,-43.21900177001953
1788676427158451500,62.541451416015626,-84.42500305175781,42.62700271606445,-43.319000244140625
1788676427174580500,62.55758056640625,-83.37000274658203,41.86100387573242,-44.345001220703125
1788676427190726100,62.57372607421875,-85.48400115966797,41.98500061035156,-43.323001861572266
1788676427206837500,62.58983740234375,-82.69200134277344,40.47800064086914,-43.544002532958984
1788676427223023000,62.60602319335938,-85.60400390625,42.62600326538086,-43.52100372314453
1788676427239189200,62.62218920898437,-85.0260009765625,41.57100296020508,-42.207000732421875
1788676427255309600,62.6383095703125,-84.60600280761719,41.566001892089844,-42.51300048828125
1788676427271445200,62.6544453125,-87.0790023803711,40.695003509521484,-43.842002868652344
1788676427287556900,62.670556884765624,-85.8810043334961,40.92400360107422,-42.61900329589844
1788676427303748900,62.68674877929688,-85.05000305175781,41.34000015258789,-43.43100357055664
1788676427319918800,62.7029189453125,-85.24200439453125,40.70600128173828,-42.82500076293945
1788676427336055000,62.71905493164063,-86.51700592041016,41.57600021362305,-42.00100326538086
1788676427352212000,62.7352119140625,-86.781005859375,41.97800064086914,-44.034000396728516
1788676427368343300,62.75134326171875,-85.04700469970703,41.23400115966797,-43.33000183105469
1788676427384524300,62.76752416992188,-85.48100280761719,41.12200164794922,-43.73800277709961
1788676427400711400,62.78371142578125,-87.00200653076172,42.29800033569336,-44.13300323486328
1788676427416806000,62.799805908203126,-85.99500274658203,42.000003814697266,-42.30400085449219
1788676427432964000,62.81596411132813,-86.11300659179688,42.10200119018555,-42.71000289916992
1788676427449097700,62.83209765625,-86.43000030517578,41.564002990722656,-42.91800308227539
1788676427465269800,62.84826977539063,-85.24600219726562,42.540000915527344,-41.89200210571289
1788676427481458000,62.8644580078125,-87.07300567626953,43.18400192260742,-41.98600387573242
1788676427497570800,62.88057080078125,-86.21700286865234,42.21200180053711,-42.505001068115234
1788676427513703400,62.896703369140624,-85.56700134277344,43.40500259399414,-41.375003814697266
1788676427529848300,62.912848388671875,-85.46600341796875,42.96900177001953,-41.88800048828125
1788676427546015500,62.929015380859376,-85.14600372314453,41.996002197265625,-42.50800323486328
1788676427562218800,62.94521875,-86.78800201416016,43.919002532958984,-43.10100173950195
1788676427578340000,62.961340087890626,-84.75900268554688,44.2400016784668,-42.897003173828125
1788676427594480000,62.97748022460937,-86.10000610351562,41.677001953125,-42.40800094604492
1788676427610587400,62.99358740234375,-84.84000396728516,42.41800308227539,-42.913002014160156
1788676427626777600,63.009777587890625,-87.4010009765625,42.42400360107422,-42.807003021240234
1788676427642986800,63.02598681640625,-85.04300689697266,42.31700134277344,-42.50600051879883
1788676427659081700,63.042081787109375,-85.01300048828125,42.22800064086914,-41.182003021240234
1788676427675230500,63.05823046875,-85.93400573730469,43.59400177001953,-43.30800247192383
1788676427691340800,63.0743408203125,-85.1570053100586,43.28600311279297,-42.191001892089844
1788676427707544000,63.0905439453125,-85.87700653076172,42.00600051879883,-41.794002532958984
1788676427723701800,63.10670166015625,-84.19600677490234,42.96000289916992,-42.39900207519531
1788676427739843000,63.12284301757813,-85.68400573730469,42.64200210571289,-42.29800033569336
1788676427756002000,63.139001953125,-85.26400756835938,42.96200180053711,-42.39800262451172
1788676427772123000,63.155122802734375,-84.86400604248047,43.80900192260742,-43.10400390625
1788676427788327200,63.1713271484375,-86.1240005493164,43.06800079345703,-42.60000228881836
1788676427804534000,63.187533935546874,-86.0060043334961,44.047000885009766,-41.47100067138672
1788676427820672000,63.20367211914063,-85.16500091552734,44.03700256347656,-42.08300018310547
1788676427836829400,63.219829345703126,-85.15300750732422,44.47700119018555,-41.26400375366211
1788676427852952800,63.23595288085937,-84.09900665283203,43.17000198364258,-42.7030029296875
1788676427869159200,63.2521591796875,-86.1300048828125,43.82100296020508,-42.38900375366211
1788676427885342700,63.2683427734375,-85.68500518798828,43.50700378417969,-41.781002044677734
1788676427901451300,63.284451171875,-85.80500030517578,43.17400360107422,-42.599002838134766
1788676427917580000,63.300580078125,-86.1290054321289,43.281002044677734,-42.70000076293945
1788676427933716500,63.31671655273438,-87.9320068359375,43.39900207519531,-42.08500289916992
1788676427949891800,63.332891845703124,-85.38200378417969,43.27900314331055,-42.70000076293945
1788676427966083000,63.3490830078125,-86.11400604248047,43.83000183105469,-41.676002502441406
1788676427982192000,63.36519213867187,-86.86400604248047,44.15400314331055,-41.570003509521484
1788676427998326800,63.38132690429688,-85.03500366210938,42.862003326416016,-41.788002014160156
1788676428014465500,63.397465576171875,-88.25200653076172,43.832000732421875,-41.775001525878906
1788676428030628000,63.41362817382812,-83.76000213623047,42.96500015258789,-41.992000579833984
1788676428046825500,63.429825439453126,-85.89600372314453,43.83300018310547,-41.47300338745117
1788676428062900500,63.445900390625,-87.61300659179688,43.290000915527344,-42.18800354003906
1788676428079037200,63.462037109375,-87.56100463867188,42.99700164794922,-40.052001953125
1788676428095135700,63.4781357421875,-87.5570068359375,41.7030029296875,-40.67400360107422
1788676428111309800,63.494309814453125,-87.40400695800781,43.178001403808594,-42.49500274658203
1788676428127523000,63.510523193359376,-86.88300323486328,42.9530029296875,-43.211002349853516
1788676428143637000,63.52663696289063,-85.67100524902344,41.893001556396484,-42.2030029296875
1788676428159760600,63.5427607421875,-87.2540054321289,41.691001892089844,-41.4900016784668
1788676428175901000,63.55890087890625,-87.14100646972656,42.01900100708008,-40.97800064086914
1788676428192091600,63.57509155273438,-86.91800689697266,40.72700119018555,-41.397003173828125
1788676428208263000,63.591262939453124,-85.26000213623047,42.53200149536133,-42.50400161743164
1788676428224403500,63.60740356445312,-86.84400177001953,42.22100067138672,-41.893001556396484
1788676428240557600,63.6235576171875,-87.36800384521484,41.36300277709961,-42.00200271606445
1788676428256670500,63.63967041015625,-86.73200225830078,42.224002838134766,-41.689002990722656
1788676428272879600,63.65587963867188,-87.8280029296875,42.749000549316406,-42.60000228881836
1788676428289064400,63.672064453125,-87.36500549316406,42.121002197265625,-41.384002685546875
1788676428305216800,63.688216796875,-87.04300689697266,42.01400375366211,-41.38500213623047
1788676428321372200,63.7043720703125,-85.55900573730469,41.68000030517578,-42.10300064086914
1788676428337482000,63.72048193359375,-90.67100524902344,42.02100372314453,-41.27900314331055
1788676428353676000,63.73667602539062,-89.06200408935547,41.807003021240234,-41.079002380371094
1788676428369855000,63.75285498046875,-88.9780044555664,43.630001068115234,-40.961002349853516
1788676428385991000,63.76899096679688,-86.91600036621094,42.67400360107422,-40.05500030517578
1788676428402162400,63.785162353515624,-90.04200744628906,42.33700180053711,-41.582000732421875
1788676428418287600,63.80128759765625,-88.6240005493164,41.380001068115234,-40.880001068115234
1788676428434457000,63.81745703125,-87.16400146484375,42.54600143432617,-41.68600082397461
1788676428450648600,63.833648681640625,-88.33800506591797,42.87200164794922,-41.47800064086914
1788676428466803000,63.849802978515626,-88.44100189208984,43.19900131225586,-41.06700134277344
1788676428482932200,63.86593212890625,-87.98100280761719,41.81300354003906,-40.46900177001953
1788676428499099100,63.88209912109375,-88.60100555419922,42.79900360107422,-38.932003021240234
1788676428515238700,63.89823876953125,-89.97600555419922,41.08000183105469,-39.454002380371094
1788676428531438600,63.9144384765625,-91.62000274658203,43.11100387573242,-40.04600143432617
1788676428547562200,63.93056225585938,-91.17300415039062,41.39200210571289,-40.2650032043457
1788676428563685600,63.946685546875,-88.83700561523438,41.81300354003906,-40.570003509521484
1788676428579786200,63.9627861328125,-89.50700378417969,42.76900100708008,-41.27400207519531
1788676428595972900,63.97897290039062,-88.7490005493164,43.31500244140625,-40.45500183105469
1788676428612186000,63.99518603515625,-89.68600463867188,42.250003814697266,-40.05600357055664
1788676428628282000,64.0112822265625,-89.23300170898438,41.07600021362305,-39.659000396728516
1788676428644415700,64.02741577148437,-90.42000579833984,41.61100387573242,-39.85700225830078
1788676428660562200,64.04356225585937,-90.23600769042969,42.566001892089844,-40.56100082397461
1788676428676744700,64.05974462890624,-90.84200286865234,41.72300338745117,-39.54900360107422
1788676428692911400,64.07591137695313,-90.21300506591797,42.255001068115234,-39.749000549316406
1788676428709030000,64.09202978515626,-90.21000671386719,41.39200210571289,-40.16400146484375
1788676428725176300,64.10817626953126,-89.57500457763672,41.820003509521484,-40.16100311279297
1788676428741288200,64.1242880859375,-88.59100341796875,41.941001892089844,-39.04100036621094
1788676428757496300,64.14049633789062,-88.5050048828125,42.25200271606445,-39.75100326538086
1788676428773653800,64.15665380859375,-90.29800415039062,41.512001037597656,-39.246002197265625
1788676428789800000,64.17280004882812,-89.88200378417969,41.829002380371094,-39.55000305175781
1788676428805963300,64.18896337890625,-88.60400390625,42.689002990722656,-39.13600158691406
1788676428822086700,64.20508666992187,-87.51100158691406,40.217002868652344,-39.56700134277344
1788676428838255900,64.221255859375,-87.97200775146484,41.71000289916992,-40.16400146484375
1788676428854438000,64.23743798828124,-88.57100677490234,40.332000732421875,-39.15700149536133
1788676428870544400,64.25354443359375,-89.89000701904297,41.39200210571289,-40.165000915527344
1788676428886671600,64.26967163085938,-89.0260009765625,41.50400161743164,-39.656002044677734
1788676428902804200,64.28580419921875,-87.94500732421875,40.538002014160156,-39.665000915527344
1788676428918973000,64.30197290039062,-87.74200439453125,41.288002014160156,-39.659000396728516
1788676428935171000,64.31817114257812,-88.21100616455078,41.371002197265625,-41.49100112915039
1788676428951286500,64.33428662109375,-88.59700775146484,40.53200149536133,-40.17400360107422
1788676428967419100,64.35041918945312,-88.5840072631836,40.75600051879883,-39.45900344848633
1788676428983513000,64.36651318359375,-90.42200469970703,40.42100143432617,-40.682003021240234
1788676428999698400,64.38269848632812,-89.55000305175781,40.64600372314453,-39.76400375366211
1788676429015899100,64.39889916992188,-88.34900665283203,38.3910026550293,-39.9890022277832
1788676429032019000,64.41501904296875,-88.7770004272461,38.608001708984375,-39.88500213623047
1788676429048159000,64.43115893554688,-88.76500701904297,39.26300048828125,-38.9630012512207
1788676429064261000,64.44726123046875,-88.76300048828125,37.643001556396484,-39.89400100708008
1788676429080451000,64.463451171875,-90.61800384521484,39.35100173950195,-40.5890007019043
1788676429096662500,64.47966259765624,-88.76500701904297,38.39900207519531,-39.480003356933594
1788676429112792600,64.49579248046875,-89.07500457763672,38.297000885009766,-39.073001861572266
1788676429128941600,64.51194165039063,-90.26400756835938,38.39800262451172,-39.68100357055664
1788676429145053400,64.52805346679688,-88.2540054321289,38.2760009765625,-40.60200119018555
1788676429161235500,64.5442353515625,-89.84400177001953,38.39400100708008,-39.98800277709961
1788676429177401300,64.5604013671875,-87.33200073242188,37.12700271606445,-38.27000045776367
1788676429193485600,64.57648559570312,-91.18000793457031,38.10300064086914,-37.849002838134766
1788676429209641200,64.59264111328125,-89.03300476074219,38.10600280761719,-37.34300231933594
1788676429225740500,64.60874047851563,-91.0840072631836,38.74400329589844,-37.94600296020508
1788676429241926100,64.62492602539062,-91.5060043334961,37.66800308227539,-38.362003326416016
1788676429258096600,64.6410966796875,-91.69200134277344,37.685001373291016,-37.138999938964844
1788676429274221000,64.65722094726563,-88.79900360107422,37.90300369262695,-36.53000259399414
1788676429290331100,64.6733310546875,-89.23800659179688,36.49100112915039,-37.96800231933594
1788676429306442500,64.6894423828125,-90.44300079345703,37.55500030517578,-38.67000198364258
1788676429322645200,64.70564526367187,-87.12200164794922,37.23200225830078,-38.371002197265625
1788676429338830300,64.72183032226563,-88.93000793457031,36.915000915527344,-38.27000045776367
1788676429354973200,64.73797314453125,-87.67900085449219,37.759002685546875,-39.079002380371094
1788676429371101200,64.75410107421875,-90.58700561523438,38.9370002746582,-39.47200012207031
1788676429387236600,64.77023657226563,-89.8070068359375,36.90299987792969,-39.288002014160156
1788676429403402800,64.78640283203126,-89.06000518798828,38.09000015258789,-38.56500244140625
1788676429419592700,64.8025927734375,-89.57500457763672,36.698001861572266,-38.577003479003906
1788676429435713300,64.81871337890625,-86.30000305175781,37.427001953125,-39.695003509521484
1788676429451852300,64.83485229492187,-89.4070053100586,38.50699996948242,-39.47800064086914
1788676429467995600,64.85099560546875,-89.16700744628906,36.25300216674805,-39.702003479003906
1788676429484177000,64.86717700195312,-90.48600769042969,40.01400375366211,-39.05600357055664
1788676429500381700,64.88338159179688,-88.3070068359375,36.6870002746582,-39.19000244140625
1788676429516509400,64.89950952148438,-87.45600128173828,37.22500228881836,-38.98200225830078
1788676429532648700,64.91564868164062,-88.64400482177734,36.24500274658203,-40.21200180053711
1788676429548754400,64.93175439453125,-88.74200439453125,37.763999938964844,-38.874000549316406
1788676429564953900,64.94795385742188,-90.552001953125,37.013999938964844,-39.082000732421875
1788676429581168000,64.96416821289063,-90.10400390625,36.37700271606445,-38.579002380371094
1788676429597261000,64.98026098632812,-87.64900207519531,36.263999938964844,-38.685001373291016
1788676429613412600,64.99641259765625,-87.11700439453125,37.01900100708008,-38.27100372314453
1788676429629521700,65.01252172851562,-88.84600067138672,37.01000213623047,-39.18600082397461
1788676429645720600,65.02872045898438,-87.65800476074219,37.23200225830078,-38.47300338745117
1788676429661890000,65.04489013671875,-87.96800231933594,34.96900177001953,-39.409000396728516
1788676429677986800,65.06098681640626,-89.47600555419922,36.80000305175781,-38.88199996948242
1788676429694148000,65.07714819335938,-88.8280029296875,35.939002990722656,-39.09400177001953
1788676429710271000,65.09327099609375,-88.81900787353516,36.37800216674805,-38.37700271606445
1788676429726484000,65.10948388671875,-89.48600769042969,36.362003326416016,-39.59800338745117
1788676429742644700,65.12564477539063,-88.92200469970703,35.62300109863281,-38.689002990722656
1788676429758782000,65.14178198242188,-89.49800109863281,36.57100296020508,-40.00400161743164
1788676429774939400,65.157939453125,-88.5050048828125,36.04900360107422,-38.88900375366211
1788676429791061200,65.17406127929688,-89.38600158691406,37.979000091552734,-38.871002197265625
1788676429807219500,65.19021948242188,-89.46100616455078,37.0260009765625,-38.06500244140625
1788676429823411700,65.20641162109375,-89.59200286865234,36.79500198364258,-39.28900146484375
1788676429839527400,65.22252734375,-87.35200500488281,37.439002990722656,-38.980003356933594
1788676429855628800,65.23862890625,-89.3530044555664,35.94600296020508,-38.68600082397461
1788676429871768300,65.25476831054688,-88.69800567626953,35.84600067138672,-38.07600021362305
1788676429887947500,65.27094750976562,-87.23400115966797,36.797000885009766,-38.884002685546875
1788676429904145200,65.28714526367187,-89.55000305175781,36.7130012512207,-37.45600128173828
1788676429920263200,65.30326318359376,-87.5510025024414,37.66400146484375,-38.163002014160156
1788676429936399000,65.31939916992188,-87.86600494384766,37.01900100708008,-38.37200164794922
1788676429952505600,65.33550561523438,-87.59200286865234,37.855003356933594,-39.893001556396484
1788676429968699100,65.35169921875,-89.16000366210938,37.77000045776367,-38.46600341796875
1788676429984909800,65.36790991210937,-89.04300689697266,37.34400177001953,-38.2660026550293
1788676430001042400,65.38404248046875,-89.69900512695312,37.444000244140625,-38.87600326538086
1788676430017193200,65.40019311523437,-91.3010025024414,36.689002990722656,-39.3900032043457
1788676430033304600,65.4163046875,-89.89900207519531,36.80400085449219,-38.677001953125
1788676430049499600,65.43249975585937,-89.93000793457031,38.5150032043457,-38.96800231933594
1788676430065716500,65.44871655273438,-88.64200592041016,38.08400344848633,-38.97300338745117
1788676430081850400,65.46485034179688,-89.36200714111328,36.263999938964844,-38.88600158691406
1788676430098005500,65.48100561523438,-89.39200592041016,37.759002685546875,-39.281002044677734
1788676430114118100,65.4971181640625,-90.11600494384766,37.23400115966797,-38.57100296020508
1788676430130321200,65.51332104492188,-91.52700805664062,38.52000045776367,-38.762001037597656
1788676430146490400,65.52949047851563,-90.21200561523438,36.9170036315918,-38.268001556396484
1788676430162628400,65.54562841796874,-90.12100219726562,37.880001068115234,-38.362003326416016
1788676430178786600,65.56178662109374,-89.48100280761719,37.986000061035156,-38.362003326416016
1788676430194912300,65.57791235351563,-88.66900634765625,38.71600341796875,-39.78200149536133
1788676430211106800,65.59410693359375,-89.60900115966797,37.217002868652344,-39.79500198364258
1788676430227289000,65.6102890625,-89.71900177001953,38.08000183105469,-39.37900161743164
1788676430243393500,65.6263935546875,-88.66900634765625,38.5,-39.88600158691406
1788676430259565600,65.64256567382813,-90.46600341796875,38.40500259399414,-39.172000885009766
1788676430275698000,65.65869799804688,-90.02200317382812,37.983001708984375,-38.6670036315918
1788676430291868000,65.67486791992188,-90.65900421142578,37.87800216674805,-38.56500244140625
1788676430308060700,65.69106079101563,-91.51200103759766,37.98800277709961,-38.461002349853516
1788676430324170500,65.70717041015625,-90.89100646972656,39.05600357055664,-38.656002044677734
1788676430340279800,65.72327978515625,-91.19100189208984,38.52900314331055,-38.04900360107422
1788676430356404200,65.739404296875,-90.89800262451172,37.53900146484375,-39.89200210571289
1788676430372564500,65.755564453125,-89.63600158691406,38.60600280761719,-40.0880012512207
1788676430388760600,65.77176049804687,-90.56300354003906,38.52000045776367,-38.66100311279297
1788676430404858400,65.7878583984375,-90.77800750732422,37.1140022277832,-39.59000015258789
1788676430420981800,65.80398168945312,-91.07100677490234,36.483001708984375,-38.78000259399414
1788676430437123800,65.82012377929688,-90.0050048828125,36.5880012512207,-38.781002044677734
1788676430453307400,65.83630737304688,-90.87000274658203,36.691001892089844,-39.18600082397461
1788676430469514200,65.85251416015625,-90.75700378417969,36.262001037597656,-39.19000244140625
1788676430485635600,65.86863549804687,-92.56800079345703,37.24100112915039,-38.3640022277832
1788676430501777400,65.88477734375,-90.64900207519531,35.182003021240234,-39.81100082397461
1788676430517877800,65.90087768554687,-91.50700378417969,35.93800354003906,-39.49800109863281
1788676430534069800,65.91706982421876,-88.16900634765625,34.112003326416016,-39.41600036621094
1788676430550277000,65.93327709960937,-92.58100128173828,36.044002532958984,-39.69900131225586
1788676430566376200,65.94937622070313,-91.18400573730469,35.07500076293945,-39.913002014160156
1788676430582525200,65.96552514648438,-92.12000274658203,35.415000915527344,-38.58500289916992
1788676430598638000,65.98163818359374,-87.7540054321289,35.94200134277344,-38.78900146484375
1788676430614838000,65.99783813476563,-90.87200164794922,34.52900314331055,-40.63200378417969
1788676430631000600,66.01400048828125,-89.12100219726562,34.11900329589844,-39.00800323486328
1788676430647137500,66.03013745117188,-92.3550033569336,34.97100067138672,-39.81100082397461
1788676430663294000,66.0462939453125,-92.052001953125,35.06800079345703,-40.52300262451172
1788676430679414800,66.06241479492188,-91.94200134277344,35.069000244140625,-40.422000885009766
1788676430695617000,66.07861694335938,-89.56500244140625,34.650001525878906,-39.410003662109375
1788676430711774200,66.09477416992188,-90.24200439453125,36.14200210571289,-40.10900115966797
1788676430727925800,66.11092578125,-92.77300262451172,35.19300079345703,-39.29900360107422
1788676430744053200,66.12705322265624,-92.68500518798828,36.37000274658203,-39.3910026550293
1788676430760184600,66.1431845703125,-92.28800201416016,35.59400177001953,-41.23200225830078
1788676430776357600,66.15935766601562,-91.71600341796875,35.29300308227539,-39.707000732421875
1788676430792524000,66.17552392578125,-92.04500579833984,35.395999908447266,-40.01100158691406
1788676430808587300,66.19158715820312,-91.6300048828125,35.604000091552734,-40.4170036315918
1788676430824706300,66.20770629882813,-91.60000610351562,34.32500076293945,-39.919002532958984
1788676430840840700,66.2238408203125,-92.156005859375,35.39400100708008,-40.21500015258789
1788676430857011200,66.24001123046875,-92.59000396728516,36.36300277709961,-39.900001525878906
1788676430873206300,66.25620629882812,-92.36300659179688,36.047000885009766,-39.496002197265625
1788676430889316900,66.27231689453124,-90.44100189208984,35.71900177001953,-39.70500183105469
1788676430905446100,66.28844604492187,-90.656005859375,36.1510009765625,-39.49700164794922
1788676430921544700,66.30454467773437,-92.17500305175781,36.4630012512207,-40.409000396728516
1788676430937731300,66.3207314453125,-91.05900573730469,35.95000076293945,-38.58100128173828
1788676430953938200,66.33693823242187,-92.0560073852539,36.362003326416016,-39.9010009765625
1788676430970061300,66.35306127929688,-91.14400482177734,36.979000091552734,-41.730003356933594
1788676430986204000,66.36920385742188,-93.8800048828125,37.00800323486328,-39.893001556396484
1788676431002301400,66.38530151367188,-90.81600189208984,37.415000915527344,-41.11600112915039
1788676431018496800,66.40149682617188,-92.9310073852539,37.8640022277832,-39.88600158691406
1788676431034659600,66.41765966796875,-91.20000457763672,37.7660026550293,-38.97300338745117
1788676431050793200,66.43379321289062,-91.23400115966797,38.070003509521484,-40.294002532958984
1788676431066951000,66.44995092773438,-89.72700500488281,37.85900115966797,-39.8910026550293
1788676431083069000,66.46606884765625,-90.79800415039062,37.426002502441406,-40.30000305175781
1788676431099275000,66.48227490234375,-92.49900817871094,37.86600112915039,-39.68300247192383
1788676431115445500,66.49844555664062,-92.51500701904297,38.829002380371094,-39.777000427246094
1788676431131584800,66.51458471679688,-90.68500518798828,37.755001068115234,-39.788002014160156
1788676431147747300,66.53074731445312,-90.16700744628906,38.06800079345703,-40.29600143432617
1788676431163872500,66.54687255859375,-90.39100646972656,37.84600067138672,-40.909000396728516
1788676431180083000,66.5630830078125,-90.36100769042969,38.18800354003906,-39.37800216674805
1788676431196280300,66.5792802734375,-93.26800537109375,39.90800094604492,-39.35900115966797
1788676431212435000,66.59543505859375,-92.51600646972656,37.638999938964844,-40.60200119018555
1788676431228607000,66.61160693359375,-91.531005859375,38.84100341796875,-38.759002685546875
1788676431244739600,66.62773950195313,-90.64800262451172,39.54900360107422,-41.810001373291016
1788676431260909000,66.64390893554688,-91.78500366210938,38.169002532958984,-41.00600051879883
1788676431277098800,66.6600986328125,-91.76200103759766,39.5880012512207,-39.05800247192383
1788676431293208600,66.67620849609375,-93.56400299072266,38.302001953125,-39.27100372314453
1788676431309338000,66.69233813476562,-92.30000305175781,38.397003173828125,-39.98400115966797
1788676431325472800,66.70847265625,-91.95000457763672,39.06300354003906,-38.24700164794922
1788676431341643000,66.72464306640624,-92.73200225830078,38.935001373291016,-39.87700271606445
1788676431357808400,66.74080834960938,-93.70500183105469,39.470001220703125,-40.07500076293945
1788676431373876700,66.75687670898438,-91.7820053100586,39.03600311279297,-40.285003662109375
1788676431389990400,66.77299047851562,-92.31300354003906,39.68600082397461,-39.76900100708008
1788676431406133200,66.78913330078124,-91.5560073852539,39.1510009765625,-39.67300033569336
1788676431422318000,66.80531811523437,-91.44800567626953,38.61000061035156,-39.98400115966797
1788676431438523100,66.82152319335937,-87.49500274658203,39.038002014160156,-39.577003479003906
1788676431454648300,66.8376484375,-90.8010025024414,39.262001037597656,-39.2660026550293
1788676431470781000,66.85378100585937,-92.41000366210938,38.288002014160156,-40.189002990722656
1788676431486926800,66.8699267578125,-90.91300201416016,38.827003479003906,-39.77900314331055
1788676431503104300,66.88610424804688,-92.18500518798828,37.970001220703125,-39.88600158691406
1788676431519269600,66.90226953125,-88.55400085449219,38.61300277709961,-39.47800064086914
1788676431535369500,66.91836938476563,-92.19800567626953,38.070003509521484,-40.39500045776367
1788676431551516700,66.9345166015625,-89.43400573730469,39.4630012512207,-40.08100128173828
1788676431567622000,66.95062182617187,-90.99000549316406,39.169002532958984,-38.24800109863281
1788676431583821800,66.96682177734375,-91.51000213623047,37.665000915527344,-38.566001892089844
1788676431599989500,66.98298950195313,-92.0580062866211,38.522003173828125,-38.659000396728516
1788676431616134000,66.9991337890625,-90.46600341796875,38.40500259399414,-39.172000885009766
1788676431632301300,67.01530126953125,-90.57300567626953,38.730003356933594,-38.96500015258789
1788676431648428500,67.03142846679688,-90.79200744628906,39.26700210571289,-38.858001708984375
1788676431664625400,67.04762548828126,-91.29100799560547,38.10000228881836,-38.053001403808594
1788676431680792600,67.06379248046875,-91.10200500488281,38.842002868652344,-38.65800094604492
1788676431696885200,67.07988525390626,-92.38600158691406,39.05800247192383,-38.65400314331055
1788676431712996600,67.09599658203125,-92.09000396728516,39.80000305175781,-39.259002685546875
1788676431729114000,67.11211401367187,-92.49300384521484,40.24700164794922,-37.93000030517578
1788676431745264600,67.1282646484375,-91.4070053100586,39.39200210571289,-37.634002685546875
1788676431761458700,67.14445874023437,-91.9260025024414,37.99700164794922,-37.849002838134766
1788676431777553200,67.16055322265625,-92.2560043334961,37.55900192260742,-38.566001892089844
1788676431793675800,67.17667578125,-92.4580078125,37.35100173950195,-38.160003662109375
1788676431809814800,67.19281469726562,-91.94300079345703,38.419002532958984,-38.355003356933594
1788676431825986600,67.20898657226563,-92.82400512695312,40.67400360107422,-38.130001068115234
1788676431842187300,67.22518725585938,-92.59300231933594,39.387001037597656,-38.14200210571289
1788676431858305500,67.24130541992187,-93.02000427246094,39.064002990722656,-38.34800338745117
1788676431874443800,67.25744384765625,-91.61800384521484,39.39400100708008,-37.53200149536133
1788676431890583300,67.27358325195313,-92.53400421142578,37.801002502441406,-36.5260009765625
1788676431906728700,67.28972875976562,-92.6760025024414,39.185001373291016,-37.22700119018555
1788676431922942500,67.3059423828125,-92.4520034790039,38.759002685546875,-37.027000427246094
1788676431938985700,67.32198583984375,-92.81400299072266,38.302001953125,-39.17000198364258
1788676431955135200,67.33813525390624,-92.79100799560547,39.073001861572266,-37.63500213623047
1788676431971242200,67.3542421875,-92.98700714111328,39.5150032043457,-36.612003326416016
1788676431987438800,67.37043896484376,-91.77000427246094,38.24300003051758,-35.50400161743164
1788676432003653600,67.38665356445313,-94.2550048828125,38.986000061035156,-36.310001373291016
1788676432019787500,67.40278759765626,-93.94700622558594,38.11300277709961,-37.43800354003906
1788676432035937500,67.4189375,-90.84000396728516,37.46600341796875,-37.34600067138672
1788676432052034800,67.43503491210937,-93.531005859375,39.0780029296875,-37.3280029296875
1788676432068215800,67.4512158203125,-93.61200714111328,37.689002990722656,-37.035003662109375
1788676432084385800,67.4673857421875,-94.59100341796875,38.652000427246094,-37.229000091552734
1788676432100509400,67.48350952148438,-91.49500274658203,39.512001037597656,-36.71600341796875
1788676432116664600,67.49966455078125,-94.0830078125,39.71600341796875,-37.729000091552734
1788676432132774000,67.51577392578125,-92.6760025024414,39.185001373291016,-37.22700119018555
1788676432148978400,67.531978515625,-93.50900268554688,38.983001708984375,-36.41200256347656
1788676432165152800,67.54815283203125,-93.31800079345703,39.61800003051758,-37.018001556396484
1788676432181298200,67.56429809570312,-93.31000518798828,41.13600158691406,-35.68100357055664
1788676432197472000,67.58047192382813,-93.10700225830078,39.94000244140625,-36.91400146484375
1788676432213601300,67.59660131835938,-92.97200775146484,40.7140007019043,-35.17500305175781
1788676432229768200,67.61276831054687,-93.16600799560547,38.996002197265625,-35.39400100708008
1788676432245954800,67.62895483398438,-93.92500305175781,39.31500244140625,-35.69600296020508
1788676432262066000,67.64506591796875,-94.60700225830078,39.83100128173828,-37.21800231933594
1788676432278198000,67.66119799804687,-91.2040023803711,41.00600051879883,-37.11000061035156
1788676432294337500,67.67733764648438,-94.47200775146484,40.38900375366211,-35.58400344848633
1788676432310510600,67.69351049804688,-93.62300109863281,40.92500305175781,-35.47800064086914
1788676432326707200,67.70970727539063,-92.36200714111328,40.802001953125,-36.5
1788676432342829300,67.72582934570312,-92.94900512695312,39.2140007019043,-35.08700180053711
1788676432358965000,67.74196508789062,-94.14800262451172,39.95800018310547,-35.69000244140625
1788676432375064000,67.75806396484376,-94.54800415039062,38.354000091552734,-35.5
1788676432391249200,67.77424926757813,-95.43600463867188,41.14500045776367,-35.27000045776367
1788676432407452700,67.79045263671875,-94.2540054321289,39.95900344848633,-35.69000244140625
1788676432423579600,67.80657958984375,-95.52000427246094,38.99700164794922,-35.595001220703125
1788676432439725300,67.82272534179687,-95.39600372314453,39.54800033569336,-34.470001220703125
1788676432455830300,67.83883032226562,-93.50000762939453,39.961002349853516,-35.38500213623047
1788676432472024600,67.85502465820312,-94.3270034790039,38.79100036621094,-34.88500213623047
1788676432488188700,67.87118872070313,-95.12500762939453,40.16600036621094,-36.29800033569336
1788676432504273700,67.88727368164062,-95.4780044555664,40.10300064086914,-33.038002014160156
1788676432520426000,67.90342602539063,-95.0580062866211,38.801002502441406,-34.17100143432617
1788676432536565200,67.91956518554687,-94.66400146484375,39.53700256347656,-35.18400192260742
1788676432552749000,67.9357490234375,-93.0510025024414,39.00200271606445,-34.987003326416016
1788676432568913200,67.9519130859375,-93.23600769042969,39.12700271606445,-33.66100311279297
1788676432585063400,67.9680634765625,-91.7820053100586,38.7760009765625,-35.7030029296875
1788676432601232100,67.98423217773437,-94.33100128173828,39.43600082397461,-34.676002502441406
1788676432617347000,68.00034716796876,-92.52100372314453,39.32200241088867,-34.98400115966797
1788676432633546800,68.01654663085938,-92.5040054321289,38.900001525878906,-34.479000091552734
1788676432649737200,68.0327373046875,-94.13800811767578,40.288002014160156,-35.07600021362305
1788676432665828900,68.04882885742188,-93.8060073852539,38.566001892089844,-35.60100173950195
1788676432681951200,68.064951171875,-94.51500701904297,37.94200134277344,-34.281002044677734
1788676432698086000,68.0810859375,-94.73700714111328,38.58500289916992,-34.275001525878906
1788676432714258700,68.0972587890625,-94.20600128173828,38.90700149536133,-34.17100143432617
1788676432730456300,68.11345629882813,-94.34300231933594,38.781002044677734,-35.59800338745117
1788676432746564900,68.12956494140624,-93.47300720214844,38.78900146484375,-34.88600158691406
1788676432762694700,68.14569458007813,-95.28500366210938,38.5780029296875,-34.88600158691406
1788676432778788900,68.16178881835937,-94.12800598144531,38.56500244140625,-35.702003479003906
1788676432794969900,68.17796997070313,-94.54800415039062,38.678001403808594,-35.29300308227539
1788676432811171000,68.19417114257813,-93.11700439453125,36.75699996948242,-34.599002838134766
1788676432827295700,68.21029565429687,-95.4000015258789,39.54500198364258,-34.67300033569336
1788676432843439400,68.226439453125,-93.53300476074219,36.44000244140625,-34.29600143432617
1788676432859581200,68.24258129882813,-92.77700805664062,36.336002349853516,-33.992000579833984
1788676432875775000,68.25877490234375,-93.01500701904297,38.051002502441406,-33.97600173950195
1788676432891986400,68.274986328125,-93.5250015258789,36.33700180053711,-33.99100112915039
1788676432908085200,68.29108520507812,-93.26200103759766,39.00300216674805,-34.884002685546875
1788676432924215600,68.30721557617187,-94.21000671386719,38.90500259399414,-34.375
1788676432940328000,68.32332788085938,-94.2090072631836,37.5,-35.202003479003906
1788676432956530000,68.33953002929688,-92.8270034790039,38.900001525878906,-34.58000183105469
1788676432972704000,68.3557041015625,-95.1510009765625,37.94600296020508,-34.07600021362305
1788676432988844300,68.37184423828126,-93.01300811767578,37.40400314331055,-34.288002014160156
1788676433005010400,68.38801049804688,-94.17200469970703,37.63100051879883,-33.46900177001953
1788676433021132000,68.40413208007813,-94.72900390625,37.61800003051758,-34.487003326416016
1788676433037345000,68.42034497070313,-94.07200622558594,36.97800064086914,-34.1879997253418
1788676433053522400,68.4365224609375,-96.44100189208984,39.2390022277832,-33.656002044677734
1788676433069608700,68.45260864257813,-94.52800750732422,39.23100280761719,-34.066001892089844
1788676433085755400,68.46875537109375,-95.0830078125,38.46200180053711,-35.49800109863281
1788676433101886200,68.48488623046875,-94.74600219726562,39.553001403808594,-34.0629997253418
1788676433118053600,68.5010537109375,-94.4330062866211,39.1150016784668,-34.678001403808594
1788676433134242600,68.51724267578125,-95.17300415039062,38.689002990722656,-34.579002380371094
1788676433150398500,68.5333984375,-94.40300750732422,38.37700271606445,-33.768001556396484
1788676433166571300,68.5495712890625,-95.46800231933594,39.02900314331055,-33.25200271606445
1788676433182691800,68.56569189453126,-95.49300384521484,38.3650016784668,-34.78499984741211
1788676433198839600,68.58183959960938,-93.6500015258789,38.487003326416016,-33.46200180053711
1788676433215025000,68.59802490234375,-95.77100372314453,38.06700134277344,-33.055999755859375
1788676433231122400,68.61412231445313,-95.8320083618164,39.86800003051758,-34.67000198364258
1788676433247243500,68.63024340820313,-95.80500793457031,39.23500061035156,-33.861000061035156
1788676433263384300,68.64638427734376,-93.68600463867188,40.08700180053711,-34.05900192260742
1788676433279565800,68.66256591796875,-94.76200103759766,40.5160026550293,-34.156002044677734
1788676433295762000,68.67876196289062,-93.2820053100586,40.612003326416016,-34.768001556396484
1788676433311886800,68.69488696289062,-95.07200622558594,39.65800094604492,-34.2650032043457
1788676433328031500,68.71103149414063,-95.19100189208984,40.191001892089844,-34.4640007019043
1788676433344135000,68.72713500976562,-92.82400512695312,39.874000549316406,-33.85900115966797
1788676433360327700,68.74332763671875,-94.87500762939453,39.86300277709961,-34.875
1788676433376537300,68.75953735351563,-94.11800384521484,41.27300262451172,-33.53900146484375
1788676433392667100,68.77566723632812,-94.44100189208984,39.97500228881836,-34.467002868652344
1788676433408816000,68.79181616210937,-95.09800720214844,41.15500259399414,-34.45600128173828
1788676433424924200,68.80792407226562,-93.89000701904297,40.74100112915039,-33.23800277709961
1788676433441126400,68.82412646484374,-95.1510009765625,39.56700134277344,-33.044002532958984
1788676433457291000,68.840291015625,-95.10100555419922,40.397003173828125,-35.07400131225586
1788676433473428000,68.85642797851563,-93.4000015258789,42.22700119018555,-34.24500274658203
1788676433489581300,68.87258129882812,-93.67300415039062,40.31100082397461,-33.34400177001953
1788676433505695500,68.88869555664063,-94.96400451660156,39.874000549316406,-34.060001373291016
1788676433521904000,68.90490405273438,-94.56300354003906,40.07400131225586,-35.077003479003906
1788676433538067500,68.9210673828125,-93.87600708007812,39.02100372314453,-33.66100311279297
1788676433554212900,68.937212890625,-93.8060073852539,39.53900146484375,-34.98100280761719
1788676433570372000,68.9533720703125,-97.12700653076172,40.83400344848633,-34.65999984741211
1788676433586476000,68.96947607421875,-94.85100555419922,39.55400085449219,-33.961002349853516
1788676433602644000,68.98564404296874,-95.39700317382812,39.980003356933594,-34.262001037597656
1788676433618808600,69.00180859375,-94.44600677490234,41.48500061035156,-33.74100112915039
1788676433634850000,69.01785009765625,-95.74400329589844,41.04500198364258,-34.76100158691406
1788676433650954200,69.03395434570312,-94.70000457763672,41.137001037597656,-35.781002044677734
1788676433667093200,69.05009326171874,-92.6760025024414,40.807003021240234,-36.194000244140625
1788676433683268600,69.0662685546875,-94.79500579833984,40.28000259399414,-35.788002014160156
1788676433699465000,69.08246484375,-94.8060073852539,40.92100143432617,-35.884002685546875
1788676433715581700,69.09858178710938,-93.71400451660156,40.50200271606445,-35.07400131225586
1788676433731698700,69.11469873046875,-93.50900268554688,39.63200378417969,-35.999000549316406
1788676433747828200,69.130828125,-91.79200744628906,40.499000549316406,-35.077003479003906
1788676433763989800,69.14698974609375,-93.42900085449219,40.5880012512207,-36.60200119018555
1788676433780188200,69.16318823242187,-92.66700744628906,42.32500076293945,-34.85600280761719
1788676433796307200,69.17930712890625,-92.33900451660156,40.60000228881836,-35.58500289916992
1788676433812438500,69.1954384765625,-92.12700653076172,41.68000030517578,-34.9640007019043
1788676433828574500,69.21157446289062,-92.87200164794922,39.52100372314453,-36.20500183105469
1788676433844757500,69.22775756835938,-94.47700500488281,40.60200119018555,-35.68400192260742
1788676433860966100,69.24396606445312,-92.63400268554688,40.94000244140625,-34.25699996948242
1788676433877078000,69.260078125,-92.12800598144531,42.11100387573242,-34.75699996948242
1788676433893202200,69.2762021484375,-94.25200653076172,40.93300247192383,-34.96800231933594
1788676433909312300,69.29231225585937,-92.5530014038086,41.78900146484375,-34.861000061035156
1788676433925504800,69.3085048828125,-95.97200775146484,41.46900177001953,-35.165000915527344
1788676433941670400,69.32467041015624,-91.81300354003906,41.35100173950195,-35.47700119018555
1788676433957811000,69.34081103515625,-92.99800109863281,41.130001068115234,-36.0880012512207
1788676433973967600,69.35696752929688,-94.1570053100586,41.790000915527344,-34.961002349853516
1788676433990068200,69.37306811523437,-93.31200408935547,40.810001373291016,-35.9890022277832
1788676434006257700,69.38925756835937,-93.93600463867188,40.92900085449219,-35.172000885009766
1788676434022435000,69.40543505859375,-94.2820053100586,40.80600357055664,-36.39500045776367
1788676434038583000,69.4215830078125,-92.15400695800781,42.63600158691406,-35.56700134277344
1788676434054752800,69.43775268554687,-94.03800201416016,40.39200210571289,-35.27900314331055
1788676434070877700,69.45387768554687,-94.5260009765625,41.86900329589844,-37.099002838134766
1788676434087050000,69.47005004882813,-92.66000366210938,42.11300277709961,-34.65400314331055
1788676434103239400,69.48623950195312,-92.52200317382812,40.83500289916992,-34.05400085449219
1788676434119348700,69.5023486328125,-94.62400817871094,42.19900131225586,-36.48400115966797
1788676434135480600,69.51848046875,-92.87400817871094,41.1410026550293,-35.27400207519531
1788676434151620000,69.5346201171875,-93.85800170898438,43.18100357055664,-35.051002502441406
1788676434167790300,69.55079028320313,-93.74000549316406,42.53900146484375,-34.95500183105469
1788676434183985200,69.56698510742187,-92.24000549316406,42.32400131225586,-34.85600280761719
1788676434200101000,69.58310107421875,-92.44700622558594,42.00400161743164,-34.75699996948242
1788676434216205600,69.59920556640625,-94.94500732421875,43.71200180053711,-35.55400085449219
1788676434232334000,69.615333984375,-91.84400177001953,44.034000396728516,-35.147003173828125
1788676434248516900,69.63151684570313,-93.45000457763672,44.358001708984375,-35.143001556396484
1788676434264720600,69.647720703125,-93.9310073852539,43.202003479003906,-33.522003173828125
1788676434280843800,69.66384375,-92.69300079345703,44.6870002746582,-34.52900314331055
1788676434296968400,69.67996850585938,-92.46500396728516,43.50600051879883,-34.64200210571289
1788676434313073700,69.69607373046875,-92.5510025024414,42.76300048828125,-34.138999938964844
1788676434329250300,69.71225024414062,-92.36500549316406,44.259002685546875,-34.432003021240234
1788676434345456000,69.7284560546875,-92.16900634765625,44.57200241088867,-35.040000915527344
1788676434361580500,69.74458056640626,-94.48200225830078,44.27300262451172,-33.6140022277832
1788676434377727700,69.76072778320312,-93.26100158691406,46.18000030517578,-35.12700271606445
1788676434393845000,69.77684497070312,-92.16200256347656,44.57600021362305,-34.73500061035156
1788676434410032400,69.79303247070312,-91.31200408935547,44.35600280761719,-35.04300308227539
1788676434426251500,69.80925146484375,-93.02300262451172,44.358001708984375,-35.143001556396484
1788676434442378800,69.82537866210937,-94.81300354003906,45.02400207519531,-33.60700225830078
1788676434458544400,69.84154443359375,-92.68400573730469,44.044002532958984,-34.53499984741211
1788676434474668000,69.85766796875,-90.4520034790039,43.926002502441406,-35.04800033569336
1788676434490877700,69.87387768554687,-92.36400604248047,44.04300308227539,-34.53600311279297
1788676434507046100,69.89004614257813,-92.81700134277344,44.24500274658203,-35.552001953125
1788676434523196400,69.90619653320313,-93.0060043334961,43.827003479003906,-34.7400016784668
1788676434539364400,69.9223642578125,-93.44000244140625,45.336002349853516,-34.1150016784668
1788676434555502000,69.93850219726562,-93.24100494384766,44.89500045776367,-35.03600311279297
1788676434571672000,69.95467211914062,-93.75100708007812,42.85700225830078,-35.25699996948242
1788676434587863000,69.97086303710938,-92.36200714111328,44.04500198364258,-34.43400192260742
1788676434603937000,69.98693701171875,-92.6780014038086,43.939002990722656,-34.332000732421875
1788676434620062000,70.00306201171875,-92.35900115966797,44.15400314331055,-34.229000091552734
1788676434636202500,70.01920239257812,-93.63700103759766,44.80600357055664,-33.71200180053711
1788676434652377900,70.0353779296875,-90.84000396728516,43.73400115966797,-33.42000198364258
1788676434668573200,70.0515732421875,-92.82400512695312,45.105003356933594,-35.34100341796875
1788676434684694300,70.0676943359375,-93.73600769042969,44.05500030517578,-33.82100296020508
1788676434700833500,70.08383349609375,-92.79600524902344,43.608001708984375,-35.04800033569336
1788676434716931800,70.09993188476562,-94.28600311279297,44.37000274658203,-34.32600021362305
1788676434733101300,70.11610131835937,-94.36600494384766,43.09000015258789,-33.93000030517578
1788676434749307000,70.13230688476563,-91.09600067138672,43.060001373291016,-35.768001556396484
1788676434765381000,70.14838110351562,-91.7300033569336,43.3900032043457,-35.255001068115234
1788676434781523200,70.16452319335937,-91.62000274658203,44.14800262451172,-34.637001037597656
1788676434797624300,70.18062426757812,-92.9050064086914,43.28300094604492,-35.35600280761719
1788676434813817600,70.19681762695312,-93.3030014038086,42.97700119018555,-34.23800277709961
1788676434830028300,70.2130283203125,-91.2040023803711,42.952003479003906,-35.871002197265625
1788676434846129000,70.22912890625,-91.94000244140625,44.47300338745117,-34.43000030517578
1788676434862267400,70.24526733398437,-89.3810043334961,43.38600158691406,-35.25800323486328
1788676434878364700,70.26136474609375,-90.62700653076172,42.65300369262695,-34.143001556396484
1788676434894553000,70.27755297851563,-93.42900085449219,43.83100128173828,-34.53600311279297
1788676434910730800,70.29373071289062,-91.46500396728516,43.09600067138672,-33.11900329589844
1788676434926858200,70.30985815429688,-90.22000122070312,43.612003326416016,-34.44000244140625
1788676434943011000,70.32601098632813,-91.92000579833984,42.8640022277832,-34.547000885009766
1788676434959125200,70.34212524414062,-91.06000518798828,41.569000244140625,-35.06800079345703
1788676434975329500,70.35832958984375,-91.08000183105469,42.20600128173828,-35.57200241088867
1788676434991511000,70.37451098632812,-91.41400146484375,43.0620002746582,-35.66600036621094
1788676435007663600,70.39066357421875,-90.5060043334961,43.09400177001953,-33.22200012207031
1788676435023832300,70.40683227539063,-90.85700225830078,43.18300247192383,-34.54500198364258
1788676435039962400,70.42296240234376,-91.91200256347656,40.92300033569336,-35.37900161743164
1788676435056135400,70.43913549804688,-90.28900146484375,42.663002014160156,-33.3280029296875
1788676435072324000,70.45532397460937,-91.81600189208984,43.18600082397461,-34.44200134277344
1788676435088415700,70.47141577148437,-91.4990005493164,42.967002868652344,-34.75
1788676435104522800,70.48752270507812,-91.89400482177734,40.61000061035156,-34.77000045776367
1788676435120641500,70.5036416015625,-89.7560043334961,41.25700378417969,-34.25800323486328
1788676435136813300,70.51981323242188,-89.54600524902344,40.7140007019043,-34.772003173828125
1788676435153008400,70.53600830078125,-90.73900604248047,41.893001556396484,-34.862003326416016
1788676435169122800,70.55212280273437,-90.71900177001953,41.90500259399414,-33.945003509521484
1788676435185256400,70.56825634765624,-90.39500427246094,42.448001861572266,-33.432003021240234
1788676435201353700,70.58435375976562,-92.51200103759766,40.94900131225586,-33.544002532958984
1788676435217536500,70.60053662109375,-91.58800506591797,42.00600051879883,-34.55500030517578
1788676435233700000,70.6167001953125,-90.62800598144531,41.57100296020508,-34.8650016784668
1788676435249819600,70.63281958007812,-90.2820053100586,40.50600051879883,-34.36600112915039
1788676435265954800,70.64895483398438,-90.49100494384766,41.15800094604492,-33.74800109863281
1788676435282057200,70.66505712890626,-92.96200561523438,39.9630012512207,-35.182003021240234
1788676435298244900,70.68124487304688,-91.27100372314453,40.922000885009766,-35.37900161743164
1788676435314451200,70.697451171875,-90.83500671386719,39.7390022277832,-35.69600296020508
1788676435330520300,70.71352026367188,-92.74200439453125,41.480003356933594,-33.94600296020508
1788676435346657000,70.72965698242187,-92.99500274658203,41.02400207519531,-35.98800277709961
1788676435362776000,70.74577612304688,-90.84200286865234,41.57200241088867,-34.8650016784668
1788676435378978300,70.76197827148438,-93.052001953125,40.082000732421875,-34.36600112915039
1788676435395143700,70.77814379882813,-92.2040023803711,40.509002685546875,-34.36300277709961
1788676435411266000,70.79426611328125,-90.72400665283203,41.25400161743164,-34.5620002746582
1788676435427414800,70.81041479492187,-89.74000549316406,41.2660026550293,-33.54500198364258
1788676435443524600,70.82652465820313,-91.5790023803711,40.823001861572266,-34.871002197265625
1788676435459724000,70.84272412109375,-91.44500732421875,40.8390007019043,-33.64800262451172
1788676435475888600,70.858888671875,-90.93500518798828,40.932003021240234,-34.66699981689453
1788676435492029700,70.87502978515624,-89.74500274658203,41.15500259399414,-33.85100173950195
1788676435508153000,70.89115307617188,-90.07600402832031,41.25700378417969,-34.25699996948242
1788676435524287500,70.90728759765625,-91.1780014038086,41.56300354003906,-35.5780029296875
1788676435540509400,70.92350952148438,-89.4990005493164,40.742000579833984,-32.63300323486328
1788676435556698000,70.93969799804688,-91.34500122070312,41.375003814697266,-33.64400100708008
1788676435572807200,70.95580712890624,-91.35700225830078,41.368003845214844,-34.15299987792969
1788676435588940800,70.97194091796875,-89.43800354003906,41.90300369262695,-33.94700241088867
1788676435605085000,70.9880849609375,-90.3270034790039,42.316001892089844,-35.2660026550293
1788676435621268200,71.00426831054688,-92.6290054321289,40.402000427246094,-34.3640022277832
1788676435637469000,71.02046899414063,-91.45700073242188,42.02100372314453,-33.43400192260742
1788676435653591600,71.03659155273438,-92.1030044555664,41.47700119018555,-34.04899978637695
1788676435669733400,71.0527333984375,-90.5300064086914,40.70100021362305,-35.790000915527344
1788676435685839400,71.06883935546875,-89.8810043334961,41.78600311279297,-34.762001037597656
1788676435702030800,71.08503076171876,-90.28900146484375,41.36600112915039,-34.15400314331055
1788676435718241500,71.10124145507812,-89.34800720214844,41.35200119018555,-35.07200241088867
1788676435734369500,71.11736962890625,-90.0780029296875,41.3640022277832,-34.25600051879883
1788676435750516700,71.13351684570313,-91.00200653076172,40.84800338745117,-32.93600082397461
1788676435766627800,71.1496279296875,-90.37000274658203,39.97700119018555,-33.861000061035156
1788676435782825700,71.16582568359375,-90.49700164794922,41.262001037597656,-33.95100021362305
1788676435798996200,71.18199633789062,-89.75200653076172,40.827003479003906,-34.3640022277832
1788676435815094800,71.1980947265625,-89.13300323486328,42.5420036315918,-34.24700164794922
1788676435831257000,71.21425708007813,-90.25700378417969,40.19700241088867,-33.452003479003906
1788676435847380000,71.2303798828125,-90.8340072631836,41.03600311279297,-34.87000274658203
1788676435863567000,71.24656713867188,-90.66700744628906,38.803001403808594,-33.56500244140625
1788676435879737900,71.26273779296875,-90.81600189208984,40.50700378417969,-34.3650016784668
1788676435895822800,71.27882275390625,-90.73100280761719,41.46600341796875,-34.763999938964844
1788676435911984400,71.294984375,-89.23700714111328,40.70600128173828,-35.28200149536133
1788676435928108300,71.3111083984375,-89.41100311279297,40.94700241088867,-33.34400177001953
1788676435944317000,71.32731689453125,-88.4780044555664,41.03600311279297,-34.56700134277344
1788676435960495600,71.34349560546875,-88.5840072631836,41.14500045776367,-34.4640007019043
1788676435976632800,71.3596328125,-89.44000244140625,40.38900375366211,-34.979000091552734
1788676435992781600,71.37578149414063,-87.92300415039062,38.34600067138672,-35.30500030517578
1788676436008896000,71.39189599609375,-89.7030029296875,38.26300048828125,-33.775001525878906
1788676436025062700,71.40806274414062,-90.62200164794922,39.954002380371094,-35.59300231933594
1788676436041253000,71.42425317382812,-89.85800170898438,39.42300033569336,-35.191001892089844
1788676436057356800,71.44035668945313,-89.9530029296875,39.43000030517578,-34.680999755859375
1788676436073478100,71.45647802734375,-89.72700500488281,39.65300369262695,-33.96600341796875
1788676436089620700,71.47262084960937,-89.61500549316406,38.467002868652344,-34.486000061035156
1788676436105798100,71.48879809570313,-89.61000061035156,39.76700210571289,-33.45600128173828
1788676436121994500,71.50499438476562,-88.4320068359375,38.47100067138672,-34.08000183105469
1788676436138113800,71.52111376953125,-89.86700439453125,40.281002044677734,-35.08100128173828
1788676436154250500,71.53725048828124,-87.9330062866211,39.20500183105469,-35.195003509521484
1788676436170351000,71.55335107421875,-88.65300750732422,38.034000396728516,-34.695003509521484
1788676436186516700,71.56951684570312,-88.88500213623047,37.59100341796875,-35.819000244140625
1788676436202721800,71.5857216796875,-89.19900512695312,39.43300247192383,-34.37700271606445
1788676436218826800,71.60182666015625,-88.23500061035156,38.89200210571289,-34.586002349853516
1788676436234955300,71.61795532226563,-88.00000762939453,37.82400131225586,-34.290000915527344
1788676436251061500,71.6340615234375,-90.23700714111328,39.236000061035156,-33.15500259399414
1788676436267259000,71.6502587890625,-88.64900207519531,38.25300216674805,-34.38800048828125
1788676436283473700,71.6664736328125,-89.84700775146484,38.99700164794922,-34.99100112915039
1788676436299606500,71.6826064453125,-88.5530014038086,38.570003509521484,-34.691001892089844
1788676436315758300,71.69875830078125,-88.77100372314453,38.35200119018555,-34.99800109863281
1788676436331879200,71.71487915039063,-89.0040054321289,39.31300354003906,-35.29500198364258
1788676436348081700,71.73108154296875,-89.48400115966797,38.04900360107422,-33.67500305175781
1788676436364248000,71.747248046875,-90.76900482177734,37.617000579833984,-34.08500289916992
1788676436380342800,71.7633427734375,-89.38700103759766,38.36800003051758,-33.87600326538086
1788676436396492800,71.77949291992188,-88.88900756835938,39.534000396728516,-34.784000396728516
1788676436412598300,71.79559838867188,-88.67900085449219,39.099002838134766,-35.195003509521484
1788676436428798700,71.811798828125,-89.39100646972656,39.01400375366211,-33.66699981689453
1788676436444963600,71.82796362304687,-89.40300750732422,40.41100311279297,-33.349002838134766
1788676436461052400,71.84405249023438,-89.87500762939453,39.84400177001953,-35.69600296020508
1788676436477175000,71.86017504882813,-89.31800079345703,40.182003021240234,-34.47200012207031
1788676436493296600,71.87629663085937,-90.2820053100586,40.50600051879883,-34.36600112915039
1788676436509456000,71.89245581054688,-88.55400085449219,40.08300018310547,-33.76000213623047
1788676436525648400,71.9086484375,-89.65400695800781,41.14500045776367,-34.56500244140625
1788676436541746200,71.92474609375,-89.76800537109375,41.46600341796875,-34.663002014160156
1788676436557871900,71.94087182617187,-88.3290023803711,39.7650032043457,-33.45800018310547
1788676436574025500,71.957025390625,-88.53700256347656,39.33700180053711,-33.461002349853516
1788676436590176500,71.97317651367187,-88.86000061035156,40.20000076293945,-33.04600143432617
1788676436606377700,71.98937768554687,-89.0790023803711,39.11600112915039,-33.97200012207031
1788676436622455300,72.00545532226562,-89.84000396728516,41.595001220703125,-33.03200149536133
1788676436638595600,72.021595703125,-89.43000793457031,40.71900177001953,-34.3650016784668
1788676436654698200,72.0376982421875,-89.51700592041016,41.704002380371094,-32.8280029296875
1788676436670890000,72.05388989257813,-89.86700439453125,41.25400161743164,-34.461002349853516
1788676436687099600,72.070099609375,-90.29000091552734,41.25800323486328,-34.25699996948242
1788676436703230000,72.08622998046874,-91.01000213623047,40.62700271606445,-33.44700241088867
1788676436719380700,72.10238061523438,-89.46800231933594,39.03200149536133,-32.342002868652344
1788676436735494400,72.11849438476563,-90.2030029296875,41.89400100708008,-34.76100158691406
1788676436751699500,72.13469946289062,-91.92200469970703,40.33400344848633,-31.411001205444336
1788676436767916800,72.15091674804688,-88.07200622558594,42.53600311279297,-34.55400085449219
1788676436784020700,72.16702075195313,-88.67100524902344,42.130001068115234,-32.927001953125
1788676436800178400,72.18317846679687,-89.6500015258789,42.66100311279297,-33.430999755859375
1788676436816300300,72.19930029296874,-90.04800415039062,40.842002868652344,-33.242000579833984
1788676436832501800,72.21550170898438,-90.62200164794922,42.76400375366211,-33.836002349853516
1788676436848671500,72.23167138671874,-90.1500015258789,41.49400329589844,-32.625
1788676436864808000,72.24780786132813,-90.6050033569336,42.342002868652344,-33.33000183105469
1788676436880882200,72.26388208007812,-90.70500183105469,41.698001861572266,-33.4379997253418
1788676436897011700,72.28001171875,-91.32100677490234,40.4170036315918,-33.143001556396484
1788676436913229800,72.29622973632813,-91.14800262451172,41.90500259399414,-34.047000885009766
1788676436929415400,72.31241552734375,-91.33700561523438,40.73200225830078,-33.64900207519531
1788676436945553000,72.32855297851563,-91.01200103759766,41.922000885009766,-32.72200012207031
1788676436961684200,72.34468432617187,-90.07200622558594,41.1510009765625,-34.15700149536133
1788676436977826000,72.36082592773438,-89.21400451660156,40.50400161743164,-34.367000579833984
1788676436993982500,72.376982421875,-88.88200378417969,41.80800247192383,-33.03200149536133
1788676437010177300,72.39317724609376,-89.94800567626953,42.35100173950195,-32.61800003051758
1788676437026280200,72.4092802734375,-89.64900207519531,41.90500259399414,-33.845001220703125
1788676437042414600,72.42541455078126,-88.46700286865234,41.367000579833984,-33.85100173950195
1788676437058561800,72.44156176757812,-90.14600372314453,41.38800048828125,-32.52400207519531
1788676437074730800,72.45773071289062,-90.43900299072266,40.540000915527344,-31.819002151489258
1788676437090935800,72.47393579101562,-87.91800689697266,41.91600036621094,-32.8280029296875
1788676437107040800,72.49004077148437,-89.16900634765625,39.88300323486328,-32.74300003051758
1788676437123157200,72.5061572265625,-90.39500427246094,41.1510009765625,-34.25800323486328
1788676437139293200,72.52229321289063,-89.19900512695312,40.730003356933594,-33.55000305175781
1788676437155473200,72.53847314453125,-88.63600158691406,40.63800048828125,-32.329002380371094
1788676437171675100,72.55467504882813,-89.51400756835938,41.16600036621094,-33.03700256347656
1788676437187791000,72.570791015625,-88.23500061035156,41.48600387573242,-32.93300247192383
1788676437203932400,72.58693237304688,-89.60000610351562,40.53000259399414,-32.53300094604492
1788676437220040000,72.6030400390625,-89.49000549316406,41.93600082397461,-31.50200080871582
1788676437236240400,72.61924047851562,-90.42900085449219,39.682003021240234,-31.928001403808594
1788676437252455200,72.635455078125,-88.6290054321289,40.75100326538086,-31.921001434326172
1788676437268591400,72.65159130859375,-90.26700592041016,41.27100372314453,-33.23800277709961
1788676437284750600,72.66775048828126,-91.45000457763672,42.99700164794922,-32.509002685546875
1788676437300849200,72.68384912109374,-87.46500396728516,41.066001892089844,-32.22500228881836
1788676437317038000,72.7000380859375,-91.00100708007812,39.98400115966797,-33.4530029296875
1788676437333206800,72.71620678710937,-88.85600280761719,40.74300003051758,-32.53200149536133
1788676437349334800,72.73233471679687,-89.06400299072266,41.17900085449219,-32.018001556396484
1788676437365485000,72.74848510742187,-91.48300170898438,40.124000549316406,-31.00600242614746
1788676437381614000,72.76461401367187,-91.00700378417969,40.52100372314453,-33.34600067138672
1788676437397832400,72.78083251953124,-88.43500518798828,41.17100143432617,-32.52900314331055
1788676437414020000,72.79702001953125,-90.13700103759766,40.20500183105469,-32.84100341796875
1788676437430131200,72.81313110351563,-90.54600524902344,39.89200210571289,-32.23200225830078
1788676437446259000,72.82925903320313,-90.74700164794922,40.656002044677734,-31.20600128173828
1788676437462403000,72.84540307617188,-88.10600280761719,41.06700134277344,-32.224002838134766
1788676437478553000,72.86155297851562,-91.85000610351562,41.069000244140625,-32.525001525878906
1788676437494751700,72.87775170898438,-90.23800659179688,40.316001892089844,-32.534000396728516
1788676437510822100,72.893822265625,-90.12000274658203,39.999000549316406,-32.23100280761719
1788676437526961700,72.90996166992187,-90.78300476074219,41.932003021240234,-32.01000213623047
1788676437543090700,72.92609057617187,-89.3800048828125,40.858001708984375,-32.020999908447266
1788676437559254300,72.94225415039062,-89.92200469970703,41.28600311279297,-32.11800003051758
1788676437575461400,72.95846142578125,-89.4050064086914,41.1670036315918,-32.935001373291016
1788676437591565300,72.9745654296875,-88.09300231933594,40.31800079345703,-32.12900161743164
1788676437607708400,72.99070849609375,-88.76700592041016,40.08300018310547,-33.76000213623047
1788676437623845600,73.006845703125,-89.03500366210938,38.927001953125,-32.1400032043457
1788676437640007200,73.02300708007813,-89.0560073852539,40.427001953125,-32.12700271606445
1788676437656224800,73.03922485351562,-88.96100616455078,40.31100082397461,-32.7390022277832
1788676437672320800,73.05532080078125,-86.94900512695312,42.35100173950195,-32.2140007019043
1788676437688477000,73.07147680664062,-91.51200103759766,40.97100067138672,-31.81300163269043
1788676437704561000,73.08756079101562,-87.24400329589844,41.50300216674805,-31.610000610351562
1788676437720722400,73.10372241210938,-89.63300323486328,41.59000015258789,-33.3380012512207
1788676437736896800,73.11989672851563,-90.15800476074219,41.59700012207031,-32.93000030517578
1788676437753002000,73.136001953125,-87.75900268554688,41.08300018310547,-31.00200080871582
1788676437769166300,73.15216625976562,-89.09500122070312,42.88900375366211,-32.30900192260742
1788676437785291300,73.16829125976562,-89.57300567626953,42.1670036315918,-30.277002334594727
1788676437801501200,73.18450122070313,-90.22400665283203,40.75700378417969,-31.613000869750977
1788676437817678800,73.20067895507813,-89.54600524902344,40.5620002746582,-30.088001251220703
1788676437833827000,73.2168271484375,-90.87200164794922,41.18600082397461,-31.71000099182129
1788676437849993200,73.2329931640625,-92.16100311279297,42.04800033569336,-31.49700164794922
1788676437866125300,73.24912524414063,-89.0770034790039,41.819000244140625,-32.21600341796875
1788676437882341600,73.26534155273437,-90.74800109863281,41.0880012512207,-30.998001098632812
1788676437898526200,73.28152612304687,-91.92300415039062,40.441001892089844,-31.410001754760742
1788676437914702800,73.29770288085938,-89.781005859375,41.95500183105469,-30.177001953125
1788676437930807600,73.3138076171875,-90.94800567626953,41.52900314331055,-30.077001571655273
1788676437946940700,73.32994067382812,-88.08200073242188,42.27100372314453,-30.380001068115234
1788676437963114000,73.34611401367188,-89.91000366210938,42.374000549316406,-30.886001586914062
1788676437979300900,73.36230078125,-90.64900207519531,42.59600067138672,-30.374000549316406
1788676437995413200,73.37841333007813,-90.77100372314453,40.750003814697266,-32.224002838134766
1788676438011544800,73.394544921875,-91.52100372314453,41.93800354003906,-31.601001739501953
1788676438027692500,73.41069262695312,-89.56400299072266,40.551002502441406,-30.90300178527832
1788676438043876600,73.42687670898438,-90.11000061035156,42.27400207519531,-30.37700080871582
1788676438060045800,73.4430458984375,-92.44100189208984,40.452003479003906,-30.696001052856445
1788676438076120800,73.45912084960938,-89.86500549316406,41.75300216674805,-29.262001037597656
1788676438092265000,73.47526489257812,-90.64500427246094,41.842002868652344,-30.68600082397461
1788676438108368600,73.49136865234375,-88.16600799560547,40.663002014160156,-30.394001007080078
1788676438124556000,73.50755615234375,-90.2030029296875,40.230003356933594,-31.007001876831055
1788676438140766000,73.52376586914062,-91.177001953125,42.16800308227539,-30.37700080871582
1788676438156892700,73.539892578125,-88.35800170898438,41.217002868652344,-29.065000534057617
1788676438173039000,73.5560390625,-89.11900329589844,41.535003662109375,-29.468002319335938
1788676438189183700,73.57218383789062,-91.3080062866211,42.586002349853516,-31.18800163269043
1788676438205367600,73.58836743164062,-89.5770034790039,40.652000427246094,-31.411001205444336
1788676438221532700,73.60453271484376,-90.09800720214844,42.17400360107422,-29.869001388549805
1788676438237652000,73.62065185546875,-89.24000549316406,42.3910026550293,-29.56300163269043
1788676438253795800,73.6367958984375,-89.0250015258789,40.986000061035156,-30.39000129699707
1788676438269901300,73.6529013671875,-91.71300506591797,42.16800308227539,-30.47800064086914
1788676438286099500,73.66909936523437,-89.0260009765625,41.41800308227539,-30.183000564575195
1788676438302264600,73.6852646484375,-91.34700775146484,41.33100128173828,-28.9580020904541
1788676438318395100,73.70139501953125,-90.1500015258789,39.72100067138672,-28.974000930786133
1788676438334555000,73.71755493164062,-90.71400451660156,40.893001556396484,-29.57400131225586
1788676438350679800,73.7336796875,-89.42100524902344,40.682003021240234,-29.170001983642578
1788676438366896000,73.74989624023438,-90.0580062866211,40.46800231933594,-29.171001434326172
1788676438383082000,73.76608203125,-89.52100372314453,40.25300216674805,-29.174001693725586
1788676438399191000,73.78219091796875,-90.84700775146484,42.17300033569336,-29.970001220703125
1788676438415318000,73.79831811523438,-88.79300689697266,40.672000885009766,-29.782001495361328
1788676438431443500,73.814443359375,-88.64200592041016,39.94300079345703,-28.261001586914062
1788676438447607300,73.83060717773438,-90.16700744628906,40.143001556396484,-29.479001998901367
1788676438463800300,73.84680029296875,-90.78500366210938,40.48200225830078,-28.253002166748047
1788676438479920000,73.86292016601563,-90.50000762939453,40.24400329589844,-29.987001419067383
1788676438496056300,73.87905639648437,-90.68000793457031,39.400001525878906,-28.976001739501953
1788676438512201500,73.89520141601562,-92.1550064086914,40.49500274658203,-27.43600082397461
1788676438528386000,73.91138598632813,-90.07200622558594,40.676002502441406,-29.679000854492188
1788676438544584200,73.92758422851563,-90.8790054321289,40.38200378417969,-27.7450008392334
1788676438560706300,73.94370629882812,-90.25100708007812,40.2650032043457,-28.358001708984375
1788676438576844800,73.9598447265625,-92.69500732421875,39.303001403808594,-28.465002059936523
1788676438592943900,73.97594384765625,-92.80900573730469,41.13600158691406,-27.634000778198242
1788676438609132500,73.99213256835938,-90.35100555419922,39.945003509521484,-28.259000778198242
1788676438625343000,74.00834301757813,-90.88200378417969,40.05600357055664,-28.053001403808594
1788676438641454600,74.02445458984376,-92.59300231933594,38.97600173950195,-28.875001907348633
1788676438657600300,74.04060034179687,-93.34500122070312,41.569000244140625,-27.42500114440918
1788676438673714200,74.05671411132812,-92.49700164794922,41.02300262451172,-28.043001174926758
1788676438689909500,74.07290942382812,-91.19700622558594,39.195003509521484,-28.36600112915039
1788676438706075100,74.0890751953125,-92.14000701904297,39.85600280761719,-27.137001037597656
1788676438722178000,74.10517797851563,-92.16800689697266,40.92000198364258,-27.738000869750977
1788676438738319600,74.12131958007812,-92.67000579833984,40.724002838134766,-26.415000915527344
1788676438754423300,74.13742333984375,-92.06200408935547,40.487003326416016,-28.048002243041992
1788676438770615000,74.15361499023437,-91.00100708007812,42.31800079345703,-27.218000411987305
1788676438786795300,74.16979516601563,-92.20100402832031,40.46800231933594,-29.474000930786133
1788676438802921000,74.1859208984375,-93.77200317382812,41.569000244140625,-27.42500114440918
1788676438819074300,74.20207421875,-92.79100799560547,40.499000549316406,-27.23200035095215
1788676438835193600,74.21819360351563,-91.73900604248047,42.43300247192383,-26.707000732421875
1788676438851411200,74.2344111328125,-90.02100372314453,42.220001220703125,-26.405000686645508
1788676438867599600,74.250599609375,-90.76900482177734,41.249000549316406,-27.024002075195312
1788676438883711500,74.26671142578125,-90.46800231933594,42.6410026550293,-27.012001037597656
1788676438899837000,74.2828369140625,-92.18600463867188,43.39400100708008,-27.003002166748047
1788676438915973400,74.29897338867187,-92.7090072631836,41.56500244140625,-27.630001068115234
1788676438932145000,74.31514477539062,-93.02300262451172,43.29800033569336,-26.290000915527344
1788676438948336000,74.33133618164062,-91.12500762939453,42.84800338745117,-27.621002197265625
1788676438964445700,74.34744580078124,-91.82400512695312,42.663002014160156,-25.584001541137695
1788676438980579800,74.36357983398437,-91.96700286865234,43.28900146484375,-26.801000595092773
1788676438996674600,74.37967456054687,-92.156005859375,42.87200164794922,-25.98900032043457
1788676439012852500,74.3958525390625,-94.91400146484375,42.672000885009766,-25.275001525878906
1788676439029049000,74.41204907226563,-94.82300567626953,41.3650016784668,-26.814001083374023
1788676439045165600,74.42816552734375,-93.45000457763672,43.08300018310547,-26.393001556396484
1788676439061307400,74.44430737304687,-91.2820053100586,43.207000732421875,-24.867000579833984
1788676439077407500,74.46040747070313,-92.06200408935547,42.97200393676758,-26.498001098632812
1788676439093601300,74.47660131835937,-92.12800598144531,41.160003662109375,-25.801000595092773
1788676439109812000,74.49281201171875,-95.22400665283203,42.570003509521484,-24.86800193786621
1788676439125944800,74.50894482421874,-91.7030029296875,41.15800094604492,-25.90300178527832
1788676439142096100,74.52509619140625,-93.83100128173828,41.59800338745117,-25.285001754760742
1788676439158203000,74.54120288085937,-93.74300384521484,42.7760009765625,-25.37700080871582
1788676439174389200,74.55738916015625,-93.28700256347656,41.496002197265625,-24.87900161743164
1788676439190610400,74.5736103515625,-94.21800231933594,40.97500228881836,-23.86400032043457
1788676439206704400,74.58970434570313,-92.80400085449219,43.08500289916992,-26.190000534057617
1788676439222858000,74.60585791015625,-93.3070068359375,43.105003356933594,-24.76300048828125
1788676439238958000,74.6219580078125,-94.0830078125,44.06100082397461,-25.46700096130371
1788676439255149000,74.63814916992187,-93.64000701904297,43.20500183105469,-25.2710018157959
1788676439271309800,74.65430981445313,-93.62600708007812,42.88900375366211,-24.867000579833984
1788676439287438800,74.67043896484375,-94.81100463867188,43.10200119018555,-25.16900062561035
1788676439303580000,74.68657983398438,-92.5530014038086,43.97200393676758,-23.942001342773438
1788676439319692300,74.7026923828125,-93.5040054321289,41.926002502441406,-24.774002075195312
1788676439335910400,74.71891040039063,-94.15800476074219,43.21600341796875,-24.558000564575195
1788676439352103200,74.73510327148438,-94.66700744628906,42.259002685546875,-24.056001663208008
1788676439368207400,74.75120727539063,-94.55400085449219,42.15400314331055,-23.85300064086914
1788676439384328700,74.76732861328125,-96.9320068359375,42.573001861572266,-24.865001678466797
1788676439400471300,74.78347119140625,-93.6030044555664,42.03900146484375,-24.365001678466797
1788676439416646700,74.79964672851563,-94.89000701904297,43.118003845214844,-23.946001052856445
1788676439432843500,74.81584350585938,-94.35200500488281,41.823001861572266,-24.57000160217285
1788676439448960800,74.83196069335938,-95.46300506591797,43.63600158691406,-25.367000579833984
1788676439465096000,74.84809594726562,-93.94600677490234,44.1870002746582,-24.040000915527344
1788676439481192700,74.86419262695313,-94.1290054321289,42.801002502441406,-23.543001174926758
1788676439497383700,74.8803837890625,-95.72100830078125,41.62000274658203,-23.85700035095215
1788676439513589000,74.89658911132813,-96.27300262451172,41.71900177001953,-24.56800079345703
1788676439529713700,74.91271362304687,-94.46600341796875,42.46800231933594,-24.46200180053711
1788676439545861000,74.92886108398437,-93.39500427246094,42.900001525878906,-24.052001953125
1788676439561972000,74.94497192382812,-96.56500244140625,42.169002532958984,-23.036001205444336
1788676439578168600,74.96116845703125,-94.34500122070312,43.124000549316406,-23.43800163269043
1788676439594380800,74.977380859375,-94.13700103759766,43.33700180053711,-23.538002014160156
1788676439610514400,74.99351440429687,-94.24300384521484,43.445003509521484,-23.435001373291016
1788676439626668000,75.00966796875,-95.61800384521484,42.159000396728516,-23.648000717163086
1788676439642778600,75.02577856445312,-97.4310073852539,41.8390007019043,-23.751001358032227
1788676439658982100,75.04198217773437,-95.92400360107422,42.492000579833984,-22.830001831054688
1788676439675148300,75.05814819335937,-91.96700286865234,41.51700210571289,-23.14900016784668
1788676439691257000,75.07425708007813,-96.02400207519531,41.95600128173828,-22.83500099182129
1788676439707418000,75.09041821289063,-95.19000244140625,42.59100341796875,-23.339000701904297
1788676439723538200,75.1065380859375,-96.9050064086914,43.454002380371094,-23.126001358032227
1788676439739748400,75.12274829101563,-94.2820053100586,41.00100326538086,-21.928001403808594
1788676439755920100,75.13892016601562,-96.88800811767578,41.73500061035156,-23.44700050354004
1788676439772025000,75.15502514648438,-96.15200805664062,42.70000076293945,-23.33700180053711
1788676439788188400,75.1711884765625,-97.21700286865234,42.163002014160156,-23.54400062561035
1788676439804317400,75.1873173828125,-94.96600341796875,41.84000015258789,-23.34600067138672
1788676439820484000,75.20348413085938,-93.5510025024414,41.855003356933594,-22.126001358032227
1788676439836676400,75.21967626953125,-96.0300064086914,42.38500213623047,-22.83100128173828
1788676439852768500,75.2357685546875,-95.8270034790039,42.16200256347656,-23.444000244140625
1788676439868881000,75.251880859375,-96.01700592041016,41.96000289916992,-22.529001235961914
1788676439885007400,75.26800732421874,-95.82100677490234,42.057003021240234,-23.24100112915039
1788676439901178000,75.28417822265625,-94.01400756835938,42.15800094604492,-23.54800033569336
1788676439917375500,75.30037548828125,-97.2080078125,42.81700134277344,-22.724000930786133
1788676439933482200,75.31648217773437,-95.59500122070312,42.17300033569336,-22.630001068115234
1788676439949618200,75.3326181640625,-96.22400665283203,42.829002380371094,-21.70600128173828
1788676439965716000,75.34871606445313,-96.22700500488281,42.39500045776367,-22.117000579833984
1788676439981894700,75.36489477539062,-93.68800354003906,42.9170036315918,-22.82900047302246
1788676439998101200,75.38110131835937,-95.61800384521484,43.672000885009766,-22.718000411987305
1788676440014227700,75.39722778320312,-95.06500244140625,42.926002502441406,-22.31800079345703
1788676440030370300,75.41337036132812,-95.81800079345703,43.03200149536133,-22.520000457763672
1788676440046471400,75.42947143554687,-97.31600189208984,43.24800109863281,-22.516000747680664
1788676440062652400,75.44565234375,-96.66600799560547,43.03700256347656,-22.213001251220703
1788676440078857500,75.461857421875,-97.1780014038086,43.592002868652344,-20.88300132751465
1788676440094979000,75.47797900390626,-96.4580078125,44.1140022277832,-21.796001434326172
1788676440111126800,75.49412670898438,-96.31400299072266,42.08300018310547,-21.407001495361328
1788676440127240000,75.51023999023438,-95.90200805664062,42.505001068115234,-21.81100082397461
1788676440143436800,75.52643676757812,-98.24300384521484,41.64900207519531,-22.020000457763672
1788676440159599600,75.542599609375,-94.76000213623047,43.564002990722656,-22.61800193786621
1788676440175739000,75.55873876953125,-97.65300750732422,43.45500183105469,-23.125001907348633
1788676440191897300,75.5748974609375,-93.89300537109375,43.4630012512207,-22.11100196838379
1788676440208017200,75.59101708984375,-96.79500579833984,43.672000885009766,-22.81800079345703
1788676440224221200,75.60722119140625,-96.56700134277344,41.84300231933594,-23.34400177001953
1788676440240377000,75.62337719726563,-96.71100616455078,40.913002014160156,-20.806001663208008
1788676440256525800,75.63952587890626,-96.13600158691406,43.682003021240234,-22.00400161743164
1788676440272649000,75.65564892578125,-96.2760009765625,44.09400177001953,-23.22300148010254
1788676440288779000,75.67177905273438,-98.39800262451172,43.45800018310547,-23.022001266479492
1788676440304950800,75.68795068359375,-96.89000701904297,43.67900085449219,-22.309001922607422
1788676440321145000,75.70414501953125,-97.96400451660156,42.8120002746582,-23.130001068115234
1788676440337213200,75.72021313476563,-97.86200714111328,42.48500061035156,-23.541000366210938
1788676440353341700,75.736341796875,-98.49900817871094,44.00200271606445,-22.4060001373291
1788676440369483300,75.75248315429687,-95.2760009765625,43.900001525878906,-21.59600067138672
1788676440385659400,75.76865942382813,-96.79400634765625,44.42900085449219,-22.302001953125
1788676440401899800,75.78489965820313,-98.16700744628906,42.820003509521484,-22.621000289916992
1788676440418001700,75.80100170898437,-96.2550048828125,43.8910026550293,-22.410001754760742
1788676440434122000,75.8171220703125,-94.52300262451172,43.038002014160156,-21.910001754760742
1788676440450221000,75.83322094726563,-97.74300384521484,43.573001861572266,-22.309001922607422
1788676440466399500,75.8493994140625,-96.53800201416016,43.37300109863281,-21.09000015258789
1788676440482605000,75.86560498046875,-96.48200225830078,43.23500061035156,-23.434001922607422
1788676440498727700,75.88172778320312,-96.15300750732422,42.915000915527344,-23.233001708984375
1788676440514864000,75.89786401367188,-98.71400451660156,43.461002349853516,-22.81800079345703
1788676440530974200,75.91397412109374,-97.97100830078125,43.457000732421875,-23.023000717163086
1788676440547164400,75.93016430664062,-96.76400756835938,41.42100143432617,-22.838001251220703
1788676440563376400,75.94637646484375,-97.4800033569336,41.98200225830078,-21.101001739501953
1788676440579513600,75.962513671875,-98.67200469970703,41.75700378417969,-22.018001556396484
1788676440595673300,75.97867333984375,-97.62300109863281,42.93300247192383,-22.11100196838379
1788676440611810000,75.99481005859376,-97.63500213623047,42.493003845214844,-22.93000030517578
1788676440627994400,76.01099438476562,-99.68600463867188,43.78000259399414,-23.119001388549805
1788676440644164900,76.02716479492187,-99.0260009765625,43.034000396728516,-22.71900177001953
1788676440660278500,76.04327856445312,-100.47300720214844,42.20100021362305,-21.095001220703125
1788676440676423700,76.05942358398437,-99.74500274658203,42.29600143432617,-21.910001754760742
1788676440692553200,76.07555322265625,-98.9310073852539,43.027000427246094,-23.229001998901367
1788676440708774400,76.0917744140625,-98.177001953125,42.59700012207031,-23.23400115966797
1788676440724961000,76.1079609375,-97.84500122070312,41.415000915527344,-23.448001861572266
1788676440741118000,76.12411791992187,-99.02000427246094,42.605003356933594,-22.72300148010254
1788676440757242600,76.14024267578125,-97.54700469970703,43.67100143432617,-23.0210018157959
1788676440773376500,76.15637646484375,-98.6830062866211,43.371002197265625,-21.494001388549805
1788676440789591800,76.172591796875,-99.9850082397461,43.03700256347656,-22.61600112915039
1788676440805773800,76.18877392578125,-97.2090072631836,42.92400360107422,-22.72300148010254
1788676440821885400,76.20488549804688,-97.19000244140625,42.50300216674805,-22.115001678466797
1788676440838012200,76.22101220703125,-100.30400848388672,44.11900329589844,-21.893001556396484
1788676440854152200,76.23715209960938,-99.11200714111328,43.371002197265625,-21.59600067138672
1788676440870329900,76.25332983398438,-98.16300201416016,43.902000427246094,-21.796001434326172
1788676440886527700,76.26952783203124,-97.927001953125,43.051002502441406,-21.295000076293945
1788676440902595600,76.285595703125,-101.9800033569336,42.0880012512207,-21.705001831054688
1788676440918735000,76.30173510742188,-98.59700775146484,42.926002502441406,-22.72100067138672
1788676440934833200,76.31783325195312,-100.9540023803711,44.76300048828125,-21.887001037597656
1788676440951001000,76.3340009765625,-98.92400360107422,44.00400161743164,-22.304000854492188
1788676440967198500,76.35019848632813,-100.75900268554688,44.967002868652344,-22.59800148010254
1788676440983302000,76.36630200195313,-98.79900360107422,43.906002044677734,-21.591001510620117
1788676440999425300,76.38242529296875,-98.9050064086914,44.448001861572266,-21.179000854492188
1788676441015556000,76.39855615234374,-100.09400177001953,44.54800033569336,-21.788000106811523
1788676441031741700,76.41474169921875,-99.67900848388672,45.08100128173828,-21.987001419067383
1788676441047954200,76.4309541015625,-98.59300231933594,43.902000427246094,-21.897001266479492
1788676441064049700,76.44704956054687,-100.8270034790039,43.802001953125,-21.59000015258789
1788676441080192800,76.46319287109375,-99.56200408935547,43.358001708984375,-22.61400032043457
1788676441096301300,76.47930126953125,-100.22100830078125,44.86100387573242,-22.498001098632812
1788676441112497400,76.49549731445312,-99.53900146484375,44.66800308227539,-20.769001007080078
1788676441128709600,76.51170971679687,-100.31900787353516,45.8390007019043,-21.47100067138672
1788676441144845600,76.52784545898437,-100.76300811767578,46.910003662109375,-21.562000274658203
1788676441161004000,76.54400415039062,-99.1300048828125,45.30500030517578,-21.171001434326172
1788676441177127400,76.56012744140625,-99.51900482177734,46.77800369262695,-23.297000885009766
1788676441193337300,76.57633740234375,-99.57200622558594,44.432003021240234,-22.4010009765625
1788676441209494000,76.59249389648437,-100.18400573730469,44.99100112915039,-20.76500129699707
1788676441225602800,76.60860278320312,-100.52100372314453,45.84600067138672,-20.961000442504883
1788676441241726500,76.6247265625,-98.95600128173828,45.49700164794922,-22.80000114440918
1788676441257854000,76.64085400390626,-99.58000183105469,46.48100280761719,-21.466001510620117
1788676441274021600,76.65702172851563,-99.91500854492188,46.040000915527344,-22.386001586914062
1788676441290211600,76.67321166992187,-100.25200653076172,46.24700164794922,-22.9950008392334
1788676441306320000,76.68931982421876,-100.46700286865234,47.867000579833984,-22.064001083374023
1788676441322448600,76.70544873046875,-98.99400329589844,47.095001220703125,-23.499000549316406
1788676441338591500,76.72159155273438,-100.13600158691406,46.577003479003906,-22.381000518798828
1788676441354769400,76.73776928710937,-99.1810073852539,46.67900085449219,-22.58500099182129
1788676441370965000,76.75396508789062,-99.17000579833984,46.362003326416016,-22.282001495361328
1788676441387079400,76.77007934570312,-100.0510025024414,46.34700393676758,-23.50400161743164
1788676441403218000,76.78621801757812,-98.29500579833984,45.724002838134766,-21.780000686645508
1788676441419351800,76.80235180664063,-98.34000396728516,46.454002380371094,-23.301000595092773
1788676441435508000,76.81850805664062,-97.46400451660156,44.737003326416016,-23.41900062561035
1788676441451720400,76.83472045898438,-99.4000015258789,45.27100372314453,-23.718000411987305
1788676441467782400,76.85078247070312,-98.68400573730469,46.54800033569336,-24.319000244140625
1788676441483929900,76.86692993164063,-96.62300109863281,46.02400207519531,-23.205001831054688
1788676441500033300,76.883033203125,-99.51400756835938,45.807003021240234,-23.713001251220703
1788676441516230100,76.89923022460937,-98.00300598144531,46.78700256347656,-22.382001876831055
1788676441532394500,76.91539453125,-97.49400329589844,46.55600357055664,-23.60700035095215
1788676441548505600,76.93150561523437,-96.65400695800781,47.62600326538086,-23.599000930786133
1788676441564638200,76.94763818359375,-97.89100646972656,45.71000289916992,-22.799001693725586
1788676441580734200,76.96373413085938,-99.52700805664062,45.58400344848633,-24.428001403808594
1788676441596934100,76.97993408203125,-98.3060073852539,46.0420036315918,-22.08300018310547
1788676441613098200,76.99609814453125,-97.51600646972656,46.86600112915039,-24.41900062561035
1788676441629200600,77.01220068359375,-98.25700378417969,47.41200256347656,-23.802001953125
1788676441645352400,77.0283525390625,-98.11500549316406,47.32500076293945,-22.275001525878906
1788676441661466400,77.04446630859375,-96.87700653076172,48.48500061035156,-23.48900032043457
1788676441677636900,77.06063696289063,-97.48800659179688,46.34300231933594,-23.507001876831055
1788676441693823000,77.07682299804688,-99.31400299072266,46.44700241088867,-23.911001205444336
1788676441709977600,77.0929775390625,-98.38800811767578,47.290000915527344,-24.924001693725586
1788676441726102000,77.10910205078125,-97.68600463867188,45.4890022277832,-23.31100082397461
1788676441742238000,77.12523803710937,-97.60200500488281,47.2030029296875,-23.296001434326172
1788676441758411500,77.14141162109375,-98.44600677490234,46.454002380371094,-23.301000595092773
1788676441774600700,77.1576005859375,-98.76800537109375,46.56200408935547,-23.30000114440918
1788676441790695200,77.17369506835938,-97.88300323486328,46.47100067138672,-21.977001190185547
1788676441806827800,77.18982788085937,-96.72700500488281,45.48600387573242,-23.41400146484375
1788676441822971100,77.20597119140625,-98.89200592041016,46.01100158691406,-24.42500114440918
1788676441839149800,77.22214990234374,-100.13300323486328,45.38900375366211,-23.003000259399414
1788676441855404800,77.23840478515625,-98.76700592041016,46.13100051879883,-23.507001876831055
1788676441871532800,77.25453271484375,-99.0790023803711,46.24400329589844,-23.09800148010254
1788676441887676200,77.27067626953125,-98.33000183105469,47.54100036621094,-22.171001434326172
1788676441903779800,77.28677978515626,-98.10200500488281,46.36000061035156,-22.284000396728516
1788676441919968500,77.30296850585937,-98.12700653076172,46.99400329589844,-22.99100112915039
1788676441936132000,77.31913208007812,-99.38900756835938,45.927001953125,-22.795001983642578
1788676441952287700,77.33528784179687,-100.25100708007812,46.355003356933594,-22.892000198364258
1788676441968415200,77.35141528320312,-100.2560043334961,45.92000198364258,-23.405000686645508
1788676441984526300,77.3675263671875,-98.75900268554688,47.540000915527344,-22.273000717163086
1788676442000721400,77.38372143554687,-99.15800476074219,47.342002868652344,-21.15300178527832
1788676442016884200,77.39988427734374,-98.94100189208984,45.93800354003906,-21.87900161743164
1788676442032982300,77.41598217773438,-99.33700561523438,45.310001373291016,-20.865001678466797
1788676442049136400,77.43213647460938,-95.9780044555664,46.67400360107422,-22.589000701904297
1788676442065253400,77.44825341796874,-100.41600799560547,46.81700134277344,-20.44300079345703
1788676442081438500,77.4644384765625,-96.82500457763672,46.68000411987305,-22.283000946044922
1788676442097605600,77.48060571289062,-98.52400207519531,46.797000885009766,-21.770000457763672
1788676442113732600,77.49673266601563,-100.76700592041016,46.04300308227539,-22.283000946044922
1788676442129880600,77.51288061523438,-99.14700317382812,47.02400207519531,-20.850000381469727
1788676442145992400,77.52899243164063,-98.96000671386719,47.980003356933594,-21.453001022338867
1788676442162197800,77.54519775390625,-98.29600524902344,47.56100082397461,-20.643001556396484
1788676442178360000,77.56136010742188,-98.1780014038086,46.27100372314453,-20.96000099182129
1788676442194462500,77.57746240234376,-96.66600799560547,46.387001037597656,-20.1460018157959
1788676442210590500,77.59359057617188,-100.64500427246094,46.592002868652344,-21.260000228881836
1788676442226728200,77.60972827148437,-98.08800506591797,46.801002502441406,-21.363000869750977
1788676442242904300,77.625904296875,-98.80500793457031,47.25300216674805,-19.72800064086914
1788676442259100400,77.64210034179688,-97.8330078125,46.177001953125,-19.94300079345703
1788676442275214300,77.65821435546874,-97.71600341796875,46.39900207519531,-19.330001831054688
1788676442291344400,77.67434448242187,-97.19500732421875,47.14800262451172,-19.426000595092773
1788676442307441400,77.69044140625,-97.81900787353516,45.970001220703125,-19.435001373291016
1788676442323622700,77.70662255859375,-98.27300262451172,46.387001037597656,-20.34800148010254
1788676442339826200,77.722826171875,-98.46300506591797,44.88800048828125,-20.259000778198242
1788676442355937500,77.7389375,-97.83600616455078,45.527000427246094,-20.45800018310547
1788676442372071400,77.75507153320312,-97.92200469970703,45.000003814697266,-19.851001739501953
1788676442388167400,77.77116748046875,-97.42400360107422,45.301002502441406,-21.275001525878906
1788676442404360700,77.78736059570312,-99.6510009765625,44.342002868652344,-21.179000854492188
1788676442420573200,77.8035732421875,-100.62200164794922,45.742000579833984,-20.75800132751465
1788676442436702200,77.8197021484375,-95.68800354003906,44.99100112915039,-20.262001037597656
1788676442452844800,77.8358447265625,-98.8030014038086,44.98500061035156,-21.073001861572266
1788676442468950300,77.8519501953125,-98.3800048828125,44.98100280761719,-21.277000427246094
1788676442485142300,77.86814233398438,-98.13600158691406,43.59400177001953,-20.780000686645508
1788676442501351400,77.88435131835938,-98.10700225830078,44.801002502441406,-18.73200035095215
1788676442517481700,77.90048168945313,-98.04800415039062,43.58300018310547,-21.595001220703125
1788676442533629000,77.91662890625,-98.78900146484375,44.669002532958984,-20.668001174926758
1788676442549740000,77.93273999023438,-96.85800170898438,43.483001708984375,-20.986000061035156
1788676442565936400,77.94893627929687,-95.11900329589844,44.255001068115234,-19.148000717163086
1788676442582107000,77.96510693359374,-98.67400360107422,44.025001525878906,-20.674001693725586
1788676442598198000,77.98119799804688,-96.95100402832031,44.788002014160156,-19.549001693725586
1788676442614357200,77.99735717773437,-97.19300842285156,43.582000732421875,-21.59600067138672
1788676442630470000,78.01346997070313,-96.9530029296875,43.27400207519531,-20.58100128173828
1788676442646659600,78.02965966796874,-96.96500396728516,44.45500183105469,-20.367000579833984
1788676442662830000,78.045830078125,-97.49100494384766,43.272003173828125,-20.784000396728516
1788676442678909000,78.06190893554688,-98.65300750732422,44.038002014160156,-19.757001876831055
1788676442695059500,78.0780595703125,-97.28500366210938,43.483001708984375,-20.986000061035156
1788676442711170000,78.09417016601563,-98.02900695800781,43.59400177001953,-20.780000686645508
1788676442727327000,78.11032690429687,-99.0040054321289,43.26300048828125,-21.597000122070312
1788676442743514600,78.1265146484375,-97.58800506591797,42.413002014160156,-20.893001556396484
1788676442759660500,78.14266064453125,-97.5770034790039,42.74400329589844,-20.177000045776367
1788676442775778600,78.15877856445313,-97.57600402832031,41.880001068115234,-20.694000244140625
1788676442791916300,78.17491625976562,-97.78300476074219,43.182003021240234,-19.562000274658203
1788676442808088600,78.19108862304688,-99.25200653076172,41.47100067138672,-19.47300148010254
1788676442824279300,78.207279296875,-96.89400482177734,40.82400131225586,-19.48200035095215
1788676442840388400,78.22338842773438,-97.22500610351562,42.439002990722656,-18.95800018310547
1788676442856522000,78.23952197265625,-99.68500518798828,41.57600021362305,-19.67500114440918
1788676442872619300,78.25561938476562,-97.6100082397461,41.384002685546875,-17.744001388549805
1788676442888795100,78.27179516601562,-97.57600402832031,41.34000015258789,-21.00400161743164
1788676442905003300,78.28800317382813,-99.04900360107422,40.92300033569336,-20.293001174926758
1788676442921127400,78.30412744140625,-99.22900390625,40.51100158691406,-19.07400131225586
1788676442937269000,78.32026904296875,-98.9070053100586,40.83700180053711,-18.766000747680664
1788676442953374000,78.3363740234375,-99.052001953125,40.814002990722656,-20.498001098632812
1788676442969568800,78.35256884765624,-98.59000396728516,39.96900177001953,-19.487001419067383
1788676442985775000,78.36877514648438,-100.83000183105469,39.11000061035156,-19.900001525878906
1788676443001868300,78.38486840820312,-99.98900604248047,40.397003173828125,-19.685001373291016
1788676443018020000,78.40102001953124,-97.72500610351562,39.650001525878906,-19.18600082397461
1788676443034129700,78.41712963867188,-97.92000579833984,39.44600296020508,-18.474000930786133
1788676443050318000,78.43331811523437,-98.58800506591797,41.592002868652344,-18.352001190185547
1788676443066477300,78.44947729492188,-98.81000518798828,39.75,-19.8960018157959
1788676443082553000,78.46555297851563,-99.02700805664062,40.50400161743164,-19.584001541137695
1788676443098692600,78.48169262695312,-98.17200469970703,39.9630012512207,-19.895000457763672
1788676443114814500,78.497814453125,-100.09300231933594,38.88600158691406,-20.514001846313477
1788676443130971100,78.51397119140626,-98.77000427246094,37.829002380371094,-19.302000045776367
1788676443147152100,78.53015209960938,-98.46000671386719,37.281002044677734,-20.12200164794922
1788676443163255300,78.54625537109375,-99.24300384521484,38.66600036621094,-20.82200050354004
1788676443179370800,78.56237084960938,-99.19400787353516,36.96600341796875,-19.71700096130371
1788676443195505000,78.5785048828125,-97.72400665283203,38.570003509521484,-19.806001663208008
1788676443211658200,78.594658203125,-97.83800506591797,38.78200149536133,-20.00800132751465
1788676443227852800,78.61085278320313,-98.37700653076172,37.80800247192383,-20.83100128173828
1788676443243946000,78.62694604492188,-98.24100494384766,36.74400329589844,-20.229000091552734
1788676443260057300,78.64305737304687,-97.74200439453125,38.23500061035156,-20.828001022338867
1788676443276184600,78.6591845703125,-97.31900787353516,37.04300308227539,-21.756000518798828
1788676443292358700,78.67535864257812,-100.32400512695312,37.6870002746582,-22.052001953125
1788676443308532000,78.69153198242188,-98.68700408935547,37.27300262451172,-20.733001708984375
1788676443324651800,78.70765185546875,-98.1830062866211,37.79500198364258,-21.748001098632812
1788676443340792600,78.72379248046875,-97.3340072631836,37.79100036621094,-21.953001022338867
1788676443356894000,78.73989404296876,-96.69500732421875,37.24800109863281,-22.36600112915039
1788676443373086200,78.75608618164063,-99.06800842285156,37.67000198364258,-23.174001693725586
1788676443389295000,78.77229516601562,-98.41100311279297,37.4630012512207,-22.566001892089844
1788676443405421300,78.78842138671875,-97.99500274658203,37.77900314331055,-22.869001388549805
1788676443421565200,78.80456518554688,-97.09000396728516,35.647003173828125,-21.972000122070312
1788676443437673200,78.82067309570313,-96.2560043334961,36.71500015258789,-22.168001174926758
1788676443453871600,78.83687158203125,-95.73900604248047,36.81100082397461,-22.880001068115234
1788676443470037800,78.85303784179688,-96.69400787353516,36.060001373291016,-23.09000015258789
1788676443486169300,78.86916943359375,-97.10600280761719,35.422000885009766,-22.78900146484375
1788676443502317300,78.8853173828125,-98.26500701904297,34.027000427246094,-23.00400161743164
1788676443518434600,78.9014345703125,-98.5060043334961,34.65999984741211,-23.81300163269043
1788676443534638600,78.917638671875,-97.54000091552734,34.98500061035156,-23.404001235961914
1788676443550811000,78.93381079101563,-97.43400573730469,34.66100311279297,-23.610000610351562
1788676443566949000,78.94994921875,-97.7280044555664,34.24500274658203,-22.69700050354004
1788676443583110100,78.96611010742187,-98.5040054321289,34.87700271606445,-23.60700035095215
1788676443599240200,78.982240234375,-97.9570083618164,34.884002685546875,-22.996000289916992
1788676443615454000,78.99845385742188,-97.63200378417969,33.59000015258789,-23.6200008392334
1788676443631640600,79.014640625,-99.99600219726562,33.36800003051758,-24.433000564575195
1788676443647798000,79.03079809570312,-98.8270034790039,34.22800064086914,-24.12200164794922
1788676443663923500,79.04692333984374,-98.95100402832031,34.00100326538086,-25.040000915527344
1788676443680043000,79.06304296875,-98.84400177001953,34.10900115966797,-24.93800163269043
1788676443696200400,79.07920043945313,-96.0530014038086,33.89800262451172,-24.434001922607422
1788676443712398800,79.09539892578125,-97.7760009765625,34.97200012207031,-24.422000885009766
1788676443728511000,79.11151098632813,-96.3060073852539,35.27900314331055,-25.338001251220703
1788676443744643300,79.12764331054687,-98.9320068359375,34.76900100708008,-23.709001541137695
1788676443760740600,79.14374072265625,-98.18900299072266,34.117000579833984,-24.327001571655273
1788676443776925200,79.15992529296875,-98.52900695800781,33.888999938964844,-25.347002029418945
1788676443793124000,79.1761240234375,-100.02700805664062,33.78200149536133,-25.55000114440918
1788676443809229000,79.19222900390625,-97.26900482177734,35.06300354003906,-25.542001724243164
1788676443825372400,79.20837231445313,-98.00700378417969,34.20600128173828,-25.6510009765625
1788676443841474800,79.22447485351563,-99.04400634765625,33.685001373291016,-24.636001586914062
1788676443857659000,79.24065893554688,-97.802001953125,35.17300033569336,-25.439001083374023
1788676443873869600,79.25686962890624,-100.77400207519531,33.24300003051758,-25.860000610351562
1788676443889999000,79.2729990234375,-97.16300201416016,34.95500183105469,-25.645000457763672
1788676443906151200,79.28915112304688,-99.91300201416016,33.89400100708008,-25.14200210571289
1788676443922262000,79.30526196289063,-97.88900756835938,33.564002990722656,-25.55500030517578
1788676443938456000,79.3214560546875,-98.41900634765625,33.45900344848633,-25.453001022338867
1788676443954619000,79.33761889648437,-98.7540054321289,34.531002044677734,-25.44300079345703
1788676443970720000,79.35371997070312,-96.19800567626953,33.659000396728516,-26.269001007080078
1788676443986873900,79.36987377929688,-97.41200256347656,35.69000244140625,-26.759000778198242
1788676444002983700,79.38598364257813,-101.02200317382812,34.41100311279297,-26.66400146484375
1788676444019189800,79.40218969726563,-97.156005859375,33.66200256347656,-26.166000366210938
1788676444035352000,79.41835205078125,-98.22300720214844,33.448001861572266,-26.269001007080078
1788676444051501600,79.43450146484375,-96.81000518798828,33.78499984741211,-24.94300079345703
1788676444067664600,79.45066455078126,-98.76700592041016,34.63199996948242,-25.952001571655273
1788676444083800300,79.46680029296876,-99.4780044555664,33.46600341796875,-25.04400062561035
1788676444099969300,79.48296923828126,-100.46500396728516,34.20800018310547,-25.750001907348633
1788676444116153600,79.49915356445312,-100.6810073852539,33.55900192260742,-26.264001846313477
1788676444132257300,79.51525732421875,-98.76200103759766,33.77000045776367,-26.26500129699707
1788676444148383700,79.5313837890625,-99.71500396728516,33.884002685546875,-25.85500144958496
1788676444164521700,79.54752172851562,-99.91300201416016,35.191001892089844,-24.316001892089844
1788676444180698400,79.56369848632812,-97.98800659179688,33.677001953125,-25.1460018157959
1788676444196890600,79.579890625,-99.37600708007812,34.00300216674805,-24.93800163269043
1788676444212979200,79.59597924804687,-98.72400665283203,34.009002685546875,-24.429000854492188
1788676444229107500,79.612107421875,-99.60900115966797,34.42399978637695,-25.545001983642578
1788676444245233700,79.62823364257812,-98.61200714111328,32.60700225830078,-25.053001403808594
1788676444261413600,79.64441357421875,-99.06100463867188,33.56700134277344,-25.452001571655273
1788676444277621000,79.66062109375,-99.9320068359375,34.099002838134766,-25.85300064086914
1788676444293743900,79.67674389648438,-99.91400146484375,34.11000061035156,-25.038002014160156
1788676444309886000,79.69288598632812,-99.03900146484375,33.47200012207031,-24.536001205444336
1788676444325994800,79.70899487304688,-98.63900756835938,34.428001403808594,-25.139001846313477
1788676444342189300,79.72518920898438,-99.29200744628906,35.178001403808594,-25.233001708984375
1788676444358402000,79.74140209960937,-98.74700164794922,35.50800323486328,-24.518001556396484
1788676444374535000,79.75753491210938,-100.14300537109375,33.7760009765625,-25.9580020904541
1788676444390690800,79.77369091796875,-97.69800567626953,34.84700012207031,-25.748001098632812
1788676444406803000,79.78980297851562,-100.16100311279297,36.35900115966797,-25.1200008392334
1788676444423000000,79.806,-98.7820053100586,36.02799987792969,-25.73600196838379
1788676444439168300,79.82216821289063,-99.48900604248047,35.08100128173828,-24.5210018157959
1788676444455305200,79.83830517578124,-97.49300384521484,35.4900016784668,-25.742000579833984
1788676444471465000,79.85446484375,-99.74400329589844,35.48800277709961,-26.147001266479492
1788676444487585300,79.87058520507813,-98.8060073852539,36.121002197265625,-26.75400161743164
1788676444503787500,79.88678759765625,-101.21200561523438,34.534000396728516,-25.542001724243164
1788676444519963600,79.90296362304687,-98.99500274658203,36.676002502441406,-25.32200050354004
1788676444536108500,79.91910864257812,-99.62100219726562,35.60600280761719,-25.33100128173828
1788676444552274000,79.93527392578125,-100.06100463867188,35.922000885009766,-25.735000610351562
1788676444568400000,79.95139990234375,-100.14300537109375,35.073001861572266,-25.131000518798828
1788676444584565200,79.96756518554687,-99.94100189208984,35.28200149536133,-25.53700065612793
1788676444600751900,79.983751953125,-99.61600494384766,34.96000289916992,-25.540000915527344
1788676444616905000,79.99990502929687,-100.59400177001953,36.1400032043457,-25.529001235961914
1788676444633033000,80.01603295898437,-99.38900756835938,34.643001556396484,-25.136001586914062
1788676444649190100,80.03219018554688,-99.74800109863281,36.8910026550293,-25.421001434326172
1788676444665345500,80.04834545898437,-99.72500610351562,35.06700134277344,-25.53900146484375
1788676444681539600,80.06453955078125,-99.60400390625,35.07500076293945,-24.928001403808594
1788676444697623600,80.08062353515625,-99.39500427246094,36.04500198364258,-24.512001037597656
1788676444713760800,80.0967607421875,-99.8280029296875,34.96200180053711,-25.43800163269043
1788676444729856300,80.11285620117188,-99.71000671386719,35.29300308227539,-24.722002029418945
1788676444746041300,80.12904125976563,-98.95500183105469,35.08000183105469,-24.5210018157959
1788676444762205000,80.14520483398438,-97.39200592041016,36.56700134277344,-25.325000762939453
1788676444778273500,80.1612734375,-98.88900756835938,36.56800079345703,-25.42500114440918
1788676444794398000,80.17739794921874,-98.4310073852539,36.47800064086914,-24.102001190185547
1788676444810538000,80.1935380859375,-99.76500701904297,36.34000015258789,-26.547000885009766
1788676444826717000,80.20971704101562,-98.8790054321289,36.14200210571289,-25.225000381469727
1788676444842931700,80.225931640625,-99.40300750732422,35.932003021240234,-24.921001434326172
1788676444859004000,80.24200390625,-98.9780044555664,36.90299987792969,-24.40300178527832
1788676444875135000,80.25813500976562,-100.2070083618164,35.9640007019043,-22.678001403808594
1788676444891237600,80.27423754882813,-100.33000183105469,35.630001068115234,-23.59800148010254
1788676444907420400,80.29042041015624,-100.35100555419922,37.13100051879883,-23.58500099182129
1788676444923585800,80.30658569335938,-99.37200164794922,35.84300231933594,-23.597002029418945
1788676444939689200,80.32268920898437,-100.34700775146484,36.70000076293945,-23.690000534057617
1788676444955829000,80.3388291015625,-100.14300537109375,36.04600143432617,-24.511001586914062
1788676444971929300,80.35492944335938,-100.56300354003906,37.2390022277832,-23.48200035095215
1788676444988122400,80.37112231445313,-98.09900665283203,35.944000244140625,-23.904001235961914
1788676445004283100,80.387283203125,-100.12700653076172,35.73100280761719,-24.005001068115234
1788676445020415500,80.40341552734375,-100.21700286865234,35.20100021362305,-23.602001190185547
1788676445036534800,80.41953466796875,-99.6100082397461,36.801002502441406,-24.09800148010254
1788676445052671500,80.43567138671875,-98.93600463867188,34.22600173950195,-24.22300148010254
1788676445068840400,80.45184033203125,-98.50800323486328,35.63100051879883,-23.295001983642578
1788676445085025300,80.468025390625,-101.0790023803711,35.41400146484375,-23.803001403808594
1788676445101132300,80.48413232421875,-99.39300537109375,35.72200012207031,-24.617000579833984
1788676445117236200,80.500236328125,-99.57200622558594,35.2030029296875,-23.39900016784668
1788676445133357600,80.51635766601562,-101.37200164794922,34.78300094604492,-22.99300193786621
1788676445149521200,80.53252124023437,-100.4050064086914,34.461002349853516,-22.895000457763672
1788676445165718000,80.54871801757812,-98.93400573730469,34.87600326538086,-23.70800018310547
1788676445181833700,80.56483374023438,-100.00000762939453,35.419002532958984,-23.295001983642578
1788676445197964300,80.58096435546875,-101.66200256347656,35.342002868652344,-21.256000518798828
1788676445214058800,80.59705883789063,-99.4520034790039,35.10200119018555,-22.891000747680664
1788676445230239000,80.61323901367187,-99.01400756835938,35.10900115966797,-22.382001876831055
1788676445246443000,80.62944311523438,-99.12400817871094,34.0260009765625,-23.20600128173828
1788676445262563300,80.64556323242188,-99.3340072631836,34.569000244140625,-22.692001342773438
1788676445278704000,80.6617041015625,-99.43600463867188,33.92399978637695,-22.9010009765625
1788676445294802400,80.67780249023437,-100.26400756835938,31.887001037597656,-23.020000457763672
1788676445310970400,80.69397045898438,-99.5250015258789,33.61000061035156,-22.293001174926758
1788676445327179800,80.7101796875,-98.8080062866211,34.34700012207031,-23.20400047302246
1788676445343256600,80.72625659179687,-101.88500213623047,34.25600051879883,-22.386001586914062
1788676445359405000,80.74240502929688,-99.18000793457031,33.84100341796875,-21.069000244140625
1788676445375514400,80.75851440429688,-99.51700592041016,33.832000732421875,-21.7810001373291
1788676445391714800,80.77471484375,-99.00200653076172,34.900001525878906,-21.976001739501953
1788676445407877000,80.79087719726563,-98.47300720214844,35.220001220703125,-21.974000930786133
1788676445424013600,80.807013671875,-98.53700256347656,34.814002990722656,-20.34800148010254
1788676445440167200,80.82316723632813,-98.99200439453125,34.150001525878906,-21.983001708984375
1788676445456266200,80.83926635742188,-98.78400421142578,34.5780029296875,-21.979000091552734
1788676445472453000,80.855453125,-99.6100082397461,34.380001068115234,-20.860000610351562
1788676445488630000,80.87163012695312,-100.47900390625,34.2650032043457,-21.573001861572266
1788676445504780500,80.88778051757812,-98.60600280761719,35.637001037597656,-22.887001037597656
1788676445520944000,80.90394409179687,-99.21100616455078,33.7140007019043,-22.496000289916992
1788676445537069600,80.92006958007812,-98.44400787353516,35.77799987792969,-20.339000701904297
1788676445553280500,80.93628051757813,-97.5790023803711,34.05400085449219,-20.96700096130371
1788676445569460000,80.9524599609375,-98.1510009765625,36.086002349853516,-21.356000900268555
1788676445585612800,80.96861279296876,-99.32100677490234,35.117000579833984,-21.770000457763672
1788676445601738000,80.98473803710938,-100.04600524902344,35.996002197265625,-20.23400115966797
1788676445617876700,81.00087670898438,-98.96800231933594,35.24500274658203,-20.242000579833984
1788676445634046200,81.01704614257812,-97.38700103759766,36.09400177001953,-20.644001007080078
1788676445650242600,81.03324267578125,-97.4850082397461,35.45100021362305,-20.64900016784668
1788676445666355700,81.04935571289063,-97.46500396728516,35.4630012512207,-19.73200035095215
1788676445682489300,81.0654892578125,-98.34000396728516,35.12800216674805,-20.85500144958496
1788676445698584800,81.08158471679687,-98.64500427246094,35.570003509521484,-19.93400001525879
1788676445714776000,81.09777612304687,-99.17900848388672,35.031002044677734,-20.243000030517578
1788676445730974700,81.113974609375,-100.26500701904297,34.69700241088867,-21.26300048828125
1788676445747095300,81.13009521484375,-99.84000396728516,35.01900100708008,-21.159000396728516
1788676445763236400,81.146236328125,-99.49700164794922,34.70800018310547,-20.34800148010254
1788676445779341000,81.16234106445313,-100.26400756835938,36.10300064086914,-20.334001541137695
1788676445795531500,81.17853149414063,-99.60900115966797,35.461002349853516,-20.137001037597656
1788676445811688400,81.1946884765625,-99.49800109863281,34.275001525878906,-20.657001495361328
1788676445827820800,81.21082080078125,-98.74900817871094,35.031002044677734,-20.142000198364258
1788676445843968300,81.22696826171875,-100.10600280761719,33.430999755859375,-19.74700164794922
1788676445860082700,81.24308276367188,-97.60200500488281,34.689002990722656,-21.573001861572266
1788676445876267800,81.25926782226563,-99.16800689697266,34.388999938964844,-20.147001266479492
1788676445892429800,81.27542993164063,-98.09300231933594,33.74300003051758,-20.256000518798828
1788676445908484400,81.291484375,-99.81600189208984,34.926002502441406,-20.141000747680664
1788676445924627000,81.307626953125,-98.64200592041016,35.788002014160156,-19.626001358032227
1788676445940747800,81.32374780273437,-99.59000396728516,35.04100036621094,-19.530000686645508
1788676445956957400,81.33995751953125,-97.98300170898438,34.50100326538086,-19.63800048828125
1788676445973121800,81.35612182617187,-97.89700317382812,34.16400146484375,-20.762001037597656
1788676445989249500,81.37224951171875,-97.03900146484375,34.38100051879883,-20.455001831054688
1788676446005333800,81.38833374023437,-98.3060073852539,34.176002502441406,-19.946001052856445
1788676446021449200,81.40444921875,-96.7350082397461,34.91100311279297,-20.85900115966797
1788676446037600300,81.42060034179687,-97.97900390625,34.07100296020508,-19.744001388549805
1788676446053793300,81.43679321289062,-99.0530014038086,35.474002838134766,-19.119001388549805
1788676446069887200,81.45288720703125,-97.7550048828125,33.42900085449219,-19.648000717163086
1788676446086013000,81.46901293945312,-100.66600799560547,33.63300323486328,-20.76300048828125
1788676446102154200,81.485154296875,-98.29400634765625,32.67000198364258,-20.367000579833984
1788676446118334500,81.50133447265625,-98.82000732421875,33.21600341796875,-19.648000717163086
1788676446134534000,81.51753393554688,-99.1510009765625,33.534000396728516,-19.951000213623047
1788676446150648600,81.53364868164063,-98.29700469970703,34.397003173828125,-19.435001373291016
1788676446166786300,81.54978637695312,-98.63200378417969,33.63199996948242,-20.562000274658203
1788676446182889200,81.56588916015625,-98.9530029296875,34.82100296020508,-19.838001251220703
1788676446199076000,81.582076171875,-97.97700500488281,32.23500061035156,-20.779001235961914
1788676446215280000,81.59828002929687,-99.47200775146484,33.426002502441406,-20.053001403808594
1788676446231403800,81.61440380859375,-97.64300537109375,32.56700134277344,-19.961000442504883
1788676446247543600,81.63054345703125,-97.52100372314453,31.280000686645508,-20.075000762939453
1788676446263681800,81.64668188476563,-99.32100677490234,32.04800033569336,-18.94500160217285
1788676446279854300,81.66285424804687,-99.21200561523438,31.185001373291016,-19.360000610351562
1788676446296016400,81.67901635742187,-98.96200561523438,33.51900100708008,-21.07200050354004
1788676446312147700,81.69514770507813,-98.62300109863281,32.9890022277832,-20.56800079345703
1788676446328298500,81.71129858398437,-98.63800811767578,31.900001525878906,-21.9010009765625
1788676446344406300,81.72740625,-98.37600708007812,30.740001678466797,-20.486000061035156
1788676446360606000,81.74360595703125,-99.5820083618164,32.992000579833984,-20.464000701904297
1788676446376769300,81.75976928710938,-95.53900146484375,33.19300079345703,-20.977001190185547
1788676446392905500,81.77590551757812,-98.8330078125,32.34400177001953,-20.777000427246094
1788676446409075700,81.79207568359375,-98.49600219726562,32.461002349853516,-19.961000442504883
1788676446425193200,81.80819311523437,-99.03700256347656,32.35000228881836,-20.369001388549805
1788676446441401900,81.82440185546875,-99.4800033569336,32.665000915527344,-20.875001907348633
1788676446457580000,81.840580078125,-97.88800811767578,32.87300109863281,-21.181001663208008
1788676446473679600,81.8566796875,-98.69400787353516,32.6870002746582,-19.144001007080078
1788676446489843700,81.87284375,-100.24000549316406,31.79400062561035,-22.00200080871582
1788676446505975300,81.88897534179688,-99.27000427246094,32.77000045776367,-20.976001739501953
1788676446522139000,81.90513891601563,-98.31800842285156,32.22300338745117,-21.69500160217285
1788676446538327600,81.92132763671874,-98.00000762939453,33.73400115966797,-20.867000579833984
1788676446554415400,81.93741528320312,-99.0510025024414,32.34100341796875,-20.98000144958496
1788676446570523000,81.95352294921875,-98.64100646972656,33.62700271606445,-20.96900177001953
1788676446586636800,81.96963671875,-99.92400360107422,32.87200164794922,-21.48400115966797
1788676446602803000,81.98580297851562,-99.9320068359375,32.00200271606445,-22.408000946044922
1788676446618986500,82.00198657226562,-97.78500366210938,32.00600051879883,-21.902000427246094
1788676446635074800,82.01807470703125,-99.02200317382812,32.402000427246094,-24.44300079345703
1788676446651192800,82.03419287109375,-98.87800598144531,32.53200149536133,-22.71000099182129
1788676446667280000,82.05027978515625,-99.39700317382812,32.43400192260742,-22.099000930786133
1788676446683458800,82.06645874023438,-99.22900390625,33.7030029296875,-23.31100082397461
1788676446699654000,82.08265380859375,-99.67900848388672,31.809001922607422,-20.780000686645508
1788676446715774700,82.09877465820313,-99.74600219726562,33.82200241088867,-22.494001388549805
1788676446731913000,82.11491284179688,-99.10000610351562,33.608001708984375,-22.395000457763672
1788676446748009700,82.131009765625,-100.58900451660156,32.20899963378906,-23.017000198364258
1788676446764196600,82.14719653320313,-99.2080078125,33.71600341796875,-22.394001007080078
1788676446780405200,82.1634052734375,-99.8330078125,33.402000427246094,-21.887001037597656
1788676446796531700,82.17953173828126,-100.177001953125,34.25300216674805,-22.38800048828125
1788676446812680000,82.19567993164063,-99.3270034790039,33.60000228881836,-23.006000518798828
1788676446828792600,82.21179248046874,-99.66900634765625,33.69600296020508,-23.922000885009766
1788676446844990700,82.22799072265624,-99.18000793457031,31.35500144958496,-22.619001388549805
1788676446861149700,82.24414965820313,-98.26000213623047,31.977001190185547,-24.040000915527344
1788676446877244200,82.260244140625,-98.9260025024414,32.8280029296875,-24.643001556396484
1788676446893402000,82.27640209960937,-102.10900115966797,33.49400329589844,-23.309001922607422
1788676446909520100,82.29252001953125,-99.12600708007812,34.025001525878906,-23.308000564575195
1788676446925727000,82.30872705078124,-99.87000274658203,32.62300109863281,-24.033000946044922
1788676446941905400,82.32490551757813,-99.1050033569336,33.281002044677734,-22.80500030517578
1788676446958005200,82.34100512695312,-100.17400360107422,31.44500160217285,-24.043001174926758
1788676446974123000,82.357123046875,-99.34200286865234,31.538002014160156,-24.96000099182129
1788676446990248200,82.37324829101563,-99.53300476074219,30.904001235961914,-24.354001998901367
1788676447006411000,82.38941088867188,-99.44000244140625,31.54400062561035,-24.552001953125
1788676447022575900,82.40557592773438,-99.75100708007812,30.9010009765625,-24.5570011138916
1788676447038633700,82.4216337890625,-98.6030044555664,32.61300277709961,-24.6460018157959
1788676447054760400,82.43776049804687,-99.34600830078125,32.50800323486328,-24.54400062561035
1788676447070883000,82.45388305664062,-99.44800567626953,31.647001266479492,-24.85700035095215
1788676447087040500,82.47004052734376,-98.8280029296875,31.20100212097168,-26.084001541137695
1788676447103233800,82.48623388671875,-101.27900695800781,31.964000701904297,-25.36100196838379
1788676447119328000,82.50232788085937,-99.02700805664062,32.39900207519531,-24.647001266479492
1788676447135438000,82.51843798828125,-100.12000274658203,31.62900161743164,-26.282001495361328
1788676447151575800,82.53457592773438,-100.34900665283203,32.052001953125,-26.68600082397461
1788676447167750400,82.55075048828125,-99.51000213623047,31.82600212097168,-27.50400161743164
1788676447183954400,82.56695434570312,-100.41100311279297,32.62000274658203,-24.338001251220703
1788676447200068400,82.583068359375,-100.23900604248047,32.486000061035156,-26.274002075195312
1788676447216205000,82.599205078125,-99.34600830078125,31.535001754760742,-25.163002014160156
1788676447232300300,82.61530029296875,-99.7020034790039,32.270999908447266,-26.277000427246094
1788676447248487000,82.63148681640625,-100.98600769042969,31.299001693725586,-26.99700164794922
1788676447264696300,82.6476962890625,-101.52900695800781,33.13100051879883,-26.26700210571289
1788676447280823300,82.6638232421875,-100.35400390625,34.10200119018555,-25.649002075195312
1788676447296971800,82.6799716796875,-99.60400390625,32.05000305175781,-26.788002014160156
1788676447313079000,82.6960791015625,-100.35800170898438,32.371002197265625,-26.887001037597656
1788676447329281000,82.71228100585938,-99.59700775146484,32.27000045776367,-26.37900161743164
1788676447345468000,82.72846801757812,-101.51300811767578,32.92500305175781,-25.658000946044922
1788676447361607000,82.74460693359374,-100.4590072631836,33.13100051879883,-26.167001724243164
1788676447377749800,82.76074975585938,-99.90400695800781,31.738000869750977,-26.078001022338867
1788676447393848000,82.77684814453124,-100.91200256347656,33.65700149536133,-26.976001739501953
1788676447410034700,82.79303466796875,-101.45600128173828,32.246002197265625,-28.312002182006836
1788676447426209000,82.809208984375,-99.31400299072266,32.4630012512207,-27.906002044677734
1788676447442352400,82.82535229492187,-101.0300064086914,32.677001953125,-28.10500144958496
1788676447458467600,82.84146752929688,-99.96400451660156,32.35000228881836,-28.415000915527344
1788676447474595300,82.85759521484376,-99.53600311279297,32.8910026550293,-28.00400161743164
1788676447490758700,82.87375854492187,-101.54700469970703,32.25600051879883,-27.599000930786133
1788676447506937900,82.88993774414062,-101.68700408935547,32.560001373291016,-28.921001434326172
1788676447523083800,82.90608374023438,-102.02000427246094,34.60600280761719,-28.189001083374023
1788676447539206400,82.92220629882813,-102.01200103759766,34.39500045776367,-27.987001419067383
1788676447555339300,82.93833935546876,-100.93900299072266,34.61300277709961,-27.57900047302246
1788676447571515400,82.95451538085938,-100.38700103759766,33.650001525878906,-27.38500213623047
1788676447587704300,82.97070434570313,-102.22600555419922,34.71900177001953,-27.780000686645508
1788676447603770400,82.98677026367187,-100.62000274658203,33.42300033569336,-28.405000686645508
1788676447619902000,83.00290185546875,-100.08100128173828,33.749000549316406,-27.9950008392334
1788676447635996400,83.01899633789063,-100.94700622558594,34.39200210571289,-28.090002059936523
1788676447652176100,83.03517602539063,-101.06900787353516,34.49100112915039,-28.70100212097168
1788676447668381200,83.05138110351562,-101.06700134277344,33.19499969482422,-29.42500114440918
1788676447684505300,83.06750537109374,-101.26700592041016,33.204002380371094,-28.814001083374023
1788676447700622300,83.08362231445312,-100.22100830078125,34.27000045776367,-29.11100196838379
1788676447716758500,83.09975854492187,-101.70500183105469,33.522003173828125,-29.11600112915039
1788676447732937000,83.11593701171876,-99.89500427246094,34.70500183105469,-28.59800148010254
1788676447749100800,83.13210083007813,-98.82300567626953,33.733001708984375,-29.016000747680664
1788676447765222100,83.14822216796875,-101.39900207519531,35.67400360107422,-28.384000778198242
1788676447781369600,83.16436962890624,-100.33700561523438,34.156002044677734,-29.621002197265625
1788676447797480000,83.18047998046875,-101.4000015258789,34.80900192260742,-29.003002166748047
1788676447813674000,83.19667407226562,-102.052001953125,34.479000091552734,-29.718002319335938
1788676447829834500,83.21283447265625,-100.34800720214844,34.582000732421875,-29.821001052856445
1788676447845936600,83.2289365234375,-99.18900299072266,35.759002685546875,-29.812002182006836
1788676447862094300,83.24509423828125,-101.10600280761719,34.685001373291016,-30.227001190185547
1788676447878210000,83.2612099609375,-101.19900512695312,35.233001708984375,-29.305002212524414
1788676447894421000,83.2774208984375,-101.62600708007812,35.99100112915039,-28.788002014160156
1788676447910602200,83.29360229492187,-100.77200317382812,35.88100051879883,-28.89200210571289
1788676447926703900,83.30970385742188,-100.48800659179688,36.18300247192383,-30.316001892089844
1788676447942805500,83.32580541992188,-101.84000396728516,34.586002349853516,-29.71700096130371
1788676447958922500,83.34192260742188,-99.82000732421875,35.01000213623047,-29.81800079345703
1788676447975079200,83.3580791015625,-101.31600189208984,34.147003173828125,-30.435001373291016
1788676447991269000,83.37426904296875,-100.16900634765625,34.992000579833984,-31.14200210571289
1788676448007384300,83.39038427734376,-100.3530044555664,35.44300079345703,-29.50800132751465
1788676448023519700,83.40651977539062,-100.44700622558594,34.04600143432617,-29.82600212097168
1788676448039613000,83.42261303710937,-101.95600128173828,34.25600051879883,-30.33100128173828
1788676448055789000,83.4387890625,-101.31400299072266,33.17500305175781,-30.953001022338867
1788676448071987000,83.45498706054687,-99.42400360107422,35.314002990722656,-31.038002014160156
1788676448088103200,83.47110327148438,-99.92200469970703,33.3910026550293,-30.647001266479492
1788676448104242200,83.4872421875,-100.48700714111328,34.67000198364258,-31.246002197265625
1788676448120344800,83.5033447265625,-100.34800720214844,34.582000732421875,-29.821001052856445
1788676448136517400,83.51951733398438,-97.82100677490234,33.04300308227539,-32.38500213623047
1788676448152729600,83.5357294921875,-98.79100799560547,34.87600326538086,-31.654001235961914
1788676448168807200,83.55180712890625,-100.48900604248047,34.4530029296875,-31.452001571655273
1788676448184936000,83.56793603515625,-99.34800720214844,34.53900146484375,-32.87900161743164
1788676448201027800,83.58402783203125,-99.73400115966797,34.564002990722656,-31.045001983642578
1788676448217222100,83.60022216796875,-98.3800048828125,33.569000244140625,-33.194000244140625
1788676448233386500,83.61638647460937,-100.69700622558594,33.592002868652344,-31.76500129699707
1788676448249521000,83.63252099609375,-97.69800567626953,34.35000228881836,-30.845001220703125
1788676448265680400,83.64868041992187,-99.66200256347656,35.08400344848633,-32.262001037597656
1788676448281780500,83.66478051757812,-99.53300476074219,33.152000427246094,-32.483001708984375
1788676448297966800,83.680966796875,-96.60700225830078,33.17300033569336,-30.551000595092773
1788676448314141200,83.69714111328125,-100.5780029296875,32.84300231933594,-31.670001983642578
1788676448330267100,83.71326708984375,-99.73200225830078,31.972002029418945,-32.595001220703125
1788676448346423600,83.72942358398437,-99.08800506591797,32.729000091552734,-31.97800064086914
1788676448362541600,83.74554150390625,-99.80900573730469,32.09800338745117,-31.168001174926758
1788676448378741200,83.7617412109375,-99.07100677490234,31.76700210571289,-31.783000946044922
1788676448394914600,83.77791455078125,-98.54200744628906,33.16800308227539,-31.160001754760742
1788676448411047700,83.79404760742187,-98.5560073852539,31.97100067138672,-32.49500274658203
1788676448427207400,83.81020751953125,-98.75800323486328,32.518001556396484,-31.67500114440918
1788676448443331600,83.82633154296875,-96.31300354003906,30.779001235961914,-33.22100067138672
1788676448459496200,83.84249609375,-98.5260009765625,31.44900131225586,-31.481000900268555
1788676448475681800,83.85868188476563,-97.66700744628906,29.82900047302246,-32.31100082397461
1788676448491789000,83.8747890625,-97.57500457763672,30.9010009765625,-32.302001953125
1788676448507913700,83.89091381835938,-97.22500610351562,31.242000579833984,-30.7710018157959
1788676448524036000,83.9070361328125,-98.40200805664062,29.73000144958496,-31.802001953125
1788676448540192800,83.92319287109375,-97.35700225830078,30.579002380371094,-32.30500030517578
1788676448556389000,83.93938916015625,-97.33900451660156,30.91400146484375,-31.28400230407715
1788676448572486100,83.95548608398437,-97.24800109863281,30.580001831054688,-32.2030029296875
1788676448588617200,83.9716171875,-96.59300231933594,29.72300148010254,-32.11000061035156
1788676448604707300,83.98770727539062,-97.24900817871094,30.472002029418945,-32.305999755859375
1788676448620888300,84.00388842773438,-95.97400665283203,30.790000915527344,-32.40700149536133
1788676448637089800,84.02008984375,-96.59900665283203,29.827001571655273,-32.3129997253418
1788676448653209000,84.036208984375,-95.85200500488281,29.50200080871582,-32.52000045776367
1788676448669352700,84.05235278320312,-98.3290023803711,31.33100128173828,-32.297000885009766
1788676448685476400,84.06847631835937,-98.07200622558594,29.735000610351562,-31.395002365112305
1788676448701640400,84.08464038085937,-97.96700286865234,29.84200096130371,-31.394001007080078
1788676448717797400,84.10079736328125,-97.54400634765625,30.163002014160156,-31.39200210571289
1788676448733885000,84.11688500976562,-97.87300109863281,30.266000747680664,-31.696001052856445
1788676448750039800,84.13303979492187,-95.7550048828125,30.9010009765625,-32.10100173950195
1788676448766152400,84.14915234375,-98.21000671386719,30.149002075195312,-32.512001037597656
1788676448782345000,84.16534497070313,-96.60100555419922,30.5830020904541,-31.899002075195312
1788676448798500400,84.18150024414062,-98.19300842285156,29.94300079345703,-31.902002334594727
1788676448814610000,84.19760986328124,-97.26000213623047,31.437002182006836,-32.19600296020508
1788676448830751000,84.2137509765625,-95.99100494384766,30.996002197265625,-33.0160026550293
1788676448846858200,84.22985815429688,-98.31500244140625,31.663002014160156,-31.479001998901367
1788676448863018800,84.24601879882813,-97.47000122070312,32.52000045776367,-31.371002197265625
1788676448879200500,84.26220043945312,-96.29900360107422,32.733001708984375,-31.371002197265625
1788676448895295700,84.27829565429687,-96.52300262451172,32.1870002746582,-32.19000244140625
1788676448911408600,84.29440869140625,-96.4000015258789,32.84400177001953,-31.064001083374023
1788676448927538000,84.31053784179687,-96.7750015258789,32.8120002746582,-33.509002685546875
1788676448943709400,84.32670947265625,-97.38500213623047,32.07500076293945,-32.59700012207031
1788676448959895600,84.3428955078125,-95.03500366210938,32.18000030517578,-32.49800109863281
1788676448976001000,84.3590009765625,-96.11900329589844,31.739002227783203,-33.51900100708008
1788676448992130600,84.37513061523437,-96.9590072631836,32.182003021240234,-32.59700012207031
1788676449008225000,84.39122509765625,-96.74200439453125,33.263999938964844,-31.773000717163086
1788676449024403700,84.40740380859376,-95.99300384521484,31.96700096130371,-32.49800109863281
1788676449040601600,84.4236015625,-95.59200286865234,33.35600280761719,-32.79199981689453
1788676449056704300,84.43970434570312,-96.85800170898438,33.58300018310547,-31.974000930786133
1788676449072822300,84.455822265625,-94.52300262451172,32.814002990722656,-33.104000091552734
1788676449088955000,84.47195483398437,-95.89100646972656,32.50400161743164,-32.39200210571289
1788676449105125400,84.48812548828126,-95.38700103759766,33.134002685546875,-33.30400085449219
1788676449121337600,84.50433764648437,-94.52400207519531,33.678001403808594,-32.58700180053711
1788676449137464300,84.52046435546875,-94.07000732421875,33.694000244140625,-31.365001678466797
1788676449153611300,84.536611328125,-95.46900177001953,33.14900207519531,-32.18300247192383
1788676449169728000,84.55272802734375,-93.9780044555664,31.95600128173828,-33.112003326416016
1788676449185929700,84.5689296875,-94.08700561523438,31.630001068115234,-33.42100143432617
1788676449202096600,84.5850966796875,-95.3550033569336,31.856000900268555,-32.704002380371094
1788676449218238000,84.60123803710937,-92.69900512695312,31.952001571655273,-33.21600341796875
1788676449234391800,84.61739184570312,-93.66300201416016,30.547000885009766,-34.246002197265625
1788676449250506800,84.6335068359375,-94.49600219726562,30.345001220703125,-33.430999755859375
1788676449266717700,84.6497177734375,-95.89800262451172,32.176002502441406,-32.90400314331055
1788676449282896100,84.66589624023437,-93.6760025024414,31.836002349853516,-34.03000259399414
1788676449298995000,84.68199487304688,-93.31900787353516,31.317001342773438,-32.711002349853516
1788676449315139800,84.69813989257813,-95.04800415039062,32.81999969482422,-32.69600296020508
1788676449331253000,84.7142529296875,-95.07600402832031,32.047000885009766,-34.43400192260742
1788676449347464400,84.73046435546875,-92.69600677490234,32.27799987792969,-32.90700149536133
1788676449363647000,84.74664697265625,-94.61800384521484,31.74100112915039,-33.21500015258789
1788676449379757300,84.76275732421875,-94.81400299072266,31.32000160217285,-32.70900344848633
1788676449395884300,84.77888427734375,-91.84600067138672,33.031002044677734,-32.59600067138672
1788676449412006700,84.79500659179688,-93.68500518798828,32.803001403808594,-33.81800079345703
1788676449428164000,84.8111640625,-95.0770034790039,32.91100311279297,-33.91699981689453
1788676449444358000,84.82735791015625,-93.73600769042969,31.108001708984375,-32.40700149536133
1788676449460461300,84.84346142578126,-94.82100677490234,31.85500144958496,-32.70500183105469
1788676449476588300,84.85958837890625,-93.97200775146484,31.527002334594727,-33.11600112915039
1788676449492725200,84.87572534179688,-93.65400695800781,31.849000930786133,-33.012001037597656
1788676449508907500,84.89190747070313,-93.66400146484375,31.62700080871582,-33.625
1788676449525109500,84.90810961914063,-92.36600494384766,32.71600341796875,-32.191001892089844
1788676449541229600,84.9242294921875,-92.88200378417969,30.891000747680664,-32.512001037597656
1788676449557364700,84.94036474609375,-91.95000457763672,31.84400177001953,-33.21800231933594
1788676449573467400,84.95646728515625,-93.31400299072266,32.4010009765625,-31.785001754760742
1788676449589639400,84.97263940429687,-91.72700500488281,31.849000930786133,-32.810001373291016
1788676449605842400,84.98884252929687,-92.46400451660156,31.10000228881836,-32.816001892089844
1788676449621956600,85.00495654296876,-90.54000091552734,31.74700164794922,-32.303001403808594
1788676449638084900,85.0210849609375,-90.0040054321289,29.802001953125,-33.44200134277344
1788676449654222800,85.03722290039063,-92.1290054321289,31.001001358032227,-32.20600128173828
1788676449670405400,85.0534052734375,-91.7030029296875,29.91900062561035,-32.92900085449219
1788676449686565600,85.06956567382812,-91.39200592041016,30.777002334594727,-32.81999969482422
1788676449702702800,85.08570288085937,-91.20000457763672,31.520002365112305,-33.323001861572266
1788676449718853400,85.10185327148437,-92.4800033569336,31.415000915527344,-33.323001861572266
1788676449734967000,85.11796704101563,-93.22900390625,31.847002029418945,-33.1140022277832
1788676449751174700,85.13417456054688,-91.94400787353516,32.064002990722656,-32.80800247192383
1788676449767338500,85.15033837890626,-93.01700592041016,31.630001068115234,-33.31999969482422
1788676449783430400,85.16643041992188,-91.59600067138672,31.540000915527344,-31.897001266479492
1788676449799555000,85.18255517578125,-92.66400146484375,31.10900115966797,-32.20500183105469
1788676449815673600,85.19867358398437,-90.44400787353516,32.7130012512207,-32.19300079345703
1788676449831832000,85.21483203125,-93.11200714111328,32.61000061035156,-32.191001892089844
1788676449848022800,85.23102270507812,-92.06200408935547,32.92100143432617,-32.801002502441406
1788676449864110300,85.2471103515625,-92.88400268554688,33.375,-31.064001083374023
1788676449880231000,85.26323095703125,-96.01100158691406,33.5780029296875,-32.28000259399414
1788676449896370400,85.27937036132812,-92.26900482177734,34.439002990722656,-31.564001083374023
1788676449912539600,85.29553955078126,-92.78300476074219,33.479000091552734,-31.26700210571289
1788676449928737500,85.31173754882812,-93.87700653076172,34.22100067138672,-31.972002029418945
1788676449944832500,85.32783251953126,-93.64200592041016,34.45000076293945,-30.85000228881836
1788676449960948700,85.34394873046875,-93.64900207519531,33.79800033569336,-31.56800079345703
1788676449977078500,85.36007861328125,-93.97400665283203,34.98400115966797,-31.048002243041992
1788676449993257700,85.3762578125,-93.88700103759766,35.40400314331055,-31.656002044677734
1788676450009461500,85.39246142578125,-92.7820053100586,33.5880012512207,-31.16400146484375
1788676450025599500,85.408599609375,-94.31800079345703,35.1870002746582,-31.963001251220703
1788676450041718300,85.42471826171875,-93.66300201416016,34.97800064086914,-31.45600128173828
1788676450057825500,85.44082543945312,-92.78800201416016,34.34100341796875,-30.953001022338867
1788676450074016800,85.45701684570312,-95.57600402832031,34.87800216674805,-31.149002075195312
1788676450090180400,85.47318041992187,-94.99900817871094,37.10900115966797,-32.555999755859375
1788676450106311200,85.48931127929687,-93.8790054321289,34.97700119018555,-31.558000564575195
1788676450122460200,85.50546020507812,-95.8330078125,36.04100036621094,-32.361000061035156
1788676450138572300,85.521572265625,-93.76500701904297,36.49400329589844,-30.32200050354004
1788676450154768400,85.53776831054688,-94.07400512695312,35.31300354003906,-30.536001205444336
1788676450170933500,85.55393359375,-93.80900573730469,36.68300247192383,-32.15400314331055
1788676450187067100,85.57006713867187,-92.72700500488281,37.12300109863281,-31.235000610351562
1788676450203222500,85.58622241210938,-95.40400695800781,37.013999938964844,-31.64000129699707
1788676450219343000,85.60234301757812,-94.5530014038086,38.092002868652344,-31.12200164794922
1788676450235548400,85.61854833984376,-95.81600189208984,36.268001556396484,-31.442001342773438
1788676450251725600,85.6347255859375,-92.1050033569336,37.00200271606445,-32.15299987792969
1788676450267867600,85.65086767578126,-92.61500549316406,36.90999984741211,-31.13500213623047
1788676450284031200,85.66703125,-94.77700805664062,38.194000244140625,-31.52800178527832
1788676450300150500,85.68315063476562,-94.11600494384766,36.69200134277344,-31.542001724243164
1788676450316314000,85.69931420898438,-93.09700775146484,38.3900032043457,-32.64900207519531
1788676450332496000,85.71549584960937,-93.42100524902344,39.361000061035156,-32.233001708984375
1788676450348608000,85.73160791015626,-90.85200500488281,39.03700256347656,-32.137001037597656
1788676450364733700,85.74773364257813,-94.57000732421875,37.97300338745117,-31.93800163269043
1788676450380870100,85.7638701171875,-92.33100128173828,38.07600021362305,-32.04199981689453
1788676450397041000,85.780041015625,-91.49600219726562,38.60300064086914,-32.547000885009766
1788676450413233000,85.79623291015625,-91.49700164794922,39.68300247192383,-31.927001953125
1788676450429344000,85.81234399414062,-92.36100769042969,39.246002197265625,-32.64200210571289
1788676450445474800,85.82847485351563,-93.41200256347656,38.82600021362305,-32.13500213623047
1788676450461564700,85.84456469726562,-92.98400115966797,38.82600021362305,-32.13600158691406
1788676450477743400,85.86074340820312,-94.04400634765625,39.913002014160156,-31.106000900268555
1788676450493941200,85.87694116210938,-91.3800048828125,39.797000885009766,-31.41600227355957
1788676450510056000,85.89305590820312,-92.71600341796875,39.7660026550293,-33.86000061035156
1788676450526177000,85.90917700195313,-92.67100524902344,40.33400344848633,-31.512001037597656
1788676450542315500,85.9253154296875,-95.00700378417969,38.07600021362305,-32.34400177001953
1788676450558500000,85.9415,-92.59200286865234,40.53300094604492,-32.63100051879883
1788676450574710000,85.9577099609375,-91.94100189208984,39.8900032043457,-32.53499984741211
1788676450590829300,85.97382934570312,-95.5780029296875,41.40500259399414,-31.906002044677734
1788676450606965000,85.98996508789062,-94.71200561523438,40.54600143432617,-31.915000915527344
1788676450623073300,86.0060732421875,-94.09900665283203,39.880001068115234,-33.551002502441406
1788676450639274000,86.02227392578125,-95.1810073852539,40.73800277709961,-33.64400100708008
1788676450655436300,86.03843627929687,-93.4530029296875,39.01700210571289,-33.8650016784668
1788676450671581700,86.05458178710937,-92.37800598144531,40.96500015258789,-32.32200241088867
1788676450687744000,86.07074389648437,-94.39300537109375,40.00400161743164,-32.3280029296875
1788676450703862800,86.08686279296874,-95.06100463867188,40.637001037597656,-33.13600158691406
1788676450720073200,86.1030732421875,-94.73900604248047,39.665000915527344,-33.65400314331055
1788676450736237600,86.11923754882812,-94.12100219726562,40.5150032043457,-34.15700149536133
1788676450752307500,86.13530737304687,-95.28500366210938,41.06300354003906,-33.336002349853516
1788676450768410600,86.15141064453125,-94.51600646972656,41.18300247192383,-32.31700134277344
1788676450784548400,86.16754833984375,-95.36600494384766,40.2140007019043,-32.73200225830078
1788676450800719400,86.18371923828126,-94.83200073242188,41.51100158691406,-31.906002044677734
1788676450816901400,86.1999013671875,-95.94600677490234,41.052001953125,-34.25200271606445
1788676450833005800,86.216005859375,-96.13900756835938,41.7130012512207,-32.92100143432617
1788676450849129200,86.23212915039062,-96.5320053100586,40.87000274658203,-31.910001754760742
1788676450865266000,86.24826586914062,-94.3070068359375,42.47700119018555,-31.69500160217285
1788676450881442000,86.26444213867188,-95.07200622558594,41.927001953125,-32.819000244140625
1788676450897636600,86.28063671875,-96.12800598144531,41.07200241088867,-32.82500076293945
1788676450913727000,86.29672705078124,-96.98800659179688,42.150001525878906,-32.40700149536133
1788676450929840400,86.31284033203124,-95.95100402832031,42.5620002746582,-33.525001525878906
1788676450945965800,86.3289658203125,-95.6290054321289,43.75200271606445,-32.70000076293945
1788676450962128400,86.34512841796875,-94.90900421142578,44.59800338745117,-33.40700149536133
1788676450978329300,86.36132934570313,-95.74900817871094,44.71600341796875,-32.69200134277344
1788676450994449400,86.37744946289062,-93.6290054321289,43.73100280761719,-34.027000427246094
1788676451010584000,86.393583984375,-96.10400390625,45.88500213623047,-33.496002197265625
1788676451026688300,86.40968823242187,-95.12100219726562,44.1670036315918,-33.6140022277832
1788676451042869800,86.42586987304688,-95.02300262451172,43.297000885009766,-34.53900146484375
1788676451059034400,86.44203442382812,-96.07200622558594,44.06700134277344,-33.20600128173828
1788676451075151600,86.45815161132812,-95.14500427246094,44.04500198364258,-34.736000061035156
1788676451091285000,86.47428491210937,-96.09600830078125,44.37600326538086,-34.12000274658203
1788676451107426300,86.49042626953126,-98.54800415039062,45.35600280761719,-33.294002532958984
1788676451123616500,86.50661645507813,-97.2820053100586,44.695003509521484,-34.422000885009766
1788676451139789800,86.52278979492188,-95.93400573730469,43.005001068115234,-32.50300216674805
1788676451155925000,86.53892504882812,-97.35600280761719,43.95900344848633,-33.409000396728516
1788676451172086000,86.5550859375,-97.23900604248047,43.85700225830078,-33.00300216674805
1788676451188204800,86.57120483398438,-97.66900634765625,44.93600082397461,-32.48400115966797
1788676451204367600,86.58736767578125,-96.9310073852539,44.605003356933594,-33.099002838134766
1788676451220537600,86.60353759765626,-96.00300598144531,45.665000915527344,-33.90500259399414
1788676451236681700,86.619681640625,-97.56300354003906,45.80000305175781,-31.96700096130371
1788676451252849400,86.63584936523438,-97.7030029296875,45.564002990722656,-33.599002838134766
1788676451268974600,86.651974609375,-96.6500015258789,45.77000045776367,-34.10700225830078
1788676451285138400,86.66813842773438,-99.40400695800781,44.707000732421875,-33.80800247192383
1788676451301324300,86.68432421875,-96.43900299072266,44.6870002746582,-34.932003021240234
1788676451317430000,86.70042993164063,-97.28900146484375,45.66400146484375,-34.108001708984375
1788676451333551400,86.71655126953125,-97.06900787353516,44.695003509521484,-34.422000885009766
1788676451349684200,86.73268432617188,-98.39600372314453,47.371002197265625,-34.80400085449219
1788676451365854500,86.7488544921875,-96.63500213623047,44.91400146484375,-34.01300048828125
1788676451382063000,86.76506298828124,-98.27200317382812,45.76000213623047,-35.022003173828125
1788676451398171600,86.78117163085938,-97.31400299072266,45.97300338745117,-35.022003173828125
1788676451414301000,86.79730102539062,-98.99600219726562,45.560001373291016,-34.10600280761719
1788676451430391800,86.81339184570312,-96.01400756835938,46.30600357055664,-34.00200271606445
1788676451446577700,86.82957763671875,-97.72900390625,45.98100280761719,-34.512001037597656
1788676451462785800,86.84578588867187,-97.6050033569336,45.55900192260742,-34.00600051879883
1788676451478890000,86.86188989257812,-97.08700561523438,44.68400192260742,-35.237003326416016
1788676451495017700,86.87801782226562,-96.67000579833984,45.75800323486328,-35.02400207519531
1788676451511155200,86.8941552734375,-98.27900695800781,45.97200393676758,-35.224002838134766
1788676451527330600,86.91033056640624,-98.86700439453125,44.816001892089844,-33.604000091552734
1788676451543489500,86.92648950195313,-97.71900177001953,45.23100280761719,-34.518001556396484
1788676451559618600,86.94261865234375,-97.64000701904297,45.105003356933594,-35.84400177001953
1788676451575766500,86.9587666015625,-97.97500610351562,45.31300354003906,-36.35100173950195
1788676451591876900,86.974876953125,-96.98700714111328,44.89600372314453,-35.439002990722656
1788676451608073500,86.99107348632812,-98.04600524902344,44.36300277709961,-35.34000015258789
1788676451624234500,87.007234375,-97.71500396728516,44.152000427246094,-35.03700256347656
1788676451640353300,87.02335327148438,-95.07200622558594,44.67300033569336,-35.85100173950195
1788676451656488200,87.03948828125,-95.89700317382812,43.61000061035156,-35.24800109863281
1788676451672584200,87.05558422851563,-97.71900177001953,43.60900115966797,-35.551002502441406
1788676451688778200,87.0717783203125,-96.6290054321289,42.32400131225586,-35.36000061035156
1788676451704960300,87.08796020507812,-98.33600616455078,43.51700210571289,-34.53300094604492
1788676451721026000,87.10402612304688,-97.49000549316406,42.32100296020508,-35.665000915527344
1788676451737137000,87.12013696289063,-97.80400085449219,42.86600112915039,-35.04800033569336
1788676451753266200,87.13626611328125,-99.7280044555664,42.3280029296875,-35.45800018310547
1788676451769481000,87.15248095703124,-98.37600708007812,42.62800216674805,-36.88300323486328
1788676451785664300,87.16866430664062,-98.87500762939453,41.569000244140625,-35.97500228881836
1788676451801770800,87.18477075195312,-99.06200408935547,41.802001953125,-34.64900207519531
1788676451817895400,87.2008955078125,-97.50800323486328,42.095001220703125,-36.58400344848633
1788676451834033400,87.21703344726562,-99.71400451660156,39.85000228881836,-36.397003173828125
1788676451850191600,87.23319165039062,-98.95500183105469,39.96500015258789,-35.78600311279297
1788676451866387000,87.24938696289063,-100.25000762939453,39.95800018310547,-36.39500045776367
1788676451882491000,87.26549096679688,-99.81000518798828,40.182003021240234,-35.68100357055664
1788676451898606800,87.28160693359375,-100.05900573730469,39.836002349853516,-37.51700210571289
1788676451914699300,87.29769921875,-99.41700744628906,39.18800354003906,-37.829002380371094
1788676451930873900,87.31387377929687,-99.81300354003906,39.099002838134766,-36.505001068115234
1788676451947078700,87.33007861328124,-99.38200378417969,38.992000579833984,-36.40500259399414
1788676451963196700,87.34619677734375,-100.26700592041016,38.11000061035156,-38.34700012207031
1788676451979339800,87.36233984375,-99.17200469970703,38.77400207519531,-36.7130012512207
1788676451995440600,87.37844067382812,-99.59900665283203,38.77400207519531,-36.71200180053711
1788676452011636500,87.39463647460937,-98.75700378417969,38.7660026550293,-37.22300338745117
1788676452027795000,87.410794921875,-98.74200439453125,37.694000244140625,-37.23200225830078
1788676452043903000,87.42690307617187,-97.80000305175781,38.43800354003906,-37.634002685546875
1788676452060052700,87.443052734375,-101.01900482177734,38.43300247192383,-38.34300231933594
1788676452076161300,87.45916137695312,-99.0580062866211,37.37300109863281,-37.23400115966797
1788676452092358100,87.47535815429687,-98.87700653076172,39.082000732421875,-37.62700271606445
1788676452108529400,87.491529296875,-99.36500549316406,37.27400207519531,-36.72600173950195
1788676452124666600,87.50766650390625,-99.906005859375,37.810001373291016,-36.720001220703125
1788676452140830000,87.52382983398438,-100.25200653076172,38.336002349853516,-37.53000259399414
1788676452156958700,87.53995874023437,-98.31100463867188,37.91200256347656,-36.92500305175781
1788676452173158700,87.55615869140625,-100.13800811767578,37.47500228881836,-37.742000579833984
1788676452189341200,87.57234106445313,-100.24800109863281,38.987003326416016,-36.913002014160156
1788676452205490700,87.58849072265625,-100.7070083618164,39.50800323486328,-38.02800369262695
1788676452221610000,87.60460986328125,-99.72400665283203,39.41200256347656,-37.1140022277832
1788676452237726500,87.6207265625,-101.88200378417969,40.05000305175781,-37.717002868652344
1788676452253890600,87.636890625,-100.44000244140625,38.784000396728516,-36.10000228881836
1788676452270081300,87.65308129882813,-100.26300811767578,39.73400115966797,-37.11000061035156
1788676452286194400,87.6691943359375,-99.20100402832031,39.83700180053711,-37.314002990722656
1788676452302323700,87.68532373046875,-98.03700256347656,39.9370002746582,-37.72200012207031
1788676452318465800,87.7014658203125,-97.9320068359375,39.611000061035156,-38.031002044677734
1788676452334641700,87.7176416015625,-99.09900665283203,39.402000427246094,-37.8280029296875
1788676452350834700,87.73383471679688,-100.2800064086914,40.80500030517578,-37.2030029296875
1788676452366948900,87.74994897460938,-100.26300811767578,39.95000076293945,-37.00600051879883
1788676452383083500,87.76608349609376,-100.2300033569336,39.538002014160156,-35.788002014160156
1788676452399176700,87.7821767578125,-101.34800720214844,40.374000549316406,-37.51100158691406
1788676452415359500,87.798359375,-100.37300109863281,39.84000015258789,-37.211002349853516
1788676452431564800,87.81456469726562,-102.19800567626953,40.05400085449219,-37.512001037597656
1788676452447687400,87.8306875,-100.0570068359375,38.8640022277832,-38.035003662109375
1788676452463832300,87.84683227539062,-102.00900268554688,41.01100158691406,-38.013999938964844
1788676452479939600,87.86293969726563,-101.7820053100586,39.72200012207031,-38.229000091552734
1788676452496132900,87.8791328125,-100.46700286865234,38.76700210571289,-37.32200241088867
1788676452512295400,87.89529541015625,-102.22600555419922,40.577003479003906,-38.42500305175781
1788676452528429800,87.91142993164063,-101.55400848388672,39.51400375366211,-37.72200012207031
1788676452544584400,87.92758447265625,-100.8280029296875,40.689002990722656,-37.91600036621094
1788676452560695800,87.94369580078126,-101.56400299072266,39.18400192260742,-38.336002349853516
1788676452576898300,87.95989819335938,-101.34400177001953,38.755001068115234,-38.34000015258789
1788676452593058600,87.97605859375,-99.83700561523438,38.86800003051758,-37.730003356933594
1788676452609198800,87.99219873046874,-100.49700164794922,38.96500015258789,-38.54300308227539
1788676452625362000,88.00836181640625,-101.7750015258789,39.72600173950195,-37.92300033569336
1788676452641489000,88.02448901367187,-99.83700561523438,38.86800003051758,-37.730003356933594
1788676452657700400,88.04070043945312,-101.36600494384766,39.7140007019043,-38.7390022277832
1788676452673880600,88.05688061523438,-101.3270034790039,39.522003173828125,-37.111000061035156
1788676452689902300,88.07290234375,-102.25300598144531,39.26400375366211,-40.47300338745117
1788676452706006300,88.08900634765625,-100.91000366210938,37.46200180053711,-38.861000061035156
1788676452722162000,88.10516186523438,-103.91300201416016,38.755001068115234,-38.64200210571289
1788676452738311400,88.1213115234375,-102.11100769042969,38.85300064086914,-39.15300369262695
1788676452754500900,88.1375009765625,-101.06500244140625,38.621002197265625,-40.277000427246094
1788676452770542600,88.15354248046874,-100.73100280761719,38.413002014160156,-39.77000045776367
1788676452786651600,88.16965161132812,-100.48300170898438,37.137001037597656,-39.06800079345703
1788676452802776300,88.1857763671875,-101.9850082397461,37.78300094604492,-38.95900344848633
1788676452818939400,88.201939453125,-101.73700714111328,36.29100036621094,-38.361000061035156
1788676452835135700,88.2181357421875,-100.67200469970703,34.99100112915039,-39.29100036621094
1788676452851234000,88.23423413085938,-102.6570053100586,35.777000427246094,-36.83700180053711
1788676452867349200,88.25034936523437,-103.5790023803711,36.71000289916992,-39.272003173828125
1788676452883490800,88.26649072265624,-101.3080062866211,35.643001556396484,-38.67300033569336
1788676452899672000,88.28267211914063,-103.44000244140625,34.89200210571289,-38.983001708984375
1788676452915874800,88.29887475585937,-100.84900665283203,34.689002990722656,-37.867000579833984
1788676452931994000,88.314994140625,-103.12100219726562,34.67399978637695,-39.189002990722656
1788676452948130000,88.33113012695313,-101.93900299072266,34.78499984741211,-38.78200149536133
1788676452964233000,88.34723291015625,-101.51900482177734,33.80800247192383,-39.70800018310547
1788676452980423400,88.36342333984375,-101.28400421142578,34.577003479003906,-38.275001525878906
1788676452996584000,88.379583984375,-102.2560043334961,33.599002838134766,-39.40300369262695
1788676453012697300,88.395697265625,-102.68600463867188,33.59800338745117,-39.50400161743164
1788676453028823600,88.41182348632813,-104.29100799560547,33.70600128173828,-39.60300064086914
1788676453044918300,88.42791821289063,-102.16300201416016,32.94200134277344,-40.428001403808594
1788676453061117400,88.44411743164062,-102.15400695800781,32.73100280761719,-40.124000549316406
1788676453077283300,88.46028344726562,-102.58800506591797,35.538002014160156,-38.672000885009766
1788676453093383400,88.47638354492187,-103.98100280761719,34.45600128173828,-39.59700012207031
1788676453109527600,88.49252758789062,-103.21000671386719,34.577003479003906,-38.47600173950195
1788676453125655800,88.50865576171876,-100.03300476074219,34.98800277709961,-39.393001556396484
1788676453141822700,88.52482275390625,-102.48300170898438,34.02400207519531,-39.704002380371094
1788676453158006800,88.5410068359375,-102.6050033569336,34.987003326416016,-39.79800033569336
1788676453174159000,88.5571591796875,-103.12500762939453,35.104000091552734,-39.08300018310547
1788676453190326800,88.57332690429688,-104.8550033569336,35.5260009765625,-39.790000915527344
1788676453206445300,88.5894453125,-104.1820068359375,35.329002380371094,-38.46800231933594
1788676453222605000,88.60560498046875,-100.88600158691406,33.694000244140625,-40.117000579833984
1788676453238797000,88.62179711914062,-103.5790023803711,36.60200119018555,-39.375
1788676453254845400,88.63784545898437,-102.8080062866211,35.21000289916992,-39.18400192260742
1788676453270974000,88.65397387695313,-102.281005859375,36.178001403808594,-38.871002197265625
1788676453287111700,88.67011157226563,-103.4310073852539,35.11300277709961,-38.47100067138672
1788676453303274800,88.68627465820313,-102.9070053100586,36.29500198364258,-38.156002044677734
1788676453319468300,88.70246826171875,-103.62000274658203,37.874000549316406,-40.38200378417969
1788676453335567000,88.71856713867187,-103.27200317382812,37.35000228881836,-39.470001220703125
1788676453351688000,88.73468798828125,-103.1310043334961,36.397003173828125,-38.5620002746582
1788676453367820500,88.75082055664062,-101.88600158691406,37.88600158691406,-39.26400375366211
1788676453383985200,88.76698510742187,-102.6100082397461,37.14500045776367,-38.65800094604492
1788676453400189700,88.78318969726563,-102.93500518798828,36.819000244140625,-39.06800079345703
1788676453416302600,88.79930249023438,-104.11100769042969,39.0890007019043,-37.72200012207031
1788676453432442000,88.81544213867187,-104.67400360107422,37.23500061035156,-40.18300247192383
1788676453448543700,88.83154370117188,-102.31100463867188,38.861000061035156,-38.54100036621094
1788676453464732200,88.84773217773437,-103.70100402832031,37.67300033569336,-39.3650016784668
1788676453480937000,88.86393701171875,-103.39900207519531,37.986000061035156,-39.974002838134766
1788676453497063000,88.88006298828125,-103.84500122070312,40.02900314331055,-39.54800033569336
1788676453513212700,88.89621264648437,-102.97000122070312,39.5,-38.94200134277344
1788676453529324300,88.91232421875,-105.53300476074219,38.74700164794922,-39.45500183105469
1788676453545522700,88.92852270507812,-105.54100799560547,39.49800109863281,-39.34700012207031
1788676453561683500,88.94468334960938,-104.46800231933594,39.39200210571289,-39.14500045776367
1788676453577802000,88.96080200195313,-103.8280029296875,39.93100357055664,-38.836002349853516
1788676453593941800,88.97694165039063,-102.66900634765625,40.56800079345703,-39.137001037597656
1788676453610067200,88.99306713867188,-105.22000122070312,39.066001892089844,-39.55500030517578
1788676453626230500,89.00923046875,-103.82400512695312,39.50100326538086,-38.941001892089844
1788676453642408200,89.025408203125,-102.33900451660156,38.736000061035156,-39.867000579833984
1788676453658479000,89.04147900390625,-105.08800506591797,39.40500259399414,-38.22800064086914
1788676453674601200,89.05760131835937,-105.7540054321289,39.93100357055664,-39.03700256347656
1788676453690733300,89.0737333984375,-105.23200225830078,39.49100112915039,-39.85600280761719
1788676453706908700,89.08990869140625,-106.67100524902344,37.582000732421875,-38.547000885009766
1788676453723104500,89.1061044921875,-103.96100616455078,39.915000915527344,-40.05800247192383
1788676453739217200,89.12221704101563,-102.74200439453125,39.2920036315918,-38.435001373291016
1788676453755350500,89.1383505859375,-104.47100830078125,38.634002685546875,-39.76300048828125
1788676453771492000,89.1544921875,-104.56200408935547,37.67100143432617,-39.67000198364258
1788676453787652400,89.17065234375,-103.34000396728516,39.03700256347656,-41.493003845214844
1788676453803851300,89.18685131835937,-103.94900512695312,38.842002868652344,-40.169002532958984
1788676453819922200,89.20292211914062,-104.98700714111328,38.861000061035156,-38.84400177001953
1788676453836058000,89.21905810546875,-102.5560073852539,38.842002868652344,-39.967002868652344
1788676453852159200,89.2351591796875,-103.45600128173828,38.816001892089844,-42.00400161743164
1788676453868347400,89.25134741210937,-102.79300689697266,39.69300079345703,-40.46900177001953
1788676453884555500,89.26755541992188,-104.09500122070312,39.35900115966797,-41.59100341796875
1788676453900683000,89.28368310546875,-104.50700378417969,39.26000213623047,-40.980003356933594
1788676453916824800,89.29982495117187,-102.0770034790039,40.970001220703125,-41.070003509521484
1788676453932919800,89.315919921875,-103.20600128173828,38.189002990722656,-40.78700256347656
1788676453949102800,89.33210278320313,-104.07500457763672,39.262001037597656,-40.777000427246094
1788676453965264600,89.3482646484375,-103.00200653076172,38.18400192260742,-41.195003509521484
1788676453981382700,89.36438256835937,-103.22300720214844,39.58400344848633,-40.67300033569336
1788676453997526800,89.38052685546874,-103.18600463867188,37.87700271606445,-40.077003479003906
1788676454013636400,89.39663623046874,-103.86300659179688,39.36900329589844,-40.7760009765625
1788676454029828900,89.41282885742187,-103.11300659179688,38.829002380371094,-40.986000061035156
1788676454045999600,89.42899951171874,-103.31700134277344,37.647003173828125,-41.301002502441406
1788676454062129200,89.44512915039063,-102.47700500488281,37.85300064086914,-41.810001373291016
1788676454078263300,89.46126318359374,-102.98400115966797,37.4370002746582,-40.89600372314453
1788676454094381600,89.47738159179687,-102.3330078125,36.79500198364258,-40.801002502441406
1788676454110542800,89.49354296875,-104.89300537109375,37.124000549316406,-40.4890022277832
1788676454126721500,89.50972143554688,-103.44600677490234,37.63300323486328,-42.320003509521484
1788676454142862600,89.52586254882813,-102.01100158691406,37.87600326538086,-40.079002380371094
1788676454158979600,89.5419794921875,-103.48700714111328,36.48500061035156,-40.0890007019043
1788676454175108600,89.55810864257812,-103.64300537109375,36.77900314331055,-42.124000549316406
1788676454191270100,89.57427026367188,-105.02700805664062,36.46000289916992,-42.125003814697266
1788676454207449000,89.59044897460937,-103.08500671386719,36.685001373291016,-41.10600280761719
1788676454223557000,89.60655712890625,-101.08900451660156,37.5260009765625,-42.018001556396484
1788676454239686700,89.62268676757813,-103.72600555419922,37.01000213623047,-40.89900207519531
1788676454255778600,89.63877856445312,-103.82600402832031,36.36600112915039,-41.00600051879883
1788676454271956000,89.6549560546875,-102.77000427246094,36.249000549316406,-41.62000274658203
1788676454288150800,89.67115087890625,-102.64100646972656,36.262001037597656,-40.60100173950195
1788676454304269000,89.68726904296875,-104.70500183105469,37,-41.7130012512207
1788676454320409300,89.70340942382812,-104.15100860595703,37.87600326538086,-40.28000259399414
1788676454336515800,89.71951586914062,-103.19200134277344,37.98200225830078,-40.28000259399414
1788676454352687000,89.73568701171875,-102.02300262451172,37.112003326416016,-41.104000091552734
1788676454368902000,89.75190185546874,-104.14200592041016,37.342002868652344,-40.182003021240234
1788676454384990200,89.767990234375,-104.03700256347656,37.9890022277832,-39.871002197265625
1788676454401138000,89.78413793945313,-103.09300231933594,37.76000213623047,-40.79100036621094
1788676454417249000,89.8002490234375,-103.19500732421875,36.57500076293945,-41.31100082397461
1788676454433444400,89.8164443359375,-105.14500427246094,37.6410026550293,-41.910003662109375
1788676454449604000,89.83260400390625,-104.17500305175781,38.0780029296875,-41.195003509521484
1788676454465740800,89.84874072265625,-103.90400695800781,36.599002838134766,-39.5780029296875
1788676454481897700,89.86489770507812,-103.25300598144531,38.59300231933594,-42.617000579833984
1788676454498016300,89.88101635742187,-103.96100616455078,38.0780029296875,-41.195003509521484
1788676454514219800,89.8972197265625,-103.20600128173828,38.513999938964844,-40.58100128173828
1788676454530377200,89.91337719726563,-103.94300842285156,38.413002014160156,-40.17300033569336
1788676454546508000,89.92950805664063,-103.95100402832031,37.652000427246094,-40.99500274658203
1788676454562607900,89.94560791015626,-101.71300506591797,37.970001220703125,-40.99500274658203
1788676454578724400,89.96172436523437,-103.86400604248047,38.612003326416016,-41.2920036315918
1788676454594926000,89.97792602539063,-105.04300689697266,37.9630012512207,-41.90800094604492
1788676454611110400,89.9941103515625,-102.38600158691406,38.492000579833984,-42.11000061035156
1788676454627205000,90.010205078125,-106.31700134277344,39.2660026550293,-40.77400207519531
1788676454643327500,90.02632739257812,-102.9800033569336,39.277000427246094,-39.55600357055664
1788676454659464700,90.04246459960937,-104.58800506591797,38.736000061035156,-40.17000198364258
1788676454675640600,90.058640625,-103.98300170898438,39.03700256347656,-41.59400177001953
1788676454691833900,90.07483374023437,-102.29600524902344,40.750003814697266,-41.479000091552734
1788676454707947300,90.090947265625,-102.24300384521484,38.729000091552734,-40.37600326538086
1788676454724081000,90.10708081054688,-104.07600402832031,40.45100021362305,-40.053001403808594
1788676454740175000,90.12317504882813,-104.20000457763672,40.44000244140625,-40.868003845214844
1788676454756357600,90.13935766601563,-103.98700714111328,39.467002868652344,-41.48800277709961
1788676454772561400,90.1555615234375,-104.2040023803711,40.54600143432617,-40.96900177001953
1788676454788648700,90.17164868164062,-103.78400421142578,41.40500259399414,-40.75800323486328
1788676454804790800,90.18779077148437,-103.14000701904297,40.32600021362305,-41.27800369262695
1788676454820894000,90.20389404296876,-102.7280044555664,40.74800109863281,-41.682003021240234
1788676454837084000,90.220083984375,-103.74900817871094,40.130001068115234,-39.95500183105469
1788676454853246700,90.23624682617188,-103.56100463867188,40.22200012207031,-41.07500076293945
1788676454869379000,90.25237915039062,-105.08100128173828,41.50600051879883,-41.367000579833984
1788676454885521700,90.26852172851562,-104.54200744628906,40.86000061035156,-41.577003479003906
1788676454901629400,90.28462939453125,-105.72000122070312,41.07600021362305,-41.57400131225586
1788676454917825000,90.30082495117188,-103.14600372314453,40.10600280761719,-41.6870002746582
1788676454933990100,90.316990234375,-105.6300048828125,40.63300323486328,-42.59600067138672
1788676454950124300,90.33312426757813,-105.48200225830078,39.46900177001953,-41.48600387573242
1788676454966281700,90.34928173828125,-102.87000274658203,38.198001861572266,-40.07500076293945
1788676454982396400,90.365396484375,-104.63600158691406,39.24700164794922,-41.999000549316406
1788676454998600000,90.38159985351562,-104.74000549316406,40.005001068115234,-41.38100051879883
1788676455014773500,90.3977734375,-104.81800842285156,39.59100341796875,-40.3650016784668
1788676455030886700,90.41388671875,-103.98300170898438,39.03700256347656,-41.59400177001953
1788676455047058000,90.43005786132812,-102.57100677490234,39.2660026550293,-40.371002197265625
1788676455063186000,90.44618603515624,-103.98600769042969,39.25100326538086,-41.592002868652344
1788676455079353000,90.46235302734375,-103.35100555419922,40.112003326416016,-41.28000259399414
1788676455095535000,90.47853515625,-102.5040054321289,40.32200241088867,-41.48200225830078
1788676455111642000,90.49464208984375,-102.11500549316406,39.974002838134766,-43.422000885009766
1788676455127814100,90.51081420898437,-101.31400299072266,39.03300094604492,-41.59700012207031
1788676455143934000,90.52693383789062,-104.12200164794922,39.6670036315918,-42.60700225830078
1788676455160083700,90.54308374023438,-101.84400177001953,37.7390022277832,-42.21900177001953
1788676455176276200,90.55927612304687,-104.31200408935547,39.1410026550293,-41.89800262451172
1788676455192374800,90.57537475585937,-102.23800659179688,37.97600173950195,-40.58700180053711
1788676455208504800,90.5915048828125,-104.41400146484375,39.46800231933594,-41.48800277709961
1788676455224644900,90.60764477539063,-104.6780014038086,36.69300079345703,-40.69700241088867
1788676455240834300,90.62383422851562,-103.36900329589844,39.452003479003906,-42.50800323486328
1788676455257034800,90.64003466796875,-104.06700134277344,37.862003326416016,-41.29800033569336
1788676455273156600,90.65615649414063,-103.34500122070312,40.656002044677734,-40.66400146484375
1788676455289295400,90.67229541015625,-103.89500427246094,39.35000228881836,-42.202003479003906
1788676455305399800,90.68839990234375,-101.31300354003906,39.46600341796875,-41.288002014160156
1788676455321589000,90.70458911132812,-104.00100708007812,39.45900344848633,-42.099002838134766
1788676455337748000,90.720748046875,-104.07100677490234,37.96800231933594,-41.39900207519531
1788676455353879300,90.73687939453124,-103.46700286865234,39.45800018310547,-42.10000228881836
1788676455370021600,90.75302172851562,-103.69600677490234,40.09700012207031,-42.400001525878906
1788676455386130400,90.76913037109375,-104.51800537109375,38.605003356933594,-41.90300369262695
1788676455402325000,90.78532495117187,-106.02000427246094,39.25200271606445,-41.79300308227539
1788676455418486000,90.80148608398437,-103.09700775146484,37.5420036315918,-41.099002838134766
1788676455434627000,90.817626953125,-103.47400665283203,39.345001220703125,-42.509002685546875
1788676455450784000,90.83378393554688,-103.54800415039062,38.60900115966797,-41.496002197265625
1788676455466897700,90.84989770507812,-103.71800231933594,41.165000915527344,-42.69600296020508
1788676455483102500,90.8661025390625,-103.031005859375,38.4900016784668,-42.31300354003906
1788676455499260400,90.88226049804688,-103.1310043334961,40.00700378417969,-41.077003479003906
1788676455515364400,90.8983642578125,-102.51700592041016,38.58500289916992,-43.12800216674805
1788676455531484400,90.914484375,-103.38700866699219,39.441001892089844,-43.323001861572266
1788676455547616000,90.93061596679688,-104.01600646972656,40.20600128173828,-42.29600143432617
1788676455563779300,90.946779296875,-104.89400482177734,41.165000915527344,-42.79600143432617
1788676455579949800,90.96294970703126,-103.13600158691406,40.329002380371094,-41.07400131225586
1788676455596018400,90.97901831054688,-103.36600494384766,41.07500076293945,-41.37300109863281
1788676455612151000,90.99515112304688,-103.49100494384766,40.52400207519531,-42.49800109863281
1788676455628293000,91.01129321289062,-104.02100372314453,41.06800079345703,-41.983001708984375
1788676455644469500,91.02746948242188,-104.87500762939453,41.393001556396484,-41.7760009765625
1788676455660662800,91.04366284179687,-104.24800872802734,41.70800018310547,-42.18100357055664
1788676455676773400,91.0597734375,-103.9320068359375,41.70500183105469,-42.38500213623047
1788676455692888800,91.07588891601563,-103.60700225830078,43.005001068115234,-41.35600280761719
1788676455709022200,91.09202221679688,-104.26200866699219,43.75300216674805,-41.552001953125
1788676455725207600,91.10820751953125,-103.58500671386719,42.910003662109375,-40.44000244140625
1788676455741412000,91.124412109375,-102.53300476074219,42.250003814697266,-41.56700134277344
1788676455757518800,91.14051879882813,-105.63400268554688,42.25200271606445,-41.76700210571289
1788676455773656800,91.15665673828126,-103.28800201416016,42.4630012512207,-41.768001556396484
1788676455789762000,91.17276196289062,-104.9070053100586,42.56300354003906,-42.47800064086914
1788676455805953000,91.188953125,-102.4520034790039,43.63900375366211,-41.86100387573242
1788676455822115000,91.20511499023438,-103.92300415039062,41.60200119018555,-42.08100128173828
1788676455838250000,91.22125,-102.76500701904297,42.13100051879883,-42.48500061035156
1788676455854400300,91.23740014648438,-104.49300384521484,43.85100173950195,-42.26400375366211
1788676455870509600,91.25350952148438,-103.95600128173828,42.772003173828125,-42.78300094604492
1788676455886705400,91.26970532226562,-102.46700286865234,43.41400146484375,-42.678001403808594
1788676455902871300,91.28587133789063,-104.8070068359375,43.207000732421875,-42.371002197265625
1788676455919012400,91.30201245117188,-104.08100128173828,44.59800338745117,-42.461002349853516
1788676455935170600,91.31817065429688,-102.77600860595703,43.74500274658203,-41.961002349853516
1788676455951292000,91.3342919921875,-103.87200164794922,43.94600296020508,-43.079002380371094
1788676455967494100,91.350494140625,-105.1030044555664,41.81700134277344,-42.17900085449219
1788676455983669800,91.36666967773438,-101.61900329589844,42.220001220703125,-43.70800018310547
1788676455999783400,91.38278344726562,-104.17400360107422,43.09300231933594,-42.78000259399414
1788676456015955200,91.398955078125,-101.37100219726562,42.02400207519531,-42.284000396728516
1788676456032082400,91.41508251953125,-102.79000854492188,43.413002014160156,-42.77900314331055
1788676456048247600,91.43124755859375,-102.76300811767578,41.268001556396484,-42.900001525878906
1788676456064433700,91.44743359375,-103.73700714111328,41.910003662109375,-43.09700393676758
1788676456080541000,91.463541015625,-102.46900177001953,43.19600296020508,-42.88300323486328
1788676456096664000,91.4796640625,-102.88400268554688,41.1510009765625,-43.6140022277832
1788676456112797700,91.49579760742188,-101.26500701904297,40.0780029296875,-43.52400207519531
1788676456128945400,91.5119453125,-100.74400329589844,41.36600112915039,-43.30900192260742
1788676456145134300,91.52813427734375,-102.80900573730469,41.34800338745117,-44.93600082397461
1788676456161204500,91.54420458984374,-102.50200653076172,41.44700241088867,-45.445003509521484
1788676456177342200,91.56034228515625,-102.39900207519531,42.202003479003906,-45.13300323486328
1788676456193438500,91.5764384765625,-100.66600799560547,40.268001556396484,-45.25400161743164
1788676456209620000,91.59261987304687,-100.43500518798828,41.035003662109375,-44.025001525878906
1788676456225820700,91.60882055664062,-100.88300323486328,40.375003814697266,-45.355003356933594
1788676456241936000,91.62493579101563,-100.44300842285156,39.94900131225586,-45.05400085449219
1788676456258054100,91.64105419921874,-100.1310043334961,39.72800064086914,-45.56500244140625
1788676456274185700,91.65718579101562,-99.19200134277344,41.009002685546875,-45.759002685546875
1788676456290355000,91.67335498046874,-100.47700500488281,40.25300216674805,-46.375003814697266
1788676456306560300,91.68956030273438,-100.86700439453125,38.22300338745117,-45.98500061035156
1788676456322667500,91.70566748046875,-100.11600494384766,38.980003356933594,-45.368003845214844
1788676456338796000,91.72179614257813,-101.27100372314453,38.67000198364258,-44.656002044677734
1788676456354894300,91.73789428710937,-98.5060043334961,37.68600082397461,-45.78900146484375
1788676456371091200,91.75409130859374,-99.17000579833984,38.2130012512207,-46.49700164794922
1788676456387253500,91.77025341796875,-98.07400512695312,37.3640022277832,-45.79300308227539
1788676456403389200,91.78638916015625,-99.2350082397461,37.698001861572266,-44.97300338745117
1788676456419547100,91.80254711914063,-100.5250015258789,37.479000091552734,-45.483001708984375
1788676456435646000,91.81864599609375,-100.43400573730469,38.11800003051758,-45.78300094604492
1788676456451850800,91.83485083007812,-99.97100830078125,37.16600036621094,-44.77300262451172
1788676456468027400,91.85102734375,-100.2090072631836,37.1510009765625,-45.89400100708008
1788676456484113400,91.86711352539062,-98.4280014038086,38.31700134277344,-46.70100402832031
1788676456500221700,91.8832216796875,-98.94300842285156,37.24800109863281,-46.50600051879883
1788676456516334600,91.89933447265625,-101.51300811767578,37.4640007019043,-46.704002380371094
1788676456532504600,91.91550463867188,-100.41100311279297,36.83400344848633,-45.59100341796875
1788676456548689400,91.931689453125,-100.22300720214844,37.68300247192383,-46.195003509521484
1788676456564801300,91.94780126953125,-100.08900451660156,37.159000396728516,-45.28300094604492
1788676456580930300,91.96393041992188,-101.37400817871094,36.94300079345703,-45.5880012512207
1788676456597020400,91.9800205078125,-100.96200561523438,37.69000244140625,-45.78600311279297
1788676456613202200,91.9962021484375,-100.62100219726562,37.37700271606445,-45.07600402832031
1788676456629402000,92.01240209960937,-100.00700378417969,38.117000579833984,-45.784000396728516
1788676456645523000,92.02852294921875,-101.07100677490234,38.229000091552734,-45.577003479003906
1788676456661659400,92.04465942382812,-100.74700164794922,38.77100372314453,-45.064002990722656
1788676456677761800,92.06076171875,-101.72400665283203,38.439002990722656,-45.98200225830078
1788676456693913000,92.0769130859375,-102.3800048828125,39.079002380371094,-46.281002044677734
1788676456710115600,92.09311547851563,-99.46400451660156,38.77000045776367,-44.9630012512207
1788676456726195700,92.10919580078125,-102.33900451660156,38.56300354003906,-44.75800323486328
1788676456742326000,92.12532592773438,-100.9320068359375,37.16800308227539,-44.772003173828125
1788676456758454500,92.14145458984375,-101.31000518798828,39.51100158691406,-45.871002197265625
1788676456774625300,92.15762524414062,-98.86800384521484,38.41800308227539,-47.208003997802734
1788676456790789000,92.1737890625,-102.58900451660156,39.19000244140625,-45.974002838134766
1788676456806894300,92.18989428710937,-101.51900482177734,38.86600112915039,-46.08100128173828
1788676456823052300,92.20605224609375,-101.92100524902344,40.070003509521484,-44.23600387573242
1788676456839144200,92.22214428710937,-103.21100616455078,40.17500305175781,-44.53900146484375
1788676456855334100,92.23833422851563,-101.33000183105469,40.36300277709961,-46.27100372314453
1788676456871515400,92.25451538085937,-102.16600799560547,39.83500289916992,-45.7660026550293
1788676456887642000,92.27064208984375,-103.01600646972656,40.05500030517578,-45.457000732421875
1788676456903792400,92.28679248046875,-102.6030044555664,40.262001037597656,-45.965003967285156
1788676456919917000,92.3029169921875,-102.79000854492188,39.30600357055664,-45.362003326416016
1788676456936127500,92.31912744140625,-102.64000701904297,39.91600036621094,-47.802001953125
1788676456952295700,92.33529565429687,-103.04800415039062,40.36000061035156,-46.677001953125
1788676456968405800,92.35140576171875,-101.55500793457031,40.68100357055664,-46.57400131225586
1788676456984529700,92.36752978515625,-100.46900177001953,39.82600021362305,-46.277000427246094
1788676457000661500,92.38366162109375,-101.83600616455078,38.652000427246094,-46.082000732421875
1788676457016835000,92.3998349609375,-101.51800537109375,40.81100082397461,-44.84100341796875
1788676457033022200,92.41602221679688,-99.72000122070312,40.69000244140625,-45.659000396728516
1788676457049135000,92.43213500976563,-101.01400756835938,40.14400100708008,-46.579002380371094
1788676457065266400,92.44826635742187,-102.60000610351562,41.02000045776367,-45.34700393676758
1788676457081359600,92.46435961914062,-101.41800689697266,39.83400344848633,-45.76700210571289
1788676457097536500,92.48053662109375,-100.92200469970703,41.540000915527344,-46.36300277709961
1788676457113733400,92.4967333984375,-100.79800415039062,41.44200134277344,-45.6510009765625
1788676457129857300,92.51285717773438,-101.12000274658203,40.25300216674805,-46.47600173950195
1788676457145995500,92.52899560546875,-101.3290023803711,40.58000183105469,-46.066001892089844
1788676457162096400,92.54509643554688,-101.30900573730469,39.83500289916992,-45.665000915527344
1788676457178280000,92.56128002929688,-102.10200500488281,41.64600372314453,-46.56500244140625
1788676457194489600,92.57748950195312,-101.73200225830078,39.8390007019043,-45.461002349853516
1788676457210622200,92.59362231445313,-101.96400451660156,40.69200134277344,-45.75800323486328
1788676457226772700,92.60977270507813,-102.32100677490234,41.211002349853516,-47.0780029296875
1788676457242880300,92.62588037109376,-102.10600280761719,41.75200271606445,-46.66600036621094
1788676457259077600,92.64207763671875,-102.4070053100586,40.68300247192383,-46.47100067138672
1788676457275291000,92.65829077148437,-99.96100616455078,38.40400314331055,-48.3280029296875
1788676457291388200,92.67438818359375,-101.38900756835938,41.30000305175781,-48.30000305175781
1788676457307533600,92.69053344726562,-99.61900329589844,38.525001525878906,-47.30800247192383
1788676457323644400,92.70664453125,-99.84100341796875,38.62800216674805,-47.61300277709961
1788676457339844000,92.72284399414062,-101.57100677490234,38.83400344848633,-48.42400360107422
1788676457356010500,92.73901049804688,-100.7020034790039,39.27400207519531,-47.50400161743164
1788676457372157000,92.75515698242188,-99.61400604248047,38.3120002746582,-47.208003997802734
1788676457388320800,92.77132080078125,-100.06200408935547,38.5160026550293,-48.02100372314453
1788676457404429000,92.78742895507813,-99.63300323486328,39.165000915527344,-47.50600051879883
1788676457420625400,92.80362548828126,-100.07300567626953,38.29300308227539,-48.634002685546875
1788676457436807700,92.8198076171875,-100.3070068359375,38.605003356933594,-49.34400177001953
1788676457452895500,92.8358955078125,-98.35800170898438,38.61900329589844,-48.124000549316406
1788676457469001700,92.85200170898437,-99.42500305175781,36.78300094604492,-49.26000213623047
1788676457485117400,92.86811743164063,-100.2540054321289,36.58400344848633,-48.242000579833984
1788676457501273900,92.88427392578124,-99.71700286865234,37.01700210571289,-47.83100128173828
1788676457517461000,92.9004609375,-98.97300720214844,36.79800033569336,-48.13900375366211
1788676457533562400,92.91656225585938,-98.32200622558594,36.695003509521484,-47.73400115966797
1788676457549690400,92.9326904296875,-100.03800201416016,36.26100158691406,-48.34700393676758
1788676457565831400,92.94883154296875,-99.37800598144531,35.5150032043457,-47.94600296020508
1788676457582012000,92.96501196289063,-101.51200103759766,35.41100311279297,-47.945003509521484
1788676457598212600,92.98121264648438,-99.15900421142578,35.302001953125,-47.84700393676758
1788676457614331100,92.9973310546875,-98.1100082397461,35.18100357055664,-48.7660026550293
1788676457630471700,93.0134716796875,-99.09500122070312,36.573001861572266,-48.95600128173828
1788676457646575400,93.02957543945313,-100.06400299072266,36.677001953125,-49.26000213623047
1788676457662764000,93.04576391601563,-98.93500518798828,34.875,-47.647003173828125
1788676457678971400,93.06197143554688,-99.17000579833984,34.97100067138672,-48.56300354003906
1788676457695088400,93.07808837890624,-99.07600402832031,35.8280029296875,-48.55500411987305
1788676457711220700,93.094220703125,-99.281005859375,35.077003479003906,-48.66400146484375
1788676457727330600,93.11033056640625,-99.4800033569336,34.86900329589844,-48.156002044677734
1788676457743529000,93.12652905273437,-100.9050064086914,34.85000228881836,-49.78400421142578
1788676457759702300,93.14270239257813,-98.33000183105469,35.177001953125,-49.07100296020508
1788676457775841500,93.15884155273437,-100.39300537109375,36.457000732421875,-49.77000045776367
1788676457792002800,93.1750029296875,-100.38700103759766,36.89200210571289,-49.25700378417969
1788676457808124400,93.19112451171875,-99.52300262451172,37.329002380371094,-48.5410041809082
1788676457824338200,93.20733813476562,-100.43800354003906,35.30500030517578,-47.743003845214844
1788676457840509000,93.22350903320313,-99.10000610351562,36.78600311279297,-49.05600357055664
1788676457856635600,93.2396357421875,-100.07400512695312,37.86000061035156,-48.94400405883789
1788676457872784600,93.25578466796875,-101.32400512695312,36.47600173950195,-48.445003509521484
1788676457888894000,93.27189404296875,-99.42900848388672,37.42900085449219,-49.05000305175781
1788676457905104400,93.2881044921875,-99.25100708007812,38.16400146484375,-50.16400146484375
1788676457921285600,93.30428564453125,-97.73200225830078,37.204002380371094,-49.665000915527344
1788676457937357000,93.32035717773438,-97.31900787353516,37.62700271606445,-50.070003509521484
1788676457953521200,93.33652124023438,-97.96800231933594,38.7030029296875,-49.75400161743164
1788676457969644800,93.35264477539063,-97.13400268554688,38.3650016784668,-50.87800216674805
1788676457985810000,93.36880981445313,-98.78700256347656,37.64500045776367,-48.845001220703125
1788676458002004000,93.38500390625,-98.40400695800781,38.159000396728516,-50.47100067138672
1788676458018111000,93.40111108398438,-99.90800476074219,39.34400177001953,-50.15300369262695
1788676458034222300,93.41722241210938,-97.37700653076172,38.672000885009766,-51.996002197265625
1788676458050349300,93.43334936523438,-97.56200408935547,38.906002044677734,-50.56700134277344
1788676458066508800,93.4495087890625,-97.57000732421875,37.82100296020508,-51.59600067138672
1788676458082708500,93.46570849609375,-98.82200622558594,36.54300308227539,-51.09600067138672
1788676458098830000,93.481830078125,-98.04200744628906,35.80600357055664,-50.08500289916992
1788676458114929000,93.49792895507812,-97.93700408935547,34.61600112915039,-50.910003662109375
1788676458131055900,93.51405590820312,-98.4800033569336,33.854000091552734,-51.833003997802734
1788676458147226400,93.53022631835937,-98.8340072631836,32.81800079345703,-49.19300079345703
1788676458163435300,93.54643530273438,-98.55400848388672,33.7660026550293,-50.40800094604492
1788676458179557600,93.5625576171875,-96.531005859375,33.867000579833984,-50.61300277709961
1788676458195686000,93.57868579101563,-94.30900573730469,34.5,-51.12000274658203
1788676458211826200,93.594826171875,-94.72500610351562,33.85900115966797,-51.02300262451172
1788676458228006700,93.61100659179688,-95.06400299072266,33.849002838134766,-51.8380012512207
1788676458244216000,93.62721606445312,-97.00000762939453,34.05900192260742,-52.34300231933594
1788676458260343300,93.64334326171875,-92.95000457763672,35.237003326416016,-51.93000411987305
1788676458276497000,93.65949682617187,-97.17900085449219,34.51300048828125,-50.505001068115234
1788676458292610000,93.67561010742187,-98.57300567626953,34.944000244140625,-50.499000549316406
1788676458308816000,93.69181591796875,-97.61200714111328,34.83400344848633,-50.60300064086914
1788676458324980200,93.70798022460937,-97.73600769042969,34.06700134277344,-51.832000732421875
1788676458341120300,93.72412036132812,-95.9070053100586,34.72100067138672,-50.810001373291016
1788676458357280300,93.7402802734375,-95.34900665283203,34.08700180053711,-50.10300064086914
1788676458373411000,93.7564111328125,-97.70500183105469,33.329002380371094,-50.922000885009766
1788676458389579000,93.7725791015625,-96.43800354003906,32.5620002746582,-52.051002502441406
1788676458405763000,93.78876318359374,-97.48900604248047,31.817001342773438,-51.75100326538086
1788676458421863400,93.80486352539063,-96.2750015258789,31.407001495361328,-50.22800064086914
1788676458437987000,93.82098706054687,-97.4540023803711,30.434001922607422,-51.05000305175781
1788676458454123300,93.83712329101563,-94.44900512695312,30.330001831054688,-50.44300079345703
1788676458470296300,93.85329638671875,-95.28300476074219,28.722002029418945,-50.55800247192383
1788676458486492000,93.86949194335938,-95.81800079345703,29.26300048828125,-50.24700164794922
1788676458502603000,93.88560302734375,-95.44900512695312,28.536001205444336,-48.522003173828125
1788676458518738700,93.90173876953125,-96.5560073852539,27.433000564575195,-50.97600173950195
1788676458534838000,93.91783813476563,-95.65300750732422,26.380001068115234,-49.458003997802734
1788676458551024400,93.9340244140625,-94.79700469970703,25.0830020904541,-50.18400192260742
1788676458567225000,93.95022509765624,-94.37600708007812,25.187000274658203,-50.387001037597656
1788676458583343600,93.96634350585937,-96.07400512695312,24.764001846313477,-50.185001373291016
1788676458599474400,93.98247436523438,-94.22700500488281,22.94300079345703,-49.89800262451172
1788676458615568000,93.99856787109375,-96.6820068359375,23.05500030517578,-49.7920036315918
1788676458631749000,94.0147490234375,-93.66300201416016,21.7710018157959,-49.298004150390625
1788676458647960000,94.0309599609375,-93.84500122070312,21.142000198364258,-48.284000396728516
