time,seconds_elapsed,magneticBearing
1787956229833383700,0.1383837890625,217.26090024323466
1787956229849599000,0.154598876953125,203.14683188120037
1787956229865661000,0.170660888671875,202.75508654584314
1787956229881546500,0.18654638671875,203.10636557369406
1787956229897661200,0.2026611328125,202.4528217250133
1787956229913651500,0.2186513671875,202.59987232393578
1787956229929702100,0.2347021484375,202.31565200674729
1787956229945772500,0.2507724609375,201.7703642016513
1787956229961666300,0.266666259765625,202.0149550882242
1787956229977735400,0.2827353515625,202.38091380398902
1787956229993742000,0.2987421875,201.89287949863146
1787956230009800700,0.31480078125,201.78946821677624
1787956230025879600,0.330879638671875,201.4107734529973
1787956230041788700,0.34678857421875,201.4250836457054
1787956230057866000,0.362865966796875,202.04821700870298
1787956230073876500,0.37887646484375,202.6698660556699
1787956230089967400,0.39496728515625,202.36780212091347
1787956230106002000,0.411001953125,202.6420001031806
1787956230121911800,0.426911865234375,202.46055371012184
1787956230137997000,0.4429970703125,201.47759473172061
1787956230153962500,0.45896240234375,201.89240513991817
1787956230170039800,0.475039794921875,202.193486588215
1787956230186135300,0.49113525390625,201.45872308998622
1787956230202061600,0.5070615234375,202.4886175390258
1787956230218159400,0.523159423828125,202.28159633679576
1787956230234139100,0.53913916015625,201.50511183968297
1787956230250231300,0.555231201171875,201.73473116095388
1787956230266335200,0.571335205078125,202.60588484521713
1787956230282267100,0.58726708984375,201.71544365610646
1787956230298371000,0.60337109375,202.60520491632374
1787956230314360600,0.619360595703125,202.60588484521716
1787956230330461400,0.63546142578125,202.6009871708754
1787956230346528500,0.651528564453125,202.0007778718093
1787956230362428700,0.6674287109375,201.75130017790855
1787956230378502100,0.683502197265625,202.08317086120292
1787956230394505500,0.69950537109375,202.69713650988174
1787956230410565400,0.7155654296875,202.1937265317148
1787956230426646000,0.73164599609375,202.1954344023858
1787956230442551800,0.7475517578125,201.63387602260434
1787956230458633700,0.7636337890625,201.9118916469256
1787956230474645000,0.77964501953125,203.07815749605265
1787956230490715400,0.79571533203125,201.8398542492112
1787956230506805800,0.8118056640625,202.79833826268614
1787956230522717400,0.827717529296875,201.90171022129374
1787956230538802000,0.843802001953125,203.0614049303128
1787956230554820900,0.85982080078125,201.19591185507954
1787956230570900700,0.875900634765625,202.32585195618327
1787956230587000000,0.892,201.67164124367918
1787956230602928600,0.9079287109375,202.25706774911203
1787956230619029800,0.92402978515625,201.93693485112541
1787956230635015200,0.94001513671875,202.32244618573276
1787956230651103500,0.956103515625,202.51862501722107
1787956230667214800,0.97221484375,201.82486938621656
1787956230683149600,0.988149658203125,202.1175828468934
1787956230699263000,1.004262939453125,202.10031090350694
1787956230715259000,1.0202587890625,201.42167909151084
1787956230731362600,1.036362548828125,202.34628334357654
1787956230747432700,1.0524326171875,202.1679778002222
1787956230763328500,1.06832861328125,203.11401439438433
1787956230779445000,1.084445068359375,202.0355897880417
1787956230795444500,1.100444580078125,202.58496995852457
1787956230811553500,1.116553466796875,201.8847175576718
1787956230827626500,1.13262646484375,202.64786170190547
1787956230843520000,1.14852001953125,202.3998933154522
1787956230859600100,1.16460009765625,202.4439846101806
1787956230875615200,1.180615234375,202.3916293185949
1787956230891686700,1.196686767578125,201.89495232712528
1787956230907775000,1.21277490234375,202.41459142895437
1787956230923686100,1.22868603515625,201.71489747358913
1787956230939772400,1.2447724609375,201.53594717642608
1787956230955796000,1.2607958984375,202.2386836787617
1787956230971874000,1.2768740234375,203.27120071402803
1787956230987968000,1.292968017578125,202.49057844006543
1787956231003883800,1.3088837890625,202.4570944523823
1787956231019880400,1.32488037109375,202.26287767518355
1787956231035856000,1.34085595703125,202.3912259567155
1787956231051932700,1.3569326171875,202.16627875532504
1787956231068015000,1.37301513671875,201.9569569690955
1787956231083939600,1.388939697265625,202.4848761169121
1787956231100036000,1.4050361328125,202.98844105176335
1787956231116015000,1.42101513671875,202.83169288471015
1787956231132105500,1.43710546875,201.86688016050962
1787956231148165400,1.453165283203125,202.9289637604017
1787956231164104200,1.469104248046875,203.05748897100952
1787956231180216000,1.485216064453125,203.04550206760769
1787956231196210200,1.501210205078125,201.9676943676618
1787956231212308200,1.51730810546875,202.3016250117267
1787956231228376300,1.533376220703125,202.64460028324098
1787956231244319000,1.549319091796875,202.0106912860765
1787956231260432000,1.565431884765625,202.46141806922728
1787956231276432000,1.581431884765625,202.0173919233077
1787956231292489700,1.59748974609375,202.23029401905794
1787956231308566300,1.613566162109375,202.89250454826197
1787956231324489500,1.629489501953125,202.7301081992821
1787956231340558800,1.645558837890625,201.95909553157708
1787956231356558800,1.661558837890625,202.85076284893216
1787956231372620000,1.6776201171875,202.60759990698642
1787956231388695800,1.69369580078125,201.92261512239526
1787956231404601900,1.709601806640625,201.823087830163
1787956231420685300,1.725685302734375,201.55726672139588
1787956231436701700,1.74170166015625,202.45015340055488
1787956231452780800,1.75778076171875,201.07897040829488
1787956231468871400,1.773871337890625,202.40836375865976
1787956231484786000,1.789785888671875,202.19045808876993
1787956231500787000,1.805786865234375,201.85844688454637
1787956231516807700,1.8218076171875,201.68937352364898
1787956231532890000,1.83789013671875,201.66227449012774
1787956231548988000,1.85398779296875,201.90110676032617
1787956231564905700,1.86990576171875,201.71852644574344
1787956231581001500,1.88600146484375,202.34798704810532
1787956231596981500,1.9019814453125,201.97749595069885
1787956231613072400,1.918072265625,202.1627793776375
1787956231629165000,1.9341650390625,201.96684042141484
1787956231645100800,1.950100830078125,201.8862125489781
1787956231661205000,1.966205078125,202.56810705004546
1787956231677198600,1.982198486328125,201.6645109522435
1787956231693296400,1.99829638671875,202.72805884055134
1787956231709368800,2.014368896484375,202.1778796209094
1787956231725267000,2.030266845703125,201.90307880613594
1787956231741338400,2.04633837890625,201.79740243987573
1787956231757338000,2.062338134765625,201.94860017009597
1787956231773442800,2.07844287109375,201.07472624635076
1787956231789513200,2.09451318359375,202.51888066323585
1787956231805408800,2.11040869140625,201.30758177575834
1787956231821491700,2.12649169921875,201.5132316384813
1787956231837500200,2.142500244140625,202.16862954441046
1787956231853563000,2.15856298828125,202.41643679426716
1787956231869651000,2.17465087890625,202.15592695192652
1787956231885561600,2.1905615234375,202.01054005718643
1787956231901648000,2.20664794921875,202.0030974138893
1787956231917668000,2.222668212890625,202.31999277734752
1787956231933742300,2.238742431640625,201.94738045613
1787956231949832400,2.25483251953125,201.13754457727768
1787956231965744400,2.270744384765625,201.70178075666252
1787956231981828000,2.286828125,201.6818007770358
1787956231997806800,2.302806884765625,201.22662098450976
1787956232013890000,2.31889013671875,201.4095908486586
1787956232029994000,2.334993896484375,201.95045436716748
1787956232045918000,2.35091796875,201.25812811013796
1787956232062014500,2.367014404296875,200.9197806523426
1787956232077995500,2.38299560546875,201.16464507528448
1787956232094086000,2.3990859375,202.09108217913968
1787956232110201900,2.415201904296875,201.51214767749858
1787956232126140400,2.431140380859375,201.3213771609326
1787956232142252800,2.447252685546875,201.53463556237693
1787956232158242600,2.46324267578125,201.45354222550742
1787956232174335500,2.47933544921875,201.68567525514462
1787956232190384000,2.495384033203125,201.53960883954397
1787956232206324500,2.511324462890625,201.15385319783326
1787956232222436600,2.5274365234375,200.87410520868028
1787956232238428700,2.5434287109375,201.09056225564893
1787956232254531000,2.559531005859375,201.2660514805564
1787956232270600400,2.575600341796875,201.27394932417585
1787956232286496300,2.591496337890625,200.59576147543083
1787956232302564000,2.607564208984375,201.12839453670935
1787956232318563600,2.6235634765625,201.1421454189265
1787956232334630400,2.63963037109375,201.04763494580197
1787956232350718700,2.65571875,200.83601068411664
1787956232366628000,2.671628173828125,200.99972423381502
1787956232382714600,2.687714599609375,200.82671695124455
1787956232398772000,2.70377197265625,201.2147996023557
1787956232414846700,2.7198466796875,200.72801005971206
1787956232430926600,2.735926513671875,200.27740255348812
1787956232446839300,2.75183935546875,200.58936019459102
1787956232462927400,2.76792724609375,200.90625464597136
1787956232478952400,2.783952392578125,201.1381880639793
1787956232495033000,2.800033203125,201.90139021393634
1787956232511139000,2.81613916015625,200.875881518172
1787956232527070200,2.8320703125,200.88998051301417
1787956232543176400,2.848176513671875,200.9473029632013
1787956232559192800,2.86419287109375,201.66762800233232
1787956232575293400,2.88029345703125,201.40892857874906
1787956232591403800,2.89640380859375,201.25309098240004
1787956232607330600,2.91233056640625,201.32452343534248
1787956232623440100,2.928440185546875,201.53101098365389
1787956232639477000,2.94447705078125,201.06127230447404
1787956232655577600,2.96057763671875,201.91060364652753
1787956232671686700,2.976686767578125,201.0010438510798
1787956232687670800,2.9926708984375,201.16947011472203
1787956232703789800,3.008789794921875,201.62995769486167
1787956232719791900,3.0247919921875,201.40469762346967
1787956232735896600,3.040896484375,201.42590434307556
1787956232752009000,3.057009033203125,201.8328361855822
1787956232767954400,3.072954345703125,202.0505625207145
1787956232784034600,3.08903466796875,201.2290989825473
1787956232800052200,3.10505224609375,201.76201104272374
1787956232816120300,3.121120361328125,201.4086576665718
1787956232832200200,3.1372001953125,201.73664691485294
1787956232848151000,3.153151123046875,202.37874640676282
1787956232864142600,3.169142578125,201.4711467579843
1787956232880167700,3.185167724609375,202.22306689442738
1787956232896248000,3.201248046875,201.84070028876164
1787956232912347100,3.21734716796875,200.61670313982097
1787956232928271600,3.233271728515625,202.56896979707867
1787956232944365600,3.249365478515625,201.04840107599762
1787956232960346600,3.2653466796875,202.36949249698162
1787956232976436200,3.281436279296875,201.98235935361473
1787956232992549600,3.297549560546875,202.31480902438537
1787956233008483300,3.3134833984375,202.04502827847435
1787956233024594000,3.329593994140625,202.20838397422514
1787956233040589800,3.34558984375,201.91209244140407
1787956233056693000,3.36169287109375,202.024660951907
1787956233072764700,3.3777646484375,201.85784068283652
1787956233088736800,3.39373681640625,201.95692343384837
1787956233104845000,3.409844970703125,202.03763985278346
1787956233120840200,3.425840087890625,201.1590758360246
1787956233136945200,3.441945068359375,201.675104470287
1787956233153019000,3.458018798828125,201.07278836669602
1787956233168920000,3.473920166015625,200.74726017342513
1787956233184990700,3.48999072265625,201.17584376724182
1787956233201005800,3.506005859375,201.57210270555743
1787956233217065000,3.52206494140625,201.08376143250186
1787956233233144000,3.53814404296875,200.8854933561585
1787956233249051100,3.554051025390625,200.80831226893534
1787956233265133800,3.5701337890625,200.3144949101364
1787956233281149400,3.5861494140625,201.09258104374405
1787956233297220000,3.60222021484375,201.17622958025964
1787956233313301200,3.61830126953125,200.74623778176658
1787956233329252600,3.634252685546875,200.19006814891463
1787956233345338000,3.650338134765625,200.26340321023193
1787956233361398000,3.66639794921875,200.5848018022824
1787956233377474000,3.68247412109375,199.88414022361962
1787956233393560000,3.69856005859375,200.58527719434952
1787956233409518600,3.7145185546875,199.88328871754254
1787956233425612500,3.730612548828125,199.89869453280366
1787956233441634000,3.746634033203125,199.65627675310287
1787956233457715700,3.7627158203125,199.36327127811472
1787956233473794800,3.778794921875,200.10793737113954
1787956233489716700,3.794716796875,199.59214445995218
1787956233505818400,3.810818359375,199.83810990898994
1787956233521799200,3.826799072265625,200.26342078632956
1787956233537885400,3.842885498046875,200.2651606906641
1787956233553992700,3.85899267578125,200.72883995288186
1787956233569933300,3.874933349609375,199.67485390388072
1787956233586042600,3.891042724609375,200.171331073056
1787956233602072000,3.907072021484375,199.71002210702045
1787956233618165200,3.923165283203125,199.80144883112104
1787956233634244900,3.939244873046875,199.77692911490374
1787956233650188800,3.955188720703125,198.9024384412567
1787956233666307000,3.97130712890625,200.05551866581965
1787956233682303700,3.9873037109375,199.51685503535572
1787956233698411800,4.003411865234375,199.52060915518507
1787956233714480600,4.019480712890625,199.47584299620826
1787956233730388500,4.035388427734375,199.52139488986717
1787956233746467300,4.05146728515625,198.29129565768991
1787956233762496000,4.06749609375,199.32453646183993
1787956233778564900,4.08356494140625,199.4430811773628
1787956233794623000,4.099623046875,199.49320726181833
1787956233810536400,4.115536376953125,199.22917722027532
1787956233826621000,4.131620849609375,199.55124730812528
1787956233842636500,4.147636474609375,199.52568684130594
1787956233858706400,4.16370654296875,198.73347206763282
1787956233874799000,4.179799072265625,198.69102647262085
1787956233890717400,4.195717529296875,198.88284704581218
1787956233906805800,4.2118056640625,199.12604584820699
1787956233922815500,4.2278154296875,199.38075431971032
1787956233938897400,4.2438974609375,198.4696736534285
1787956233954979300,4.259979248046875,198.8003105508858
1787956233970946000,4.275946044921875,198.45191097310754
1787956233987044900,4.292044921875,199.37368873458198
1787956234003073500,4.308073486328125,198.87335020039131
1787956234019169800,4.324169677734375,198.81839703361945
1787956234035255300,4.34025537109375,199.08858623065152
1787956234051237400,4.3562373046875,197.90305753004
1787956234067353000,4.37235302734375,198.62019539628457
1787956234083351300,4.388351318359375,199.3905448475278
1787956234099453000,4.404452880859375,198.6693292292493
1787956234115521300,4.420521240234375,198.78227983849035
1787956234131422500,4.43642236328125,198.83505065051241
1787956234147546000,4.452546142578125,198.76771859350305
1787956234163551700,4.4685517578125,199.09918565945932
1787956234179616500,4.484616455078125,199.822567160997
1787956234195703000,4.500703125,198.9109379665088
1787956234211614000,4.516614013671875,199.79690191356053
1787956234227695400,4.5326953125,198.2640277080106
1787956234243708000,4.5487080078125,199.0519319508069
1787956234259778800,4.56477880859375,200.16866097838084
1787956234275871200,4.580871337890625,200.82492203480138
1787956234291787500,4.59678759765625,200.0393326186313
1787956234307878700,4.612878662109375,200.00814744758065
1787956234323902000,4.62890185546875,199.13947250023685
1787956234339979800,4.644979736328125,199.99518407326138
1787956234356081000,4.661080810546875,199.77216428163715
1787956234372014600,4.6770146484375,201.7796443650034
1787956234388124000,4.6931240234375,199.6885800403323
1787956234404130600,4.709130615234375,200.11168051396461
1787956234420225300,4.725225341796875,200.63923437875837
1787956234436331800,4.741331787109375,201.22410505777395
1787956234452263400,4.757263427734375,201.05560445540962
1787956234468368100,4.7733681640625,200.37038367257466
1787956234484361000,4.78936083984375,201.30825453228533
1787956234500459000,4.805458984375,199.38535346004772
1787956234516527900,4.82152783203125,200.20482261412005
1787956234532499200,4.837499267578125,200.8254322336142
1787956234548609800,4.85360986328125,201.07151852446538
1787956234564654600,4.869654541015625,200.20195827923953
1787956234580794400,4.88579443359375,201.3478815130878
1787956234596880400,4.90188037109375,200.48030293395567
1787956234612816100,4.917816162109375,200.64184465714308
1787956234628893400,4.9338935546875,200.94390344145162
1787956234644942300,4.9499423828125,200.93710848999447
1787956234661008600,4.966008544921875,201.54276436256418
1787956234677077000,4.982076904296875,200.5591958101121
1787956234693030700,4.99803076171875,201.23754393167312
1787956234709115600,5.01411572265625,201.09182955831423
1787956234725137400,5.030137451171875,200.99238177603934
1787956234741214200,5.046214111328125,201.2218519204941
1787956234757313800,5.062313720703125,202.1368269552083
1787956234773266700,5.0782666015625,201.73356044348014
1787956234789359600,5.094359619140625,201.9088326818567
1787956234805381600,5.110381591796875,202.17931450461103
1787956234821465300,5.12646533203125,202.72018872359473
1787956234837557200,5.14255712890625,202.66999531776705
1787956234853521700,5.158521728515625,201.75598427115767
1787956234869615400,5.174615478515625,203.2402741490894
1787956234885594000,5.190593994140625,201.85034827317497
1787956234901679900,5.206679931640625,203.11813219970563
1787956234917784600,5.22278466796875,203.1603326655565
1787956234933719300,5.23871923828125,203.26007211558422
1787956234949819000,5.25481884765625,203.8387851157979
1787956234965803000,5.270802978515625,202.955228599377
1787956234981901600,5.286901611328125,203.28765881670296
1787956234997969400,5.302969482421875,204.18383111452812
1787956235013947400,5.318947509765625,203.71363498884568
1787956235030036000,5.335035888671875,204.30162370175154
1787956235046034000,5.351033935546875,204.1441513615738
1787956235062148900,5.36714892578125,202.99213204296393
1787956235078235400,5.3832353515625,203.890892001804
1787956235094176300,5.39917626953125,203.93013331041684
1787956235110253300,5.41525341796875,204.7767984596705
1787956235126290200,5.431290283203125,204.19671800166086
1787956235142355700,5.447355712890625,204.45528722756853
1787956235158451700,5.46345166015625,204.1890970505516
1787956235174391600,5.4793916015625,204.5525296492145
1787956235190476800,5.495476806640625,205.13423056352585
1787956235206526700,5.511526611328125,205.3328818698645
1787956235222605300,5.527605224609375,204.6185565832176
1787956235238688000,5.54368798828125,205.07209002306482
1787956235254649000,5.559649169921875,205.77444021621204
1787956235270743800,5.575743896484375,205.94921211059435
1787956235286810400,5.591810302734375,205.09952665009754
1787956235302891800,5.607891845703125,205.80223841675516
1787956235318992600,5.62399267578125,206.21210555363365
1787956235334919400,5.63991943359375,205.48323835729968
1787956235351020300,5.656020263671875,205.70124247421683
1787956235367052000,5.672052001953125,205.5129546885872
1787956235383140900,5.688140869140625,205.54464930883964
1787956235399254000,5.70425390625,205.92621119131542
1787956235415187200,5.720187255859375,206.23320230645166
1787956235431291000,5.736290771484375,206.0066865180729
1787956235447302400,5.752302490234375,206.20019113699306
1787956235463396400,5.768396240234375,206.63230736616924
1787956235479490800,5.78449072265625,205.8273360264627
1787956235495464400,5.80046435546875,205.3794486026805
1787956235511583200,5.816583251953125,205.22686962344352
1787956235527623700,5.832623779296875,205.44481329670305
1787956235543734000,5.848734130859375,205.47885287062311
1787956235559801300,5.86480126953125,205.95481169702163
1787956235575694600,5.880694580078125,205.51193451837295
1787956235591772400,5.8967724609375,206.9623004663223
1787956235607783200,5.912783203125,205.95031373931226
1787956235623853000,5.92885302734375,207.2568744346327
1787956235639930400,5.944930419921875,205.86194091629443
1787956235655870500,5.960870361328125,206.33134212878082
1787956235671956200,5.976956298828125,206.72081432153206
1787956235688010000,5.993010009765625,207.0370858435223
1787956235704083000,6.0090830078125,205.98657929024077
1787956235720158200,6.025158203125,207.0370858435223
1787956235736112600,6.041112548828125,206.6448166160418
1787956235752120600,6.05712060546875,206.54220081921187
1787956235768134700,6.073134765625,206.53469007193834
1787956235784221200,6.08922119140625,206.19447697356307
1787956235800306700,6.105306640625,206.18070944149963
1787956235816269000,6.12126904296875,206.68513190771768
1787956235832369700,6.13736962890625,207.08139316896165
1787956235848386300,6.15338623046875,206.34794083448767
1787956235864472300,6.169472412109375,205.99744259359494
1787956235880567000,6.185567138671875,206.92392813400087
1787956235896541000,6.201541015625,206.74815243863125
1787956235912649700,6.217649658203125,206.2257659431076
1787956235928684500,6.2336845703125,207.61235522538468
1787956235944779800,6.24977978515625,207.01123946418483
1787956235960887300,6.26588720703125,206.38350780371482
1787956235976829700,6.28182958984375,205.5200475299111
1787956235992951800,6.297951904296875,207.00218188070835
1787956236008991500,6.313991455078125,206.0335215822627
1787956236025047800,6.3300478515625,207.13853648187262
1787956236041111300,6.346111328125,206.92061979697348
1787956236057051000,6.36205078125,206.99168536036672
1787956236073122300,6.378122314453125,207.48602974329594
1787956236089129000,6.39412890625,207.38392039769747
1787956236105190000,6.41018994140625,206.27546341607993
1787956236121273900,6.42627392578125,206.29834907960313
1787956236137181700,6.442181640625,206.5671956665372
1787956236153270500,6.4582705078125,207.3154003381665
1787956236169283600,6.47428369140625,207.65486856242669
1787956236185358000,6.490358154296875,207.03472181758997
1787956236201457700,6.506457763671875,206.8399059837394
1787956236217380600,6.522380615234375,207.23824186214924
1787956236233478100,6.53847802734375,206.71890375149718
1787956236249502500,6.55450244140625,206.88707493348278
1787956236265586000,6.5705859375,206.67547921664809
1787956236281689300,6.586689453125,206.1064811667174
1787956236297623800,6.602623779296875,206.20775714078164
1787956236313725000,6.618724853515625,206.92997750311878
1787956236329752600,6.634752685546875,206.2667274486077
1787956236345845500,6.650845458984375,206.87314314976393
1787956236361960000,6.6669599609375,206.6425092548347
1787956236377924600,6.682924560546875,206.93091225968726
1787956236394035700,6.69903564453125,207.127213789338
1787956236410061000,6.71506103515625,205.81000300735644
1787956236426169300,6.73116943359375,206.45986994191534
1787956236442261000,6.747260986328125,206.5589391862717
1787956236458248400,6.76324853515625,206.25727443332795
1787956236474367700,6.77936767578125,206.3157716992266
1787956236490413600,6.79541357421875,206.58090436842133
1787956236506525200,6.811525146484375,207.4656444475833
1787956236522643000,6.827642822265625,206.97485141420233
1787956236538551000,6.843551025390625,206.19044656637655
1787956236554635800,6.8596357421875,206.69986923999002
1787956236570660900,6.875660888671875,206.9634001247897
1787956236586738000,6.891738037109375,205.7949310860368
1787956236602834700,6.907834716796875,206.02333866561224
1787956236618751200,6.923751220703125,205.5724690665955
1787956236634840000,6.939840087890625,206.1700998860854
1787956236650867200,6.9558671875,206.39468694015662
1787956236666948000,6.971947998046875,205.50899739832974
1787956236683022300,6.988022216796875,205.4758619865561
1787956236698974200,7.00397412109375,205.41116953754164
1787956236715069000,7.02006884765625,205.34437641307406
1787956236731093000,7.036093017578125,206.08687520210003
1787956236747176400,7.052176513671875,206.008740410606
1787956236763279600,7.068279541015625,206.40663123767075
1787956236779211300,7.084211181640625,206.81594350004664
1787956236795318800,7.10031884765625,205.66604790128204
1787956236811310300,7.116310302734375,206.0381068339211
1787956236827398700,7.132398681640625,205.92442983551803
1787956236843508000,7.148508056640625,206.38866493577808
1787956236859418600,7.164418701171875,205.41228886280453
1787956236875530500,7.180530517578125,205.80978469593873
1787956236891522800,7.196522705078125,205.441540858853
1787956236907625700,7.212625732421875,205.5370272911674
1787956236923696600,7.228696533203125,205.31377533623893
1787956236939588400,7.24458837890625,204.6270571432463
1787956236955705900,7.260705810546875,204.94105939231733
1787956236971729400,7.2767294921875,205.69572894459756
1787956236987832000,7.29283203125,204.75675305696637
1787956237003913700,7.308913818359375,204.7523771931993
1787956237019840800,7.3248408203125,204.74833805143487
1787956237035916000,7.340916015625,205.0333917936951
1787956237051954700,7.35695458984375,205.44608732821058
1787956237068023300,7.373023193359375,205.51276942192004
1787956237084095700,7.389095703125,205.54074755914118
1787956237100050700,7.40505078125,205.53170514432506
1787956237116141000,7.42114111328125,204.81581303782212
1787956237132155100,7.437155029296875,204.469603017361
1787956237148233000,7.45323291015625,204.37248544290094
1787956237164324000,7.469323974609375,204.1788769514383
1787956237180242000,7.485241943359375,204.68527763433673
1787956237196337000,7.5013369140625,204.55986764779013
1787956237212365300,7.517365234375,204.35894015942225
1787956237228452400,7.533452392578125,204.62469659470506
1787956237244561000,7.549560791015625,205.32358761121645
1787956237260531500,7.565531494140625,205.004282703387
1787956237276635600,7.5816357421875,205.51815481762824
1787956237292665000,7.5976650390625,205.54192469805497
1787956237308765000,7.613764892578125,205.197419610546
1787956237324872000,7.629871826171875,204.49426647762454
1787956237340810000,7.64581005859375,205.06860630644007
1787956237356925000,7.661925048828125,205.06762438080096
1787956237372924200,7.677924072265625,204.64063802799848
1787956237389026600,7.694026611328125,205.0982638094303
1787956237405103000,7.71010302734375,205.7086887794069
1787956237420990700,7.72599072265625,205.86930475869804
1787956237437067500,7.742067626953125,205.4882918155001
1787956237453095700,7.758095703125,205.16482309170493
1787956237469204200,7.774204345703125,205.09738532422577
1787956237485283600,7.79028369140625,205.03156763506723
1787956237501219000,7.806218994140625,206.21477820457798
1787956237517306600,7.822306640625,205.29157678683538
1787956237533322500,7.838322509765625,205.7940208072384
1787956237549395700,7.854395751953125,204.77431904751677
1787956237565473300,7.870473388671875,205.57429521702184
1787956237581398300,7.886398193359375,204.9649447119497
1787956237597491500,7.902491455078125,205.31766260667
1787956237613561900,7.918561767578125,204.12921273437104
1787956237629642000,7.93464208984375,205.0622593064848
1787956237645730600,7.95073046875,205.0333917936951
1787956237661685200,7.966685302734375,205.54239729390721
1787956237677777700,7.982777587890625,204.93290849076524
1787956237693796600,7.998796630859375,205.38303227225185
1787956237709885200,8.01488525390625,206.34425194380805
1787956237725976300,8.030976318359375,204.9332342202667
1787956237741948200,8.0469482421875,205.73080314565937
1787956237758052400,8.06305224609375,206.2807068596894
1787956237774042600,8.079042724609375,205.34656650646565
1787956237790141700,8.0951416015625,204.83481920887056
1787956237806252000,8.111251953125,205.05644085904916
1787956237822239700,8.12723974609375,205.24651763420133
1787956237838358800,8.14335888671875,205.15614480326028
1787956237854359300,8.159359375,204.31140413871503
1787956237870468000,8.175468017578124,204.17746506086425
1787956237886532600,8.19153271484375,204.34795897753304
1787956237902432300,8.207432373046874,204.17774266860343
1787956237918503200,8.223503173828124,204.2394626773163
1787956237934503400,8.23950341796875,205.18500823404693
1787956237950566000,8.25556591796875,204.77279410024767
1787956237966648300,8.2716484375,205.34192684707858
1787956237982547200,8.287547119140624,204.08083267186544
1787956237998623500,8.30362353515625,204.6473700806774
1787956238014634200,8.31963427734375,204.55614054192554
1787956238030712600,8.335712646484374,204.27667244110546
1787956238046807000,8.35180712890625,203.70960432914032
1787956238062724000,8.36772412109375,203.70960432914032
1787956238078804000,8.383803955078125,204.3921239339925
1787956238094816000,8.39981591796875,205.0899007120864
1787956238110890000,8.415889892578125,203.57105767033315
1787956238126964000,8.4319638671875,204.06744867072004
1787956238142905900,8.44790576171875,204.43728854519844
1787956238158995200,8.4639951171875,204.51660588177356
1787956238174978300,8.479978271484375,204.10218587856224
1787956238191066400,8.49606640625,203.9286397629685
1787956238207174100,8.512174072265625,204.27360302362098
1787956238223109400,8.528109375,204.33288616635684
1787956238239223600,8.5442236328125,204.46504052286943
1787956238255252000,8.560251953125,204.46952542301753
1787956238271355400,8.57635546875,204.5916110050792
1787956238287455200,8.592455322265625,204.49378606824115
1787956238303437600,8.6084375,204.0784470458136
1787956238319556400,8.624556396484374,203.61924685758925
1787956238335593500,8.640593505859375,204.93711779139403
1787956238351690500,8.6566904296875,204.5612141128548
1787956238367806700,8.672806640625,204.96618670544194
1787956238383743500,8.688743408203125,205.34702687067698
1787956238399816400,8.70481640625,205.15400557772512
1787956238415828500,8.720828369140625,204.86969120461276
1787956238431894300,8.736894287109376,204.31201784771903
1787956238447983000,8.752983154296874,205.09172343117172
1787956238463931400,8.768931396484374,205.09510161076403
1787956238480016600,8.7850166015625,204.1731733515577
1787956238496084700,8.801084716796876,204.6782133263243
1787956238512166700,8.817166748046875,205.06146074532063
1787956238528267300,8.833267333984375,204.55169409055506
1787956238544186600,8.8491865234375,204.90206065721978
1787956238560280000,8.865280029296875,205.15703908200737
1787956238576352500,8.8813525390625,204.9356453570045
1787956238592435200,8.897435302734374,205.3498542024106
1787956238608545000,8.913544921875,205.09764065462448
1787956238624473000,8.92947314453125,205.63552114481934
1787956238640573700,8.94557373046875,204.9670286900087
1787956238656558000,8.96155810546875,205.80598376257547
1787956238672643300,8.977643310546876,205.1623065836481
1787956238688750600,8.99375048828125,205.64353163590982
1787956238704687400,9.009687255859374,205.54341325263198
1787956238720795000,9.025794921875,205.73587539185272
1787956238736759600,9.041759521484375,206.0317559619667
1787956238752858400,9.0578583984375,205.52118148391446
1787956238768976000,9.073975830078124,206.74866096870244
1787956238784913400,9.089913330078126,206.0720547329344
1787956238801029600,9.106029541015625,205.8028853100507
1787956238817031700,9.12203173828125,206.50453506144842
1787956238833132500,9.138132568359374,206.41522461716957
1787956238849210000,9.154210205078124,206.3811430239338
1787956238865111000,9.170111083984375,206.9247867695548
1787956238881187800,9.186187744140625,206.5206312953052
1787956238897190700,9.202190673828126,206.5718526238681
1787956238913255000,9.2182548828125,206.02738961658466
1787956238929325800,9.234325927734375,207.3411709614078
1787956238945273300,9.2502734375,208.08270183129815
1787956238961356500,9.2663564453125,206.11220423212595
1787956238977403000,9.28240283203125,207.6398147874215
1787956238993474300,9.298474365234375,207.9754100889516
1787956239009554200,9.31455419921875,206.78324357213026
1787956239025469400,9.330469482421876,207.78770847702398
1787956239041559300,9.346559326171874,206.77481201048883
1787956239057576400,9.362576416015624,206.86530346342823
1787956239073659100,9.3786591796875,206.65279790874231
1787956239089753600,9.394753662109375,207.69207599722694
1787956239105677000,9.410677001953125,207.52867621712647
1787956239121772000,9.42677197265625,207.2311775351712
1787956239137802000,9.442802001953124,206.6313562764023
1787956239153898800,9.458898681640624,206.74577512325664
1787956239170013700,9.475013671875,206.96737070285414
1787956239185948700,9.49094873046875,207.20449972033194
1787956239202057500,9.507057373046875,206.12261042946534
1787956239218048000,9.523048095703125,206.5709422922973
1787956239234146800,9.539146728515625,206.92190904349863
1787956239250251500,9.55525146484375,207.01064410472904
1787956239266237400,9.571237548828124,206.5254481794077
1787956239282361000,9.587361083984375,207.2544793356574
1787956239298364200,9.6033642578125,205.87748187150672
1787956239314470700,9.619470703125,206.25803466300988
1787956239330587100,9.635587158203125,206.70647809114243
1787956239346523000,9.65152294921875,207.16357749192468
1787956239362646000,9.66764599609375,206.64640048792288
1787956239378659800,9.683659912109375,207.11929011561367
1787956239394729000,9.69972900390625,206.58959939905577
1787956239410803500,9.715803466796874,206.18563986318833
1787956239426720800,9.731720703125,206.4443391900763
1787956239442810600,9.747810546875,206.83756304867964
1787956239458834700,9.763834716796875,206.2743137579258
1787956239474914800,9.779914794921876,206.11893026540565
1787956239491012900,9.796012939453124,205.95903947053733
1787956239506942200,9.811942138671874,205.96041954270135
1787956239523039500,9.82803955078125,207.072884127084
1787956239539066600,9.844066650390625,205.47558640830204
1787956239555149000,9.860149169921876,206.0944272545183
1787956239571243800,9.876243896484375,205.88682685227639
1787956239587216100,9.892216064453125,206.44065933782065
1787956239603321000,9.908321044921875,205.73245122954427
1787956239619311000,9.92431103515625,205.92137414678524
1787956239635407600,9.94040771484375,205.91398357333148
1787956239651521500,9.956521484375,206.60063795109738
1787956239667459300,9.972459228515625,205.4489309079383
1787956239683569200,9.988569091796874,205.85327302125964
1787956239699560200,10.004560302734374,205.70638118301247
1787956239715663000,10.0206630859375,206.30878117194126
1787956239731733500,10.0367333984375,206.16071201169834
1787956239747718400,10.052718505859374,206.82373778843774
1787956239763827500,10.068827392578125,206.35325111149106
1787956239779826700,10.08482666015625,205.41679889498073
1787956239795933000,10.100932861328126,205.0944652234366
1787956239812006100,10.117006103515624,205.79582204239975
1787956239827901200,10.132901123046874,205.76382351836034
1787956239843983600,10.148983642578125,205.61430090412952
1787956239859988500,10.164988525390624,206.25263397547855
1787956239876053200,10.18105322265625,205.52014321888424
1787956239892137000,10.197136962890625,205.29157409304602
1787956239908045000,10.213045166015625,205.71593853654136
1787956239924039700,10.229039794921874,205.81832656330445
1787956239940054000,10.245053955078125,204.5506871661487
1787956239956126500,10.26112646484375,205.93995160795012
1787956239972173300,10.27717333984375,204.87422654365847
1787956239988094200,10.29309423828125,205.16727656056707
1787956240004187100,10.309187255859374,204.47807925113176
1787956240020209200,10.325209228515625,204.1053432951
1787956240036286700,10.34128662109375,204.01944258691458
1787956240052385500,10.357385498046876,204.43214945088135
1787956240068317000,10.37331689453125,203.3268719866581
1787956240084416300,10.389416259765625,203.09390788888092
1787956240100448500,10.405448486328124,203.04668476391944
1787956240116533200,10.421533203125,201.65052204849846
1787956240132641000,10.43764111328125,202.36445767243734
1787956240148571600,10.453571533203124,201.65721817145283
1787956240164675300,10.46967529296875,201.54440176151905
1787956240180660700,10.48566064453125,200.23386759491723
1787956240196754200,10.501754150390624,199.61602237058116
1787956240212869600,10.51786962890625,199.88558895275762
1787956240228804900,10.533804931640624,199.15616133625045
1787956240244918300,10.549918212890624,198.03833082961074
1787956240260911400,10.565911376953125,197.69113886458618
1787956240277016600,10.5820166015625,197.77350606595155
1787956240293089500,10.598089599609375,196.85190189139823
1787956240309038300,10.614038330078126,195.25913959732182
1787956240325160200,10.63016015625,195.10899964295788
1787956240341168600,10.646168701171876,193.6690361306237
1787956240357232600,10.662232666015624,192.73827030008306
1787956240373315300,10.6783154296875,193.07840287352283
1787956240389220600,10.694220703125,193.13596221287688
1787956240405303300,10.71030322265625,192.7773008164537
1787956240421319000,10.72631884765625,190.84399400231985
1787956240437389000,10.74238916015625,191.8608106647142
1787956240453477000,10.75847705078125,191.49297614220774
1787956240469398800,10.774398681640625,190.53882517080024
1787956240485400800,10.79040087890625,189.99322022900017
1787956240501427500,10.806427490234375,189.00281334825456
1787956240517503700,10.822503662109375,189.0284068598606
1787956240533589200,10.83858935546875,188.75343970942671
1787956240549514000,10.854513916015625,187.51429638853244
1787956240565611800,10.87061181640625,186.49317740115873
1787956240581591800,10.886591796875,186.1964378795399
1787956240597682700,10.9026826171875,185.92798214322298
1787956240613792800,10.918792724609375,186.07328079459307
1787956240629725400,10.934725341796875,185.71270596336072
1787956240645825000,10.950824951171874,185.94484020981716
1787956240661806800,10.966806884765624,185.26042801807785
1787956240677899300,10.982899169921875,184.45701089744406
1787956240693963300,10.99896337890625,184.88719390815464
1787956240709857300,11.014857177734376,184.22777762298307
1787956240725883600,11.030883544921876,184.71158661267634
1787956240741878500,11.04687841796875,183.8909151196567
1787956240757938700,11.062938720703125,183.03186300742271
1787956240774014200,11.07901416015625,182.3727285897741
1787956240789916400,11.09491650390625,182.55720835547
1787956240806037500,11.11103759765625,181.70062141301986
1787956240822085000,11.127085205078124,181.79468451815876
1787956240838153000,11.143153076171876,182.0373703399406
1787956240854224400,11.159224365234374,180.84710658235602
1787956240870176000,11.175176025390625,181.02756724581386
1787956240886257400,11.19125732421875,182.1823771542102
1787956240902274800,11.20727490234375,179.38469957628658
1787956240918350600,11.2233505859375,180.998469099236
1787956240934435600,11.239435546875,181.0168181577118
1787956240950344000,11.255343994140626,180.06588211222262
1787956240966438700,11.271438720703125,179.46977186799342
1787956240982462200,11.287462158203125,179.2967853727079
1787956240998544600,11.303544677734376,179.2976470101578
1787956241014644000,11.31964404296875,178.95410750810572
1787956241030564600,11.335564697265625,178.44276644165083
1787956241046662700,11.35166259765625,179.04202760881844
1787956241062644700,11.367644775390625,177.67085329539913
1787956241078738200,11.38373828125,178.17876109605902
1787956241094850800,11.399850830078124,178.17957896207963
1787956241110787300,11.415787353515626,177.5868663356646
1787956241126898700,11.431898681640625,177.36563014402634
1787956241142889500,11.447889404296875,176.50480318950412
1787956241158989000,11.463989013671876,177.56353236597963
1787956241175060000,11.48006005859375,177.34344006096526
1787956241191007000,11.496007080078124,175.50414667760649
1787956241207129300,11.51212939453125,176.33487156824148
1787956241223135200,11.52813525390625,175.9067937039151
1787956241239244800,11.544244873046875,175.00893418028636
1787956241255321000,11.560321044921874,175.87733283758476
1787956241271217400,11.576217529296875,175.5241556346125
1787956241287295200,11.592295166015624,176.02284233082023
1787956241303306500,11.608306396484375,175.65163606076538
1787956241319372800,11.624372802734374,175.6597793698268
1787956241335464400,11.64046435546875,174.7513480419885
1787956241351380500,11.65638037109375,174.98321780153384
1787956241367472600,11.67247265625,174.92317063107043
1787956241383499000,11.6884990234375,173.69338609228558
1787956241399576600,11.70457666015625,173.62274735630433
1787956241415680500,11.720680419921875,174.8154434999636
1787956241431607800,11.73660791015625,174.16886106739275
1787956241447706000,11.7527060546875,173.9335109972248
1787956241463688400,11.7686884765625,173.28212361292506
1787956241479778600,11.784778564453125,175.28286608861853
1787956241495890200,11.80089013671875,173.2286244988936
1787956241511829000,11.8168291015625,172.82708740263166
1787956241527934200,11.832934326171875,171.68026412224455
1787956241543919000,11.848919189453126,173.1005820077493
1787956241560014800,11.865014892578126,172.02437019383132
1787956241576081700,11.88108154296875,172.59105056460965
1787956241592027400,11.89702734375,172.06869805325687
1787956241608136000,11.913135986328125,172.80678964948555
1787956241624133000,11.929133056640625,172.26309888884717
1787956241640238600,11.945238525390625,172.45920090225587
1787956241656312300,11.961312255859376,172.24047457659722
1787956241672258300,11.97725830078125,172.2527916040328
1787956241688377000,11.993377197265625,173.82230233537285
1787956241704376000,12.0093759765625,171.42393304550984
1787956241720441000,12.025441162109376,172.17084264045178
1787956241736523500,12.0415234375,173.35434978034752
1787956241752429800,12.057429931640625,172.3784665919216
1787956241768508000,12.0735078125,172.13621165061843
1787956241784523800,12.089523681640625,172.549780978605
1787956241800591400,12.10559130859375,172.71127084662874
1787956241816677000,12.121677001953126,172.88932776806882
1787956241832599300,12.137599365234376,172.3397058583496
1787956241848695300,12.1536953125,173.55441491361753
1787956241864715800,12.1697158203125,172.8770102781789
1787956241880802300,12.18580224609375,172.70108515580284
1787956241896909600,12.20190966796875,172.24677451784976
1787956241912840400,12.21784033203125,172.72446156512265
1787956241928936700,12.233936767578125,172.57777988988153
1787956241944961800,12.2499619140625,172.61012077268666
1787956241961051000,12.26605078125,172.91779687207665
1787956241977160400,12.282160400390625,172.8566625599649
1787956241993090600,12.298090576171875,171.70325961335564
1787956242009197800,12.31419775390625,172.41242208570765
1787956242025187600,12.3301875,172.64908938570883
1787956242041287200,12.346287109375,172.27950702456516
1787956242057353500,12.362353515625,172.12517522186894
1787956242073291500,12.37829150390625,172.47034946105964
1787956242089404000,12.39440380859375,173.14133823549543
1787956242105404200,12.410404052734375,171.8323848396947
1787956242121513500,12.426513427734376,172.98283072547952
1787956242137590500,12.442590576171876,173.04724305145004
1787956242153491000,12.458490966796875,171.43618103463487
1787956242169612800,12.47461279296875,172.09502824505665
1787956242185615400,12.490615478515625,172.89711171841165
1787956242201675500,12.506675537109375,173.37289048183445
1787956242217761000,12.522760986328125,172.68374353978146
1787956242233677300,12.53867724609375,172.65111054973653
1787956242249765400,12.554765380859376,172.39587848183672
1787956242265784300,12.570784423828124,172.51220296441494
1787956242281860900,12.58686083984375,172.17933871648336
1787956242297953300,12.602953369140625,172.8396703450757
1787956242313873000,12.618872802734375,171.47417172707517
1787956242329883600,12.634883544921875,172.2353779219774
1787956242345870300,12.650870361328124,171.90315959115063
1787956242361953800,12.666953857421875,172.67930297678848
1787956242378042400,12.68304248046875,172.12914169908802
1787956242393970200,12.69897021484375,172.3226588078143
1787956242410070800,12.71507080078125,172.37832883551738
1787956242426057500,12.731057373046875,173.22729367435798
1787956242442177800,12.747177734375,172.0100461357718
1787956242458294500,12.76329443359375,172.89881938464376
1787956242474237400,12.779237548828124,172.7952376543595
1787956242490352000,12.79535205078125,171.96250097511918
1787956242506346000,12.811345947265625,173.46608503672775
1787956242522446000,12.827446044921874,173.43064339532668
1787956242538517500,12.843517578125,173.9940145356469
1787956242554463000,12.859462890625,172.79452925049534
1787956242570587100,12.875587158203125,173.3740645197597
1787956242586618600,12.89161865234375,173.3902105414143
1787956242602731000,12.90773095703125,173.12495209525525
1787956242618835000,12.9238349609375,173.4472363635508
1787956242634768400,12.939768310546874,173.5755582791458
1787956242650849500,12.955849609375,173.60404813585058
1787956242666898400,12.9718984375,173.38524069846957
1787956242682964700,12.98796484375,172.8669675257559
1787956242699034600,13.00403466796875,173.54753731764046
1787956242714975000,13.01997509765625,174.36869666502437
1787956242731054600,13.0360546875,173.93623908603513
1787956242747068000,13.05206787109375,173.98715913750388
1787956242763139600,13.0681396484375,174.68266333864312
1787956242779232500,13.084232421875,174.02030519657455
1787956242795142400,13.100142333984374,174.465224919731
1787956242811238100,13.116238037109374,174.3891958607321
1787956242827259400,13.13225927734375,173.34627298593207
1787956242843335700,13.148335693359375,174.1024569870305
1787956242859427000,13.164427001953126,175.2384530114703
1787956242875335000,13.1803349609375,174.0016935516759
1787956242891432000,13.196431884765625,173.7911151393263
1787956242907409200,13.2124091796875,173.2507912616194
1787956242923496400,13.228496337890626,174.86559602969967
1787956242939583700,13.244583740234376,175.37914288310498
1787956242955511000,13.260510986328125,174.5778042334805
1787956242971614000,13.276614013671875,174.28135895838406
1787956242987595300,13.29259521484375,173.83624558361592
1787956243003686700,13.308686767578125,174.29387286677695
1787956243019755800,13.324755859375,173.67032466178924
1787956243035651800,13.34065185546875,173.21378591940223
1787956243051769600,13.35676953125,174.15908864002122
1787956243067765800,13.372765869140625,173.98411343701082
1787956243083871500,13.38887158203125,173.90034818316997
1787956243099937500,13.4049375,172.50225455003235
1787956243115880000,13.4208798828125,173.61985737553158
1787956243131911000,13.436910888671875,172.1787428376164
1787956243147917000,13.4529169921875,173.99328387452232
1787956243163986200,13.468986083984374,172.97806209951207
1787956243180078300,13.485078369140625,172.58630155577185
1787956243195989200,13.5009892578125,171.73610358465183
1787956243212072200,13.517072265625,171.3878405832233
1787956243228127000,13.533126953125,172.3594354671791
1787956243244202800,13.54920263671875,171.73864033164142
1787956243260288500,13.56528857421875,172.41182433721582
1787956243276254000,13.58125390625,171.651864640121
1787956243292345600,13.597345703125,171.08263429970037
1787956243308416300,13.613416259765625,170.68821364604324
1787956243324497000,13.629496826171875,171.3976410865547
1787956243340587000,13.6455869140625,170.92318080162977
1787956243356501000,13.6615009765625,171.7351292511193
1787956243372602400,13.677602294921876,170.41636319408235
1787956243388627500,13.69362744140625,170.6874143831556
1787956243404718300,13.70971826171875,171.0896319696247
1787956243420815000,13.725815185546875,170.03547920853453
1787956243436786400,13.741786376953126,169.37282761991702
1787956243452894200,13.757894287109375,169.64242650683326
1787956243468878600,13.773878662109375,169.92100283335137
1787956243484975600,13.7899755859375,170.68921328949307
1787956243501065500,13.8060654296875,170.33576863463745
1787956243517047000,13.822047119140626,170.52557185755106
1787956243533161700,13.83816162109375,170.98349322541725
1787956243549154800,13.85415478515625,169.60268785903745
1787956243565262300,13.870262451171875,170.01522990523733
1787956243581330700,13.88633056640625,170.17012281656704
1787956243597231900,13.90223193359375,169.61461267987488
1787956243613303600,13.918303466796875,170.34696550938867
1787956243629310500,13.934310546875,169.94324121476885
1787956243645376000,13.9503759765625,170.4199317615802
1787956243661481200,13.966481201171876,169.85693419366697
1787956243677392600,13.982392578125,170.35407618006266
1787956243693478700,13.998478759765625,169.72967737203913
1787956243709498000,14.014498046875,171.07299850171162
1787956243725579500,14.03057958984375,170.85008655818766
1787956243741679000,14.04667919921875,170.68643861471952
1787956243757602800,14.062602783203126,170.29778789396016
1787956243773697800,14.07869775390625,171.52900692354095
1787956243789724700,14.094724609375,171.38439866955505
1787956243805805800,14.110805908203124,171.38307214405407
1787956243821884700,14.126884765625,172.00194198058648
1787956243837837000,14.142837158203125,172.27043842763044
1787956243853933800,14.158933837890626,172.08511089595612
1787956243869996800,14.174996826171874,171.41452323697968
1787956243886076400,14.191076416015624,171.4884036571129
1787956243902169600,14.207169677734376,171.7004892507125
1787956243918137300,14.223137451171874,171.48896734600535
1787956243934243600,14.23924365234375,172.07234763370198
1787956243950230500,14.25523046875,172.40913421033557
1787956243966329300,14.271329345703125,172.7818984811687
1787956243982394400,14.287394287109375,172.70120653513445
1787956243998372000,14.3033720703125,172.5276999754513
1787956244014478800,14.319478759765625,172.91067241457858
1787956244030510000,14.335510009765626,172.77258595537435
1787956244046608600,14.351608642578125,172.72103620250468
1787956244062678300,14.36767822265625,171.66676962703346
1787956244078574800,14.383574951171875,171.8992418651197
1787956244094675200,14.39967529296875,172.56687241441418
1787956244110726000,14.415725830078125,172.0488744601416
1787956244126796300,14.43179638671875,171.17727221147268
1787956244142889500,14.447889404296875,171.22509946916932
1787956244158809300,14.463809326171875,170.99162080146905
1787956244174902800,14.47990283203125,171.5860877833744
1787956244190924300,14.49592431640625,171.99125946537563
1787956244207003400,14.51200341796875,171.79352084025433
1787956244223105000,14.52810498046875,171.58024615537406
1787956244239026700,14.544026611328125,170.4301894869274
1787956244255123000,14.560123046875,172.01664984167084
1787956244271104800,14.576104736328125,171.34640302780292
1787956244287194400,14.5921943359375,171.15027485243874
1787956244303303000,14.608302978515624,170.41440896539788
1787956244319198700,14.62419873046875,170.6213300204616
1787956244335300000,14.640300048828125,170.84368102617373
1787956244351288300,14.656288330078125,170.57957203774373
1787956244367382300,14.67238232421875,170.85704581870624
1787956244383493400,14.688493408203126,170.6462377523802
1787956244399430700,14.7044306640625,169.69354828633234
1787956244415452200,14.7204521484375,170.1201032843774
1787956244431444000,14.73644384765625,170.61997290858756
1787956244447539700,14.752539794921875,169.55124927020057
1787956244463636200,14.76863623046875,169.06143998365155
1787956244479604200,14.784604248046875,170.16069584687102
1787956244495715300,14.80071533203125,169.507401512351
1787956244511758800,14.8167587890625,169.86378889689857
1787956244527864000,14.832864013671875,168.53736869526432
1787956244543931100,14.84893115234375,169.66919070188646
1787956244559870000,14.864869873046874,170.30801567629214
1787956244575941600,14.880941650390625,170.34422621499456
1787956244592010200,14.89701025390625,169.95702406786208
1787956244608121000,14.91312109375,168.42919143595168
1787956244624204000,14.9292041015625,168.94453237539668
1787956244640148000,14.94514794921875,169.1028925996643
1787956244656228000,14.96122802734375,169.69314490818002
1787956244672280300,14.9772802734375,169.10643535521527
1787956244688352000,14.99335205078125,168.58950168652137
1787956244704443400,15.009443359375,167.64792802013025
1787956244720359200,15.025359130859375,168.41162297667506
1787956244736448500,15.041448486328125,168.59059935974352
1787956244752511500,15.057511474609376,168.7147759193435
1787956244768589000,15.073589111328126,168.6843993872269
1787956244784677000,15.089677001953126,168.9776610229542
1787956244800606700,15.105606689453126,169.1809552926298
1787956244816710000,15.1217099609375,169.59038500517832
1787956244832695000,15.137695068359376,169.12827365187098
1787956244848787200,15.153787109375,169.4810557782421
1787956244864900600,15.169900634765625,168.7484230222639
1787956244880840400,15.18584033203125,169.5114965535429
1787956244896952800,15.201952880859375,169.07086327464177
1787956244912917500,15.21791748046875,168.87761276131442
1787956244929012000,15.234011962890625,169.3807942716969
1787956244945076000,15.250075927734375,169.56155297705277
1787956244960971500,15.265971435546875,169.6406123934546
1787956244977094000,15.282093994140626,169.72837889355284
1787956244993097000,15.298096923828124,169.8994384135048
1787956245009159000,15.314158935546875,170.09795708393685
1787956245025238500,15.330238525390625,169.84115764001118
1787956245041134000,15.346134033203125,169.19691017099046
1787956245057215000,15.362215087890625,170.1706215436459
1787956245073282000,15.378281982421875,170.70927957665614
1787956245089348600,15.3943486328125,170.74280349326799
1787956245105424100,15.410424072265625,171.08356176424078
1787956245121363200,15.42636328125,170.9638893666999
1787956245137452000,15.4424521484375,170.9330414508277
1787956245153520000,15.45852001953125,171.98929946973652
1787956245169593900,15.47459375,170.37518446791097
1787956245185680600,15.4906806640625,171.4059938390923
1787956245201648600,15.506648681640625,171.25078368130144
1787956245217744600,15.52274462890625,172.1357050087891
1787956245233815300,15.538815185546875,172.06134702506125
1787956245249900000,15.554900146484375,171.26273715240222
1787956245266007800,15.5710078125,172.01606660126006
1787956245281942000,15.58694189453125,173.3235466712881
1787956245298049800,15.6030498046875,172.5120588528846
1787956245314082000,15.61908203125,171.59308219298563
1787956245330174200,15.63517431640625,171.86370337557378
1787956245346260000,15.651260009765625,172.35967427677454
1787956245362237700,15.66723779296875,173.10207308083497
1787956245378346200,15.68334619140625,171.80465540503175
1787956245394334700,15.699334716796875,172.14559216933026
1787956245410430700,15.7154306640625,171.5796750650174
1787956245426543900,15.7315439453125,172.79219828500877
1787956245442483700,15.747483642578125,172.0366508230896
1787956245458601200,15.763601318359376,172.49607689377567
1787956245474604500,15.7796044921875,172.93336139665453
1787956245490712300,15.79571240234375,172.80281783263115
1787956245506788400,15.811788330078125,171.77035187230422
1787956245522694400,15.8276943359375,171.5597768346107
1787956245538684200,15.84368408203125,171.68134430772187
1787956245554694400,15.8596943359375,171.59927222917142
1787956245570759400,15.875759521484374,170.94104177461142
1787956245586842600,15.891842529296875,171.4156991373384
1787956245602759000,15.907759033203124,171.05008629256403
1787956245618846000,15.923845947265624,171.47423240336707
1787956245634864600,15.93986474609375,171.5724089435645
1787956245650932700,15.9559326171875,171.5546967650211
1787956245667025700,15.972025634765625,170.9358656583214
1787956245682942700,15.987942626953124,170.0104487629461
1787956245699031600,16.004031494140627,170.43814392328267
1787956245715096800,16.020096923828124,171.16639602152208
1787956245731177000,16.036177001953124,170.29764353625274
1787956245747266800,16.052266845703127,169.7228685962357
1787956245763179500,16.068179443359377,169.199360149275
1787956245779278600,16.084278564453125,169.81909863743812
1787956245795337700,16.100337646484373,169.71469630613728
1787956245811422200,16.116422119140626,169.0743534167352
1787956245827517400,16.132517333984374,169.18022515363515
1787956245843486500,16.148486572265625,169.28609476369576
1787956245859590400,16.16459033203125,169.26844583997993
1787956245875619300,16.180619384765624,168.84905864020985
1787956245891712300,16.196712158203123,170.3673433173561
1787956245907796200,16.212796142578124,169.89099746665923
1787956245923689000,16.22868896484375,169.53056673583032
1787956245939800600,16.244800537109374,170.62116460484248
1787956245955803100,16.26080322265625,169.56517489911917
1787956245971863300,16.27686328125,168.99462556855383
1787956245987941000,16.292941162109376,169.6439994832036
1787956246003876600,16.308876708984375,168.31300332819768
1787956246019958000,16.3249580078125,168.71249015617838
1787956246036008400,16.341008544921873,167.7740550628225
1787956246052074500,16.357074462890626,168.79816640070078
1787956246068146700,16.373146728515625,169.03034253614507
1787956246084104000,16.38910400390625,169.1821033806425
1787956246100190700,16.405190673828123,169.26399388211263
1787956246116254500,16.42125439453125,168.9105101212312
1787956246132356000,16.437356201171873,169.71347860647472
1787956246148444000,16.45344384765625,169.704444142878
1787956246164374300,16.469374267578125,169.69739723041718
1787956246180478000,16.48547802734375,169.66619909549786
1787956246196464400,16.50146435546875,169.13804917343998
1787956246212557000,16.51755712890625,169.71279433443172
1787956246228674000,16.533674072265626,169.45782493192033
1787956246244605700,16.549605712890624,170.49557987297288
1787956246260709600,16.565709716796874,169.65199642752992
1787956246276740000,16.581739990234375,170.13948051445047
1787956246292837400,16.59783740234375,170.86698057412906
1787956246308904400,16.613904541015625,170.013457459794
1787956246324841200,16.62984130859375,171.35335768091855
1787956246340865500,16.645865478515624,170.40703436376583
1787956246356853800,16.661853759765624,170.86840245856675
1787956246372954600,16.67795458984375,171.15244797913698
1787956246389071000,16.694071044921873,171.61092238861707
1787956246405018000,16.71001806640625,171.985848561583
1787956246421143300,16.726143310546874,172.48908010583017
1787956246437186800,16.742186767578126,172.4585430538258
1787956246453294300,16.75829443359375,172.06687108661234
1787956246469394000,16.774393798828125,172.74114644074788
1787956246485294000,16.790294189453125,172.91789525397505
1787956246501368000,16.8063681640625,174.01242935838357
1787956246517415000,16.822414794921876,173.8622505391914
1787956246533478400,16.838478515625,174.10858576620356
1787956246549550800,16.85455078125,175.50463584474213
1787956246565460500,16.87046044921875,174.95791142290224
1787956246581547300,16.88654736328125,174.24010767956187
1787956246597566700,16.902566650390625,174.98749976978846
1787956246613641700,16.918641845703124,175.47810821723948
1787956246629743900,16.934743896484374,175.58446141159968
1787956246645673500,16.950673583984376,174.46858867096523
1787956246661678300,16.96667822265625,176.30866911888586
1787956246677708800,16.982708740234376,175.49336749421684
1787956246693801000,16.998801025390627,176.16901847944106
1787956246709904400,17.014904296875,175.54648693139126
1787956246725838800,17.0308388671875,176.2933513958422
1787956246741945900,17.04694580078125,176.35011078163353
1787956246757932000,17.06293212890625,176.75935018086082
1787956246774026800,17.07902685546875,175.92094508180492
1787956246790144000,17.09514404296875,175.61703387667794
1787956246806086000,17.1110859375,177.18596497483824
1787956246822195700,17.12719580078125,176.1130959206794
1787956246838191400,17.14319140625,175.34471464704012
1787956246854300700,17.15930078125,175.58037202057847
1787956246870371800,17.175371826171876,176.1134580174514
1787956246886270500,17.1912705078125,175.49904455134538
1787956246902398000,17.20739794921875,176.17438248102715
1787956246918405000,17.223405029296874,177.17170265616045
1787956246934470400,17.239470458984375,175.95465261709725
1787956246950555000,17.255554931640624,176.0289285910361
1787956246966461700,17.271461669921877,176.38121027937098
1787956246982544100,17.287544189453126,176.86651362998566
1787956246998562000,17.30356201171875,176.20668183705706
1787956247014636500,17.319636474609375,175.3303645468791
1787956247030728200,17.335728271484374,175.91958624555096
1787956247046643700,17.351643798828125,175.0852926583506
1787956247062735000,17.367735107421876,175.1403993609795
1787956247078763500,17.383763427734376,175.2753895966657
1787956247094844400,17.399844482421877,175.73222337285426
1787956247110953500,17.415953369140624,175.33695937087154
1787956247126890800,17.431890869140624,174.90900317236114
1787956247143000300,17.448000244140626,175.42804262264343
1787956247158986200,17.463986328125,176.62480711574133
1787956247175076900,17.480076904296876,175.52799208437438
1787956247191184600,17.4961845703125,175.30180524639277
1787956247207120100,17.5121201171875,176.1354537375188
1787956247223232000,17.52823193359375,175.69993954895716
1787956247239225600,17.5442255859375,176.7930623562779
1787956247255331000,17.5603310546875,176.10842369921542
1787956247271399400,17.5763994140625,175.61308529301968
1787956247287343400,17.59234326171875,176.75487740338338
1787956247303458800,17.608458740234376,177.41257073077583
1787956247319464200,17.624464111328123,177.30497990890126
1787956247335572500,17.640572509765626,177.4561654070062
1787956247351651600,17.656651611328126,177.5048702337191
1787956247367577300,17.672577392578123,177.89772569883752
1787956247383699700,17.68869970703125,178.7371141728196
1787956247399702800,17.704702880859376,179.10306617962274
1787956247415814400,17.720814453125,180.65730831204397
1787956247431892200,17.736892333984375,180.01081494538295
1787956247447839000,17.7528388671875,181.55433883254787
1787956247463925500,17.768925537109375,182.91624133712418
1787956247479937300,17.784937255859376,182.76189977930812
1787956247496008700,17.8010087890625,184.03385867562142
1787956247512096500,17.817096435546876,184.87201137453752
1787956247528013800,17.833013916015624,185.4611260693577
1787956247544105700,17.849105712890626,187.45478765757977
1787956247560130300,17.86513037109375,187.22568097288172
1787956247576212000,17.8812119140625,187.20084336932197
1787956247592317400,17.8973173828125,188.83721807989482
1787956247608250000,17.91325,190.26185257982897
1787956247624350200,17.92935009765625,190.4231407257861
1787956247640329700,17.945329833984374,191.31568654008947
1787956247656422400,17.96142236328125,192.30584123374163
1787956247672529000,17.97752880859375,192.67455275789533
1787956247688460500,17.99346044921875,193.43741129066217
1787956247704567300,18.0095673828125,196.41604958102224
1787956247720554000,18.025553955078124,196.3603948729762
1787956247736648700,18.041648681640623,196.60908635192186
1787956247752763600,18.057763671875,197.50241676485427
1787956247768705500,18.07370556640625,197.63524725025502
1787956247784819200,18.089819091796876,198.79771267149042
1787956247800813600,18.1058134765625,198.4555205580987
1787956247816915200,18.121915283203126,199.97705622838936
1787956247832984300,18.137984375,199.26605420303235
1787956247848929000,18.153928955078126,199.78613895116976
1787956247865045200,18.170045166015626,201.33540729627413
1787956247881045800,18.186045654296876,199.67253391434406
1787956247897153500,18.202153564453123,201.51953277910386
1787956247913230800,18.21823095703125,201.66567899933546
1787956247929134000,18.234134033203127,202.01370865818134
1787956247945210600,18.250210693359374,201.32077635417872
1787956247961224200,18.26622412109375,203.005660720225
1787956247977292500,18.28229248046875,203.15803029199654
1787956247993376500,18.29837646484375,203.5648640664295
1787956248009334500,18.31433447265625,202.8288210180736
1787956248025424400,18.33042431640625,203.39316182813795
1787956248041450000,18.346449951171873,202.93259806545515
1787956248057527800,18.36252783203125,204.2598711059677
1787956248073625600,18.37862548828125,203.51888214240566
1787956248089547300,18.39454736328125,204.26598579502453
1787956248105642500,18.410642578125,203.58976818698773
1787956248121662700,18.426662841796876,205.08202700721398
1787956248137749200,18.442749267578126,204.7803101469953
1787956248153845500,18.458845458984374,203.80635243833444
1787956248169825500,18.474825439453124,203.3862680300211
1787956248185935400,18.490935302734375,202.7390657922276
1787956248201966800,18.506966796875,202.79366581876891
1787956248218065000,18.52306494140625,202.3853693774736
1787956248234175500,18.539175537109376,202.3661623230985
1787956248250121200,18.555121337890625,201.52025187062864
1787956248266240300,18.571240234375,202.01339855257996
1787956248282242300,18.5872421875,202.11844979449603
1787956248298350800,18.603350830078124,202.4483355048423
1787956248314410500,18.619410400390624,201.9795919190088
1787956248330308900,18.635308837890626,200.39778945412112
1787956248346424800,18.6514248046875,201.28481776090769
1787956248362427000,18.667427001953126,200.07224994097388
1787956248378533000,18.683533203125,200.15128252462196
1787956248394608400,18.6996083984375,199.745734431761
1787956248410508500,18.715508544921875,199.74875579614684
1787956248426579200,18.7315791015625,200.2834018017595
1787956248442620200,18.7476201171875,199.52854289232886
1787956248458681600,18.763681640625,198.3807010096959
1787956248474753800,18.77975390625,198.8620789363478
1787956248490664000,18.795663818359376,198.90254911009143
1787956248506751000,18.8117509765625,198.10612487786742
1787956248522764300,18.827764404296875,197.14783595987032
1787956248538838300,18.84383837890625,197.77197494960728
1787956248554929700,18.8599296875,196.76266017303936
1787956248570888200,18.87588818359375,197.1284499649508
1787956248586982000,18.89198193359375,195.60671700220564
1787956248603025700,18.908025634765625,195.48805641973814
1787956248619102000,18.92410205078125,195.85729267982774
1787956248635187200,18.940187255859374,195.78513002206176
1787956248651144400,18.95614453125,195.13186343474996
1787956248667235600,18.972235595703125,193.89088871954723
1787956248683211000,18.9882109375,194.52362831207475
1787956248699293400,19.00429345703125,193.9154965154332
1787956248715392800,19.020392822265624,193.88480616367912
1787956248731315700,19.036315673828124,193.93687787161642
1787956248747422200,19.052422119140626,193.82066321873867
1787956248763403000,19.068403076171876,193.25933880825417
1787956248779495000,19.084494873046875,192.6489216940102
1787956248795556600,19.100556640625,192.6156932651929
1787956248811486000,19.11648583984375,192.91057230422382
1787956248827551500,19.132551513671874,192.73852434050661
1787956248843595300,19.14859521484375,192.4179414921772
1787956248859656000,19.164656005859374,192.99919760273139
1787956248875725300,19.180725341796876,192.29929382747247
1787956248891633400,19.19663330078125,191.9279353928543
1787956248907708200,19.212708251953124,191.381249456402
1787956248923727600,19.2287275390625,191.24118513411258
1787956248939803100,19.24480322265625,191.62460092411064
1787956248955903500,19.260903564453123,190.63926217740234
1787956248971825700,19.27682568359375,190.8282521185144
1787956248987920100,19.292920166015627,190.86938019836842
1787956249003898000,19.308898193359376,190.1745572320515
1787956249019983400,19.3249833984375,190.69775055237318
1787956249036087800,19.341087890625,190.48326131297188
1787956249052057000,19.35705712890625,190.5372766689036
1787956249068161500,19.37316162109375,190.5126910882409
1787956249084150300,19.389150390625,190.06354607770558
1787956249100242400,19.405242431640627,189.7733274058976
1787956249116337400,19.42133740234375,189.20801737134207
1787956249132311000,19.43731103515625,190.14914322592415
1787956249148427000,19.453427001953123,188.83982382030226
1787956249164461000,19.4694609375,189.97012591671637
1787956249180567300,19.4855673828125,189.623276014151
1787956249196679700,19.5016796875,188.78909970788104
1787956249212665900,19.517665771484374,189.7782747111235
1787956249228783600,19.53378369140625,189.27984561559177
1787956249244821800,19.54982177734375,189.89765738689746
1787956249260885200,19.56588525390625,189.57313193046616
1787956249276954000,19.5819541015625,189.41760752481792
1787956249292854500,19.5978544921875,189.6974898480614
1787956249308935400,19.613935302734376,189.5564304693531
1787956249324942600,19.629942626953124,187.8920177702974
1787956249341013200,19.64601318359375,189.5128460756862
1787956249357104400,19.6621044921875,189.49465516168362
1787956249373016300,19.678016357421875,189.0452461795582
1787956249389099000,19.69409912109375,189.68734473005702
1787956249405116400,19.710116455078126,188.98702228271773
1787956249421199400,19.726199462890627,189.74494804130683
1787956249437274600,19.742274658203126,189.9596068737188
1787956249453195300,19.7581953125,189.7716098743272
1787956249469294000,19.774294189453126,189.8592311959661
1787956249485320400,19.790320556640626,191.58969423693821
1787956249501405700,19.80640576171875,189.86551640261538
1787956249517513700,19.822513671875,190.5789939725417
1787956249533442800,19.83844287109375,191.23459004559234
1787956249549543000,19.85454296875,191.31372106287495
1787956249565523700,19.870523681640623,191.07877216050468
1787956249581616000,19.8866162109375,192.0927940396528
1787956249597728800,19.902728759765626,191.99617692173544
1787956249613670100,19.918670166015627,190.98761627371024
1787956249629782500,19.934782470703126,191.7924399596787
1787956249645778400,19.9507783203125,191.39271991697782
1787956249661881000,19.966881103515625,191.40847291505622
1787956249677943600,19.982943603515626,191.9588242484136
1787956249693886500,19.998886474609375,192.4453425606276
1787956249710002200,20.015002197265623,192.44519256689946
1787956249725997300,20.030997314453124,192.58077397923105
1787956249742103800,20.047103759765626,191.8673690699438
1787956249758177000,20.063177001953125,192.37967266298577
1787956249774125000,20.079125,192.4309581985403
1787956249790203000,20.095202880859375,192.55240292561575
1787956249806216000,20.1112158203125,193.6577998571356
1787956249822288000,20.127287841796875,191.7872303309785
1787956249838349600,20.143349609375,192.77216798590598
1787956249854257700,20.159257568359376,193.16964306597416
1787956249870347300,20.17534716796875,192.54773433974142
1787956249886365700,20.19136572265625,193.82707890056056
1787956249902443000,20.207443115234376,192.45010929072996
1787956249918541600,20.22354150390625,192.2308352395202
1787956249934463700,20.239463623046873,191.88848198447
1787956249950559500,20.2555595703125,192.19455255825346
1787956249966538500,20.27153857421875,192.4453425606276
1787956249982624000,20.2876240234375,191.4547792196553
1787956249998728400,20.303728515625,191.93286083545806
1787956250014656000,20.319656005859375,191.8124429652918
1787956250030754800,20.3357548828125,192.06057365381452
1787956250046738400,20.351738525390626,191.80177163778578
1787956250062832000,20.36783203125,191.37820021935207
1787956250078947000,20.383947021484374,191.99474213880075
1787956250094884000,20.399884033203126,191.95383046909276
1787956250110993700,20.41599365234375,191.99255808974982
1787956250126983200,20.431983154296876,192.28958053564298
1787956250143078700,20.44807861328125,192.2277669523997
1787956250159141000,20.46414111328125,191.8841130188977
1787956250175084800,20.480084716796874,191.3055248054174
1787956250191201300,20.496201171875,191.25041200760796
1787956250207203000,20.512203125,192.63058845607182
1787956250223266600,20.5282666015625,191.87366355343883
1787956250239343600,20.544343505859374,191.63822354189418
1787956250255249400,20.56024951171875,191.87748681550536
1787956250271328800,20.576328857421874,191.4409558838698
1787956250287339800,20.59233984375,192.32117691306655
1787956250303410200,20.60841015625,191.91298222984543
1787956250319498500,20.62449853515625,192.14542730713086
1787956250335407600,20.64040771484375,192.7762744540194
1787956250351409400,20.656409423828126,191.41697260300398
1787956250367426300,20.67242626953125,192.812438694117
1787956250383507000,20.6885068359375,192.0351001104489
1787956250399605000,20.70460498046875,192.0250889005598
1787956250415526400,20.7205263671875,193.2165541983398
1787956250431629300,20.73662939453125,192.71114160682097
1787956250447700700,20.75270068359375,192.8237273459469
1787956250463782000,20.768781982421874,191.16122256197295
1787956250479872300,20.784872314453125,192.47053203978408
1787956250495843300,20.80084326171875,193.76685472979096
1787956250511949000,20.816948974609375,192.27274606396966
1787956250527969500,20.832969482421873,192.84531102675368
1787956250544062200,20.849062255859376,192.98171509808074
1787956250560153900,20.86515380859375,192.26581896970623
1787956250576130800,20.881130859375,192.27089227381092
1787956250592244700,20.89724462890625,192.21077076008828
1787956250608284200,20.9132841796875,192.35639507984357
1787956250624389600,20.9293896484375,192.43436238856333
1787956250640499500,20.94549951171875,191.53027692155985
1787956250656481000,20.96148095703125,191.89389397990502
1787956250672553700,20.9775537109375,191.9170232409092
1787956250688560000,20.99356005859375,191.04738619885615
1787956250704669700,21.009669677734376,191.23018832101366
1787956250720739000,21.025739013671874,190.65694918244793
1787956250736682000,21.041681884765627,191.71814490466588
1787956250752763600,21.057763671875,190.3839649851971
1787956250768818700,21.073818603515626,190.71858929596348
1787956250784891400,21.089891357421877,191.01714103087198
1787956250800979500,21.1059794921875,189.89183715496426
1787956250816938200,21.121938232421876,190.3415671261848
1787956250833026600,21.138026611328126,190.3437001578948
1787956250849091300,21.15409130859375,190.95764618629127
1787956250865164800,21.170164794921874,190.7239852610805
1787956250881266700,21.1862666015625,190.42350215502768
1787956250897184500,21.2021845703125,191.07208069895822
1787956250913280000,21.218280029296874,190.26171912524913
1787956250929306000,21.23430615234375,190.15342779002032
1787956250945387300,21.25038720703125,190.18109997610534
1787956250961488000,21.26648779296875,190.18026590498877
1787956250977421300,21.28242138671875,189.40467607400052
1787956250993521200,21.298521240234376,189.4492254944792
1787956251009505800,21.314505859375,189.6222404739097
1787956251025599500,21.330599609375,190.71688060052045
1787956251041717200,21.34671728515625,190.24755348086572
1787956251057654000,21.362654052734374,190.56030247083035
1787956251073732600,21.378732666015626,189.9123543936771
1787956251089723400,21.394723388671874,189.44820257335476
1787956251105816300,21.41081640625,191.03444057566068
1787956251121878000,21.4268779296875,189.95285238812102
1787956251137771800,21.442771728515623,190.18242982351316
1787956251153889300,21.45888916015625,189.958427377127
1787956251169889500,21.4748896484375,190.56200589276162
1787956251185949400,21.490949462890626,190.27661463686823
1787956251202018800,21.507018798828124,190.3417116399358
1787956251217941200,21.522941162109376,190.6801915008528
1787956251234020000,21.53902001953125,190.40908841671566
1787956251250065000,21.55506494140625,190.29020306836546
1787956251266133000,21.571133056640626,191.318656863452
1787956251282196500,21.587196533203127,190.3972085315301
1787956251298145800,21.603145751953125,191.86804815019144
1787956251314234600,21.619234619140624,191.6091821259953
1787956251330291200,21.635291259765626,191.1687493955437
1787956251346369000,21.651369140625,191.90615187195868
1787956251362444300,21.6674443359375,191.25577963490912
1787956251378404600,21.683404541015626,191.56701006793665
1787956251394494500,21.699494384765625,190.53564497067967
1787956251410562000,21.71556201171875,190.8810993025375
1787956251426648800,21.73164892578125,192.52311431170145
1787956251442736000,21.747736083984375,192.96354663699196
1787956251458705200,21.763705078125,192.52682136757525
1787956251474805200,21.77980517578125,192.86456683062124
1787956251490830300,21.795830322265626,193.1643080555509
1787956251506920400,21.81192041015625,192.86424925451828
1787956251523025400,21.828025390625,193.6240872288429
1787956251538998800,21.843998779296875,193.1334733435807
1787956251555107300,21.860107421875,192.86262670289037
1787956251571098000,21.87609814453125,193.56267771935586
1787956251587196000,21.89219580078125,194.02445467931767
1787956251603308500,21.90830859375,194.12942981610203
1787956251619205000,21.924205078125,193.62689451893962
1787956251635319300,21.9403193359375,194.75129917066585
1787956251651319800,21.95631982421875,193.83742773901676
1787956251667427300,21.97242724609375,194.15947134233514
1787956251683497200,21.988497314453124,194.41940052578846
1787956251699402200,22.00440234375,193.34134341306964
1787956251715484000,22.02048388671875,194.80883776002233
1787956251731504400,22.03650439453125,195.09267398983332
1787956251747576300,22.052576416015626,195.1894722792444
1787956251763667200,22.068667236328125,194.19104415744061
1787956251779584800,22.084584716796876,195.2391626558588
1787956251795672000,22.100672119140626,195.40112981191987
1787956251811699700,22.11669970703125,194.48415437946755
1787956251827783700,22.13278369140625,194.94220122621422
1787956251843852300,22.148852294921873,195.381041685663
1787956251859814100,22.164814208984374,194.93953660222328
1787956251875912400,22.180912353515627,195.57065845500338
1787956251891933400,22.196933349609374,195.13413514227472
1787956251908022800,22.213022705078124,195.24338229956464
1787956251924106000,22.22910595703125,195.5496641111319
1787956251940065000,22.24506494140625,195.329379240044
1787956251956162000,22.261162109375,196.50465342015562
1787956251972184300,22.277184326171874,196.50907071749975
1787956251988271900,22.29327197265625,197.4854937168132
1787956252004367400,22.309367431640624,197.236889381399
1787956252020336000,22.325336181640626,197.30267838922873
1787956252036444700,22.341444580078125,196.97198854079278
1787956252052476200,22.35747607421875,196.79549695733328
1787956252068573000,22.373572998046875,197.44287749964164
1787956252084642300,22.389642333984376,196.61759545513027
1787956252100581600,22.40558154296875,197.68976400860038
1787956252116703000,22.421702880859375,198.27601555215276
1787956252132743000,22.437742919921874,198.99018199887078
1787956252148853200,22.453853271484373,197.06657446156166
1787956252164934100,22.46993408203125,198.70986970798793
1787956252180833800,22.485833740234376,197.76948892996117
1787956252196914000,22.501913818359377,198.81431162220994
1787956252212960300,22.517960205078126,199.29742254835105
1787956252229026300,22.5340263671875,198.11382007869355
1787956252245094100,22.55009423828125,197.71472056044496
1787956252261000400,22.56600048828125,199.25884890144062
1787956252277086000,22.5820859375,199.70781748548433
1787956252293102300,22.598102294921876,199.39831836480633
1787956252309179100,22.61417919921875,200.05592758091115
1787956252325274400,22.6302744140625,200.32039245220577
1787956252341195500,22.646195556640624,199.37655486837266
1787956252357290000,22.6622900390625,201.29314741573816
1787956252373313800,22.678313720703127,200.50235960436618
1787956252389397000,22.69439697265625,200.65346145330366
1787956252405476600,22.7104765625,200.35022328369098
1787956252421404000,22.72640380859375,200.77593552168923
1787956252437500400,22.74250048828125,200.78889325211728
1787956252453482000,22.75848193359375,200.99929135531633
1787956252469574100,22.77457421875,201.36379150140445
1787956252485679600,22.7906796875,201.19412139594814
1787956252501614600,22.806614501953124,201.45458923135618
1787956252517722600,22.82272265625,201.44156226732315
1787956252533709600,22.83870947265625,201.67184052700262
1787956252549803500,22.854803466796874,201.1369931033739
1787956252565870000,22.8708701171875,201.6326420352778
1787956252581814000,22.88681396484375,201.16170039556093
1787956252597889500,22.9028896484375,202.53936878246998
1787956252613892900,22.918892822265626,201.55805316122607
1787956252629949200,22.93494921875,202.46303119702725
1787956252646029800,22.95102978515625,202.3340157265455
1787956252661938700,22.966938720703126,202.25999527664004
1787956252678019000,22.98301904296875,202.16976790709913
1787956252694035200,22.99903515625,201.78948422635153
1787956252710107100,23.015107177734375,201.21855932783075
1787956252726201600,23.03120166015625,202.6318300011977
1787956252742119000,23.047118896484374,202.03192828853213
1787956252758213400,23.06321337890625,201.99582206621366
1787956252774243600,23.07924365234375,201.65229655399165
1787956252790327600,23.09532763671875,202.0278728897739
1787956252806431000,23.111430908203126,202.10964571237514
1787956252822358500,23.127358642578123,202.65120840867053
1787956252838458600,23.143458740234376,202.50490015589475
1787956252854481700,23.159481689453123,201.0766930592969
1787956252870577000,23.175576904296875,202.63952798183632
1787956252886688800,23.191688720703127,202.46943778881322
1787956252902623200,23.207623291015626,202.22953167492753
1787956252918728400,23.223728515625,202.79044529577524
1787956252934753800,23.23975390625,202.26987991175955
1787956252950845200,23.25584521484375,202.60154910058807
1787956252966955000,23.271955078125,202.64951518036713
1787956252982893600,23.2878935546875,201.9504189991192
1787956252999008500,23.304008544921874,202.9717546926595
1787956253015005000,23.3200048828125,202.31023014548495
1787956253031115000,23.336114990234375,202.25489729970218
1787956253047189200,23.352189208984374,202.61476049493118
1787956253063089200,23.368089111328125,202.70477741705486
1787956253079210200,23.384210205078126,202.2486291639865
1787956253095210200,23.400210205078125,201.84000341158048
1787956253111272000,23.41627197265625,202.5546735427054
1787956253127348500,23.432348388671876,203.2233349840257
1787956253143251500,23.44825146484375,201.97540419435964
1787956253159327700,23.46432763671875,201.82836254041342
1787956253175344000,23.48034423828125,202.53190901262303
1787956253191419400,23.49641943359375,203.08336790409044
1787956253207503600,23.512503662109374,202.4619889287347
1787956253223417900,23.52841796875,203.16379626553947
1787956253239511000,23.544510986328124,202.4651197066407
1787956253255533300,23.560533203125,203.44900214243395
1787956253271620400,23.576620361328125,203.69389492225454
1787956253287728000,23.59272802734375,203.18970977485174
1787956253303652400,23.60865234375,203.61164885314471
1787956253319752700,23.624752685546873,203.39195776805042
1787956253335784200,23.6407841796875,203.94968649145284
1787956253351873300,23.656873291015625,202.93419720368567
1787956253367981000,23.67298095703125,203.81499481176806
1787956253383917000,23.6889169921875,203.73452659129939
1787956253400028000,23.70502783203125,203.64357852491594
1787956253416059600,23.7210595703125,203.60365294901123
1787956253432159000,23.737158935546876,204.4816350441294
1787956253448268800,23.753268798828124,204.04954754428206
1787956253464213500,23.769213623046873,203.04003928256677
1787956253480339700,23.785339599609376,204.01508834998916
1787956253496384000,23.801384033203124,203.60799704556564
1787956253512496400,23.817496337890624,203.958075565567
1787956253528614400,23.833614501953125,203.00609008967118
1787956253544524500,23.849524658203126,204.15963022186335
1787956253560599000,23.86559912109375,201.82848916900008
1787956253576601000,23.88160107421875,202.3060352047732
1787956253592667100,23.897667236328125,202.75809039326106
1787956253608743200,23.9137431640625,202.76513901017702
1787956253624700000,23.929699951171877,202.49185955139816
1787956253640792000,23.9457919921875,202.26657910154395
1787956253656811800,23.961811767578126,203.25053329950222
1787956253672892200,23.97789208984375,203.55713125377315
1787956253688978200,23.993978271484377,202.77697411731927
1787956253704940800,24.00994091796875,202.26100700783502
1787956253721041200,24.026041259765623,201.62877304347478
1787956253737073000,24.042072998046876,202.7459726802455
1787956253753162200,24.058162353515623,202.0105927149748
1787956253769271300,24.074271240234374,202.3447401183794
1787956253785199000,24.09019921875,202.32424460354272
1787956253801302500,24.106302490234373,200.9244833557065
1787956253817284900,24.122284912109375,201.92634426086678
1787956253833373700,24.138373779296874,201.66591408311902
1787956253849488600,24.154488525390626,202.3541416325752
1787956253865432600,24.1704326171875,202.03531759436416
1787956253881551000,24.186551025390624,201.9566821092306
1787956253897547500,24.202547607421874,201.880836812129
1787956253913651000,24.21865087890625,201.74371135996898
1787956253929726700,24.234726806640627,201.67858946426315
1787956253945626000,24.250626220703126,201.38838142925488
1787956253961746400,24.266746337890623,201.43362590327484
1787956253977750800,24.282750732421874,201.3278236638092
1787956253993853700,24.298853759765624,202.14951902756687
1787956254009929700,24.3149296875,200.75412848297205
1787956254025870600,24.33087060546875,202.18851781597502
1787956254041991000,24.346990966796874,201.4998821151528
1787956254058037000,24.363037109375,201.22398539918325
1787956254074099700,24.379099609375,200.9074122647819
1787956254090164500,24.39516455078125,201.65758398407198
1787956254106104600,24.4111044921875,200.6746773175011
1787956254122185200,24.427185302734376,201.04892633897796
1787956254138194200,24.443194091796876,200.796343769528
1787956254154273500,24.4592734375,201.53069819980087
1787956254170362600,24.475362548828127,201.52245810759206
1787956254186281500,24.491281494140626,201.75925507444165
1787956254202380000,24.507380126953127,200.87183419095524
1787956254218445600,24.523445556640624,200.74225694052666
1787956254234529800,24.53952978515625,200.5121833137544
1787956254250609000,24.55560888671875,200.88958719659482
1787956254266536400,24.571536376953127,200.99242693599012
1787956254282637300,24.58763720703125,200.6936874096061
1787956254298708000,24.6037080078125,201.15044471320687
1787956254314802200,24.61980224609375,201.19077769879357
1787956254330897700,24.635897705078126,200.64437410435215
1787956254346872300,24.651872314453126,200.51516737887724
1787956254362984000,24.66798388671875,201.48455026488006
1787956254379021000,24.68402099609375,201.59045802721687
1787956254395122000,24.700121826171873,200.64192434242102
1787956254411233000,24.71623291015625,201.14821192961747
1787956254427224000,24.73222412109375,200.77535851837285
1787956254443338200,24.748338134765625,202.20599209798257
1787956254459342800,24.7643427734375,202.5659089748716
1787956254475453700,24.78045361328125,200.77605584982047
1787956254491525600,24.796525634765626,201.40879475691133
1787956254507475200,24.81247509765625,201.3520014763321
1787956254523555600,24.8285556640625,201.85266727596294
1787956254539574300,24.84457421875,201.64529281443973
1787956254555643100,24.86064306640625,201.9296500580127
1787956254571735800,24.87673583984375,201.58743364561755
1787956254587654000,24.89265380859375,201.48082097368604
1787956254603747800,24.908747802734375,201.8188989969827
1787956254619800800,24.92480078125,202.18783334716505
1787956254635927800,24.940927734375,202.20882397993662
1787956254652028200,24.957028076171873,200.47495968843452
1787956254667948000,24.972947998046877,202.64036059658483
1787956254684050000,24.9890498046875,201.75735682598963
1787956254700034800,25.005034912109377,201.77056852681437
1787956254716124400,25.02112451171875,201.46602880140554
1787956254732237800,25.03723779296875,202.2716648151367
1787956254748216800,25.053216796875,201.39524721166674
1787956254764329500,25.06932958984375,201.86933753434403
1787956254780333600,25.08533349609375,202.58043229445434
1787956254796433200,25.10143310546875,201.9196141875132
1787956254812504600,25.117504638671875,202.79733541073392
1787956254828488200,25.13348828125,202.2516108970633
1787956254844602400,25.149602294921873,201.6572057817766
1787956254860637000,25.165636962890623,201.5665343361284
1787956254876746000,25.18174609375,202.2746699907177
1787956254892861000,25.19786083984375,202.01141201508804
1787956254908800800,25.21380078125,203.13435591749396
1787956254924921300,25.22992138671875,202.23642655727994
1787956254940926500,25.245926513671876,203.11122039230028
1787956254957036300,25.262036376953127,202.31164193983028
1787956254973113300,25.27811328125,201.7174453369698
1787956254989020000,25.29402001953125,202.5548102992541
1787956255005098000,25.310097900390623,202.93454532047065
1787956255021153300,25.3261533203125,202.21666104417847
1787956255037224700,25.342224609375,202.6971917862087
1787956255053312000,25.35831201171875,202.2585893205389
1787956255069234400,25.374234375,201.81576197115038
1787956255085326600,25.39032666015625,203.11326840341957
1787956255101362400,25.406362548828124,201.42246652893783
1787956255117443300,25.422443359375,202.50109032453503
1787956255133540400,25.438540283203125,202.3560517024538
1787956255149460000,25.4544599609375,202.42684505000423
1787956255165554200,25.47055419921875,201.5618397090076
1787956255181538000,25.4865380859375,202.342646179044
1787956255197625900,25.5026259765625,202.14997076038182
1787956255213736400,25.518736328125,202.56117132766227
1787956255229664800,25.534664794921873,201.3556190130121
1787956255245773000,25.55077294921875,201.80746883859564
1787956255261756700,25.566756591796874,201.30930972973002
1787956255277854500,25.5828544921875,201.29960720590645
1787956255293975000,25.59897509765625,201.57267314017747
1787956255309876700,25.614876708984376,200.77394331004817
1787956255325990700,25.63099072265625,200.18683431654998
1787956255341984800,25.64698486328125,201.04275844697003
1787956255358087700,25.663087646484374,201.89637036120251
1787956255374139000,25.679138916015624,200.59712361303292
1787956255390083600,25.69508349609375,200.52864575219849
1787956255406111700,25.71111181640625,200.32242156378933
1787956255422148900,25.72714892578125,200.75990722768424
1787956255438210600,25.74321044921875,200.74515551147292
1787956255454324500,25.759324462890625,198.83415764516664
1787956255470268400,25.775268310546874,199.708460745619
1787956255486346000,25.791345947265626,199.36429469852874
1787956255502388200,25.80738818359375,199.67233305618814
1787956255518457300,25.823457275390624,198.50410181086735
1787956255534536700,25.83953662109375,198.82819943096223
1787956255550494000,25.855493896484376,198.78863575274983
1787956255566586600,25.871586669921875,199.97595063781216
1787956255582649900,25.88764990234375,199.75864272837663
1787956255598726000,25.903725830078123,200.25521066480272
1787956255614811000,25.919810791015625,199.96502321138786
1787956255630740200,25.935740234375,198.7612873781541
1787956255646836700,25.951836669921875,199.4827308858942
1787956255662865000,25.967864990234375,199.13621282200833
1787956255678945500,25.983945556640624,199.03564947395458
1787956255695043300,26.000043212890624,199.38361132568988
1787956255711011800,26.01601171875,199.77716392763568
1787956255727114200,26.0321142578125,200.4207796738107
1787956255743139600,26.0481396484375,199.51941201315643
1787956255759236000,26.064236083984376,200.69222444244323
1787956255775355100,26.080355224609374,200.2168928835142
1787956255791284700,26.09628466796875,200.3653697669424
1787956255807396600,26.112396728515623,200.98588960630147
1787956255823430000,26.128429931640625,200.53540981122757
1787956255839539000,26.1445390625,201.41078422539383
1787956255855610400,26.1606103515625,200.60007653559785
1787956255871510000,26.176510009765625,201.01938964277946
1787956255887627000,26.192626953125,200.77223331524607
1787956255903619600,26.20861962890625,200.55742446448997
1787956255919727900,26.224727783203125,200.7578369343734
1787956255935807200,26.24080712890625,201.89708275213545
1787956255951707600,26.256707763671876,202.43579586036367
1787956255967789300,26.272789306640625,201.39252999553602
1787956255983799600,26.288799560546874,201.80001383914393
1787956255999872000,26.3048720703125,202.1067089251692
1787956256015934200,26.320934326171876,201.9949024690883
1787956256031843300,26.33684326171875,202.5224473249083
1787956256047929300,26.352929443359375,202.84317662688824
1787956256063949300,26.36894921875,202.67808345003442
1787956256080021200,26.385021240234376,203.77796462841607
1787956256096117800,26.40111767578125,202.4149867807004
1787956256112037600,26.41703759765625,202.61387823011125
1787956256128133400,26.43313330078125,202.98246981664087
1787956256144159700,26.44915966796875,202.77541224077984
1787956256160244700,26.46524462890625,202.85640424400478
1787956256176347000,26.481346923828124,203.0597539955601
1787956256192276000,26.49727587890625,202.83342996712227
1787956256208382200,26.51338232421875,202.9362596670124
1787956256224417500,26.52941748046875,202.479584500538
1787956256240513800,26.545513671875,203.54522475196373
1787956256256619500,26.56161962890625,203.2594638881213
1787956256272600600,26.5776005859375,203.21338835321814
1787956256288715000,26.593715087890626,203.33545957069975
1787956256304704800,26.609704833984374,202.81252280003162
1787956256320809200,26.625809326171876,203.33776770427264
1787956256336884200,26.64188427734375,203.33951097843962
1787956256352826000,26.657826171875,202.3717544855566
1787956256368957400,26.67395751953125,203.99540462589806
1787956256385005300,26.69000537109375,204.6121477863797
1787956256401118200,26.7061181640625,203.5496667568994
1787956256417237800,26.72223779296875,203.05602405767453
1787956256433191400,26.73819140625,203.75760442614862
1787956256449277200,26.754277099609375,203.8875605477561
1787956256465341400,26.770341552734376,203.9776991010056
1787956256481413600,26.78641357421875,203.83874046128943
1787956256497490200,26.802490234375,203.24145163286664
1787956256513406500,26.818406494140625,203.69294598525386
1787956256529502700,26.834502685546877,203.5576681435144
1787956256545584600,26.850584716796874,203.68755303120142
1787956256561670000,26.866669921875,203.9654632618522
1787956256577777000,26.88277685546875,203.0485893626221
1787956256593702100,26.8987021484375,202.53448468150725
1787956256609808000,26.914807861328125,202.71344678440192
1787956256625794000,26.9307939453125,202.448672698508
1787956256641886200,26.94688623046875,202.7707622788777
1787956256657996800,26.962996826171874,202.53752126033797
1787956256673938200,26.978938232421875,202.04676258926668
1787956256690045700,26.995045654296874,202.1412033268015
1787956256706038300,27.011038330078126,202.1292656217175
1787956256722135300,27.02713525390625,201.9297224240213
1787956256738255600,27.043255615234376,201.91051403889537
1787956256754198300,27.0591982421875,201.42695139692486
1787956256770319600,27.075319580078126,201.93754199449899
1787956256786321000,27.09132080078125,200.91672422732853
1787956256802423800,27.107423828125,201.96244369696484
1787956256818496000,27.12349609375,200.79795047851837
1787956256834445000,27.139445068359375,201.13858495674393
1787956256850523600,27.155523681640624,199.95844426930807
1787956256866527500,27.171527587890626,200.18454997698066
1787956256882641200,27.18764111328125,201.0689892424342
1787956256898724400,27.203724365234375,200.77292289397474
1787956256914634200,27.21963427734375,200.72840764518529
1787956256930718000,27.235718017578126,200.0638151072585
1787956256946769200,27.25176904296875,201.04223165254842
1787956256962842600,27.267842529296875,200.98083314318546
1787956256978930200,27.28393017578125,200.6027425980256
1787956256994894600,27.29989453125,200.89603396501207
1787956257010988000,27.315988037109374,200.80755682600142
1787956257027047000,27.332046875,200.780751087101
1787956257043129000,27.348129150390626,201.2296019789171
1787956257059225900,27.364225830078126,200.61992400412598
1787956257075196400,27.380196533203126,202.33669913411887
1787956257091296800,27.396296875,202.52432724750338
1787956257107370500,27.41237060546875,202.2859142316146
1787956257123463700,27.428463623046873,201.12292942978812
1787956257139569700,27.444569580078124,200.86930148141568
1787956257155547000,27.460546875,202.28337882062644
1787956257171659500,27.476659423828124,202.4338147231886
1787956257187691300,27.492691162109374,202.28102226517606
1787956257203787300,27.508787353515626,202.49809751562464
1787956257219873000,27.524873046875,203.30882508447343
1787956257235855600,27.540855712890625,202.77344351434695
1787956257251975200,27.55697509765625,202.9320285946653
1787956257267967500,27.572967529296875,203.54165703762033
1787956257284066300,27.58906640625,202.77221848895553
1787956257300134400,27.605134521484374,203.36973189061143
1787956257316085800,27.621085693359376,203.91122191659002
1787956257332120000,27.6371201171875,203.2717251429944
1787956257348121900,27.653121826171876,203.0146985869764
1787956257364182500,27.6691826171875,204.39814319750494
1787956257380263000,27.685262939453125,203.87115398274477
1787956257396173300,27.70117333984375,204.95875502499896
1787956257412256300,27.71725634765625,203.9215387934295
1787956257428276500,27.7332763671875,204.31183331149916
1787956257444345300,27.749345458984376,204.2851540882654
1787956257460440000,27.765440185546876,204.5653286862926
1787956257476354600,27.7813544921875,204.66996591352228
1787956257492452600,27.79745263671875,204.6988114522565
1787956257508484900,27.81348486328125,204.38472659876524
1787956257524575700,27.82957568359375,204.39386069377724
1787956257540684800,27.845684814453126,204.5084777588301
1787956257556612400,27.8616123046875,204.72038329710745
1787956257572721400,27.877721435546874,203.57272659023914
1787956257588713700,27.893713623046875,204.7698636694864
1787956257604809200,27.909809326171874,204.6890002003328
1787956257620925000,27.925925048828127,205.15941286879982
1787956257636870000,27.941869873046876,205.0240113421442
1787956257652988200,27.95798828125,204.7596030588107
1787956257668982000,27.97398193359375,204.5194792750938
1787956257685082600,27.99008251953125,204.51847196584097
1787956257701206800,28.006206787109374,204.58785043512108
1787956257717155800,28.02215576171875,205.23043264876983
1787956257733278000,28.03827783203125,206.32342984740401
1787956257749284000,28.0542841796875,205.1611756654766
1787956257765398300,28.070398193359374,204.21003032482162
1787956257781465900,28.0864658203125,204.5826035239612
1787956257797370600,28.10237060546875,204.51117649627545
1787956257813450500,28.118450439453124,204.47643245842335
1787956257829462500,28.134462646484376,205.3389803881429
1787956257845574400,28.150574462890624,204.4586861507421
1787956257861658400,28.166658447265625,205.37198637737504
1787956257877569500,28.182569580078123,204.95826764793466
1787956257893654000,28.198654052734376,205.1636631229717
1787956257909672200,28.214672119140626,204.44069612105721
1787956257925753600,28.230753662109375,204.60681764759133
1787956257941838000,28.246838134765625,204.54117443010708
1787956257957801700,28.2628017578125,203.984235618694
1787956257973899300,28.278899169921875,204.8863362510013
1787956257989924400,28.29492431640625,204.42499120924253
1787956258006009900,28.311009765625,204.50730421254082
1787956258022111200,28.327111328125,204.18591220625575
1787956258038084000,28.343083984375,204.1888943234055
1787956258054190600,28.359190673828124,204.54216465773592
1787956258070227000,28.37522705078125,202.9789171521076
1787956258086327000,28.3913271484375,204.11438256132078
1787956258102440200,28.407440185546875,203.06021090978678
1787956258118382000,28.423382080078124,203.1043530159626
1787956258134500000,28.4395,203.28099957839828
1787956258150493200,28.4554931640625,202.37695075587143
1787956258166599200,28.47159912109375,202.77010118181212
1787956258182721300,28.48772119140625,202.92715909016738
1787956258198663200,28.5036630859375,202.43913655176357
1787956258214787300,28.519787353515625,202.92418922478961
1787956258230795800,28.535795654296876,203.5593287953693
1787956258246909700,28.55190966796875,203.02798483475738
1787956258262990300,28.567990234375,202.2307600778927
1787956258278891500,28.5838916015625,202.20051903182616
1787956258294969300,28.59996923828125,202.4039968416643
1787956258310979800,28.615979736328125,201.6132641049213
1787956258327050200,28.63205029296875,202.35985393338677
1787956258343124200,28.648124267578126,202.32285861357747
1787956258359047400,28.66404736328125,202.35985393338677
1787956258375137800,28.6801376953125,202.0947747236841
1787956258391208200,28.696208251953124,202.39646230604941
1787956258407288800,28.712288818359376,201.78149980895316
1787956258423377000,28.728376953125,201.52610105642933
1787956258439299000,28.744299072265626,201.85278579912745
1787956258455393800,28.760393798828126,201.1882464270916
1787956258471468000,28.776468017578125,201.39129955219633
1787956258487576300,28.792576416015624,202.2934253247344
1787956258503690000,28.80868994140625,202.4999940754591
1787956258519625000,28.824625,201.8065542467542
1787956258535729700,28.840729736328125,201.7163412357105
1787956258551718700,28.85671875,201.83299632197387
1787956258567812000,28.87281201171875,201.59932912583338
1787956258583927600,28.888927490234376,202.26206830597636
1787956258599868200,28.9048681640625,201.51948134983195
1787956258615987500,28.920987548828126,201.65530244106378
1787956258631986200,28.936986083984376,201.57941858867707
1787956258648095700,28.953095703125,201.78056979309028
1787956258664170800,28.969170654296875,201.92042393407348
1787956258680116200,28.9851162109375,201.41821572021996
1787956258696236300,29.001236328125,201.3556600071058
1787956258712238300,29.01723828125,201.60592297891176
1787956258728349000,29.033348876953124,201.7493694049845
1787956258744434700,29.0494345703125,201.16920285264246
1787956258760340000,29.065340087890625,201.5355718266362
1787956258776419000,29.081419189453126,201.71658952006035
1787956258792427000,29.097427001953125,200.8999070311523
1787956258808499700,29.113499755859376,201.65297621470503
1787956258824589000,29.129589111328126,201.93806123451068
1787956258840503300,29.14550341796875,200.87256806820218
1787956258856584700,29.161584716796874,201.56805217530768
1787956258872601900,29.177601806640624,200.88096682770285
1787956258888675800,29.19367578125,201.7049723715496
1787956258904748500,29.20974853515625,201.49105966439217
1787956258920665600,29.22566552734375,202.29159597506785
1787956258936751900,29.241751953125,202.01181801762414
1787956258952768800,29.257768798828124,201.59932912583338
1787956258968847000,29.27384716796875,202.25975811822502
1787956258984941600,29.289941650390624,201.92883969057013
1787956259000863500,29.305863525390624,202.71649442579968
1787956259016951000,29.321950927734374,202.17800618359337
1787956259032926500,29.337926513671874,201.9462219469062
1787956259049016000,29.35401611328125,202.01267130683078
1787956259065126700,29.370126708984376,202.88930108152795
1787956259081054700,29.3860546875,202.7405597871672
1787956259097160400,29.402160400390624,201.44901546108196
1787956259113141800,29.418141845703126,202.0326781747128
1787956259129241900,29.434241943359375,202.6370809802517
1787956259145307100,29.45030712890625,202.34451307262637
1787956259161203500,29.466203369140626,202.39736451849157
1787956259177324000,29.482323974609375,201.4241448309901
1787956259193325800,29.498325927734374,202.5469734454026
1787956259209381400,29.51438134765625,201.70886817626746
1787956259225458000,29.5304580078125,202.9916984756969
1787956259241352200,29.546352294921874,202.63441577204497
1787956259257420500,29.562420654296876,201.49183209397586
1787956259273429800,29.5784296875,201.93374597979172
1787956259289494300,29.594494384765625,201.58642705628117
1787956259305585400,29.61058544921875,200.97755940122659
1787956259321495600,29.62649560546875,201.3212767620551
1787956259337587200,29.642587158203124,203.37413332010468
1787956259353613000,29.658613037109376,201.68557420216717
1787956259369691600,29.674691650390624,201.78022716014706
1787956259385795000,29.690795166015626,201.79825611060966
1787956259401720800,29.706720947265627,201.6438740390065
1787956259417820000,29.72281982421875,202.04689640932455
1787956259433801200,29.73880126953125,202.25186388953009
1787956259449888800,29.754888671875,202.2474418532731
1787956259465990400,29.770990478515625,202.48961157438814
1787956259481914400,29.786914306640625,202.51251757910427
1787956259498013400,29.803013427734374,201.82868676783852
1787956259513995000,29.8189951171875,201.9448111899376
1787956259530083800,29.835083740234374,201.38421429367358
1787956259546197800,29.85119775390625,201.96504631400484
1787956259562138400,29.867138427734375,201.71606075903162
1787956259578251300,29.883251220703126,202.05956708378028
1787956259594246100,29.89924609375,202.57781534822257
1787956259610348300,29.915348388671877,202.76981748446443
1787956259626422000,29.931422119140624,203.24234381809387
1787956259642370300,29.947370361328126,202.74613860379583
