time,seconds_elapsed,z,y,x
1788051827554064000,0.13106396484375,0.07063770294189453,0.06457376480102539,0.17556610703468323
1788051827570605800,0.147605712890625,-0.18015480041503906,0.08156228065490723,0.18531522154808044
1788051827586668000,0.16366796875,-0.3286457061767578,0.09525275230407715,0.22499394416809082
1788051827602716200,0.179716064453125,-0.19274139404296875,0.09157109260559082,0.17833302915096283
1788051827618773500,0.1957734375,0.06244659423828125,0.060773611068725586,0.15279461443424225
1788051827634791700,0.211791748046875,0.3112449645996094,-0.03337883949279785,0.10499328374862671
1788051827650835500,0.22783544921875,0.4425039291381836,-0.07908225059509277,0.0693526417016983
1788051827666843400,0.243843505859375,0.3768749237060547,-0.04269981384277344,0.025443654507398605
1788051827682898000,0.25989794921875,0.17249774932861328,-0.0622706413269043,-0.014794321730732918
1788051827698965000,0.275965087890625,0.10256385803222656,-0.049158573150634766,-0.014769297093153
1788051827714996000,0.291995849609375,0.1727590560913086,-0.06221508979797363,-0.037319861352443695
1788051827731029500,0.308029541015625,0.20916175842285156,-0.08660674095153809,-0.04416271299123764
1788051827746993200,0.3239931640625,0.1578826904296875,-0.0388188362121582,-0.079077810049057
1788051827763057200,0.34005712890625,0.18869304656982422,0.012198686599731445,-0.07706953585147858
1788051827779133000,0.3561328125,0.12705326080322266,0.029987096786499023,0.020280206575989723
1788051827795172400,0.37217236328125,0.09261798858642578,0.09846901893615723,-0.012867206707596779
1788051827811213800,0.3882138671875,-0.022386550903320312,0.10037422180175781,-0.012443194165825844
1788051827827180300,0.40418017578125,-0.14945316314697266,0.09289908409118652,-0.01623728685081005
1788051827843205600,0.42020556640625,-0.15818500518798828,0.11967134475708008,0.022738996893167496
1788051827859241500,0.436241455078125,0.04429817199707031,0.08606672286987305,0.0623643584549427
1788051827875292400,0.45229248046875,0.16394424438476562,0.02939581871032715,0.06384093314409256
1788051827891342800,0.4683427734375,0.30471038818359375,-0.01670527458190918,0.05171763896942139
1788051827907312400,0.4843125,0.2763338088989258,-0.05034971237182617,0.006450527813285589
1788051827923346200,0.50034619140625,0.14637184143066406,-0.03921341896057129,-0.10501497238874435
1788051827939392500,0.516392578125,-0.04777717590332031,-0.026725292205810547,-0.1054193452000618
1788051827955449600,0.53244970703125,-0.010493278503417969,0.006751298904418945,-0.08359620720148087
1788051827971509200,0.54850927734375,0.17633819580078125,0.012047052383422852,-0.0646519809961319
1788051827987487000,0.564487060546875,0.2583303451538086,-0.010144948959350586,-0.07955260574817657
1788051828003525600,0.580525634765625,0.17181777954101562,-0.004607200622558594,-0.09907488524913788
1788051828019578000,0.596578125,0.03347969055175781,0.008554458618164062,-0.07516726851463318
1788051828035647000,0.61264697265625,-0.06502151489257812,0.014098882675170898,-0.00879727490246296
1788051828051718100,0.62871826171875,0.1029367446899414,0.03069782257080078,-0.025619996711611748
1788051828067697000,0.64469677734375,0.21213436126708984,0.014384031295776367,-0.002341850660741329
1788051828083744500,0.66074462890625,0.2930021286010742,0.013929367065429688,-0.031500235199928284
1788051828099799300,0.67679931640625,0.2910165786743164,-0.017414093017578125,0.057014793157577515
1788051828115820300,0.6928203125,0.25946617126464844,0.017097949981689453,0.08229304850101471
1788051828131848200,0.70884814453125,0.22374725341796875,0.02626776695251465,0.0706605538725853
1788051828147848000,0.724847900390625,0.16864585876464844,-0.02148270606994629,0.02184475213289261
1788051828163916500,0.74091650390625,0.13915538787841797,-0.04365205764770508,0.019686970859766006
1788051828179990300,0.756990234375,0.09038066864013672,0.013465642929077148,-0.09699450433254242
1788051828196030700,0.77303076171875,-0.09188079833984375,0.050087690353393555,-0.05515880882740021
1788051828212075300,0.7890751953125,-0.0685882568359375,0.022908687591552734,-0.0009624361991882324
1788051828228068000,0.805068115234375,0.030553817749023438,0.0023813247680664062,-0.05428966134786606
1788051828244091100,0.821091064453125,0.10149478912353516,-0.02157282829284668,-0.11405134201049805
1788051828260129300,0.83712939453125,-0.03231334686279297,-0.04307365417480469,-0.0675065666437149
1788051828276180200,0.85318017578125,-0.17338180541992188,-0.018642425537109375,-0.04583156853914261
1788051828292237000,0.869237060546875,-0.010769844055175781,0.029028892517089844,0.021672949194908142
1788051828308235000,0.885235107421875,0.2923240661621094,0.01200103759765625,0.010175228118896484
1788051828324273200,0.901273193359375,0.44857025146484375,0.010825157165527344,0.06456524133682251
1788051828340326400,0.917326416015625,0.3549976348876953,-0.0014133453369140625,0.1317003071308136
1788051828356379000,0.93337890625,0.1535015106201172,0.03381657600402832,0.06066684424877167
1788051828372443600,0.949443603515625,-0.013754844665527344,0.029057741165161133,0.0183221697807312
1788051828388459300,0.965459228515625,-0.016707420349121094,0.026505231857299805,0.0004636049270629883
1788051828404507600,0.981507568359375,0.1899728775024414,0.03853559494018555,-0.004860177636146545
1788051828420570600,0.997570556640625,0.3034076690673828,-0.01902151107788086,-0.024601876735687256
1788051828436647000,1.01364697265625,0.28655433654785156,-0.03673291206359863,-0.10255180299282074
1788051828452715800,1.0297158203125,0.22275543212890625,-0.037500619888305664,-0.1159953698515892
1788051828468728600,1.045728515625,0.08766937255859375,-0.02527165412902832,-0.09656473994255066
1788051828484781000,1.061781005859375,-0.023580551147460938,0.022983789443969727,-0.08873046189546585
1788051828500844800,1.0778447265625,-0.10465335845947266,0.04944205284118652,-0.03795574605464935
1788051828516873200,1.093873291015625,-0.07212066650390625,0.062287330627441406,-0.025148063898086548
1788051828532902400,1.10990234375,0.10528182983398438,0.06862711906433105,0.055512115359306335
1788051828548877800,1.1258779296875,0.3166942596435547,0.06447649002075195,0.0363331139087677
1788051828564940000,1.14193994140625,0.2981557846069336,0.01175689697265625,-0.021522313356399536
1788051828581016000,1.15801611328125,0.04935169219970703,0.004265785217285156,-0.052908897399902344
1788051828597055500,1.174055419921875,-0.04815673828125,0.04567217826843262,-0.017541661858558655
1788051828613096000,1.190095947265625,0.013332366943359375,0.08091187477111816,0.003559410572052002
1788051828629063700,1.206063720703125,0.1286325454711914,0.03771567344665527,-0.05781681835651398
1788051828645136400,1.222136474609375,0.1336374282836914,0.07145166397094727,-0.07221494615077972
1788051828661222400,1.238222412109375,0.13867473602294922,0.06685447692871094,-0.07766789197921753
1788051828677272600,1.2542724609375,0.23026275634765625,0.06153607368469238,-0.059428513050079346
1788051828693324800,1.27032470703125,0.23645496368408203,0.03528165817260742,-0.024642348289489746
1788051828709295900,1.2862958984375,0.16216659545898438,0.12645578384399414,-0.0778137594461441
1788051828725367300,1.3023671875,0.12425804138183594,0.14699888229370117,-0.010175466537475586
1788051828741405700,1.31840576171875,0.19591426849365234,0.13549542427062988,0.03672178089618683
1788051828757449000,1.334448974609375,0.3196563720703125,0.10147547721862793,0.019115924835205078
1788051828773499100,1.3504990234375,0.2952737808227539,0.07370877265930176,-0.00047503411769866943
1788051828789468200,1.36646826171875,0.19736289978027344,0.08237171173095703,-0.04294396936893463
1788051828805502700,1.382502685546875,0.17620372772216797,0.08338499069213867,-0.11625358462333679
1788051828821546800,1.398546630859375,0.19573593139648438,0.06293249130249023,-0.13287010788917542
1788051828837603600,1.414603515625,0.18245792388916016,0.08153176307678223,-0.122006356716156
1788051828853664000,1.4306640625,0.12196826934814453,0.09142446517944336,-0.08922673761844635
1788051828869639700,1.4466396484375,0.0620880126953125,0.09033894538879395,-0.08422432839870453
1788051828885699300,1.46269921875,0.0000553131103515625,0.11028909683227539,-0.08525434136390686
1788051828901748500,1.47874853515625,-0.04056358337402344,0.12098097801208496,-0.030910417437553406
1788051828917819000,1.49481884765625,-0.07873821258544922,0.14106011390686035,-0.0010573863983154297
1788051828933842400,1.510842529296875,-0.026139259338378906,0.1281139850616455,-0.06894899904727936
1788051828949830000,1.526829833984375,-0.028955459594726562,0.11126923561096191,-0.09227905422449112
1788051828965876700,1.542876708984375,0.04670906066894531,0.07658052444458008,-0.14990729093551636
1788051828981931800,1.558931884765625,0.15511131286621094,0.036721229553222656,-0.15322193503379822
1788051828997953800,1.574953857421875,0.2679882049560547,-0.047783613204956055,-0.22567187249660492
1788051829013981200,1.590981201171875,0.25216007232666016,-0.07137298583984375,-0.26835504174232483
1788051829029973000,1.606972900390625,0.12927913665771484,-0.05600619316101074,-0.21526090800762177
1788051829046031400,1.62303125,-0.09139156341552734,0.03256845474243164,-0.16414357721805573
1788051829062103000,1.63910302734375,-0.14770030975341797,0.11348652839660645,-0.09182898700237274
1788051829078132700,1.6551328125,-0.03329181671142578,0.11456942558288574,-0.05262531340122223
1788051829094177000,1.671177001953125,0.046868324279785156,0.10054755210876465,-0.030359655618667603
1788051829110165800,1.687165771484375,0.05113697052001953,0.11353063583374023,-0.11091060936450958
1788051829126240800,1.70324072265625,-0.024954795837402344,0.10019421577453613,-0.11993438005447388
1788051829142324200,1.71932421875,-0.18387126922607422,0.14688587188720703,-0.11240963637828827
1788051829158374400,1.73537451171875,-0.25858020782470703,0.21176910400390625,-0.08367152512073517
1788051829174425300,1.75142529296875,-0.1903667449951172,0.23524808883666992,-0.020014524459838867
1788051829190425300,1.76742529296875,-0.0796356201171875,0.2624499797821045,-0.010163605213165283
1788051829206456800,1.783456787109375,-0.0019292831420898438,0.2740902900695801,-0.03076961636543274
1788051829222501600,1.799501708984375,0.00974273681640625,0.309781551361084,0.017869293689727783
1788051829238550000,1.815550048828125,-0.0801849365234375,0.37587928771972656,0.10491184890270233
1788051829254607400,1.831607421875,-0.11944007873535156,0.3962972164154053,0.19307075440883636
1788051829270615000,1.847614990234375,-0.018586158752441406,0.35489821434020996,0.13259540498256683
1788051829286656800,1.86365673828125,0.0999307632446289,0.2730278968811035,0.07877656817436218
1788051829302707500,1.87970751953125,0.22134113311767578,0.25530552864074707,-0.04762977361679077
1788051829318771700,1.895771728515625,0.2389698028564453,0.21551895141601562,-0.08817343413829803
1788051829334839600,1.911839599609375,0.08522891998291016,0.22841715812683105,-0.06086009740829468
1788051829350852600,1.9278525390625,-0.02695751190185547,0.232255220413208,0.025178559124469757
1788051829366897000,1.94389697265625,-0.0075244903564453125,0.24115848541259766,0.11433905363082886
1788051829382956300,1.959956298828125,0.035956382751464844,0.24265480041503906,0.17649593949317932
1788051829399028500,1.976028564453125,0.0649881362915039,0.1988062858581543,0.146874338388443
1788051829415057200,1.99205712890625,-0.015761375427246094,0.15405821800231934,0.11740272492170334
1788051829431121700,2.00812158203125,-0.11723709106445312,0.1767444610595703,0.054833754897117615
1788051829447180300,2.02418017578125,-0.1107778549194336,0.17747187614440918,-0.01606638729572296
1788051829463237400,2.0402373046875,-0.005770683288574219,0.23725557327270508,-0.07125946134328842
1788051829479309800,2.056309814453125,0.06933784484863281,0.3183314800262451,0.016921907663345337
1788051829495339500,2.072339599609375,0.09519481658935547,0.37816357612609863,0.17740294337272644
1788051829511312000,2.088311767578125,0.17374229431152344,0.3974325656890869,0.24646425247192383
1788051829527371500,2.10437158203125,0.28717041015625,0.4021775722503662,0.2597176432609558
1788051829543447800,2.12044775390625,0.3967018127441406,0.40767431259155273,0.11705672740936279
1788051829559479800,2.136479736328125,0.4690732955932617,0.40378570556640625,-0.005866318941116333
1788051829575519500,2.15251953125,0.4722452163696289,0.3944880962371826,-0.042190372943878174
1788051829591488000,2.168488037109375,0.2928142547607422,0.4098989963531494,0.04173542559146881
1788051829607553000,2.184552978515625,0.06735610961914062,0.4234163761138916,0.08486519753932953
1788051829623637500,2.200637451171875,-0.1658468246459961,0.41837620735168457,0.13365110754966736
1788051829639684000,2.21668408203125,-0.2691974639892578,0.36667943000793457,0.254396915435791
1788051829663724300,2.240724365234375,-0.5372447967529297,0.3348102569580078,0.3074858784675598
1788051829679745300,2.256745361328125,-0.49361515045166016,0.3327667713165283,0.2927495539188385
1788051829695779600,2.272779541015625,-0.08346271514892578,0.3435170650482178,0.16634050011634827
1788051829711804700,2.2888046875,0.6054220199584961,0.2623741626739502,0.06674052774906158
1788051829727878400,2.30487841796875,1.002920150756836,0.003881216049194336,0.2093830704689026
1788051829743894500,2.32089453125,1.0461320877075195,-0.04623675346374512,0.1087450161576271
1788051829759919900,2.336919921875,0.8357887268066406,-0.028611183166503906,-0.00835128128528595
1788051829775954000,2.352953857421875,0.5851917266845703,0.04726123809814453,-0.03466318920254707
1788051829791985700,2.368985595703125,0.20835113525390625,0.08081507682800293,0.0451468825340271
1788051829808059000,2.385058837890625,0.012515068054199219,0.13064980506896973,0.08790020644664764
1788051829824086000,2.4010859375,-0.02971935272216797,0.16338014602661133,0.06089324504137039
1788051829840112600,2.417112548828125,-0.07646846771240234,0.1739199161529541,0.06342250108718872
1788051829856159200,2.4331591796875,-0.2666616439819336,0.22163009643554688,0.03447119519114494
1788051829872202500,2.449202392578125,-0.6758050918579102,0.2888517379760742,0.12945593893527985
1788051829888239600,2.465239501953125,-0.9395008087158203,0.38175272941589355,0.11832794547080994
1788051829904259600,2.481259521484375,-1.1169586181640625,0.36640501022338867,0.1901688277721405
1788051829920305200,2.49730517578125,-1.23506498336792,0.32378530502319336,0.15928812325000763
1788051829936361200,2.513361328125,-1.1544971466064453,0.22703313827514648,0.01843934878706932
1788051829952359400,2.529359375,-1.0840425491333008,0.1513385772705078,-0.04357241839170456
1788051829968406500,2.545406494140625,-1.0420746803283691,0.1642618179321289,-0.056178804486989975
1788051829984441300,2.56144140625,-0.915802001953125,0.23403263092041016,-0.035925302654504776
1788051830000492300,2.5774921875,-0.7764434814453125,0.2443985939025879,0.0896870344877243
1788051830016552200,2.59355224609375,-0.5560522079467773,0.30826282501220703,0.2179216742515564
1788051830032553000,2.609552978515625,-0.31596946716308594,0.33505773544311523,0.28195133805274963
1788051830048610800,2.62561083984375,-0.10585784912109375,0.29470014572143555,0.3026370108127594
1788051830064640000,2.641639892578125,0.0337982177734375,0.28487443923950195,0.14726708829402924
1788051830080652500,2.657652587890625,0.08845329284667969,0.2868785858154297,0.008673125877976418
1788051830096677000,2.673677001953125,0.27409934997558594,0.22110700607299805,-0.07365667074918747
1788051830112668200,2.689668212890625,0.6092844009399414,0.16828441619873047,-0.11805110424757004
1788051830128727600,2.7057275390625,0.8887853622436523,0.0837702751159668,-0.10246303677558899
1788051830144767000,2.72176708984375,1.0490427017211914,0.15632104873657227,-0.27192556858062744
1788051830160785200,2.73778515625,1.1175422668457031,0.47451162338256836,-0.6243187785148621
1788051830176832500,2.75383251953125,1.0828495025634766,0.7119107246398926,-0.683808445930481
1788051830192854300,2.769854248046875,0.8285913467407227,0.8786530494689941,-0.534321665763855
1788051830208928300,2.78592822265625,0.991612434387207,0.9196071624755859,-0.19034822285175323
1788051830224970800,2.801970703125,1.8783760070800781,0.49708032608032227,0.5489974021911621
1788051830240996600,2.81799658203125,3.0757951736450195,-0.07211732864379883,0.8777262568473816
1788051830257032000,2.834031982421875,4.199005126953125,-0.6303262710571289,0.5757889747619629
1788051830273097200,2.85009716796875,4.427177429199219,-1.208423376083374,-0.07444638758897781
1788051830289154000,2.866154052734375,3.2564992904663086,-1.590402603149414,-0.9852102994918823
1788051830305235500,2.8822353515625,1.1532297134399414,-1.379514455795288,-2.0527701377868652
1788051830321276200,2.898276123046875,-0.4609642028808594,-1.0853962898254395,-2.2929511070251465
1788051830337330400,2.914330322265625,-1.3938918113708496,-0.7523198127746582,-1.936851143836975
1788051830353365000,2.930364990234375,-1.6775636672973633,-0.43920350074768066,-1.2871177196502686
1788051830369436400,2.9464365234375,-1.019254207611084,-0.22986555099487305,-0.7950051426887512
1788051830385445600,2.962445556640625,0.198272705078125,-0.2962460517883301,-0.44569632411003113
1788051830401483300,2.978483154296875,0.8603496551513672,-0.7232189178466797,-0.47601282596588135
1788051830417539300,2.994539306640625,0.8325557708740234,-1.0968844890594482,-0.8027142286300659
1788051830433529000,3.010529052734375,0.5775375366210938,-1.4201626777648926,-0.9670591354370117
1788051830449556500,3.026556396484375,0.4815187454223633,-1.6414058208465576,-0.8588173389434814
1788051830465609500,3.042609375,0.5038414001464844,-1.7058913707733154,-0.688042938709259
1788051830481656800,3.05865673828125,0.4266529083251953,-1.5995995998382568,-0.499414324760437
1788051830497721900,3.074721923828125,0.015932083129882812,-1.5036020278930664,-0.31829634308815
1788051830513725700,3.0907255859375,-0.5939054489135742,-1.3372063636779785,-0.23725101351737976
1788051830529785900,3.106785888671875,-1.1317133903503418,-1.1612131595611572,-0.21400712430477142
1788051830545796400,3.12279638671875,-1.3902735710144043,-0.9685773849487305,-0.24955032765865326
1788051830561854200,3.138854248046875,-1.4963998794555664,-0.8390402793884277,-0.19391663372516632
1788051830577925600,3.154925537109375,-1.52675199508667,-0.6605408191680908,-0.22230859100818634
1788051830593940500,3.1709404296875,-1.6005077362060547,-0.5349030494689941,-0.24459955096244812
1788051830610003200,3.187003173828125,-1.5704283714294434,-0.43320465087890625,-0.1697155237197876
1788051830626017300,3.203017333984375,-1.297412395477295,-0.33873796463012695,-0.05879436433315277
1788051830642032000,3.2190322265625,-1.0353951454162598,-0.31540775299072266,0.0755688026547432
1788051830658063000,3.23506298828125,-0.7362384796142578,-0.23902511596679688,0.11986637115478516
1788051830674090500,3.251090576171875,-0.22168350219726562,-0.22675228118896484,0.1536615937948227
1788051830690163500,3.26716357421875,0.3446531295776367,-0.2961869239807129,0.08829541504383087
1788051830706179000,3.283178955078125,0.602625846862793,-0.2084507942199707,-0.2044723629951477
1788051830722205000,3.299204833984375,0.4248542785644531,-0.0801706314086914,-0.4143516719341278
1788051830738240000,3.315239990234375,0.17438507080078125,0.006516456604003906,-0.46038874983787537
1788051830754271200,3.331271240234375,0.1023263931274414,0.11697530746459961,-0.5248449444770813
1788051830770314200,3.347314208984375,0.17111778259277344,0.22827625274658203,-0.5452176332473755
1788051830786335500,3.36333544921875,0.37364959716796875,0.2899932861328125,-0.47747156023979187
1788051830802367500,3.379367431640625,0.8486719131469727,0.24260425567626953,-0.47292712330818176
1788051830818412000,3.395412109375,1.3550195693969727,0.21169662475585938,-0.6180341839790344
1788051830834452500,3.411452392578125,1.4786653518676758,0.7258415222167969,-1.3748869895935059
1788051830850535000,3.427534912109375,0.9560670852661133,0.8969511985778809,-1.17580246925354
1788051830866563600,3.4435634765625,0.46712207794189453,0.6153426170349121,-0.2873755097389221
1788051830882605000,3.45960498046875,0.4809865951538086,0.5208215713500977,0.07076065242290497
1788051830898656800,3.47565673828125,1.5802850723266602,0.12181568145751953,0.3397480547428131
1788051830914649900,3.49164990234375,3.177946090698242,-0.46855902671813965,0.3984391391277313
1788051830930723600,3.5077236328125,4.859036445617676,-1.0283317565917969,-0.114448182284832
1788051830946782200,3.5237822265625,5.377750396728516,-1.3246586322784424,-0.4679597020149231
1788051830962832600,3.53983251953125,4.491457939147949,-1.5850069522857666,-0.2933027446269989
1788051830978894800,3.555894775390625,2.533797264099121,-1.3002455234527588,-0.15325601398944855
1788051830994942000,3.57194189453125,0.6891460418701172,-0.9136621952056885,0.12437757849693298
1788051831011029200,3.588029296875,-0.8699450492858887,-0.6313765048980713,0.6858527064323425
1788051831027082200,3.604082275390625,-1.5573854446411133,-0.41022586822509766,1.0075565576553345
1788051831043148800,3.620148681640625,-1.688692569732666,-0.3632330894470215,1.2984421253204346
1788051831059174000,3.636173828125,-1.4120750427246094,-0.4756741523742676,1.6803479194641113
1788051831075184400,3.652184326171875,-1.0134692192077637,-0.6666345596313477,1.7804323434829712
1788051831091254800,3.6682548828125,-0.7698898315429688,-0.9514772891998291,1.6132359504699707
1788051831107291600,3.684291748046875,-0.992485523223877,-1.1890006065368652,1.2343746423721313
1788051831123309600,3.7003095703125,-1.312342643737793,-1.3301153182983398,0.8346889019012451
1788051831139344100,3.71634423828125,-1.5351157188415527,-1.4006965160369873,0.42595428228378296
1788051831155402800,3.73240283203125,-1.6238508224487305,-1.3436720371246338,0.1995798647403717
1788051831171457500,3.74845751953125,-1.6688728332519531,-1.2436137199401855,0.03660305589437485
1788051831187532000,3.764531982421875,-1.724909782409668,-1.1338086128234863,-0.02659875899553299
1788051831203561200,3.780561279296875,-1.7465572357177734,-0.9889841079711914,-0.054380834102630615
1788051831219600000,3.796599853515625,-1.7595458030700684,-0.8263590335845947,0.1046508252620697
1788051831235632400,3.81263232421875,-1.7055268287658691,-0.6439855098724365,0.26595813035964966
1788051831251713500,3.828713623046875,-1.834174633026123,-0.49413180351257324,0.33351993560791016
1788051831267760400,3.844760498046875,-1.9446282386779785,-0.4124176502227783,0.4023168087005615
1788051831283795000,3.860794921875,-1.9673175811767578,-0.2695455551147461,0.36257117986679077
1788051831299839700,3.87683984375,-2.0759806632995605,-0.22260117530822754,0.35397303104400635
1788051831315905800,3.89290576171875,-2.378796100616455,-0.29270482063293457,0.30640846490859985
1788051831331964400,3.90896435546875,-2.4134082794189453,-0.33543848991394043,0.08987182378768921
1788051831347974000,3.924973876953125,-1.6400985717773438,-0.39902329444885254,-0.13046377897262573
1788051831364011500,3.941011474609375,-1.1228008270263672,-0.38622617721557617,-0.3207668662071228
1788051831380060200,3.95706005859375,-0.8543548583984375,-0.3570556640625,-0.47864723205566406
1788051831396047000,3.973047119140625,-0.0982675552368164,-0.21344459056854248,-0.5474220514297485
1788051831412089900,3.98908984375,0.584625244140625,-0.005416154861450195,-0.47752511501312256
1788051831428143400,4.005143310546875,1.0677986145019531,0.3201560974121094,-0.4784855246543884
1788051831444157200,4.0211572265625,1.380727767944336,0.3342127799987793,-0.19366270303726196
1788051831460216000,4.037216064453125,1.8017358779907227,0.16566026210784912,0.27148008346557617
1788051831476216600,4.053216552734375,1.6292734146118164,-0.2194669246673584,0.6973128318786621
1788051831492259600,4.069259521484375,1.4693775177001953,-0.33618611097335815,0.5631851553916931
1788051831508314400,4.085314453125,1.7428035736083984,0.11787885427474976,-0.410594642162323
1788051831524370000,4.101369873046875,1.918426513671875,0.13680851459503174,-0.679938554763794
1788051831540435700,4.117435791015625,1.842391014099121,-0.37977704405784607,-0.03628945350646973
1788051831556446200,4.1334462890625,1.990159034729004,-0.6113094091415405,0.2664144039154053
1788051831572489200,4.1494892578125,2.560471534729004,-0.8829340934753418,0.23316442966461182
1788051831588525800,4.16552587890625,3.1870574951171875,-1.3418347835540771,-0.03252178430557251
1788051831604544800,4.181544677734375,3.301510810852051,-1.5609910488128662,-0.5735307335853577
1788051831620573700,4.19757373046875,2.9516944885253906,-1.5798043012619019,-1.1791605949401855
1788051831636623400,4.213623291015625,2.164473533630371,-1.6889188289642334,-1.4913780689239502
1788051831652659200,4.2296591796875,1.2793006896972656,-1.3982181549072266,-1.8345520496368408
1788051831668705500,4.24570556640625,0.1847677230834961,-1.1122283935546875,-1.611092209815979
1788051831684725200,4.261725341796875,-0.7033939361572266,-0.98810875415802,-1.0447102785110474
1788051831700763000,4.277762939453125,-1.2477340698242188,-0.961054801940918,-0.3196931481361389
1788051831716778200,4.2937783203125,-0.8226175308227539,-0.9874730110168457,0.17697757482528687
1788051831732846800,4.309846923828125,0.1358652114868164,-1.0245399475097656,0.2720766067504883
1788051831748906200,4.32590625,1.0308380126953125,-1.250453233718872,0.23361212015151978
1788051831764934000,4.341933837890625,1.6064729690551758,-1.41365647315979,0.07502543926239014
1788051831780967700,4.3579677734375,1.39654541015625,-1.5815064907073975,-0.010613322257995605
1788051831796995000,4.3739951171875,0.7864370346069336,-1.5061900615692139,-0.30574607849121094
1788051831813077500,4.390077392578125,0.19884395599365234,-1.393264889717102,-0.5231991410255432
1788051831829150200,4.406150146484375,-0.44577598571777344,-1.275172472000122,-0.5254355072975159
1788051831845192400,4.4221923828125,-0.9189691543579102,-0.9223727583885193,-0.2833215594291687
1788051831861242400,4.438242431640625,-1.2302122116088867,-0.5481062531471252,0.04970383644104004
1788051831877228300,4.454228271484375,-1.447850227355957,-0.2465490698814392,0.3266507089138031
1788051831893270800,4.470270751953125,-1.6252355575561523,-0.006672084331512451,0.61122065782547
1788051831909346000,4.486345947265625,-1.7169208526611328,0.239740788936615,0.858528196811676
1788051831925394200,4.502394287109375,-1.674764633178711,0.3944011926651001,0.9828663468360901
1788051831941457700,4.518457763671875,-1.3721599578857422,0.4390072822570801,0.9246730208396912
1788051831957463800,4.5344638671875,-0.9846944808959961,0.4102923274040222,0.49577704071998596
1788051831981548000,4.558548095703125,-0.6469259262084961,0.2931969165802002,0.08503490686416626
1788051831997588500,4.57458837890625,-0.5671453475952148,0.280472993850708,-0.024741828441619873
1788051832013618000,4.590617919921875,-0.517664909362793,0.24982291460037231,-0.01349097490310669
1788051832029648400,4.6066484375,-0.42523670196533203,0.15469765663146973,0.12539654970169067
1788051832045695200,4.6226953125,-0.048644065856933594,0.1882697343826294,0.0647805780172348
1788051832061736200,4.638736083984375,0.29891490936279297,0.20608901977539062,0.10772743821144104
1788051832077771800,4.654771728515625,0.4664926528930664,0.15998202562332153,0.25457635521888733
1788051832093790200,4.670790283203125,0.5230474472045898,-0.050266265869140625,0.5093926191329956
1788051832109848800,4.686848876953125,0.6268501281738281,-0.3394283056259155,0.5775169730186462
1788051832125903000,4.702903076171875,0.8376579284667969,-0.6154794692993164,0.31625622510910034
1788051832141956600,4.71895654296875,1.234440803527832,-0.9004831910133362,-0.05944213271141052
1788051832158005000,4.7350048828125,1.8095779418945312,-0.8702813982963562,-0.8146511912345886
1788051832174047000,4.751046875,1.9511737823486328,-0.38007473945617676,-1.4776746034622192
1788051832190091000,4.767091064453125,1.666214942932129,-0.8863822221755981,-0.2193227857351303
1788051832206150700,4.783150634765625,1.5945606231689453,-0.9921094179153442,0.2604282796382904
1788051832222216400,4.799216552734375,2.069218635559082,-0.977846622467041,0.23651856184005737
1788051832238257700,4.815257568359375,2.545909881591797,-1.3773391246795654,0.19363334774971008
1788051832254301000,4.831301025390625,2.936844825744629,-1.5746294260025024,-0.20103588700294495
1788051832270384600,4.847384521484375,2.8840036392211914,-1.3834632635116577,-1.060560703277588
1788051832286406700,4.86340673828125,2.281182289123535,-1.0685306787490845,-1.5338433980941772
1788051832302461400,4.87946142578125,1.4918365478515625,-0.7795182466506958,-1.2272034883499146
1788051832318479000,4.89547900390625,0.4742746353149414,-0.41109955310821533,-0.27801308035850525
1788051832334534000,4.911533935546875,-0.3861045837402344,-0.13300681114196777,0.46322619915008545
1788051832350584600,4.92758447265625,-1.1828384399414062,-0.07999718189239502,1.0297443866729736
1788051832366605600,4.94360546875,-1.5796499252319336,-0.17205417156219482,1.323829174041748
1788051832382627300,4.95962744140625,-1.688009262084961,-0.31761789321899414,1.4687931537628174
1788051832398643700,4.975643798828125,-1.5414609909057617,-0.5409125089645386,1.63912034034729
1788051832414713600,4.991713623046875,-1.1374835968017578,-0.8051837682723999,1.6838237047195435
1788051832430795800,5.007795654296875,-0.6549081802368164,-1.016743779182434,1.1871299743652344
1788051832446841600,5.023841552734375,-0.8166580200195312,-1.0570862293243408,0.5589038133621216
1788051832462881300,5.03988134765625,-1.2606821060180664,-1.0799274444580078,0.10384804010391235
1788051832478895900,5.055895751953125,-1.7035465240478516,-0.9055045247077942,-0.21705231070518494
1788051832494924300,5.07192431640625,-1.9620933532714844,-0.6563366651535034,-0.41856276988983154
1788051832510958000,5.0879580078125,-1.965991497039795,-0.36809080839157104,-0.5012649297714233
1788051832527014000,5.104013916015625,-1.9324193000793457,-0.12777888774871826,-0.5844485759735107
1788051832543066400,5.12006640625,-1.6915111541748047,0.1364610195159912,-0.6968141794204712
1788051832559081700,5.136081787109375,-1.3894262313842773,0.33125174045562744,-0.7068161964416504
1788051832575110000,5.15210986328125,-1.1251277923583984,0.47942787408828735,-0.6424002647399902
1788051832591149800,5.16814990234375,-1.0526533126831055,0.6391163468360901,-0.6021236777305603
1788051832607211500,5.18421142578125,-1.004429817199707,0.7635727524757385,-0.6507777571678162
1788051832623272000,5.20027197265625,-0.8195476531982422,0.7978535294532776,-0.5781311392784119
1788051832639294500,5.21629443359375,-0.6510000228881836,0.777503490447998,-0.4990767240524292
1788051832655333600,5.232333740234375,-0.33335399627685547,0.73526531457901,-0.467212975025177
1788051832671376000,5.2483759765625,0.26422977447509766,0.6356469988822937,-0.49253255128860474
1788051832687442700,5.264442626953125,0.9049310684204102,0.5194514393806458,-0.6684364676475525
1788051832703504100,5.280504150390625,1.3285369873046875,0.44550764560699463,-0.8540830612182617
1788051832719535600,5.29653564453125,1.5079936981201172,0.4059564471244812,-1.005899429321289
1788051832735582500,5.31258251953125,1.1264057159423828,0.3322600722312927,-0.8975861668586731
1788051832751635200,5.32863525390625,0.6810102462768555,0.26312780380249023,-0.6594650149345398
1788051832767651300,5.3446513671875,0.68829345703125,0.11519718170166016,-0.258927583694458
1788051832783723800,5.360723876953125,1.1996688842773438,-0.13837862014770508,0.015635043382644653
1788051832799762200,5.37676220703125,1.8411827087402344,-0.2787039279937744,0.08193424344062805
1788051832815823600,5.39282373046875,2.049044609069824,-0.16195058822631836,-0.28088468313217163
1788051832831892000,5.40889208984375,1.7073640823364258,0.30116450786590576,-0.8618812561035156
1788051832847922000,5.424921875,1.190506935119629,0.24583977460861206,-0.29757484793663025
1788051832863949300,5.44094921875,1.065582275390625,0.17531442642211914,0.11966819316148758
1788051832879988500,5.456988525390625,1.6322698593139648,0.33914393186569214,-0.02430744469165802
1788051832896059000,5.473058837890625,2.880183219909668,0.0160067081451416,0.062409788370132446
1788051832912165000,5.4891650390625,4.133668899536133,-0.5182660818099976,0.2402641773223877
1788051832928204800,5.505204833984375,4.806084632873535,-1.1181130409240723,0.21639885008335114
1788051832944276000,5.52127587890625,4.331559181213379,-1.463270664215088,-0.26167815923690796
1788051832960292400,5.537292236328125,3.030308723449707,-1.4392436742782593,-0.9223442673683167
1788051832976314000,5.553314208984375,1.6945276260375977,-1.449355125427246,-1.1021745204925537
1788051832992329500,5.56932958984375,0.8692770004272461,-1.5112533569335938,-1.084481954574585
1788051833008381700,5.585381591796875,0.6090764999389648,-1.6052682399749756,-0.9573085308074951
1788051833024420900,5.6014208984375,0.9681282043457031,-1.5975223779678345,-0.8015682697296143
1788051833040461800,5.6174619140625,1.6684532165527344,-1.649215579032898,-0.4129577577114105
1788051833056489200,5.6334892578125,2.5787134170532227,-1.6000149250030518,-0.365184485912323
1788051833072562700,5.649562744140625,3.2611522674560547,-1.7741093635559082,-0.25784653425216675
1788051833088619300,5.665619384765625,3.1241703033447266,-2.020364284515381,-0.1971893310546875
1788051833104658000,5.681657958984375,2.7725629806518555,-2.135153293609619,-0.30876147747039795
1788051833120693000,5.69769287109375,2.291966438293457,-2.1014790534973145,-0.38800984621047974
1788051833136728000,5.71372802734375,1.7748889923095703,-2.036653518676758,-0.4482911229133606
1788051833152768500,5.7297685546875,1.4855451583862305,-2.149482488632202,-0.38295429944992065
1788051833168832500,5.74583251953125,1.4259986877441406,-2.133009195327759,-0.6649277210235596
1788051833184896000,5.76189599609375,0.7646970748901367,-2.214282751083374,-0.6726068258285522
1788051833200956200,5.7779560546875,-0.04698371887207031,-2.021291494369507,0.12137901782989502
1788051833217003500,5.79400341796875,-0.5870304107666016,-1.8102011680603027,0.8672947287559509
1788051833233051600,5.8100517578125,0.30622100830078125,-1.611797571182251,2.437408924102783
1788051833249129700,5.826129638671875,1.3615036010742188,-1.299396276473999,2.070096492767334
1788051833265190400,5.8421904296875,1.0572309494018555,-1.2821173667907715,1.2685762643814087
1788051833281171000,5.8581708984375,-0.6423778533935547,-1.979341983795166,-0.8736790418624878
1788051833297227500,5.8742275390625,-1.2326712608337402,-2.2715210914611816,-1.3357406854629517
1788051833313329200,5.8903291015625,-1.0402193069458008,-2.399721622467041,-1.5652703046798706
1788051833329352000,5.90635205078125,-0.9775137901306152,-2.587108612060547,-1.3464744091033936
1788051833345419000,5.9224189453125,-0.9129652976989746,-2.6868443489074707,-0.879473090171814
1788051833361415400,5.93841552734375,-0.5853352546691895,-2.5932507514953613,-0.3422204256057739
1788051833377475800,5.954475830078125,-0.8931660652160645,-1.4493541717529297,1.1779086589813232
1788051833393544000,5.9705439453125,-1.1787896156311035,-0.8942317962646484,2.5111427307128906
1788051833409583900,5.986583984375,-1.2056517601013184,-1.1637663841247559,1.6992534399032593
1788051833425613600,6.002613525390625,-0.32859039306640625,-1.595421314239502,-0.8751718997955322
1788051833441622500,6.01862255859375,-0.4903445243835449,-1.9046297073364258,-1.7008674144744873
1788051833457652500,6.034652587890625,-1.0782978534698486,-1.6962475776672363,-0.7894935607910156
1788051833473674200,6.05067431640625,-1.2378733158111572,-1.3766331672668457,-0.369465708732605
1788051833489729300,6.066729248046875,-1.1055223941802979,-0.5969514846801758,-0.7466080784797668
1788051833505771800,6.082771728515625,-1.0813357830047607,-0.06613445281982422,-0.5403022766113281
1788051833521783300,6.098783203125,-0.4190104007720947,-0.07968330383300781,-0.34501218795776367
1788051833537811700,6.114811767578125,-0.14188766479492188,0.23682117462158203,-0.5623111724853516
1788051833553847600,6.13084765625,-0.5260090827941895,0.3612203598022461,-0.07045972347259521
1788051833569884400,6.146884521484375,-0.2798798084259033,0.48326587677001953,-0.039899349212646484
1788051833585949700,6.16294970703125,0.19716382026672363,0.5500879287719727,0.050118207931518555
1788051833601927700,6.178927734375,0.6833958625793457,0.19414806365966797,0.062474846839904785
1788051833617966000,6.194966064453125,1.1532394886016846,-0.15261554718017578,-0.21994271874427795
1788051833634011100,6.21101123046875,1.4983487129211426,-0.2570676803588867,0.21197509765625
1788051833650089500,6.22708935546875,1.334855079650879,-0.29176807403564453,0.7274987697601318
1788051833666165000,6.2431650390625,0.5920801162719727,-0.2671518325805664,0.8667022585868835
1788051833682163500,6.25916357421875,-0.2906590700149536,-0.3135404586791992,0.9739980697631836
1788051833698214400,6.27521435546875,-0.6507817506790161,-0.5641098022460938,0.37548360228538513
1788051833714262800,6.2912626953125,-1.076613187789917,-0.5451545715332031,-0.08129048347473145
1788051833738379000,6.31537890625,-1.3359949588775635,-0.8876199722290039,-0.46583306789398193
1788051833754412300,6.331412353515625,-1.1563642024993896,-1.2836494445800781,-0.5529361963272095
1788051833770455600,6.34745556640625,-0.7053319215774536,-1.5022764205932617,-0.5723739862442017
1788051833786510800,6.3635107421875,-0.14818358421325684,-1.643289566040039,-0.5625762343406677
1788051833802498800,6.379498779296875,0.1942732334136963,-1.6273393630981445,-0.4588422477245331
1788051833818511000,6.395510986328125,0.4747810363769531,-1.4902772903442383,-0.3244742453098297
1788051833834576400,6.411576416015625,0.7410835027694702,-1.3386783599853516,-0.32850363850593567
1788051833850589700,6.427589599609375,0.7167670726776123,-1.1306180953979492,-0.12612199783325195
1788051833866660000,6.44366015625,0.44262564182281494,-0.9269733428955078,0.02113046869635582
1788051833882671600,6.459671630859375,0.08253538608551025,-0.7342643737792969,0.07573971897363663
1788051833898732800,6.47573291015625,-0.05242657661437988,-0.5965671539306641,0.2711135149002075
1788051833914764800,6.491764892578125,-0.019132494926452637,-0.4866771697998047,0.38114333152770996
1788051833930777900,6.50777783203125,-0.15146291255950928,-0.34111499786376953,0.3957894444465637
1788051833946806300,6.52380615234375,-0.4478178024291992,-0.2301349639892578,0.18644963204860687
1788051833962826800,6.53982666015625,-0.43603551387786865,-0.10457992553710938,0.15475216507911682
1788051833978894300,6.555894287109375,-0.0939486026763916,0.045909881591796875,0.3498176634311676
1788051833994929700,6.5719296875,0.3111875057220459,0.18961620330810547,0.44585636258125305
1788051834010908000,6.587907958984375,0.48979806900024414,0.3005857467651367,0.30340367555618286
1788051834026944300,6.6039443359375,0.4102902412414551,0.4635448455810547,-0.10179567337036133
1788051834043014400,6.620014404296875,0.12054800987243652,0.6323871612548828,-0.28078794479370117
1788051834059095000,6.636094970703125,-0.00564122200012207,0.813262939453125,-0.3270154595375061
1788051834075198700,6.65219873046875,-0.07765364646911621,0.8633546829223633,-0.3142278790473938
1788051834091233300,6.6682333984375,-0.1409980058670044,0.8742771148681641,-0.21828296780586243
1788051834107281400,6.684281494140625,0.16294598579406738,0.8715524673461914,-0.01950228214263916
1788051834123312400,6.7003125,0.5396071672439575,0.9518880844116211,0.14855097234249115
1788051834139394800,6.716394775390625,0.6970659494400024,1.2485675811767578,0.2577507793903351
1788051834155454000,6.732453857421875,0.34702372550964355,1.6595373153686523,0.4897480905056
1788051834171492000,6.7484921875,-0.15849483013153076,1.6646490097045898,-0.03047756850719452
1788051834187545600,6.764545654296875,-0.40488743782043457,1.6518898010253906,-0.886827826499939
1788051834203536400,6.780536376953125,-0.09921300411224365,1.665266990661621,-1.153570532798767
1788051834219573500,6.796573486328125,0.6607143878936768,1.5085620880126953,-1.2373120784759521
1788051834235623400,6.81262353515625,1.6316876411437988,1.2402124404907227,-1.1849817037582397
1788051834251670300,6.828670166015625,2.5587990283966064,0.8387842178344727,-1.0508309602737427
1788051834267733000,6.84473291015625,2.983295440673828,0.3057260513305664,-0.7800898551940918
1788051834283718000,6.8607177734375,2.638434410095215,-0.07996273040771484,-0.6089897155761719
1788051834299765000,6.876764892578125,1.7060171365737915,-0.31527233123779297,-0.49454233050346375
1788051834315816700,6.892816650390625,0.5794734954833984,-0.35174560546875,-0.7921037673950195
1788051834331876000,6.9088759765625,-0.18848717212677002,-0.41595458984375,-0.9480512738227844
1788051834347941000,6.924941162109375,-0.407201886177063,-0.5010099411010742,-0.9558601379394531
1788051834363936800,6.940936767578125,-0.07007813453674316,-0.5826930999755859,-1.0023802518844604
1788051834379992800,6.956992919921875,0.25641393661499023,-0.7170076370239258,-0.7811615467071533
1788051834396006100,6.973006103515625,0.4673342704772949,-0.8077325820922852,-0.23775342106819153
1788051834412066300,6.98906640625,0.4583934545516968,-0.9179916381835938,0.16468963027000427
1788051834428088600,7.005088623046875,0.3349764347076416,-1.0260696411132812,0.4804390072822571
1788051834444102100,7.02110205078125,0.3767472505569458,-1.169133186340332,0.5941808223724365
1788051834460170800,7.037170654296875,0.664091944694519,-1.2151727676391602,0.5888698697090149
1788051834476185000,7.05318505859375,0.9802634716033936,-1.2768964767456055,0.7079875469207764
1788051834492203500,7.06920361328125,0.974459171295166,-1.3036565780639648,0.6918348670005798
1788051834508234200,7.085234130859375,0.6823999881744385,-1.2829513549804688,0.5149199962615967
1788051834524258300,7.10125830078125,0.18535351753234863,-1.245513916015625,0.24944236874580383
1788051834540326700,7.11732666015625,-0.17997956275939941,-1.206568717956543,0.12628859281539917
1788051834556384000,7.133384033203125,-0.2713052034378052,-1.0926189422607422,0.06239099055528641
1788051834572419000,7.149419189453125,-0.09617781639099121,-0.9821195602416992,0.024547874927520752
1788051834588462800,7.165462890625,0.11273610591888428,-0.8328218460083008,-0.13135726749897003
1788051834604495600,7.18149560546875,0.12487375736236572,-0.6819019317626953,-0.4370148777961731
1788051834620520400,7.1975205078125,0.23104870319366455,-0.5219326019287109,-0.5776712894439697
1788051834636552400,7.213552490234375,0.3419809341430664,-0.29720115661621094,-0.4561491906642914
1788051834652596500,7.229596435546875,0.32044076919555664,-0.04804039001464844,-0.37601739168167114
1788051834668659000,7.245658935546875,0.14923429489135742,0.20936870574951172,-0.3786678910255432
1788051834684649000,7.26164892578125,-0.0699930191040039,0.5835351943969727,-0.24008388817310333
1788051834700689000,7.27768896484375,-0.23378705978393555,0.8550043106079102,-0.008899062871932983
1788051834716726000,7.29372607421875,-0.37600839138031006,1.064483642578125,0.1572723388671875
1788051834732774000,7.30977392578125,-0.5163607597351074,1.2145652770996094,0.23698505759239197
1788051834748838400,7.32583837890625,-0.4665764570236206,1.2799224853515625,0.15067923069000244
1788051834764828200,7.341828125,-0.07023036479949951,1.2494316101074219,-0.04022008180618286
1788051834780887300,7.35788720703125,0.3793787956237793,1.4066638946533203,-0.2676476240158081
1788051834796910000,7.37391015625,0.3539081811904907,2.0681095123291016,-0.4012921154499054
1788051834812922000,7.389922119140625,-0.0733954906463623,2.2597455978393555,-0.17678602039813995
1788051834828986600,7.405986572265625,-0.04249835014343262,1.7431888580322266,-0.12553662061691284
1788051834844994800,7.421994873046875,0.44376420974731445,1.3282108306884766,0.18662703037261963
1788051834861061600,7.4380615234375,1.4757027626037598,0.7518434524536133,0.8478364944458008
1788051834877143600,7.4541435546875,2.2592999935150146,0.21178817749023438,0.9151569604873657
1788051834893169700,7.470169677734375,2.7134952545166016,-0.23577880859375,0.555321216583252
1788051834909206500,7.48620654296875,2.6440954208374023,-0.49555301666259766,0.24466565251350403
1788051834925213700,7.502213623046875,2.145312547683716,-0.6445894241333008,-0.2078416645526886
1788051834941288700,7.518288818359375,1.3084475994110107,-0.7727422714233398,-0.3819417953491211
1788051834957372200,7.5343720703125,0.39808928966522217,-0.7105312347412109,-0.08578794449567795
1788051834973404400,7.550404296875,-0.5427461862564087,-0.4242830276489258,0.0808124914765358
1788051834989446000,7.56644580078125,-1.0494663715362549,-0.36978912353515625,0.41605687141418457
1788051835005461500,7.58246142578125,-1.2336370944976807,-0.30376148223876953,0.7026423811912537
1788051835021536000,7.598535888671875,-0.9492828845977783,-0.36312294006347656,0.9506704807281494
1788051835037590800,7.6145908203125,-0.3890237808227539,-0.4951648712158203,1.0226707458496094
1788051835053622800,7.630622802734375,0.487351655960083,-0.761845588684082,1.2308101654052734
1788051835069673000,7.6466728515625,1.1734172105789185,-0.995905876159668,1.4829519987106323
1788051835085699600,7.662699462890625,1.4921925067901611,-1.2653141021728516,1.4286407232284546
1788051835101777000,7.67877685546875,1.2829058170318604,-1.3985061645507812,0.8981608748435974
1788051835117788000,7.694787841796875,0.743706464767456,-1.420924186706543,0.31592413783073425
1788051835133827800,7.710827880859375,0.21022963523864746,-1.3411026000976562,-0.1117386743426323
1788051835149885000,7.726885009765625,-0.04101252555847168,-1.2618627548217773,-0.5378291010856628
1788051835165875500,7.74287548828125,-0.12727642059326172,-1.154153823852539,-0.9378107190132141
1788051835181907500,7.758907470703125,-0.3134920597076416,-1.0106325149536133,-1.2178800106048584
1788051835197920300,7.774920166015625,-0.564826250076294,-0.9302577972412109,-1.2952531576156616
1788051835213972000,7.790971923828125,-0.7574918270111084,-0.8455820083618164,-1.1388404369354248
1788051835230039800,7.807039794921875,-1.034487247467041,-0.8267488479614258,-0.6929238438606262
1788051835246040000,7.8230400390625,-1.6560709476470947,-0.7964048385620117,-0.4949330985546112
1788051835262091300,7.83909130859375,-2.166590929031372,-0.7611074447631836,-0.45434215664863586
1788051835278098400,7.855098388671875,-2.081650495529175,-0.7454853057861328,-0.253866046667099
1788051835294151000,7.87115087890625,-1.9959993362426758,-0.8099851608276367,-0.09347206354141235
1788051835310223000,7.88722314453125,-2.1767630577087402,-0.7783308029174805,-0.041746847331523895
1788051835326232000,7.903232177734375,-2.3195972442626953,-0.7240419387817383,0.004768237471580505
1788051835342288100,7.9192880859375,-2.3313870429992676,-0.6579742431640625,-0.23910072445869446
1788051835358297600,7.935297607421875,-2.3667855262756348,-0.6803512573242188,-0.16894611716270447
1788051835374359300,7.951359375,-2.2677199840545654,-0.6624116897583008,-0.29716068506240845
1788051835390386000,7.967385986328125,-1.8755970001220703,-0.5779309272766113,-0.06318916380405426
1788051835406389500,7.983389404296875,-1.331305980682373,-0.6064324378967285,0.10296440124511719
1788051835422445300,7.9994453125,-1.3973388671875,-0.7660880088806152,-0.21282005310058594
1788051835438497300,8.015497314453125,-0.9565176963806152,-0.7184977531433105,-0.25584614276885986
1788051835454525400,8.031525390625,0.9908499717712402,-0.8488283157348633,-0.31526070833206177
1788051835470562600,8.0475625,3.0620369911193848,-0.4983229637145996,-0.12703561782836914
1788051835486619400,8.063619384765625,3.551879405975342,-0.071807861328125,0.46551939845085144
1788051835502628400,8.07962841796875,2.77248477935791,-0.1968984603881836,0.4875999987125397
1788051835518682400,8.095682373046875,1.997138500213623,-0.10246706008911133,-0.36875325441360474
1788051835534713900,8.1117138671875,1.3641362190246582,-0.3258218765258789,-0.762049674987793
1788051835550755300,8.12775537109375,1.0025615692138672,-0.635014533996582,-1.032749056816101
1788051835566779100,8.143779052734375,0.9221658706665039,-0.7457904815673828,-1.2215485572814941
1788051835582861000,8.159861083984374,2.053431510925293,-0.9994468688964844,-0.9937886595726013
1788051835598919400,8.17591943359375,3.3030271530151367,-1.3840374946594238,-0.4654102325439453
1788051835614960600,8.191960693359375,3.8854141235351562,-1.6803865432739258,-0.07037734985351562
1788051835631015700,8.208015625,3.4150075912475586,-1.4711081981658936,-0.0010423064231872559
1788051835647034400,8.224034423828124,2.8564138412475586,-0.9846780300140381,-0.17865735292434692
1788051835663108000,8.240108154296875,3.585094451904297,-0.4741837978363037,-0.5453841090202332
1788051835679181000,8.25618115234375,3.843277931213379,-0.5443940162658691,-0.5234837532043457
1788051835695238100,8.272238037109375,2.924314498901367,-0.6010560989379883,-0.4419936239719391
1788051835711309800,8.288309814453125,1.3540029525756836,-0.3575434684753418,-0.5641629695892334
1788051835727309000,8.30430908203125,0.2166118621826172,-0.35860443115234375,-0.4554974436759949
1788051835743350300,8.320350341796875,0.17134380340576172,-0.4613378047943115,-0.4491555690765381
1788051835759427600,8.336427490234374,0.6192865371704102,-0.5479679107666016,-0.28484654426574707
1788051835775444200,8.3524443359375,0.8656854629516602,-0.6893205642700195,0.034875333309173584
1788051835791474400,8.368474365234375,0.854914665222168,-0.6838781833648682,0.19221210479736328
1788051835807489500,8.384489501953125,0.6536026000976562,-0.49777984619140625,0.32079994678497314
1788051835823557400,8.400557373046874,-0.03861045837402344,-0.4966425895690918,0.46195822954177856
1788051835839640300,8.416640380859375,-0.7972068786621094,-0.4953575134277344,0.3791671395301819
1788051835855667700,8.432667724609376,-1.2560405731201172,-0.43950390815734863,0.24101406335830688
1788051835871706000,8.4487060546875,-1.535952091217041,-0.2936282157897949,0.05080944299697876
1788051835887729200,8.464729248046876,-1.6407103538513184,-0.15839195251464844,-0.024860024452209473
1788051835903804000,8.480803955078125,-1.5326781272888184,-0.04081392288208008,-0.07517600059509277
1788051835919900200,8.496900146484375,-1.288187026977539,-0.046096086502075195,-0.0403062105178833
1788051835935933000,8.512932861328125,-0.6243276596069336,0.022399187088012695,-0.32704704999923706
1788051835951977500,8.5289775390625,-0.08879375457763672,0.07103085517883301,-0.4072825312614441
1788051835968010500,8.545010498046874,-0.013321876525878906,0.07952284812927246,-0.20373564958572388
1788051835984102000,8.561101806640625,0.006190299987792969,0.08837270736694336,-0.0736798644065857
1788051836000212500,8.57721240234375,0.06376361846923828,0.1174764633178711,-0.1824789047241211
1788051836016250000,8.59325,0.17055416107177734,0.20547819137573242,-0.23037385940551758
1788051836032303400,8.609303466796876,0.2093954086303711,0.2607870101928711,-0.1742151379585266
1788051836048337400,8.62533740234375,0.6585197448730469,0.26906418800354004,-0.2920398712158203
1788051836064379100,8.641379150390625,1.2383842468261719,0.31923890113830566,-0.47123295068740845
1788051836080438800,8.657438720703125,1.4021472930908203,0.26117420196533203,-0.43701040744781494
1788051836096487400,8.6734873046875,1.2606935501098633,0.08916711807250977,-0.45301514863967896
1788051836112546300,8.68954638671875,1.056544303894043,-0.09850239753723145,-0.6505777835845947
1788051836128545000,8.705544921875,1.0738801956176758,0.2230207920074463,-1.1620914936065674
1788051836144593400,8.721593505859374,1.2240819931030273,0.7769601345062256,-0.9981370568275452
1788051836160652500,8.737652587890626,1.2730302810668945,0.40997743606567383,-0.01336359977722168
1788051836176702000,8.753701904296875,1.462733268737793,0.1573963165283203,0.047560691833496094
1788051836192771000,8.76977099609375,2.021139144897461,-0.1693892478942871,0.16357159614562988
1788051836208777000,8.78577685546875,2.4275360107421875,-0.7420221567153931,0.28965985774993896
1788051836224869600,8.80186962890625,2.624767303466797,-0.8781366348266602,0.3591148853302002
1788051836240913700,8.81791357421875,2.017878532409668,-1.0374774932861328,0.42679452896118164
1788051836256976600,8.8339765625,1.0227556228637695,-0.8138643503189087,0.4010268449783325
1788051836273056300,8.85005615234375,-0.04812431335449219,-0.5176159143447876,0.505980908870697
1788051836289088800,8.8660888671875,-1.0436859130859375,-0.24654948711395264,0.39248448610305786
1788051836305146600,8.882146728515625,-1.8679533004760742,-0.07793331146240234,0.21164757013320923
1788051836321187300,8.898187255859375,-2.7546944618225098,-0.08496356010437012,-0.21776282787322998
1788051836337209600,8.914209716796876,-2.832200527191162,0.04427146911621094,-0.16845738887786865
1788051836353240000,8.930239990234375,-2.4272494316101074,-0.09352874755859375,0.17607057094573975
1788051836369291800,8.946291748046875,-1.540567398071289,-0.4225825071334839,0.27385783195495605
1788051836385340400,8.96234033203125,-0.7400016784667969,-0.5787246227264404,0.3643375635147095
1788051836401394700,8.978394775390624,-0.014383316040039062,-0.8545973300933838,0.6723238825798035
1788051836417423400,8.99442333984375,0.34615230560302734,-1.2825374603271484,0.7433509230613708
1788051836433453800,9.010453857421876,0.9302453994750977,-1.6598477363586426,0.4183695316314697
1788051836449477000,9.02647705078125,1.7896347045898438,-1.8717994689941406,0.24559122323989868
1788051836465555700,9.0425556640625,2.1148414611816406,-1.7712500095367432,0.2705751061439514
1788051836481622000,9.0586220703125,1.690260887145996,-1.4413999319076538,0.44627314805984497
1788051836497610000,9.07460986328125,0.5899019241333008,-0.8592150807380676,0.46180617809295654
1788051836513654000,9.090654052734376,-0.2595796585083008,-0.3910648822784424,0.18421298265457153
1788051836529686800,9.106686767578125,-1.053812026977539,0.020684361457824707,0.031346023082733154
1788051836545763000,9.12276318359375,-1.4247026443481445,0.2358412742614746,-0.02946758270263672
1788051836561842700,9.1388427734375,-1.6390876770019531,0.47460365295410156,-0.13355320692062378
1788051836577883100,9.154883056640625,-1.7718653678894043,0.5690287351608276,-0.16444310545921326
1788051836593940200,9.170940185546876,-1.6047773361206055,0.5465697050094604,-0.3474934697151184
1788051836609926400,9.186926513671875,-1.1791114807128906,0.5085964202880859,-0.4362938404083252
1788051836625964500,9.202964599609375,-0.5752229690551758,0.2771874666213989,-0.3848763406276703
1788051836642043100,9.219043212890625,0.2536897659301758,0.15087205171585083,-0.3917660117149353
1788051836658090500,9.235090576171874,0.9791803359985352,0.14729636907577515,-0.4317860007286072
1788051836674149000,9.251149169921876,1.2241344451904297,0.18242108821868896,-0.41422611474990845
1788051836690139100,9.26713916015625,1.3496875762939453,0.285460889339447,-0.37167632579803467
1788051836706187800,9.283187744140625,1.3054275512695312,0.38438910245895386,-0.22494067251682281
1788051836722258400,9.299258544921875,1.1768083572387695,0.4047550559043884,-0.31555986404418945
1788051836738276400,9.3152763671875,1.020970344543457,0.36021876335144043,-0.5302992463111877
1788051836754301400,9.331301513671875,0.8447628021240234,0.2681541442871094,-0.6786527633666992
1788051836770313000,9.34731298828125,0.8320732116699219,0.21589577198028564,-0.692138135433197
1788051836786375400,9.36337548828125,0.7216215133666992,0.20917659997940063,-0.5086972713470459
1788051836802457600,9.37945751953125,0.522674560546875,0.19563543796539307,-0.24980688095092773
1788051836818479600,9.395479736328125,0.4788017272949219,0.4258321523666382,-0.2749533951282501
1788051836834512600,9.4115126953125,0.5633754730224609,0.7119549512863159,-0.1402098536491394
1788051836850530800,9.42753076171875,0.7640695571899414,0.45348286628723145,-0.1727091521024704
1788051836866596000,9.44359619140625,1.257375717163086,0.2906932830810547,-0.5222809314727783
1788051836882685700,9.459685791015625,1.9133176803588867,0.1472717523574829,-0.5112009644508362
1788051836898711800,9.4757119140625,2.799715995788574,-0.26655805110931396,-0.21862609684467316
1788051836914756400,9.49175634765625,3.348273277282715,-0.7850648164749146,-0.19329391419887543
1788051836930820600,9.507820556640626,3.010223388671875,-0.7782619595527649,0.026097171008586884
1788051836946884900,9.523884765625,1.7193126678466797,-1.0152828693389893,0.3955771327018738
1788051836962956800,9.539956787109375,0.7338972091674805,-1.047221302986145,0.17741495370864868
1788051836978992600,9.55599267578125,0.2063312530517578,-1.0563998222351074,0.1286334991455078
1788051836995044000,9.572044189453125,-0.13161277770996094,-0.8900424838066101,-0.033964887261390686
1788051837011021800,9.588021728515624,-1.0170812606811523,-0.8990495204925537,-0.24143268167972565
1788051837027105300,9.604105224609375,-1.8546404838562012,-0.7816652059555054,-0.42292898893356323
1788051837043145200,9.620145263671875,-2.391648769378662,-0.8298373818397522,-0.2616792917251587
1788051837059193300,9.636193359375,-2.4092025756835938,-0.8878052830696106,-0.6433175802230835
1788051837075254000,9.65225390625,-1.6635313034057617,-1.2441719770431519,-1.0144989490509033
1788051837091247900,9.668247802734374,-0.8226699829101562,-1.4891715049743652,-1.0499598979949951
1788051837107296500,9.684296630859375,-0.1389598846435547,-1.7040221691131592,-0.7020866870880127
1788051837123350500,9.7003505859375,0.2880277633666992,-1.7770600318908691,-0.22573000192642212
1788051837139402500,9.716402587890625,0.45885372161865234,-1.8176629543304443,0.35337597131729126
1788051837155473200,9.73247314453125,0.31201171875,-1.818213701248169,0.7626237869262695
1788051837171474700,9.748474609375,0.027801513671875,-1.6535472869873047,0.8678791522979736
1788051837187530000,9.764530029296875,-0.5587596893310547,-1.382275104522705,0.8841915130615234
1788051837203588600,9.780588623046874,-1.1993465423583984,-1.142323613166809,0.7218806743621826
1788051837219604700,9.796604736328124,-1.471970558166504,-0.9600168466567993,0.6614969372749329
1788051837235634200,9.81263427734375,-1.4181642532348633,-0.7254304885864258,0.6061796545982361
1788051837251642000,9.82864208984375,-1.1717462539672852,-0.6148420572280884,0.5768750905990601
1788051837267706400,9.844706298828125,-0.9450531005859375,-0.5469259023666382,0.5927612781524658
1788051837283761700,9.86076171875,-0.4865150451660156,-0.5369278192520142,0.3843511939048767
1788051837299777300,9.87677734375,-0.02089977264404297,-0.7124601602554321,0.28188103437423706
1788051837315809500,9.8928095703125,0.37315845489501953,-0.8231232166290283,0.1229432225227356
1788051837331821600,9.908821533203126,0.5331182479858398,-0.8039959669113159,-0.07228988409042358
1788051837347891000,9.924890869140626,0.5687875747680664,-0.7915788888931274,-0.10124137997627258
1788051837363949800,9.94094970703125,0.7604236602783203,-0.7838178873062134,-0.12837544083595276
1788051837379968300,9.95696826171875,0.9627351760864258,-0.7911661863327026,-0.22719061374664307
1788051837396003300,9.97300341796875,1.146937370300293,-0.6440696120262146,-0.3776705265045166
1788051837412022500,9.9890224609375,1.2579145431518555,-0.5325638651847839,-0.40488967299461365
1788051837428070100,10.005070068359375,1.2193231582641602,-0.42333394289016724,-0.37736833095550537
1788051837444142000,10.02114208984375,1.2076244354248047,-0.2986285090446472,-0.34745049476623535
1788051837460177000,10.037177001953125,1.1003103256225586,-0.19069911539554596,-0.3476954996585846
1788051837476220200,10.05322021484375,0.7970008850097656,-0.05991073697805405,-0.44151565432548523
1788051837492198400,10.069198486328125,0.3334522247314453,0.08545123040676117,-0.6334235668182373
1788051837508228600,10.085228515625,-0.27431583404541016,0.23353959619998932,-0.7645411491394043
1788051837524294400,10.10129443359375,-0.7404155731201172,0.5204411149024963,-0.9577985405921936
1788051837540329500,10.11732958984375,-1.244699478149414,0.8818185329437256,-1.1129636764526367
1788051837556378000,10.133378173828126,-1.5974054336547852,1.303621768951416,-1.0602465867996216
1788051837572354000,10.14935400390625,-1.591486930847168,1.1696360111236572,-0.26151275634765625
1788051837588376800,10.165376953125,-0.7300319671630859,0.646385669708252,0.1773553490638733
1788051837604438800,10.181438720703126,0.7958106994628906,-0.0025980323553085327,-0.16419166326522827
1788051837620488700,10.19748876953125,2.0626916885375977,-0.04899711161851883,-0.3861594796180725
1788051837636546600,10.213546630859375,2.773672103881836,-0.48166683316230774,-0.5666823387145996
1788051837652575700,10.22957568359375,2.7597761154174805,-0.6387486457824707,-0.4285867214202881
1788051837668608800,10.24560888671875,2.1453418731689453,-0.48880475759506226,-0.21640324592590332
1788051837684680400,10.261680419921875,1.1487197875976562,-0.23185406625270844,-0.0974072813987732
1788051837700645400,10.277645263671875,0.2823677062988281,-0.06779062747955322,0.0787416473031044
1788051837716669700,10.293669677734375,-0.4706697463989258,0.07458584010601044,0.3314462900161743
1788051837732667100,10.309667236328124,-1.1249580383300781,0.2529038190841675,0.5849282741546631
1788051837748725200,10.325725341796876,-1.4531879425048828,0.30671125650405884,0.7638461589813232
1788051837764803000,10.341802978515625,-1.5058374404907227,0.12474662065505981,1.0153436660766602
1788051837780824300,10.35782421875,-1.2519950866699219,-0.1427513211965561,1.021919846534729
1788051837796859400,10.373859375,-0.7468271255493164,-0.3553847074508667,0.7885920405387878
1788051837812876800,10.389876708984374,-0.20329666137695312,-0.5332669615745544,0.6482986211776733
1788051837828941600,10.405941650390625,0.0051441192626953125,-0.6520559191703796,0.671214759349823
1788051837845036000,10.4220361328125,0.022016525268554688,-0.5796313881874084,0.3893502354621887
1788051837861060600,10.438060546875,-0.1168203353881836,-0.3268730044364929,0.06181919574737549
1788051837877107200,10.454107177734375,-0.35165882110595703,-0.2505628764629364,0.06358366459608078
1788051837893142800,10.470142822265625,-0.3374776840209961,-0.11088842898607254,0.16683582961559296
1788051837909230600,10.486230712890626,-0.15796566009521484,0.038192570209503174,0.19448865950107574
1788051837925334000,10.502333984375,0.05521392822265625,0.1298457533121109,0.2704539895057678
1788051837941377000,10.518376953125,0.2206134796142578,0.24047687649726868,0.3341376781463623
1788051837957436700,10.534436767578125,0.29509925842285156,0.23919980227947235,0.3569348156452179
1788051837973427500,10.550427490234375,0.3433494567871094,0.14343979954719543,0.3327334523200989
1788051837989473000,10.56647314453125,0.4515867233276367,0.0009454041719436646,0.25824519991874695
1788051838005536500,10.58253662109375,0.6294126510620117,-0.12887267768383026,0.18053874373435974
1788051838021579000,10.5985791015625,0.7737607955932617,-0.280517578125,0.12634986639022827
1788051838037648600,10.614648681640626,0.9156150817871094,-0.287047803401947,0.14691725373268127
1788051838053644000,10.63064404296875,0.8394002914428711,-0.23184651136398315,0.20649613440036774
1788051838069690400,10.6466904296875,0.5904502868652344,-0.11463215947151184,0.28688597679138184
1788051838085750800,10.662750732421875,0.21435546875,0.0021330416202545166,0.24275650084018707
1788051838101804500,10.678804443359375,-0.1092844009399414,0.037278592586517334,0.22084641456604004
1788051838117871600,10.69487158203125,-0.35400867462158203,0.1189938485622406,0.2199895828962326
1788051838133875700,10.710875732421876,-0.5723457336425781,0.14495649933815002,0.19176040589809418
1788051838149926400,10.726926513671875,-0.591766357421875,0.00780913233757019,0.21451406180858612
1788051838165987600,10.742987548828125,-0.48406982421875,-0.0662027895450592,0.20419254899024963
1788051838182014200,10.75901416015625,-0.29958057403564453,-0.05439269542694092,0.27927252650260925
1788051838198051800,10.7750517578125,-0.11257076263427734,-0.09273867309093475,0.19452738761901855
1788051838214069800,10.79106982421875,0.000270843505859375,-0.25676846504211426,0.04445004463195801
1788051838230138400,10.807138427734374,0.2950925827026367,-0.35696715116500854,-0.17867642641067505
1788051838246196500,10.823196533203125,0.5252456665039062,-0.32579055428504944,-0.35179004073143005
1788051838262225400,10.839225341796874,0.6163015365600586,-0.17767299711704254,-0.3771112263202667
1788051838278267000,10.855266845703126,0.541839599609375,0.0008200109004974365,-0.30434367060661316
1788051838294289400,10.871289306640625,0.37866878509521484,0.10788961499929428,-0.18935588002204895
1788051838310366200,10.8873662109375,0.24670124053955078,0.14591899514198303,-0.17250032722949982
1788051838326437000,10.90343701171875,0.3806734085083008,0.18509581685066223,-0.16919338703155518
1788051838342477000,10.91947705078125,0.6392812728881836,0.18895597755908966,-0.16036508977413177
1788051838358519600,10.93551953125,0.8141193389892578,0.12000111490488052,-0.14116057753562927
1788051838374549200,10.95154931640625,0.8739395141601562,0.038363441824913025,-0.10203179717063904
1788051838390623200,10.967623291015625,0.7779884338378906,0.08387427777051926,-0.17392036318778992
1788051838406699500,10.983699462890625,0.5358362197875977,0.08334723860025406,-0.06652361154556274
1788051838422740700,10.99974072265625,0.26250171661376953,0.11936559528112411,0.055452726781368256
1788051838438800000,11.0157998046875,0.06580924987792969,0.21738508343696594,0.1450137495994568
1788051838454789000,11.0317890625,-0.03984355926513672,0.25457653403282166,0.23001353442668915
1788051838470838300,11.04783837890625,-0.10472774505615234,0.2840041518211365,0.21629860997200012
1788051838486927400,11.06392724609375,-0.2748880386352539,0.27969950437545776,0.3287345767021179
1788051838502981000,11.079981201171876,-0.39708900451660156,0.3012605905532837,0.33398181200027466
1788051838519042000,11.0960419921875,-0.3468208312988281,0.2768460810184479,0.2640272080898285
1788051838535030500,11.112030517578125,-0.15041351318359375,0.19058263301849365,0.19979144632816315
1788051838551073800,11.12807373046875,0.07475471496582031,0.08513210713863373,0.26461029052734375
1788051838567142700,11.144142578125,0.1179046630859375,-0.011319387704133987,0.4633947014808655
1788051838583158500,11.160158447265625,0.005297660827636719,-0.07882274687290192,0.6615731716156006
1788051838599188200,11.176188232421875,-0.21515560150146484,-0.13210594654083252,0.6923506855964661
1788051838615196700,11.19219677734375,-0.3709583282470703,-0.20576663315296173,0.8648539781570435
1788051838631254000,11.20825390625,-0.5002717971801758,-0.27859610319137573,1.1236052513122559
1788051838647337200,11.224337158203125,-0.5217771530151367,-0.40675652027130127,1.308904767036438
1788051838663354600,11.240354736328126,-0.43053245544433594,-0.5587300062179565,1.440807819366455
1788051838679388200,11.25638818359375,-0.3005218505859375,-0.6121766567230225,1.4263569116592407
1788051838695406600,11.272406494140625,-0.1267852783203125,-0.5756903886795044,1.5221920013427734
1788051838711467500,11.288467529296875,-0.043381690979003906,-0.61632239818573,1.7124121189117432
1788051838727556400,11.304556396484376,0.20348262786865234,-0.6645939350128174,1.7477413415908813
1788051838743555600,11.3205556640625,0.5274887084960938,-0.7713347673416138,1.744443416595459
1788051838759593200,11.33659326171875,0.7989063262939453,-0.8096969127655029,1.971548318862915
1788051838775613400,11.352613525390625,0.9099216461181641,-0.7891770601272583,1.9587416648864746
1788051838791684000,11.36868408203125,0.8122062683105469,-0.8659433722496033,1.6744129657745361
1788051838807773000,11.38477294921875,0.5721225738525391,-1.032328724861145,1.43153977394104
1788051838823797000,11.400796875,0.4987030029296875,-1.1124517917633057,1.153885006904602
1788051838839839200,11.416839111328125,0.6018991470336914,-1.1146358251571655,0.8932883739471436
1788051838855898400,11.4328984375,0.67578125,-1.0492115020751953,0.6988303661346436
1788051838871975700,11.4489755859375,0.5741500854492188,-1.0188554525375366,0.6193261742591858
1788051838888079600,11.46507958984375,0.4837646484375,-0.993929386138916,0.4899612069129944
1788051838904123600,11.48112353515625,0.41370201110839844,-0.9027800559997559,0.31388992071151733
1788051838920180200,11.49718017578125,0.4607706069946289,-0.930915117263794,0.2076398730278015
1788051838936167700,11.513167724609374,0.5747213363647461,-0.9821639657020569,0.13916617631912231
1788051838952260000,11.529260009765625,0.6167774200439453,-0.9765275716781616,0.15716171264648438
1788051838968320800,11.54532080078125,0.5249166488647461,-0.9994990229606628,0.19293230772018433
1788051838984370200,11.5613701171875,0.28256702423095703,-0.9690666794776917,0.27110356092453003
1788051839000435000,11.57743505859375,0.018904685974121094,-0.9754314422607422,0.24872976541519165
1788051839016433200,11.59343310546875,-0.17292404174804688,-1.0084973573684692,0.1951337456703186
1788051839032479500,11.6094794921875,-0.24991130828857422,-1.0284792184829712,0.17204129695892334
1788051839048537300,11.625537353515625,-0.14744186401367188,-1.0182956457138062,0.158907949924469
1788051839064591000,11.641591064453126,-0.06650161743164062,-0.9819727540016174,0.15641891956329346
1788051839080662000,11.657662109375,-0.05258464813232422,-0.9000110626220703,0.18515992164611816
1788051839096659000,11.673658935546875,-0.206298828125,-0.6834797263145447,0.11580437421798706
1788051839112711700,11.689711669921875,-0.47033119201660156,-0.3316650986671448,0.08410432934761047
1788051839128767700,11.705767822265624,-0.9020462036132812,-0.14535804092884064,0.16211265325546265
1788051839144827000,11.721826904296876,-1.3070764541625977,-0.20198027789592743,0.0940747857093811
1788051839160899000,11.737899169921874,-1.3263540267944336,-0.567872166633606,-0.11184853315353394
1788051839176905500,11.753905517578126,-1.003190040588379,-0.8403941988945007,-0.45673704147338867
1788051839192968400,11.769968505859374,-0.27343177795410156,-1.0402227640151978,-0.8082687854766846
1788051839209031200,11.78603125,0.7886648178100586,-1.1021056175231934,-1.144899606704712
1788051839225056500,11.802056396484375,1.4413633346557617,-1.0542327165603638,-1.359833002090454
1788051839241100300,11.818100341796875,1.5891227722167969,-0.9025824069976807,-1.4757035970687866
1788051839257129000,11.83412890625,1.1290016174316406,-0.7573922276496887,-1.503516674041748
1788051839273209000,11.850208984375,0.5569143295288086,-0.6713573336601257,-1.5789949893951416
1788051839289278200,11.8662783203125,-0.08113670349121094,-0.627822756767273,-1.5000814199447632
1788051839305305900,11.882305908203126,-0.4042701721191406,-0.6994327306747437,-1.491378903388977
1788051839321347800,11.898347900390625,-0.6332035064697266,-0.7617127895355225,-1.42522132396698
1788051839337379800,11.9143798828125,-0.5049896240234375,-0.961702823638916,-1.4518458843231201
1788051839353462300,11.930462158203126,-0.13741111755371094,-1.1990501880645752,-1.4921543598175049
1788051839369534000,11.946533935546874,0.43758392333984375,-1.330746054649353,-1.8581452369689941
1788051839385574700,11.96257470703125,0.9347343444824219,-1.3569070100784302,-2.094740152359009
1788051839401624800,11.978624755859375,1.3783597946166992,-1.3510161638259888,-2.185586452484131
1788051839417607700,11.994607666015625,1.3547391891479492,-1.2578413486480713,-2.2139551639556885
1788051839433650400,12.010650390625,1.0749282836914062,-1.1564059257507324,-2.2513880729675293
1788051839449732000,12.026732177734376,0.5560922622680664,-1.0725432634353638,-2.4009225368499756
1788051839465786600,12.04278662109375,0.1308574676513672,-0.8881232738494873,-2.4948623180389404
1788051839481849000,12.05884912109375,-0.23730087280273438,-0.840049684047699,-2.4565045833587646
1788051839497837600,12.074837646484376,-0.5415592193603516,-0.7532057762145996,-2.464571952819824
1788051839513886500,12.090886474609375,-0.7026891708374023,-0.655076801776886,-2.3652806282043457
1788051839529962800,12.106962646484375,-0.6964445114135742,-0.5909134149551392,-2.3362631797790527
1788051839545979600,12.122979736328125,-0.4658088684082031,-0.5936092138290405,-2.2956697940826416
1788051839562052600,12.139052490234375,-0.2471923828125,-0.5421419143676758,-2.219586133956909
1788051839578064100,12.155064208984374,-0.15027141571044922,-0.5197844505310059,-2.067103147506714
1788051839594126800,12.171126953125,-0.0843362808227539,-0.5163158178329468,-1.8685171604156494
1788051839610214400,12.18721435546875,0.01999378204345703,-0.5101147294044495,-1.675499677658081
1788051839626234600,12.203234619140625,0.12157440185546875,-0.5099105834960938,-1.4747611284255981
1788051839642269200,12.219269287109375,0.21975040435791016,-0.48630595207214355,-1.2989327907562256
1788051839658287000,12.235287109375,0.2370595932006836,-0.5092162489891052,-1.1590574979782104
1788051839674359300,12.251359375,0.31436920166015625,-0.4637429714202881,-1.1228525638580322
1788051839690450200,12.2674501953125,0.35811424255371094,-0.3666174113750458,-1.0752620697021484
1788051839706475500,12.2834755859375,0.32999706268310547,-0.09800354391336441,-1.1274120807647705
1788051839722518800,12.299518798828124,0.1294879913330078,0.037308961153030396,-0.9759702086448669
1788051839738541600,12.31554150390625,-0.16037654876708984,0.08480773866176605,-0.9861739873886108
1788051839754620000,12.331619873046876,-0.45717716217041016,0.23447519540786743,-1.2161853313446045
1788051839770719200,12.34771923828125,-0.657893180847168,0.27203890681266785,-1.3241242170333862
1788051839786754300,12.36375439453125,-1.157832145690918,0.3465191721916199,-1.432616949081421
1788051839802799400,12.37979931640625,-0.4611358642578125,0.7946763038635254,-1.8090720176696777
1788051839818831400,12.395831298828124,-0.043354034423828125,0.7309939861297607,-1.3711742162704468
1788051839834917600,12.411917724609374,0.11474895477294922,0.8268311619758606,-1.203181266784668
1788051839851022000,12.42802197265625,0.5454521179199219,0.7980015873908997,-0.9737548232078552
1788051839867066400,12.44406640625,1.0281143188476562,0.553300678730011,-0.8049439787864685
1788051839883121400,12.460121337890625,0.9377813339233398,0.4090789556503296,-0.8039228320121765
1788051839899114200,12.4761142578125,1.564589500427246,0.27360087633132935,-0.6347633004188538
1788051839915162400,12.492162353515624,1.8007469177246094,0.07855936884880066,-0.41398733854293823
1788051839931217400,12.508217529296875,1.2111186981201172,0.35746172070503235,-0.28261590003967285
1788051839947273200,12.524273193359376,0.5497951507568359,0.86527019739151,-0.2923874855041504
1788051839963338200,12.540338134765625,-0.06920909881591797,1.1876949071884155,-0.3136625289916992
1788051839979344400,12.556344482421874,-0.6461772918701172,1.2851747274398804,-0.19834500551223755
1788051839995408400,12.572408447265625,-0.8959274291992188,1.1247889995574951,0.05268549919128418
1788051840011469000,12.588468994140625,-0.9237165451049805,0.9065314531326294,0.22410130500793457
1788051840027536400,12.604536376953124,-0.6768407821655273,0.7493067383766174,0.3523977994918823
1788051840043612200,12.620612060546875,-0.21013450622558594,0.6353774666786194,0.49221861362457275
1788051840059626500,12.63662646484375,0.07665443420410156,0.46442341804504395,0.7643774747848511
1788051840075695000,12.652695068359375,0.0735921859741211,0.3345954418182373,1.0330134630203247
1788051840091756800,12.6687568359375,-0.06823921203613281,0.33333173394203186,1.1914072036743164
1788051840107780600,12.684780517578124,-0.26117706298828125,0.37564507126808167,1.1965274810791016
1788051840123815700,12.700815673828124,-0.4554119110107422,0.29100367426872253,1.20306396484375
1788051840139836000,12.7168359375,-0.5287055969238281,0.27262166142463684,1.1594456434249878
1788051840155910400,12.732910400390624,-0.2801218032836914,0.31871432065963745,1.0486173629760742
1788051840171977500,12.7489775390625,0.1607685089111328,0.3500273823738098,0.8932080268859863
1788051840188010800,12.7650107421875,0.6784334182739258,0.3689899444580078,0.6865816116333008
1788051840204056800,12.781056884765626,0.79827880859375,0.36213743686676025,0.6583397388458252
1788051840220088300,12.79708837890625,0.6401519775390625,0.36222073435783386,0.5776317715644836
1788051840236173600,12.813173583984375,0.4268198013305664,0.3531583845615387,0.5500274896621704
1788051840252251000,12.8292509765625,0.19672107696533203,0.35142481327056885,0.5191415548324585
1788051840268300500,12.845300537109376,-0.05246257781982422,0.3428119122982025,0.5416015982627869
1788051840284354800,12.861354736328124,-0.18886089324951172,0.3429811894893646,0.5697339177131653
1788051840300349200,12.87734912109375,-0.1598968505859375,0.377527117729187,0.5610026121139526
1788051840316445200,12.893445068359375,-0.027794837951660156,0.36255306005477905,0.5065173506736755
1788051840332531200,12.90953125,0.015895843505859375,0.3511219024658203,0.48987430334091187
1788051840348584000,12.925583984375,-0.014489173889160156,0.33157819509506226,0.49060261249542236
1788051840364646100,12.941646240234375,-0.05200386047363281,0.3002537190914154,0.47622382640838623
1788051840380639000,12.957638916015625,-0.015262603759765625,0.31018850207328796,0.4363452196121216
1788051840396685800,12.973685791015624,-0.012022018432617188,0.31314778327941895,0.30351704359054565
1788051840412773400,12.9897734375,-0.061573028564453125,0.24760989844799042,0.203589528799057
1788051840428829700,13.00582958984375,-0.030060768127441406,0.16784639656543732,0.09369784593582153
1788051840444894200,13.021894287109374,-0.054027557373046875,0.13934975862503052,0.09700250625610352
1788051840460901400,13.0379013671875,-0.0758810043334961,0.0974036157131195,0.1424119472503662
1788051840476927500,13.053927490234376,-0.06903839111328125,0.04990287125110626,0.2298901379108429
1788051840492997600,13.06999755859375,-0.05966758728027344,0.0869484692811966,0.2073449194431305
1788051840509018600,13.0860185546875,-0.10274887084960938,0.12383709847927094,0.23383699357509613
1788051840525046500,13.102046630859375,-0.1192941665649414,0.12972301244735718,0.2831304669380188
1788051840549094400,13.126094482421875,-0.03504753112792969,0.28724801540374756,0.08765091001987457
1788051840565146000,13.14214599609375,0.18051433563232422,0.28692883253097534,-0.14279459416866302
1788051840581186000,13.15818603515625,0.35025501251220703,0.26299428939819336,-0.21651294827461243
1788051840597223400,13.174223388671875,0.5005216598510742,0.23437224328517914,-0.23553769290447235
1788051840613310000,13.19031005859375,0.6362314224243164,0.22989994287490845,-0.31049057841300964
1788051840629377500,13.20637744140625,0.7503547668457031,0.25662392377853394,-0.3709622621536255
1788051840645432800,13.222432861328125,0.7209806442260742,0.3035081624984741,-0.3553623557090759
1788051840661487600,13.238487548828125,0.6272296905517578,0.3087606728076935,-0.2693134546279907
1788051840677535500,13.254535400390624,0.5170354843139648,0.2965448796749115,-0.26257839798927307
1788051840693584400,13.27058447265625,0.4764747619628906,0.2480398416519165,-0.22949904203414917
1788051840709655000,13.286655029296876,0.3666257858276367,0.20854242146015167,-0.22305303812026978
1788051840725725000,13.302724853515626,0.24964427947998047,0.2194666713476181,-0.2290574461221695
1788051840741790500,13.31879052734375,0.07288646697998047,0.1799149215221405,-0.12202636897563934
1788051840757838000,13.334838134765626,-0.055899620056152344,0.17732441425323486,-0.17459836602210999
1788051840773892900,13.350892822265624,-0.29709339141845703,0.14641845226287842,-0.1924731731414795
1788051840789922800,13.3669228515625,-0.45691776275634766,0.09160852432250977,-0.16998550295829773
1788051840805997600,13.38299755859375,-0.4733304977416992,0.06421953439712524,-0.15627360343933105
1788051840822015200,13.39901513671875,-0.4205646514892578,0.049578845500946045,-0.15707090497016907
1788051840838076000,13.415075927734375,-0.2961759567260742,0.060353249311447144,-0.1604524701833725
1788051840854134500,13.431134521484376,-0.19580459594726562,0.06185826659202576,-0.1721094250679016
1788051840870169900,13.447169921875,-0.2653617858886719,0.08151677250862122,-0.1791568249464035
1788051840886201000,13.463201171875,-0.4521799087524414,0.11171427369117737,-0.22036878764629364
1788051840902220500,13.479220458984376,-0.5265235900878906,0.12938731908798218,-0.22575527429580688
1788051840918286000,13.4952861328125,-0.5555152893066406,0.09525614976882935,-0.12526988983154297
1788051840934362400,13.5113623046875,-0.44820594787597656,0.05708149075508118,-0.10404346883296967
1788051840950403300,13.5274033203125,-0.1877613067626953,0.017451852560043335,-0.07537088543176651
1788051840966439700,13.543439697265624,0.04639434814453125,-0.0466381311416626,-0.049575261771678925
1788051840982457000,13.55945703125,0.27350616455078125,-0.08156135678291321,-0.09389040619134903
1788051840998530800,13.57553076171875,0.3499736785888672,-0.04720885306596756,-0.07253286242485046
1788051841014615600,13.591615478515624,0.3404502868652344,0.032449737191200256,0.06132717430591583
1788051841030665700,13.607665771484376,0.23534297943115234,0.13481804728507996,0.16556449234485626
1788051841046715100,13.623715087890625,0.09920406341552734,0.22792361676692963,0.23753145337104797
1788051841062736000,13.63973583984375,-0.03696250915527344,0.30961155891418457,0.2835599184036255
1788051841078770000,13.65577001953125,-0.019982337951660156,0.3775203227996826,0.2946053743362427
1788051841094817800,13.67181787109375,0.08797168731689453,0.4329203963279724,0.34116989374160767
1788051841110874600,13.68787451171875,0.14809417724609375,0.533216655254364,0.255991131067276
1788051841126939400,13.703939453125,0.12434005737304688,0.5356124639511108,-0.012425512075424194
1788051841142971100,13.71997119140625,0.2271289825439453,0.4793822765350342,-0.4725950062274933
1788051841159014400,13.736014404296874,0.4371519088745117,0.38946595788002014,-0.5681459903717041
1788051841175060200,13.752060302734375,0.6900510787963867,0.3900466561317444,-0.4043092131614685
1788051841191184000,13.768183837890625,0.8976011276245117,0.46622544527053833,-0.26702576875686646
1788051841207255800,13.784255859375,0.973780632019043,0.5452146530151367,-0.13690990209579468
1788051841223262700,13.8002626953125,0.9305801391601562,0.6393404006958008,0.018009237945079803
1788051841239316000,13.81631591796875,0.6602535247802734,0.6949818134307861,0.06761248409748077
1788051841255368400,13.832368408203125,0.3567352294921875,0.7791292667388916,0.10239491611719131
1788051841271446500,13.848446533203125,0.16330814361572266,0.847103476524353,0.18407562375068665
1788051841287520800,13.864520751953124,0.054009437561035156,0.8919131755828857,0.2942068874835968
1788051841303564000,13.88056396484375,0.1295185089111328,0.8262588977813721,0.336989164352417
1788051841319630800,13.896630859375,0.23154544830322266,0.7893954515457153,0.2970842719078064
1788051841335703300,13.912703369140624,0.3482503890991211,0.7838469743728638,0.2509974241256714
1788051841351737300,13.9287373046875,0.3601646423339844,0.773849606513977,0.2578529715538025
1788051841367768800,13.944768798828125,0.20059490203857422,0.7367846965789795,0.22043657302856445
1788051841383826200,13.960826171875,0.17367839813232422,0.7164084315299988,0.02468748390674591
1788051841399899400,13.9768994140625,0.19788265228271484,0.6479189395904541,-0.06892519444227219
1788051841415978000,13.99297802734375,0.120086669921875,0.5668609142303467,-0.02234482951462269
1788051841432027100,14.009027099609375,-0.1909923553466797,0.5582025051116943,-0.020848125219345093
1788051841448070100,14.025070068359375,-0.4647483825683594,0.5514501929283142,-0.05051272362470627
1788051841464112000,14.041112060546874,-0.5849685668945312,0.4985926151275635,-0.05230283737182617
1788051841480147000,14.05714697265625,-0.5864276885986328,0.4543120861053467,-0.00545559823513031
1788051841496182500,14.0731826171875,-0.3425445556640625,0.3653981685638428,0.009229309856891632
1788051841512244000,14.089243896484374,0.17506694793701172,0.15336191654205322,-0.0453677773475647
1788051841528298000,14.105298095703125,0.5978317260742188,0.014289379119873047,-0.14175724983215332
1788051841544352800,14.121352783203125,0.9493570327758789,-0.0993661880493164,-0.13405421376228333
1788051841560389400,14.137389404296876,1.3813867568969727,-0.2323683500289917,-0.051474347710609436
1788051841576440000,14.153440185546875,1.7916488647460938,-0.39139342308044434,-0.024698391556739807
1788051841592499000,14.1694990234375,1.95953369140625,-0.42671942710876465,0.004375055432319641
1788051841608558600,14.18555859375,1.6944208145141602,-0.25580894947052,-0.010965898633003235
1788051841624614100,14.2016142578125,0.7987852096557617,0.1282954216003418,0.07074464857578278
1788051841640660200,14.21766015625,-0.12563133239746094,0.2964383363723755,-0.11187252402305603
1788051841656699000,14.233698974609375,-0.8831596374511719,0.10241127014160156,-0.47281304001808167
1788051841672753700,14.249753662109375,-0.8199834823608398,-0.29829180240631104,-0.6409860849380493
1788051841688822000,14.265822021484375,0.19292545318603516,-0.8313765525817871,-0.45362162590026855
1788051841704887000,14.281886962890624,1.9592523574829102,-1.3331685066223145,-0.28960686922073364
1788051841720937000,14.29793701171875,3.162168502807617,-1.6454627513885498,-0.23581579327583313
1788051841737035300,14.31403515625,3.0355329513549805,-1.9370923042297363,-0.07479338347911835
1788051841753114400,14.3301142578125,1.9198188781738281,-1.9176313877105713,-0.19988633692264557
1788051841769182200,14.34618212890625,0.5959796905517578,-1.5907397270202637,-0.594572901725769
1788051841785231000,14.362231201171875,-0.5443429946899414,-1.1820902824401855,-0.7625492811203003
1788051841801290000,14.3782900390625,-1.2944202423095703,-1.0373334884643555,-0.6501944065093994
1788051841817348000,14.39434814453125,-1.6872196197509766,-0.8329756259918213,-0.7525129318237305
1788051841833389000,14.41038916015625,-1.3109798431396484,-0.7263559103012085,-1.036985993385315
1788051841849468000,14.426468017578125,-0.7062273025512695,-0.8489347696304321,-1.116782307624817
1788051841865493000,14.442492919921875,-0.2409534454345703,-1.1206978559494019,-0.7851022481918335
1788051841881559600,14.4585595703125,-0.11387348175048828,-1.1895644664764404,-0.5102938413619995
1788051841897633300,14.47463330078125,0.010606765747070312,-1.0624908208847046,-0.07922306656837463
1788051841913677300,14.49067724609375,0.23375225067138672,-1.1495195627212524,-0.07698972523212433
1788051841929721300,14.506721435546876,0.33228397369384766,-1.1067341566085815,-0.07155440747737885
1788051841945748000,14.522748046875,0.6696081161499023,-0.9407250881195068,-0.10375715792179108
1788051841961828000,14.538828125,0.6255369186401367,-0.8999027013778687,-0.19781330227851868
1788051841977910800,14.554910888671875,0.2200307846069336,-0.7819900512695312,-0.23192742466926575
1788051841993959700,14.570959716796875,-0.25894641876220703,-0.5316917896270752,-0.23931901156902313
1788051842010006300,14.58700634765625,-0.47499942779541016,-0.22332143783569336,-0.09440379589796066
1788051842026029600,14.603029541015625,-0.32300758361816406,0.02641010284423828,0.03571278974413872
1788051842042115000,14.619114990234374,-0.019249916076660156,0.14392900466918945,-0.12447105348110199
1788051842058153000,14.635153076171875,0.032711029052734375,0.1072843074798584,-0.29215848445892334
1788051842074211800,14.6512119140625,-0.2456645965576172,0.09128236770629883,-0.3420882225036621
1788051842090265600,14.667265625,-0.657048225402832,0.08132576942443848,-0.3129887580871582
1788051842106287900,14.683287841796876,-0.8183698654174805,0.1125023365020752,-0.20687055587768555
1788051842122325800,14.69932568359375,-0.6717805862426758,0.013788223266601562,-0.20622479915618896
1788051842138375700,14.715375732421874,-0.011063575744628906,-0.21212387084960938,-0.2073257565498352
1788051842154444500,14.731444580078126,0.5693387985229492,-0.3728444576263428,-0.2678350806236267
1788051842170519300,14.747519287109375,0.9900712966918945,-0.26655101776123047,-0.26408684253692627
1788051842186554000,14.76355419921875,1.0568342208862305,-0.07392716407775879,-0.3276660442352295
1788051842202606600,14.779606689453125,1.2776975631713867,0.11040115356445312,-0.18936282396316528
1788051842218678000,14.795677978515625,1.791407585144043,0.19029569625854492,-0.13338176906108856
1788051842234743300,14.811743408203125,2.2997636795043945,0.12344717979431152,0.011856958270072937
1788051842250799600,14.827799560546875,2.1073646545410156,-0.06599617004394531,0.08276376128196716
1788051842266795300,14.843795166015624,1.3068199157714844,0.04764604568481445,-0.17153751850128174
1788051842282855000,14.85985498046875,0.4608421325683594,0.7909650802612305,-0.7898260354995728
1788051842298912800,14.875912841796875,-0.13920307159423828,1.3693690299987793,-0.746613621711731
1788051842314941000,14.89194091796875,-0.23802947998046875,0.8799710273742676,-0.16125068068504333
1788051842331012900,14.908012939453124,0.7635641098022461,0.6566400527954102,-0.3211858868598938
1788051842347055400,14.924055419921874,2.6679325103759766,0.19907665252685547,-0.4159453511238098
1788051842363128800,14.94012890625,3.844235420227051,-0.5129213333129883,0.06287424266338348
1788051842379240200,14.956240234375,3.686981201171875,-0.8961338996887207,0.3453088104724884
1788051842395274000,14.97227392578125,2.1827802658081055,-1.016955852508545,0.3896624743938446
1788051842411348500,14.988348388671875,0.5725212097167969,-1.1533541679382324,0.4445594251155853
1788051842427371000,15.00437109375,-0.6258273124694824,-1.2381396293640137,0.47868263721466064
1788051842443455000,15.020455078125,-1.2027897834777832,-1.2059025764465332,0.4096411168575287
1788051842459501800,15.036501708984375,-1.3983154296875,-0.9575963020324707,0.3729618191719055
1788051842475562000,15.05256201171875,-1.1879196166992188,-0.8189992904663086,0.7078588008880615
1788051842491605500,15.06860546875,-0.9208474159240723,-0.7356419563293457,1.1253485679626465
1788051842507653400,15.0846533203125,-0.7717623710632324,-0.7764420509338379,1.3352463245391846
1788051842523684000,15.10068408203125,-0.8503108024597168,-0.9887428283691406,1.4854040145874023
1788051842539727600,15.1167275390625,-0.9805450439453125,-1.2080087661743164,1.669008493423462
1788051842555789300,15.132789306640625,-1.3236498832702637,-1.3425369262695312,1.6881752014160156
1788051842571853800,15.148853759765625,-1.7296195030212402,-1.4801568984985352,1.5477052927017212
1788051842587894300,15.164894287109375,-1.6431665420532227,-1.5776615142822266,1.1109352111816406
1788051842603942700,15.180942626953126,-1.1203665733337402,-1.6611418724060059,0.6965587139129639
1788051842620001800,15.197001708984375,-0.2351217269897461,-1.6645021438598633,0.25933921337127686
1788051842636076300,15.213076171875,0.371304988861084,-1.583641529083252,0.024696320295333862
1788051842652144600,15.22914453125,0.18861722946166992,-1.3855743408203125,-0.07121288776397705
1788051842668167000,15.2451669921875,-0.2929205894470215,-1.0382599830627441,-0.18649405241012573
1788051842684232400,15.261232421875,-0.6803493499755859,-0.7500104904174805,-0.25602731108665466
1788051842700312300,15.277312255859375,-0.47910213470458984,-0.5367898941040039,-0.16505685448646545
1788051842716348200,15.29334814453125,-0.39595460891723633,-0.3864555358886719,-0.044346071779727936
1788051842732383700,15.3093837890625,-0.6150054931640625,-0.20395946502685547,0.02739829570055008
1788051842748362200,15.3253623046875,-0.61700439453125,0.008387088775634766,0.04001929610967636
1788051842764426000,15.341426025390625,-0.42905616760253906,0.09566450119018555,0.10556348413228989
1788051842780506400,15.35750634765625,-0.2059946060180664,0.1551361083984375,0.14892858266830444
1788051842796553700,15.3735537109375,-0.06361198425292969,0.14686298370361328,0.11826354265213013
1788051842812600800,15.389600830078125,0.05089569091796875,0.1616530418395996,0.054609254002571106
1788051842828581000,15.4055810546875,0.2076873779296875,0.27782154083251953,0.07841404527425766
1788051842844657200,15.4216572265625,0.28800153732299805,0.46567583084106445,-0.09767536073923111
1788051842860742400,15.437742431640626,0.3112449645996094,0.5190625190734863,-0.1995025873184204
1788051842876794400,15.45379443359375,0.6143031120300293,0.5847487449645996,-0.42397403717041016
1788051842892844300,15.46984423828125,0.938387393951416,0.4785194396972656,-0.21309198439121246
1788051842908816400,15.48581640625,1.2796564102172852,0.27839040756225586,0.08949410170316696
1788051842924851500,15.5018515625,1.5840344429016113,0.10073041915893555,0.2866499722003937
1788051842940892200,15.51789208984375,1.3698949813842773,0.11831474304199219,0.3624747693538666
1788051842956954400,15.533954345703124,0.4048633575439453,0.6091475486755371,0.5196665525436401
1788051842973014800,15.550014892578124,-0.5695319175720215,0.7889580726623535,0.26876622438430786
1788051842989033200,15.566033203125,-1.056725025177002,0.9776210784912109,-0.47146543860435486
1788051843005075200,15.5820751953125,-0.8864784240722656,1.2198548316955566,-1.0055667161941528
1788051843021113300,15.59811328125,-0.267702579498291,0.9584474563598633,-1.197684645652771
1788051843037174300,15.61417431640625,0.982475757598877,0.23644495010375977,-1.0892139673233032
1788051843053228500,15.630228515625,2.349170207977295,-0.08510875701904297,-0.9013903141021729
1788051843069239300,15.6462392578125,3.3584113121032715,-0.5399923324584961,-0.5330455303192139
1788051843085283600,15.66228369140625,3.4948606491088867,-0.722752571105957,-0.28582489490509033
1788051843101363700,15.67836376953125,2.77839994430542,-1.0483407974243164,-0.7228493690490723
1788051843117431600,15.694431640625,1.2416372299194336,-1.1029167175292969,-1.5912786722183228
1788051843133479200,15.710479248046875,-0.07265949249267578,-0.9592394828796387,-1.3745741844177246
1788051843149504500,15.72650439453125,-0.772275447845459,-0.6715250015258789,-0.827183187007904
1788051843165564700,15.742564697265625,-0.9417233467102051,-0.4534778594970703,-0.49847251176834106
1788051843181630200,15.758630126953125,-0.7104630470275879,-0.4919300079345703,-0.052502334117889404
1788051843197668000,15.774668212890624,-0.24263286590576172,-0.7182860374450684,0.009233102202415466
1788051843213705700,15.790705810546875,0.12906455993652344,-0.9457926750183105,-0.17091669142246246
1788051843229715700,15.8067158203125,0.25826454162597656,-1.109431266784668,-0.07657850533723831
1788051843245789000,15.822788818359374,0.3115077018737793,-1.186413288116455,0.2137880027294159
1788051843261874400,15.83887451171875,0.4555168151855469,-1.1840825080871582,0.3106704652309418
1788051843277917400,15.85491748046875,0.5319919586181641,-1.1734323501586914,0.3212032616138458
1788051843293964800,15.87096484375,0.6236019134521484,-1.1529240608215332,0.25137364864349365
1788051843309965800,15.8869658203125,0.40845394134521484,-1.087052345275879,0.21734687685966492
1788051843326049500,15.903049560546876,-0.026366710662841797,-0.957817554473877,0.22986352443695068
1788051843342137300,15.919137451171874,-0.6760363578796387,-0.8411211967468262,0.21123407781124115
1788051843358193200,15.935193115234375,-1.1368532180786133,-0.6640052795410156,0.19373057782649994
1788051843374248400,15.95124853515625,-1.310032844543457,-0.5808324813842773,0.11352964490652084
1788051843390259500,15.967259521484374,-1.1104378700256348,-0.44243431091308594,0.1275290846824646
1788051843406294500,15.98329443359375,-0.7729368209838867,-0.2698659896850586,0.17731092870235443
1788051843422337300,15.999337158203126,-0.6751976013183594,-0.14655733108520508,0.20932446420192719
1788051843438395400,16.0153955078125,-0.5655193328857422,-0.09279966354370117,0.1750561147928238
1788051843454460000,16.0314599609375,-0.07146215438842773,-0.03795051574707031,0.08520282804965973
1788051843470464000,16.047464111328125,0.34163999557495117,-0.009631633758544922,0.06039747595787048
1788051843486516000,16.063515869140623,0.6939635276794434,0.11440706253051758,-0.06667335331439972
1788051843502577400,16.079577392578123,0.9825139045715332,0.2902674674987793,-0.16457054018974304
1788051843518648600,16.095648681640625,1.0619306564331055,0.44027042388916016,-0.07384704053401947
1788051843534728700,16.111728759765626,0.9350533485412598,0.6376419067382812,-0.12930719554424286
1788051843550710800,16.127710693359376,0.9030332565307617,0.6829004287719727,-0.22022315859794617
1788051843566766800,16.143766845703126,0.8445744514465332,0.617711067199707,-0.055068254470825195
1788051843582829300,16.159829345703123,0.9409780502319336,0.49393224716186523,-0.09268531203269958
1788051843598910500,16.175910400390624,0.9301972389221191,0.4322352409362793,-0.23746976256370544
1788051843614944800,16.19194482421875,0.810244083404541,0.6640872955322266,-0.3652699291706085
1788051843630974700,16.207974609375,0.2807655334472656,1.4725112915039062,-0.35305821895599365
1788051843647041000,16.224041015625,-0.03844118118286133,1.4705195426940918,0.3556734025478363
1788051843663108000,16.240108154296873,0.42961740493774414,1.3451976776123047,0.28381723165512085
1788051843679144700,16.256144775390624,1.5019989013671875,1.004521369934082,0.5242826342582703
1788051843695206100,16.2722060546875,2.4338107109069824,0.43860864639282227,0.9099407196044922
1788051843711212300,16.28821240234375,2.93886661529541,-0.04062461853027344,0.8375354409217834
1788051843727277800,16.30427783203125,2.8802361488342285,-0.3891615867614746,0.5637354850769043
1788051843743383800,16.3203837890625,2.18123722076416,-0.4991178512573242,0.28473448753356934
1788051843759427600,16.336427490234374,1.1007046699523926,-0.45307111740112305,0.1117405891418457
1788051843775470000,16.352469970703126,0.24609375,-0.33956050872802734,0.00820624828338623
1788051843791490000,16.368489990234377,-0.23077726364135742,-0.25775909423828125,0.08367297053337097
1788051843807569400,16.3845693359375,-0.46708059310913086,-0.1473250389099121,0.25011152029037476
1788051843823662600,16.40066259765625,-0.40674304962158203,-0.09991264343261719,0.6131255030632019
1788051843839722200,16.41672216796875,-0.2677931785583496,-0.14802837371826172,0.9262164831161499
1788051843855767800,16.432767822265625,0.0309600830078125,-0.3439054489135742,1.0254313945770264
1788051843871748400,16.448748291015626,0.2052149772644043,-0.6043081283569336,0.9100891947746277
1788051843887830000,16.464830078125,0.14290332794189453,-0.8869566917419434,0.6241515278816223
1788051843903870200,16.4808701171875,0.016941547393798828,-1.1765165328979492,0.5358327627182007
1788051843919928300,16.49692822265625,0.01702594757080078,-1.3245911598205566,0.5571686029434204
1788051843935988200,16.51298828125,0.43300771713256836,-1.2680702209472656,0.5697212219238281
1788051843951967500,16.528967529296875,1.1720309257507324,-1.2229619026184082,0.5653056502342224
1788051843968007400,16.54500732421875,1.693232536315918,-1.060422420501709,0.3098125457763672
1788051843984059400,16.561059326171875,1.8156614303588867,-0.939272403717041,0.07715177536010742
1788051844000123400,16.577123291015624,1.7608256340026855,-0.8908596038818359,-0.11562865972518921
1788051844016190200,16.593190185546874,1.2220678329467773,-0.8638248443603516,-0.28651362657546997
1788051844032176000,16.609176025390624,0.3372502326965332,-0.8229589462280273,-0.23871684074401855
1788051844048225000,16.62522509765625,-0.1864337921142578,-0.5363836288452148,-0.3497166633605957
1788051844064268500,16.6412685546875,-0.14000415802001953,-0.47272682189941406,-0.5641612410545349
1788051844080334300,16.657334228515627,-0.4392261505126953,-0.5774402618408203,-0.4296291470527649
1788051844096400400,16.673400390625,-1.1227121353149414,-0.4401369094848633,-0.24189677834510803
1788051844112436200,16.689436279296874,-1.6012992858886719,-0.3336353302001953,-0.2560989260673523
1788051844128495600,16.70549560546875,-1.3111658096313477,-0.44864654541015625,-0.05652092769742012
1788051844144559600,16.7215595703125,-0.3712801933288574,-0.4200935363769531,-0.07983341813087463
1788051844160595000,16.737594970703125,0.2894783020019531,-0.36246395111083984,0.07416150718927383
1788051844176629200,16.753629150390626,0.8295049667358398,-0.2966012954711914,0.4040606915950775
1788051844192682800,16.769682861328125,0.26092052459716797,-0.1825885772705078,0.12680938839912415
1788051844208753400,16.78575341796875,-0.9119281768798828,0.04204273223876953,-0.20079757273197174
1788051844224823300,16.8018232421875,-1.3593404293060303,0.24207019805908203,-0.44197481870651245
1788051844240861700,16.81786181640625,-1.1261513233184814,0.4703340530395508,-0.7128723859786987
1788051844256900900,16.83390087890625,-1.1422216892242432,0.7035064697265625,-0.7430615425109863
1788051844272936400,16.8499365234375,-1.032888412475586,0.7910995483398438,-0.5096545815467834
1788051844289019000,16.866018798828126,-0.3303189277648926,0.5638265609741211,-0.04326924681663513
1788051844305106000,16.88210595703125,0.31581974029541016,0.3967905044555664,0.2522638738155365
1788051844321153000,16.898153076171877,0.33838510513305664,0.6192770004272461,0.20672523975372314
1788051844337207800,16.914207763671875,-0.41085124015808105,1.1195440292358398,0.16259558498859406
1788051844353209300,16.930209228515626,-1.2798974514007568,1.3132991790771484,-0.14245471358299255
1788051844369240800,16.94624072265625,-1.0651628971099854,1.3191776275634766,-0.6373893022537231
1788051844385294300,16.96229443359375,-0.026545286178588867,1.204519271850586,-0.7402554750442505
1788051844401349400,16.978349365234376,0.602473258972168,1.0801734924316406,-0.8423293828964233
1788051844417414100,16.9944140625,0.6056256294250488,0.809351921081543,-0.7229706048965454
1788051844433466000,17.010466064453126,0.16717267036437988,0.5658969879150391,-0.4975535273551941
1788051844449512700,17.0265126953125,0.0026373863220214844,0.2497243881225586,-0.3865259289741516
1788051844465563600,17.042563720703125,0.4834613800048828,-0.1924915313720703,-0.2850379943847656
1788051844481642500,17.058642578125,0.9941375255584717,-0.6309633255004883,0.022849544882774353
1788051844497720600,17.074720458984373,0.9928476810455322,-0.8433866500854492,0.2972258925437927
1788051844513783000,17.090782958984374,0.2676205635070801,-0.8690547943115234,0.26246434450149536
1788051844529837000,17.106837158203124,-0.5300071239471436,-0.7360639572143555,0.11498422920703888
1788051844545890800,17.122890869140626,-0.8624544143676758,-0.5900745391845703,0.09408435225486755
1788051844561968400,17.138968505859374,-1.0243744850158691,-0.4750833511352539,-0.007900692522525787
1788051844578043000,17.15504296875,-1.0709762573242188,-0.40770912170410156,0.1425727754831314
1788051844594020600,17.1710205078125,-0.7942228317260742,-0.37973690032958984,0.2575613856315613
1788051844610081300,17.187081298828126,-0.1828763484954834,-0.38295936584472656,0.4022720456123352
1788051844626157600,17.203157470703125,0.4106593132019043,-0.5144853591918945,0.4738035202026367
1788051844642186200,17.219186279296874,0.8183846473693848,-0.6155271530151367,0.5452826023101807
1788051844658217000,17.235217041015623,1.0972416400909424,-0.7339820861816406,0.4964745044708252
1788051844674234000,17.251234130859373,0.8786113262176514,-0.8041372299194336,0.5181894898414612
1788051844690302200,17.26730224609375,0.3400440216064453,-0.753758430480957,0.46694621443748474
1788051844706385200,17.28338525390625,-0.2346959114074707,-0.6917266845703125,0.4592643976211548
1788051844722434000,17.29943408203125,-0.8028061389923096,-0.5619611740112305,0.4640566110610962
1788051844738470100,17.31547021484375,-1.1545212268829346,-0.4601583480834961,0.46021568775177
1788051844754484500,17.331484375,-1.3009073734283447,-0.31397342681884766,0.39435794949531555
1788051844770566100,17.347566162109374,-1.236583948135376,-0.18617820739746094,0.22197887301445007
1788051844786609000,17.36360888671875,-0.9334955215454102,-0.12187767028808594,0.14855360984802246
1788051844802659300,17.379659423828127,-0.5893588066101074,-0.05753326416015625,0.1266472339630127
1788051844818720000,17.395719970703126,-0.09764862060546875,0.05081748962402344,0.0021188855171203613
1788051844834700500,17.411700439453124,0.24764037132263184,0.0713357925415039,-0.11593028903007507
1788051844850745900,17.427745849609376,0.4833052158355713,0.09248828887939453,-0.07509732246398926
1788051844866794800,17.443794677734374,0.5439691543579102,0.14048194885253906,-0.07104426622390747
1788051844882860000,17.459860107421875,0.4426589012145996,0.2573833465576172,-0.13899987936019897
1788051844898926800,17.4759267578125,0.19621634483337402,0.35297107696533203,-0.33635205030441284
1788051844914912500,17.49191259765625,0.10743474960327148,0.4669990539550781,-0.5233595967292786
1788051844930983200,17.507983154296873,0.12072944641113281,0.5133018493652344,-0.6580877900123596
1788051844947038000,17.524037841796876,0.2185826301574707,0.5853729248046875,-0.6985001564025879
1788051844963110000,17.54010986328125,0.24953961372375488,0.621708869934082,-0.5975020527839661
1788051844979182600,17.5561826171875,0.23942184448242188,0.7014694213867188,-0.5555953979492188
1788051844995174700,17.572174560546873,0.20364069938659668,0.9447126388549805,-0.6253931522369385
1788051845011233300,17.5882333984375,-0.36509203910827637,1.586338996887207,-0.7350780963897705
1788051845027295000,17.604294921875,-0.8578495979309082,1.7833385467529297,-0.6095715761184692
1788051845043377700,17.620377685546874,-0.9608993530273438,1.9722356796264648,-0.6855220198631287
1788051845059444200,17.6364443359375,-0.34144020080566406,1.866560935974121,0.19320523738861084
1788051845075438300,17.652438232421876,0.884807825088501,1.568094253540039,0.7831295132637024
1788051845091500000,17.6685,2.155226707458496,0.9459514617919922,1.03889799118042
1788051845107572000,17.684572021484374,2.746549606323242,0.3518495559692383,0.8778858184814453
1788051845123604700,17.700604736328124,2.244724750518799,-0.047588348388671875,0.409188449382782
1788051845139678500,17.716678466796875,1.457747459411621,-0.4319028854370117,-0.1939694881439209
1788051845155725800,17.732725830078124,1.0195412635803223,-0.6964111328125,-0.3971782326698303
1788051845171788500,17.74878857421875,0.5603349208831787,-0.7388172149658203,-0.2243114411830902
1788051845187858700,17.764858642578126,-0.08488774299621582,-0.6799201965332031,0.03583964705467224
1788051845203893500,17.7808935546875,-0.6461358070373535,-0.5866107940673828,0.21190118789672852
1788051845219933400,17.796933349609375,-1.0785226821899414,-0.3754110336303711,0.5335603356361389
1788051845235971800,17.812971923828126,-1.1435000896453857,-0.2673330307006836,0.8246023654937744
1788051845252060000,17.829059814453124,-1.010486364364624,-0.2006378173828125,0.9303274154663086
1788051845268150500,17.845150634765623,-0.5101895332336426,-0.19490337371826172,1.1811778545379639
1788051845284204000,17.8612041015625,0.09023332595825195,-0.2049427032470703,1.321727991104126
1788051845300258300,17.87725830078125,0.8708400726318359,-0.4240550994873047,1.356526255607605
1788051845316302000,17.893302001953124,1.519007921218872,-0.6844673156738281,0.9943199157714844
1788051845332339700,17.909339599609375,1.8405728340148926,-0.9669198989868164,0.39911359548568726
1788051845348377300,17.92537744140625,1.703437089920044,-1.1607065200805664,-0.26495617628097534
1788051845364443400,17.941443359375,1.143791913986206,-1.1550893783569336,-0.7426020503044128
1788051845380506600,17.957506591796875,0.49435949325561523,-1.0857892036437988,-0.9322904944419861
1788051845396562700,17.973562744140626,0.0014340877532958984,-0.9777851104736328,-1.023784875869751
1788051845412610000,17.989610107421875,-0.271942138671875,-0.798405647277832,-1.0555158853530884
1788051845428669400,18.00566943359375,-0.5605974197387695,-0.5602331161499023,-0.881488561630249
1788051845444750000,18.02175,-0.7843377590179443,-0.4104442596435547,-0.5591229796409607
1788051845460828400,18.037828369140627,-0.7534756660461426,-0.28040218353271484,-0.24416998028755188
1788051845476857600,18.053857666015624,-0.5491154193878174,-0.1347179412841797,0.10746434330940247
1788051845492921000,18.069921142578124,-0.14937567710876465,-0.0908517837524414,0.2996978163719177
1788051845508994300,18.085994384765623,0.37880420684814453,-0.0865640640258789,0.3874965310096741
1788051845525030400,18.102030517578125,0.927377462387085,-0.12511730194091797,0.4469459056854248
1788051845541105400,18.11810546875,1.4138445854187012,-0.1559009552001953,0.5133364796638489
1788051845557123000,18.134123046875,1.5323925018310547,-0.07338428497314453,0.5175082087516785
1788051845573185000,18.15018505859375,1.3115811347961426,0.036914825439453125,0.4147343635559082
1788051845589261300,18.16626123046875,0.8132166862487793,0.24479103088378906,0.024423662573099136
1788051845605309400,18.182309326171875,0.2649803161621094,0.39745330810546875,-0.3641554117202759
1788051845621350100,18.19835009765625,-0.06673240661621094,0.570866584777832,-0.6837801337242126
1788051845637371000,18.214370849609374,-0.09238481521606445,0.6024303436279297,-0.8580062389373779
1788051845653438700,18.230438720703123,-0.019293785095214844,0.7545680999755859,-0.8240805864334106
1788051845669521000,18.24652099609375,-0.09122371673583984,1.197007179260254,-0.5375356674194336
1788051845685565400,18.2625654296875,-0.5814039707183838,1.4658336639404297,-0.09300093352794647
1788051845701611500,18.278611572265625,-0.9192991256713867,1.5614519119262695,-0.04945230484008789
1788051845717589000,18.294589111328126,-0.6491255760192871,1.6220054626464844,-0.11723288893699646
1788051845733668600,18.310668701171874,0.2998337745666504,1.5096311569213867,0.010881751775741577
1788051845749700900,18.326700927734375,1.6574277877807617,1.110769271850586,0.10107757151126862
1788051845765745200,18.3427451171875,2.4689738750457764,0.6233272552490234,0.03369505703449249
1788051845781784600,18.35878466796875,2.465888023376465,0.22644996643066406,-0.1925157904624939
1788051845797798000,18.3747978515625,1.749870777130127,-0.13255786895751953,-0.5328869819641113
1788051845813878000,18.3908779296875,0.8868415355682373,-0.4610424041748047,-0.714930534362793
1788051845829923800,18.406923828125,0.27335476875305176,-0.7764053344726562,-0.6867474317550659
1788051845845985800,18.42298583984375,0.09677410125732422,-0.9766855239868164,-0.5325050354003906
1788051845862033400,18.439033447265626,0.2981579303741455,-1.1533188819885254,-0.3292042016983032
1788051845878008800,18.4550087890625,0.38003993034362793,-1.2148680686950684,-0.06255056709051132
1788051845894053000,18.47105322265625,0.07342648506164551,-1.1608991622924805,0.22294220328330994
1788051845910104800,18.487104736328124,-0.4258861541748047,-0.9991893768310547,0.3734983801841736
1788051845926173700,18.503173583984374,-0.5977864265441895,-0.8434534072875977,0.21504560112953186
1788051845942243000,18.5192431640625,-0.5855131149291992,-0.7285785675048828,0.03232727572321892
1788051845958277400,18.53527734375,-0.304837703704834,-0.6135959625244141,-0.03442512825131416
1788051845974327800,18.551327880859375,0.036012887954711914,-0.52301025390625,0.07787527143955231
1788051845990390000,18.56739013671875,0.5971205234527588,-0.44949913024902344,0.15281037986278534
1788051846006473500,18.583473388671877,1.1824047565460205,-0.4232053756713867,0.1919558197259903
1788051846022543000,18.599543212890627,1.7371339797973633,-0.43645381927490234,0.04645020514726639
1788051846038578700,18.61557861328125,2.147355079650879,-0.5177764892578125,-0.22907675802707672
1788051846054642000,18.631641845703125,2.177187204360962,-0.5639028549194336,-0.3855220079421997
1788051846070711000,18.6477109375,1.5831084251403809,-0.5535249710083008,-0.5045303702354431
1788051846086745600,18.66374560546875,0.8617401123046875,-0.4901580810546875,-0.4821183383464813
1788051846102779400,18.679779296875,0.32989978790283203,-0.4748849868774414,-0.4460144639015198
1788051846118823000,18.695822998046875,-0.01843881607055664,-0.43532848358154297,-0.3240405321121216
1788051846134890800,18.711890869140625,-0.18971586227416992,-0.34420013427734375,-0.22098025679588318
1788051846150965800,18.7279658203125,-0.1824932098388672,-0.3183450698852539,-0.1349155455827713
1788051846167038000,18.744037841796874,-0.2039346694946289,-0.1787109375,-0.03047492727637291
1788051846183085800,18.7600859375,-0.24636030197143555,-0.07157421112060547,0.03627922758460045
1788051846199081000,18.7760810546875,-0.23629188537597656,0.03810405731201172,-0.0024766195565462112
1788051846215114500,18.792114501953126,-0.18909835815429688,0.049071311950683594,0.04513707011938095
1788051846231152000,18.808152099609377,-0.019163131713867188,0.092041015625,0.02746785245835781
1788051846247206100,18.8242060546875,0.1551508903503418,0.043025970458984375,0.015963876619935036
1788051846263271000,18.84027099609375,0.2204575538635254,0.009022712707519531,0.04170475900173187
1788051846279327500,18.856327392578127,0.22691774368286133,-0.07571792602539062,0.07834843546152115
1788051846295359500,18.872359375,0.21820497512817383,-0.1803913116455078,0.07232318818569183
1788051846311402500,18.888402587890624,0.23521852493286133,-0.16029071807861328,0.030572831630706787
1788051846327464400,18.90446435546875,0.2937502861022949,0.0006427764892578125,0.047354161739349365
1788051846343538000,18.920537841796875,0.16009759902954102,0.24456024169921875,-0.06738865375518799
1788051846359555000,18.93655517578125,-0.2631525993347168,0.5891590118408203,-0.2654308080673218
1788051846375604000,18.95260400390625,-0.7656874656677246,0.8683204650878906,-0.6290487051010132
1788051846391650300,18.968650390625,-1.2297916412353516,1.2772789001464844,-0.6270309686660767
1788051846407723300,18.98472314453125,-1.1477725505828857,1.303384780883789,-0.545125424861908
1788051846423797200,19.00079736328125,-0.7202682495117188,1.2438468933105469,-0.2994534969329834
1788051846439821000,19.016821044921876,-0.1414203643798828,1.056534767150879,0.04101209342479706
1788051846455884800,19.032884765625,0.36653566360473633,0.7876205444335938,0.3117305040359497
1788051846471942700,19.048942626953124,0.7784066200256348,0.4434633255004883,0.5245446562767029
1788051846487983400,19.0649833984375,0.8487534523010254,0.1290760040283203,0.5981532335281372
1788051846504013600,19.081013671875,0.2869105339050293,-0.060456275939941406,0.5611044764518738
1788051846519993600,19.09699365234375,-0.6596686840057373,-0.07648944854736328,0.3343450725078583
1788051846536054800,19.1130546875,-1.3847694396972656,-0.0004329681396484375,0.13669629395008087
1788051846552116200,19.1291162109375,-1.6015040874481201,0.061995506286621094,-0.04919980466365814
1788051846568152600,19.145152587890625,-1.304816722869873,0.10106277465820312,-0.090441033244133
1788051846584181500,19.161181396484373,-1.0865955352783203,0.16516685485839844,-0.12589256465435028
1788051846600161500,19.17716162109375,-0.980614423751831,0.1669902801513672,-0.06984803080558777
1788051846616238000,19.193238037109374,-0.7592763900756836,0.1145009994506836,0.08588409423828125
1788051846632325400,19.209325439453124,-0.368579626083374,0.15670394897460938,0.2482070028781891
1788051846648378600,19.225378662109375,0.22298002243041992,0.2097492218017578,0.2494231015443802
1788051846664430000,19.24143017578125,0.721771240234375,0.118316650390625,0.23752106726169586
1788051846680445400,19.257445556640626,1.053560733795166,0.05835151672363281,0.2249845266342163
1788051846696478700,19.273478759765624,1.0723094940185547,0.007917404174804688,0.1875140368938446
1788051846712514800,19.289514892578126,0.6604719161987305,0.05457305908203125,0.217259481549263
1788051846728574700,19.30557470703125,0.05163097381591797,0.07217121124267578,0.2546200752258301
1788051846744634400,19.32163427734375,-0.357572078704834,0.05742835998535156,0.29915452003479004
1788051846760651500,19.337651611328123,-0.6190857887268066,0.0634918212890625,0.2665872871875763
1788051846776687900,19.35368798828125,-0.6662154197692871,0.06281757354736328,0.15409749746322632
1788051846792774700,19.369774658203124,-0.5112903118133545,0.09389305114746094,0.10072159767150879
1788051846808832300,19.385832275390626,-0.305819034576416,0.14021682739257812,-0.0005503296852111816
1788051846824894500,19.40189453125,-0.12119293212890625,0.15711593627929688,-0.11642038822174072
1788051846840876800,19.417876708984377,0.07072114944458008,0.20236682891845703,-0.205497145652771
1788051846856926000,19.433926025390626,0.03369855880737305,0.2734222412109375,-0.31280073523521423
1788051846872980200,19.449980224609376,-0.16205453872680664,0.3364543914794922,-0.4807850420475006
1788051846889060900,19.466060791015625,-0.09667253494262695,0.33939361572265625,-0.6048688292503357
1788051846905141800,19.482141845703126,0.16994190216064453,0.3443937301635742,-0.618290901184082
1788051846921130500,19.498130615234373,0.42217445373535156,0.3277091979980469,-0.6348997950553894
1788051846937184500,19.5141845703125,0.5743284225463867,0.2945594787597656,-0.6872045993804932
1788051846953240800,19.53024072265625,0.6339020729064941,0.2768535614013672,-0.6436430811882019
1788051846969275400,19.546275390625,0.45674848556518555,0.25260448455810547,-0.634811520576477
1788051846985310700,19.562310791015626,0.15025806427001953,0.2316293716430664,-0.5717740654945374
1788051847001305600,19.5783056640625,-0.2066669464111328,0.22469711303710938,-0.5013329982757568
1788051847017372400,19.594372314453125,-0.5638885498046875,0.2408771514892578,-0.36965280771255493
1788051847033438200,19.610438232421874,-0.7308821678161621,0.26254749298095703,-0.31109511852264404
1788051847049457400,19.62645751953125,-0.6993851661682129,0.25063323974609375,-0.3619277775287628
1788051847065496600,19.64249658203125,-0.5863549709320068,0.29116058349609375,-0.44934654235839844
1788051847081500000,19.6585,-0.5715553760528564,0.36170101165771484,-0.5480591058731079
1788051847097569300,19.6745693359375,-0.4193687438964844,0.3288240432739258,-0.608176052570343
1788051847113644800,19.690644775390624,-0.24579143524169922,0.30553531646728516,-0.7362555861473083
1788051847129693200,19.706693115234376,-0.009443998336791992,0.2796039581298828,-0.8889230489730835
1788051847145744100,19.722744140625,0.176422119140625,0.18570327758789062,-0.971731424331665
1788051847161739500,19.738739501953123,0.39292359352111816,0.12343978881835938,-1.08668851852417
1788051847177771800,19.754771728515625,0.6326870918273926,-0.008852958679199219,-1.1170098781585693
1788051847193814300,19.770814208984376,0.6904058456420898,-0.09288692474365234,-1.026360273361206
1788051847209875200,19.786875244140624,0.6438844203948975,-0.18297481536865234,-0.8043526411056519
1788051847225932000,19.80293212890625,0.544187068939209,-0.1993265151977539,-0.6174676418304443
1788051847241933600,19.81893359375,0.3781776428222656,-0.27064037322998047,-0.413517564535141
1788051847257973500,19.834973388671877,0.20426654815673828,-0.3186197280883789,-0.2865712344646454
1788051847274023400,19.8510234375,0.08777999877929688,-0.43357086181640625,-0.12345221638679504
1788051847290092800,19.8670927734375,0.30597472190856934,-0.5264959335327148,-0.010841429233551025
1788051847306163500,19.88316357421875,0.7148828506469727,-0.6476202011108398,0.1564846932888031
1788051847322176800,19.8991767578125,0.9492406845092773,-0.6922531127929688,0.19171002507209778
1788051847338224400,19.915224365234376,0.9483621120452881,-0.6164226531982422,0.10743895173072815
1788051847354280400,19.931280517578124,0.7773725986480713,-0.5616893768310547,0.003515481948852539
1788051847370353400,19.947353515625,0.5933291912078857,-0.5174894332885742,-0.07075858116149902
1788051847386425000,19.963425048828125,0.6819248199462891,-0.4753570556640625,-0.24602222442626953
1788051847402400300,19.979400146484377,1.3968112468719482,-0.4732179641723633,-0.3867737054824829
1788051847418454300,19.995454345703124,2.073085069656372,-0.4479093551635742,-0.4454057216644287
1788051847434501400,20.01150146484375,2.3731749057769775,-0.3650016784667969,-0.49960821866989136
1788051847450529800,20.02752978515625,2.223356246948242,-0.30809879302978516,-0.48118889331817627
1788051847466562300,20.043562255859374,1.8174583911895752,-0.40566349029541016,-0.2742573618888855
1788051847482537000,20.059536865234374,1.6590259075164795,-0.45105552673339844,-0.20645219087600708
1788051847498603000,20.07560302734375,1.802703619003296,-0.5338821411132812,-0.17333465814590454
1788051847514673000,20.0916728515625,2.1293907165527344,-0.5509319305419922,-0.1409902572631836
1788051847530710500,20.10771044921875,2.1571061611175537,-0.5657787322998047,0.0506402850151062
1788051847546747600,20.12374755859375,1.8768210411071777,-0.3660707473754883,0.23146659135818481
1788051847562723300,20.139723388671875,1.5209951400756836,-0.1279888153076172,0.20922917127609253
1788051847578795300,20.155795166015626,1.434661865234375,-0.02649974822998047,0.13295555114746094
1788051847594862300,20.1718623046875,1.4744696617126465,0.041675567626953125,0.037204086780548096
1788051847610894800,20.187894775390625,1.7653403282165527,-0.021775245666503906,0.08920764923095703
1788051847626938600,20.203938720703125,2.2545652389526367,-0.2221813201904297,0.14295053482055664
1788051847642911200,20.2199111328125,2.747002601623535,-0.3535642623901367,0.04052996635437012
1788051847658983400,20.2359833984375,2.8423404693603516,-0.4550209045410156,-0.058193206787109375
1788051847675066000,20.252066162109376,2.6385459899902344,-0.4740333557128906,-0.2773921489715576
1788051847691115500,20.268115478515625,2.0707640647888184,-0.4755973815917969,-0.2105041742324829
1788051847707168500,20.28416845703125,1.272045612335205,-0.43288230895996094,-0.07800948619842529
1788051847723190500,20.3001904296875,0.572638988494873,-0.3747272491455078,0.1389581561088562
1788051847739227100,20.31622705078125,0.3622920513153076,-0.2930898666381836,0.328749418258667
1788051847755305000,20.332304931640625,0.4600067138671875,-0.2639350891113281,0.5394686460494995
1788051847771366000,20.348365966796877,0.7404019832611084,-0.2997312545776367,0.7787917256355286
1788051847787422500,20.36442236328125,0.8454675674438477,-0.34036827087402344,0.8926817774772644
1788051847803446300,20.3804462890625,0.9797723293304443,-0.4167003631591797,0.826812207698822
1788051847819487700,20.39648779296875,1.0253331661224365,-0.5002222061157227,0.6529910564422607
1788051847835537200,20.412537109375,0.9329404830932617,-0.5535087585449219,0.5081368684768677
1788051847851604000,20.42860400390625,0.6424694061279297,-0.6002483367919922,0.459116667509079
1788051847867678200,20.44467822265625,0.2585122585296631,-0.5677404403686523,0.3952861726284027
1788051847883670500,20.46067041015625,-0.09421110153198242,-0.4931001663208008,0.256209135055542
1788051847899719400,20.476719482421874,-0.051779985427856445,-0.5344991683959961,0.06088674068450928
1788051847915768000,20.49276806640625,0.4394106864929199,-0.6308736801147461,0.05451226234436035
1788051847931795200,20.508795166015624,0.7331070899963379,-0.8052005767822266,0.22112900018692017
1788051847947819300,20.5248193359375,0.685335636138916,-0.6827249526977539,0.40878161787986755
1788051847963810600,20.540810546875,0.19299912452697754,-0.07938385009765625,0.4590747058391571
1788051847979870500,20.556870361328127,-0.4901154041290283,0.39873695373535156,0.8142518997192383
1788051847995922400,20.57292236328125,-0.9950764179229736,0.46192455291748047,1.0310615301132202
1788051848011950800,20.588950927734373,-0.48186588287353516,0.4790630340576172,0.5729126930236816
1788051848027981000,20.60498095703125,1.0142788887023926,0.14003276824951172,0.6832049489021301
1788051848044010000,20.621010009765627,2.726663589477539,-0.24441814422607422,1.0377508401870728
1788051848060088000,20.637088134765627,3.7244532108306885,-0.6261472702026367,1.1431865692138672
1788051848076154400,20.653154296875,3.6719424724578857,-0.7068758010864258,1.090895175933838
1788051848092210000,20.6692099609375,2.3369975090026855,-0.5640125274658203,1.180196762084961
1788051848108256300,20.68525634765625,0.9087872505187988,-0.22096824645996094,1.269311785697937
1788051848124273200,20.701273193359373,-0.5117213726043701,0.08487892150878906,1.3818159103393555
1788051848140307200,20.71730712890625,-1.3113152980804443,0.22054481506347656,1.461544394493103
1788051848156356400,20.7333564453125,-1.661076307296753,0.29799461364746094,1.544121503829956
1788051848172405000,20.749405029296874,-1.3368501663208008,0.21300888061523438,1.3851372003555298
1788051848188455000,20.765454833984375,-0.47915124893188477,0.056616783142089844,1.3437707424163818
1788051848204460300,20.781460205078126,0.48361730575561523,-0.03385353088378906,1.4391746520996094
1788051848220496100,20.79749609375,1.1266930103302002,-0.10262393951416016,1.515132188796997
1788051848236530200,20.8135302734375,1.1507062911987305,-0.10154438018798828,1.6040382385253906
1788051848252596500,20.829596435546875,0.99275803565979,-0.0765523910522461,1.611642837524414
1788051848268652800,20.84565283203125,0.8179006576538086,-0.02388286590576172,1.4674656391143799
1788051848284660700,20.86166064453125,0.6630167961120605,0.030684471130371094,1.4892284870147705
1788051848300707300,20.877707275390627,0.6469242572784424,0.07313823699951172,1.623539924621582
1788051848316767700,20.893767822265627,0.6284444332122803,0.09208869934082031,1.718858003616333
1788051848332841000,20.909841064453126,0.5087215900421143,0.06771183013916016,1.8100813627243042
1788051848348917800,20.925917724609373,0.3455655574798584,0.052506446838378906,1.9168100357055664
1788051848364940800,20.94194091796875,0.1405351161956787,0.03726959228515625,1.847333312034607
1788051848380997000,20.9579970703125,0.0528414249420166,-0.02696990966796875,1.6209882497787476
1788051848397066500,20.97406640625,0.11203885078430176,-0.07480239868164062,1.463505506515503
1788051848413096200,20.99009619140625,0.2148275375366211,-0.12122726440429688,1.3837652206420898
1788051848429132800,21.0061328125,0.34690189361572266,-0.21955394744873047,1.3512290716171265
1788051848445111300,21.022111328125,0.47330451011657715,-0.3270912170410156,1.2729501724243164
1788051848461172500,21.03817236328125,0.5455210208892822,-0.4179344177246094,1.1561986207962036
1788051848477249300,21.054249267578125,0.5797481536865234,-0.4865303039550781,0.9813821911811829
1788051848493294800,21.070294921875,0.45687294006347656,-0.48175811767578125,0.8411458730697632
1788051848509343500,21.086343505859375,0.013575077056884766,-0.33234691619873047,0.7776094675064087
1788051848525321700,21.10232177734375,-0.5667273998260498,-0.1392345428466797,0.7401301860809326
1788051848541396200,21.118396240234375,-0.8378105163574219,0.007871627807617188,0.6814920902252197
1788051848557467100,21.134467041015625,-0.717487096786499,0.1927928924560547,0.6802813410758972
1788051848573514500,21.150514404296874,-0.5183920860290527,0.3778705596923828,0.6584564447402954
1788051848589569500,21.166569580078125,-0.3943593502044678,0.5818166732788086,0.4831860661506653
1788051848605548300,21.18254833984375,-0.3646061420440674,0.7014427185058594,0.34684109687805176
1788051848621632500,21.198632568359375,-0.14284539222717285,0.7463779449462891,0.18417978286743164
1788051848637679000,21.21467919921875,0.2920660972595215,0.6594638824462891,0.13112783432006836
1788051848653734000,21.23073388671875,0.6487045288085938,0.5557718276977539,0.21471810340881348
1788051848669798100,21.246798095703124,0.7784693241119385,0.32628917694091797,0.3618491291999817
1788051848685776600,21.262776611328125,0.6059689521789551,0.1568775177001953,0.4657570719718933
1788051848701818000,21.278818115234376,0.0663297176361084,0.0820608139038086,0.665367841720581
1788051848717874400,21.29487451171875,-0.4307115077972412,0.07836532592773438,0.6205793023109436
1788051848733941500,21.31094140625,-0.7987468242645264,0.12462711334228516,0.4371587038040161
1788051848750020000,21.32702001953125,-0.9423580169677734,0.12627410888671875,0.2738981246948242
1788051848766017000,21.34301708984375,-0.8925158977508545,0.1012582778930664,0.19973856210708618
1788051848782076700,21.35907666015625,-0.8106522560119629,0.053150177001953125,0.12836700677871704
1788051848798147300,21.375147216796876,-0.6072757244110107,0.003765106201171875,-0.07394039630889893
1788051848814182000,21.391181884765626,-0.38349318504333496,-0.02373981475830078,-0.2947062849998474
1788051848830214400,21.40721435546875,-0.14958739280700684,-0.007672309875488281,-0.449249804019928
1788051848846215200,21.423215087890625,0.13029170036315918,0.035094261169433594,-0.6414243578910828
1788051848862281500,21.439281494140626,0.2227306365966797,0.11987018585205078,-0.814083993434906
1788051848878356200,21.455356201171874,0.2665131092071533,0.17165756225585938,-0.963469922542572
1788051848894388500,21.471388427734375,0.2290027141571045,0.2684974670410156,-1.0168014764785767
1788051848910429700,21.4874296875,0.1641523838043213,0.30513763427734375,-1.0125787258148193
1788051848926442000,21.50344189453125,0.15463519096374512,0.3532285690307617,-0.8846813440322876
1788051848942513200,21.51951318359375,0.05585336685180664,0.3355703353881836,-0.6399922966957092
1788051848958594000,21.535593994140626,-0.038950204849243164,0.29273128509521484,-0.44442030787467957
1788051848974627600,21.551627685546876,-0.06442952156066895,0.23236846923828125,-0.37342387437820435
1788051848990678300,21.56767822265625,-0.06423115730285645,0.2168416976928711,-0.29803192615509033
1788051849006727700,21.583727783203123,0.0010077953338623047,0.1580810546875,-0.24342691898345947
1788051849022757400,21.59975732421875,0.012805700302124023,0.09495925903320312,-0.1962573230266571
1788051849038795500,21.61579541015625,0.033913373947143555,0.10157203674316406,-0.2593883275985718
1788051849054848000,21.631847900390625,-0.03186464309692383,0.13148021697998047,-0.43070700764656067
1788051849070901000,21.64790087890625,-0.14409279823303223,0.21474075317382812,-0.6776774525642395
1788051849086905600,21.663905517578126,-0.18776535987854004,0.2509174346923828,-0.7423708438873291
1788051849102942000,21.67994189453125,-0.29285264015197754,0.24048900604248047,-0.6725833415985107
1788051849118998800,21.695998779296875,-0.30602359771728516,0.22893905639648438,-0.4817727506160736
1788051849135056400,21.712056396484375,-0.24399948120117188,0.1981067657470703,-0.2922840416431427
1788051849151128000,21.728128173828125,-0.258176326751709,0.20074748992919922,-0.21956366300582886
1788051849167145200,21.744145263671875,-0.3660438060760498,0.20724964141845703,-0.2356044054031372
1788051849183191600,21.760191650390624,-0.4386305809020996,0.20577335357666016,-0.236163929104805
1788051849199254000,21.77625390625,-0.33083057403564453,0.18822383880615234,-0.26486045122146606
1788051849215332000,21.79233203125,-0.176560640335083,0.13980388641357422,-0.26072293519973755
1788051849231406300,21.80840625,0.016851186752319336,0.04719257354736328,-0.17682664096355438
1788051849247425500,21.824425537109374,0.11104846000671387,-0.015630722045898438,-0.09073708951473236
1788051849263478300,21.840478271484375,0.07242345809936523,-0.0674285888671875,-0.06253069639205933
1788051849279545300,21.85654541015625,0.06247663497924805,0.00047588348388671875,-0.1442261040210724
1788051849295623400,21.87262353515625,0.0011210441589355469,0.041548728942871094,-0.16559578478336334
1788051849311659000,21.888658935546875,-0.18946051597595215,0.10801315307617188,-0.1646205186843872
1788051849327732200,21.904732177734374,-0.4841325283050537,0.20317459106445312,-0.17256401479244232
1788051849343796700,21.920796630859375,-0.4444558620452881,0.1986064910888672,-0.1366727650165558
1788051849359870500,21.936870361328126,0.0027256011962890625,0.21116161346435547,-0.07864274829626083
1788051849375909600,21.95290966796875,0.17363882064819336,0.17437267303466797,0.07055997103452682
1788051849391955000,21.968954833984377,0.06077980995178223,0.18264007568359375,0.052714526653289795
1788051849407925800,21.98492578125,-0.1737678050994873,0.18163013458251953,0.07342720031738281
1788051849423997000,22.000996826171875,-0.08395648002624512,0.20888519287109375,0.07594707608222961
1788051849440085000,22.0170849609375,0.07555294036865234,0.21064281463623047,-0.027427375316619873
1788051849456135200,22.03313525390625,0.1426699161529541,0.1760883331298828,-0.14837312698364258
1788051849472184000,22.04918408203125,0.017174482345581055,0.1687917709350586,-0.12956979870796204
1788051849488158200,22.065158203125,-0.14787650108337402,0.1457509994506836,-0.06408055126667023
1788051849504194600,22.081194580078126,-0.23261213302612305,0.14616012573242188,-0.06272183358669281
1788051849520238600,22.097238525390626,-0.2897007465362549,0.203521728515625,-0.1298481822013855
1788051849536294000,22.1132939453125,-0.2908635139465332,0.19590091705322266,-0.1130325049161911
1788051849552346600,22.1293466796875,-0.169144868850708,0.22483348846435547,-0.14146994054317474
1788051849568322800,22.14532275390625,-0.11560726165771484,0.212066650390625,-0.17815613746643066
1788051849584363300,22.16136328125,-0.024991989135742188,0.21747875213623047,-0.23251375555992126
1788051849600412200,22.177412109375,0.07369780540466309,0.20048236846923828,-0.19217121601104736
1788051849616478700,22.193478759765625,0.08217501640319824,0.20089435577392578,-0.20876404643058777
1788051849632551700,22.2095517578125,0.08702898025512695,0.1793079376220703,-0.15980932116508484
1788051849648537300,22.225537353515627,-0.04025721549987793,0.1593780517578125,-0.05352116376161575
1788051849664590800,22.2415908203125,-0.12123346328735352,0.1860942840576172,0.10818783938884735
1788051849680649500,22.2576494140625,-0.10321545600891113,0.16940689086914062,0.17938554286956787
1788051849696725200,22.273725341796876,-0.04751706123352051,0.15058231353759766,0.2746700644493103
1788051849712804900,22.289804931640624,0.015280008316040039,0.10067939758300781,0.32848846912384033
1788051849728801000,22.305801025390625,0.10410213470458984,0.010213851928710938,0.36665624380111694
1788051849744851700,22.321851806640623,0.17500519752502441,-0.07258129119873047,0.3996972441673279
1788051849760924000,22.337923828125,0.268139123916626,-0.11870956420898438,0.48565953969955444
1788051849776958000,22.3539580078125,0.20882916450500488,-0.19039154052734375,0.6274890899658203
1788051849792998400,22.369998291015627,-0.01795482635498047,-0.18723678588867188,0.6094345450401306
1788051849809003300,22.386003173828126,-0.34377145767211914,-0.11553955078125,0.4976083040237427
1788051849825071400,22.4020712890625,-0.7079782485961914,-0.023387908935546875,0.5571547746658325
1788051849841147000,22.41814697265625,-1.0513391494750977,0.1542673110961914,0.6438000202178955
1788051849857148200,22.434148193359373,-1.132012128829956,0.26848602294921875,0.6531035304069519
1788051849873194000,22.450194091796874,-1.1091928482055664,0.3014192581176758,0.6309870481491089
1788051849889205800,22.466205810546874,-0.9280552864074707,0.3569345474243164,0.5882593393325806
1788051849905281500,22.482281494140626,-0.5948328971862793,0.29273128509521484,0.5320426225662231
1788051849921368800,22.498368896484376,-0.2549304962158203,0.30461883544921875,0.3811054825782776
1788051849937418000,22.51441796875,-0.16713523864746094,0.3165578842163086,0.07124403119087219
1788051849953474000,22.53047412109375,-0.11503934860229492,0.31986045837402344,-0.16587430238723755
1788051849969467600,22.546467529296876,-0.042031049728393555,0.28402042388916016,-0.35652196407318115
1788051849985499600,22.562499755859374,-0.08342432975769043,0.33835601806640625,-0.3385803699493408
1788051850001543000,22.57854296875,-0.2934088706970215,0.37714290618896484,-0.3817856013774872
1788051850017587200,22.594587158203126,-0.5671682357788086,0.3757896423339844,-0.40858110785484314
1788051850033654000,22.610654052734375,-0.6811871528625488,0.3365316390991211,-0.3994002938270569
1788051850049665800,22.626665771484376,-0.849233865737915,0.3017711639404297,-0.2722970247268677
1788051850065708300,22.642708251953124,-0.9083070755004883,0.23653507232666016,-0.0892573744058609
1788051850081766000,22.658765869140623,-0.8402454853057861,0.1070108413696289,0.12538403272628784
1788051850097842700,22.6748427734375,-0.6955811977386475,-0.024397850036621094,0.33835241198539734
1788051850113921500,22.690921630859375,-0.5664710998535156,-0.07609081268310547,0.4837786555290222
1788051850129942000,22.70694189453125,-0.48500943183898926,-0.1181793212890625,0.5603700876235962
1788051850146000100,22.723000244140625,-0.32357215881347656,-0.15105056762695312,0.4937814772129059
1788051850162067700,22.739067626953126,-0.09090852737426758,-0.11675071716308594,0.40868133306503296
1788051850178151400,22.7551513671875,0.2346341609954834,-0.05118274688720703,0.37256139516830444
1788051850194185200,22.771185302734374,0.3995797634124756,-0.013429641723632812,0.3785305321216583
1788051850210210000,22.7872099609375,0.466076135635376,0.0029153823852539062,0.28049689531326294
1788051850226266000,22.80326611328125,0.4441945552825928,0.006546974182128906,0.29171866178512573
1788051850242340900,22.8193408203125,0.3652069568634033,0.03082561492919922,0.2736169099807739
1788051850258333200,22.835333251953124,0.21761703491210938,0.09868621826171875,0.33022114634513855
1788051850274369300,22.851369384765626,0.11232113838195801,0.1005544662475586,0.32492727041244507
1788051850290347000,22.867346923828126,0.16920208930969238,0.047595977783203125,0.37683790922164917
1788051850306417700,22.883417724609377,0.34436702728271484,-0.006543159484863281,0.3084712326526642
1788051850322493700,22.89949365234375,0.4876391887664795,-0.0399169921875,0.21945947408676147
1788051850338541800,22.915541748046873,0.48435354232788086,0.1884174346923828,0.09270837903022766
1788051850354579700,22.931579833984376,0.0773169994354248,0.5574522018432617,0.1180165708065033
1788051850370555600,22.9475556640625,-0.3566601276397705,0.7723264694213867,0.015550762414932251
1788051850386631400,22.96363134765625,-0.8473012447357178,0.9788618087768555,-0.39524728059768677
1788051850402706400,22.97970654296875,-0.716325044631958,0.915339469909668,-0.5315613150596619
1788051850418748200,22.995748046875,0.21889114379882812,0.748164176940918,-0.9092060327529907
1788051850434799000,23.011799072265624,1.3406453132629395,0.41880226135253906,-0.9471515417098999
1788051850450813200,23.027813232421874,2.583674669265747,0.20952796936035156,-1.01216721534729
1788051850466849300,23.043849365234376,3.2163491249084473,-0.0236663818359375,-0.8971803188323975
1788051850482881300,23.05988134765625,2.825147867202759,-0.15972137451171875,-0.7229745388031006
1788051850498905300,23.0759052734375,1.9339563846588135,-0.3171253204345703,-0.5758894085884094
1788051850514958800,23.091958740234375,1.0700294971466064,-0.4951047897338867,-0.426787793636322
1788051850530977000,23.10797705078125,0.5827100276947021,-0.6656255722045898,-0.44418710470199585
1788051850547014700,23.1240146484375,0.1063227653503418,-0.7325868606567383,-0.556447446346283
1788051850563051800,23.1400517578125,-0.3366086483001709,-0.6724081039428711,-0.6439468860626221
1788051850579102200,23.156102294921876,-0.5901448726654053,-0.4778308868408203,-0.8462073802947998
1788051850595160800,23.172160888671876,-0.49837398529052734,-0.2722959518432617,-1.1387834548950195
1788051850611145000,23.18814501953125,-0.38899874687194824,-0.049269676208496094,-1.334648847579956
1788051850627194000,23.204194091796875,-0.3115396499633789,0.10320472717285156,-1.425335168838501
1788051850643254000,23.22025390625,-0.12164878845214844,0.1260528564453125,-1.2538245916366577
1788051850659329000,23.2363291015625,0.327664852142334,0.05104827880859375,-0.8139519691467285
1788051850675403300,23.2524033203125,0.9129235744476318,-0.044875144958496094,-0.4705808758735657
1788051850691434200,23.268434326171874,1.25242280960083,-0.18060684204101562,-0.20919980108737946
1788051850707486500,23.284486572265624,1.3964247703552246,-0.34198665618896484,0.0007987618446350098
1788051850723555300,23.300555419921874,1.1364572048187256,-0.42557811737060547,0.11869141459465027
1788051850739592400,23.316592529296877,0.3839116096496582,-0.4906015396118164,0.130863219499588
1788051850755626500,23.33262646484375,-0.3369441032409668,-0.43906593322753906,0.006248101592063904
1788051850771671000,23.348671142578127,-0.64031982421875,-0.4124002456665039,-0.11640709638595581
1788051850787737000,23.364737060546876,-0.6945264339447021,-0.3539752960205078,-0.26418665051460266
1788051850803809300,23.380809326171875,-0.6620452404022217,-0.2659416198730469,-0.3253004550933838
1788051850819845600,23.396845703125,-0.6447715759277344,-0.18895912170410156,-0.4660760164260864
1788051850835885000,23.412885009765624,-0.5750811100006104,-0.1653766632080078,-0.5883907079696655
1788051850851894500,23.42889453125,-0.3674473762512207,-0.13648128509521484,-0.6940569281578064
1788051850867967200,23.44496728515625,-0.058609962463378906,-0.14980411529541016,-0.6647908091545105
1788051850884054000,23.461053955078125,0.1510913372039795,-0.15537357330322266,-0.6692996621131897
1788051850900109800,23.47710986328125,0.1035318374633789,-0.16232585906982422,-0.4872434139251709
1788051850916165000,23.4931650390625,-0.011559724807739258,-0.17811298370361328,-0.23032939434051514
1788051850932219400,23.509219482421877,0.025774478912353516,-0.19440174102783203,0.00596870481967926
1788051850948257000,23.525257080078124,0.04303264617919922,-0.18140220642089844,0.16145765781402588
1788051850964302800,23.541302734375,0.18677568435668945,-0.12262535095214844,0.14314736425876617
1788051850980357000,23.557357177734374,0.44846630096435547,-0.02822589874267578,0.06811271607875824
1788051850996422100,23.573422119140623,0.6139688491821289,0.14181804656982422,-0.067787304520607
1788051851012430300,23.589430419921875,0.2215440273284912,0.3124570846557617,-0.14355610311031342
1788051851028475000,23.605474853515624,-0.2682802677154541,0.44884395599365234,-0.25714653730392456
1788051851044527400,23.62152734375,-0.40183186531066895,0.621647834777832,-0.29046177864074707
1788051851060601600,23.6376015625,-0.311603307723999,0.6752967834472656,-0.23972441256046295
1788051851076669400,23.65366943359375,-0.16982173919677734,0.7413787841796875,-0.2905544340610504
1788051851092680400,23.669680419921875,-0.07848143577575684,0.7630586624145508,-0.37665289640426636
1788051851108728600,23.685728515625,0.278491735458374,0.7916374206542969,-0.4795509874820709
1788051851124787200,23.701787109375,0.8758523464202881,0.9020423889160156,-0.4724598526954651
1788051851140854000,23.71785400390625,0.7858824729919434,1.2717256546020508,-0.5710330605506897
1788051851156881200,23.733881103515625,-0.21645307540893555,1.2946138381958008,-0.3274841010570526
1788051851172902400,23.74990234375,-0.9967944622039795,1.3270626068115234,-0.08522811532020569
1788051851188957400,23.76595751953125,-0.9243617057800293,1.2158536911010742,0.47244757413864136
1788051851205013000,23.782012939453125,0.18485784530639648,0.7803306579589844,1.0312631130218506
1788051851221047600,23.798047607421875,1.5845715999603271,0.19794368743896484,1.266370177268982
1788051851237118500,23.814118408203125,2.8995814323425293,-0.3748922348022461,1.2053567171096802
1788051851253132000,23.830132080078126,3.4416069984436035,-0.8771400451660156,0.8415864706039429
1788051851269198300,23.8461982421875,3.003852367401123,-0.9870977401733398,0.1052669882774353
1788051851285269200,23.862269287109374,1.6888351440429688,-1.1096997261047363,-0.10438904166221619
1788051851301315000,23.878315185546874,0.39742612838745117,-0.9876422882080078,-0.03373333811759949
1788051851317348000,23.89434814453125,-0.5414156913757324,-0.788060188293457,0.19655629992485046
1788051851333364200,23.9103642578125,-1.083643913269043,-0.5642967224121094,0.5455379486083984
1788051851349444000,23.926444091796874,-1.3555207252502441,-0.3557701110839844,0.9491229057312012
1788051851365522400,23.9425224609375,-1.3742330074310303,-0.28643035888671875,1.2588026523590088
1788051851381575400,23.958575439453124,-1.1936511993408203,-0.3926105499267578,1.3171634674072266
1788051851397630000,23.9746298828125,-0.8591253757476807,-0.5237636566162109,1.103650450706482
1788051851413610200,23.9906103515625,-0.3930380344390869,-0.7258548736572266,0.93007892370224
1788051851429693200,24.006693115234373,0.3420567512512207,-1.0078926086425781,0.9139784574508667
1788051851445729800,24.022729736328124,0.9945769309997559,-1.2654776573181152,1.0004280805587769
1788051851461791200,24.038791259765624,0.5985102653503418,-1.5224523544311523,0.9770525097846985
1788051851477847800,24.054847900390627,-0.5994110107421875,-1.5038542747497559,0.5151615738868713
1788051851493868300,24.070868408203125,-1.1357686519622803,-1.5536322593688965,0.3412818908691406
1788051851509913600,24.08691357421875,-0.5577526092529297,-1.5724711418151855,0.5166061520576477
1788051851525955300,24.102955322265625,0.10084342956542969,-1.6082940101623535,0.5982681512832642
1788051851542015500,24.119015380859373,-0.04835844039916992,-1.4544677734375,0.4836084246635437
1788051851558072000,24.135072021484376,0.1250171661376953,-1.213083267211914,0.4283474087715149
1788051851574096600,24.1510966796875,0.4170703887939453,-0.9161214828491211,0.5908381938934326
1788051851590143700,24.167143798828125,0.04529094696044922,-0.5879983901977539,0.40295666456222534
1788051851606198500,24.183198486328124,0.26238250732421875,-0.47035932540893555,0.2537842094898224
1788051851622269400,24.19926953125,0.7491955757141113,-0.4271063804626465,0.31578487157821655
1788051851638342400,24.21534228515625,0.8367757797241211,-0.363924503326416,0.5064243674278259
1788051851654330600,24.23133056640625,0.42556095123291016,-0.19352293014526367,0.3728508949279785
1788051851670381600,24.247381591796874,0.07375907897949219,-0.12161874771118164,0.1286865770816803
1788051851686444800,24.26344482421875,-0.26397705078125,-0.1063070297241211,0.08643705397844315
1788051851702466000,24.279466064453125,-0.5175237655639648,-0.07164621353149414,-0.04696735739707947
1788051851718499600,24.29549951171875,-0.1770486831665039,0.00853586196899414,-0.09271248430013657
1788051851734497300,24.311497314453124,0.43506431579589844,-0.030733585357666016,-0.07052110880613327
1788051851750558500,24.327558349609376,0.6424646377563477,0.0582737922668457,-0.16710342466831207
1788051851766631400,24.34363134765625,0.5489869117736816,0.21437692642211914,-0.3271765112876892
1788051851782664200,24.359664306640624,0.018742084503173828,0.27033329010009766,-0.2743517756462097
1788051851798701800,24.375701904296875,-0.07491683959960938,0.3154940605163574,-0.32133567333221436
1788051851814706200,24.3917060546875,0.16069269180297852,0.1783452033996582,-0.27260902523994446
1788051851830786800,24.407786865234375,0.6713972091674805,0.2034449577331543,-0.10700228810310364
1788051851846875400,24.42387548828125,0.9972147941589355,0.42490673065185547,0.009059801697731018
1788051851862931700,24.439931640625,1.5345840454101562,0.552436351776123,0.3261716961860657
1788051851878991600,24.45599169921875,1.6063232421875,0.5070805549621582,0.3871355652809143
1788051851895042800,24.472042724609373,1.111473560333252,0.5310616493225098,0.05000145733356476
1788051851911076000,24.488076171875,0.9148836135864258,0.409942626953125,-0.1786363422870636
1788051851927122400,24.504122314453124,0.8994359970092773,0.13294601440429688,-0.2053247094154358
1788051851943180500,24.5201806640625,1.123326301574707,-0.14412450790405273,-0.3147233724594116
1788051851959243500,24.536243408203124,1.8192968368530273,-0.21973133087158203,-0.4491400718688965
1788051851975293700,24.552293701171877,2.54508113861084,-0.4715414047241211,-0.4698796272277832
1788051851991385600,24.568385498046876,2.584749221801758,-0.8496017456054688,-0.33060547709465027
1788051852007428900,24.584428955078124,2.2315101623535156,-0.9323368072509766,-0.4181148111820221
1788051852023495200,24.6004951171875,1.6123905181884766,-0.9822707176208496,-0.3185197114944458
1788051852039563300,24.616563232421875,1.1258583068847656,-0.980309247970581,-0.06816986203193665
1788051852055576000,24.632576171875,0.49646949768066406,-0.7954378128051758,0.23298458755016327
1788051852071624200,24.648624267578125,-0.24213790893554688,-0.6718769073486328,0.4056776463985443
1788051852087683600,24.66468359375,-0.9176273345947266,-0.44480133056640625,0.4914196729660034
1788051852103755300,24.68075537109375,-1.5019254684448242,-0.2888479232788086,0.5936442613601685
1788051852119827200,24.6968271484375,-1.684617042541504,-0.17528200149536133,0.6670373678207397
1788051852135888100,24.71288818359375,-1.4363856315612793,-0.29864501953125,0.7784085273742676
1788051852151944000,24.72894384765625,-0.9475154876708984,-0.6158933639526367,0.957714319229126
1788051852168016000,24.745015869140627,-0.035208702087402344,-0.9228651523590088,0.8722624778747559
1788051852184099300,24.761099365234376,1.0764570236206055,-1.1592724323272705,0.8433148860931396
1788051852200140000,24.77714013671875,1.810805320739746,-1.357520580291748,1.1098427772521973
1788051852216158000,24.793157958984374,2.0767316818237305,-1.3185338973999023,1.3109073638916016
1788051852232225000,24.80922509765625,1.8298606872558594,-1.173354148864746,1.327043890953064
1788051852248311000,24.82531103515625,1.1735687255859375,-0.9300034046173096,1.2598891258239746
1788051852264358100,24.841358154296874,0.30435752868652344,-0.6785907745361328,1.1639193296432495
1788051852280417800,24.857417724609373,-0.24983978271484375,-0.5293548107147217,0.8812344074249268
1788051852296400100,24.873400146484375,-0.6331605911254883,-0.4044983386993408,0.8249456286430359
1788051852312437500,24.8894375,-0.6428346633911133,-0.17563724517822266,0.9591861963272095
1788051852328551400,24.905551513671874,-0.45778846740722656,-0.06883645057678223,1.077469825744629
1788051852344601300,24.921601318359375,-0.3141508102416992,-0.11436319351196289,1.1425738334655762
1788051852360649700,24.937649658203124,-0.1424875259399414,-0.21552038192749023,1.0810664892196655
1788051852376620000,24.9536201171875,0.20313167572021484,-0.2542991638183594,0.8843331933021545
1788051852392699100,24.96969921875,0.5682516098022461,-0.24999070167541504,0.7565653920173645
1788051852408736300,24.985736328125,0.7821216583251953,-0.20455694198608398,0.7214337587356567
1788051852424780800,25.00178076171875,0.8268232345581055,-0.1990220546722412,0.7542523741722107
1788051852440835300,25.01783544921875,0.7764911651611328,-0.21787357330322266,0.6370344161987305
1788051852456814000,25.03381396484375,0.6223764419555664,-0.24586939811706543,0.5449904203414917
1788051852472852000,25.04985205078125,0.5696697235107422,-0.2337346076965332,0.43824097514152527
1788051852488895000,25.06589501953125,0.5329427719116211,-0.2277984619140625,0.3514043390750885
1788051852504960000,25.0819599609375,0.5578098297119141,-0.19337701797485352,0.29468628764152527
1788051852521025300,25.098025390625,0.6523580551147461,-0.2548997402191162,0.2847480773925781
1788051852537055500,25.114055419921876,0.6206045150756836,-0.3391239643096924,0.2756088078022003
1788051852553105700,25.130105712890625,0.5316181182861328,-0.409808874130249,0.005546495318412781
1788051852569157400,25.146157470703123,0.3797950744628906,-0.39354562759399414,-0.24464920163154602
1788051852585237000,25.162237060546875,0.40924644470214844,-0.10120201110839844,-0.5014348030090332
1788051852601271000,25.17827099609375,0.33783912658691406,0.477358341217041,-0.43016523122787476
1788051852617262300,25.194262451171873,0.25893688201904297,0.5471041202545166,0.26290637254714966
1788051852633319000,25.21031884765625,0.4241342544555664,0.14744138717651367,0.6266533136367798
1788051852649384200,25.22638427734375,1.108555793762207,-0.1837632656097412,0.7971506714820862
1788051852665463300,25.24246337890625,2.1778182983398438,-0.5225050449371338,1.1349542140960693
1788051852681524000,25.25852392578125,3.0522470474243164,-0.8343455791473389,1.2508883476257324
1788051852697556500,25.274556396484375,3.285602569580078,-1.1104199886322021,1.2594494819641113
1788051852713623600,25.29062353515625,2.7775278091430664,-1.399308443069458,1.3622251749038696
1788051852729725700,25.3067255859375,1.9473114013671875,-1.4818370342254639,1.4143937826156616
1788051852745755600,25.322755615234374,1.1092863082885742,-1.5470879077911377,1.4010286331176758
1788051852761799700,25.338799560546875,0.4459877014160156,-1.5368657112121582,1.3052141666412354
1788051852777823000,25.354822998046874,-0.32428836822509766,-1.4603676795959473,1.1946139335632324
1788051852793898200,25.370898193359373,-1.1606950759887695,-1.3386571407318115,1.1076273918151855
1788051852809970000,25.386969970703124,-1.7359752655029297,-1.2034151554107666,0.9596898555755615
1788051852826016000,25.40301611328125,-1.8330397605895996,-1.2016541957855225,0.7988528609275818
1788051852842041000,25.419041015625,-1.5042510032653809,-1.3342394828796387,0.860495924949646
1788051852858048000,25.435048095703124,-0.8998012542724609,-1.5627810955047607,0.9948328733444214
1788051852874079700,25.451079833984377,-0.14349937438964844,-1.7915523052215576,0.943901538848877
1788051852890124300,25.467124267578125,0.6506872177124023,-1.9130513668060303,0.7009924650192261
1788051852906180600,25.4831806640625,1.5517358779907227,-1.9978219270706177,0.30241990089416504
1788051852922231800,25.499231689453126,1.993025779724121,-1.9033695459365845,0.03230220079421997
1788051852938273500,25.5152734375,1.795236587524414,-1.6472842693328857,-0.027573376893997192
1788051852954314500,25.531314453125,1.074479103088379,-1.2607622146606445,0.013043969869613647
1788051852970360300,25.5473603515625,0.3803443908691406,-0.928206205368042,0.07172703742980957
1788051852986412000,25.563412109375,-0.2964048385620117,-0.6375637054443359,0.17725881934165955
1788051853002467000,25.579467041015626,-0.7681188583374023,-0.452040433883667,0.23498740792274475
1788051853018483000,25.59548291015625,-1.0396041870117188,-0.25438785552978516,0.23899498581886292
1788051853034533600,25.61153369140625,-1.1786785125732422,-0.1594531536102295,0.33169493079185486
1788051853050610000,25.62760986328125,-1.054368019104004,-0.1034841537475586,0.3499487638473511
1788051853066683400,25.643683349609375,-0.7298202514648438,-0.06715154647827148,0.3878895044326782
1788051853082712800,25.659712890625,-0.30861759185791016,-0.09217500686645508,0.3674062490463257
1788051853098692400,25.6756923828125,-0.006396293640136719,-0.12325453758239746,0.24056857824325562
1788051853114748400,25.69174853515625,0.20029354095458984,-0.13424229621887207,-0.13395380973815918
1788051853130823400,25.707823486328124,0.26194095611572266,-0.11789655685424805,-0.4339396357536316
1788051853146857700,25.723857666015626,0.3153572082519531,-0.039403676986694336,-0.636906623840332
1788051853162892500,25.739892578125,0.34374427795410156,0.034325361251831055,-0.8499558568000793
1788051853178881800,25.7558818359375,0.225494384765625,0.1715841293334961,-0.9989111423492432
1788051853194944800,25.77194482421875,-0.012404441833496094,0.3955047130584717,-1.089226245880127
1788051853211027200,25.788027099609376,-0.24303436279296875,0.5054190158843994,-1.1313273906707764
1788051853227071200,25.8040712890625,-0.28084373474121094,0.5963492393493652,-1.2109849452972412
1788051853243114800,25.82011474609375,-0.15303897857666016,0.6467463970184326,-1.2823765277862549
1788051853259139800,25.836139892578124,-0.03410148620605469,0.6864941120147705,-1.3024455308914185
1788051853275215600,25.852215576171876,0.09040164947509766,0.7007677555084229,-1.292880892753601
1788051853291300900,25.86830078125,0.16507244110107422,0.7071399688720703,-1.2897201776504517
1788051853307348700,25.8843486328125,0.2522249221801758,0.7293996810913086,-1.3003560304641724
1788051853323397000,25.900397216796875,0.3043079376220703,0.7067596912384033,-1.1919028759002686
1788051853339374300,25.916374267578124,0.32192420959472656,0.7547447681427002,-1.1113696098327637
1788051853355406600,25.932406494140626,0.2259998321533203,0.8398818969726562,-1.108830451965332
1788051853371448300,25.9484482421875,0.011814117431640625,1.1416552066802979,-1.1322391033172607
1788051853387507000,25.9645068359375,-0.206298828125,1.3986341953277588,-0.9347763061523438
1788051853403580000,25.980579833984375,-0.2834005355834961,1.348238468170166,-0.777513325214386
1788051853419564500,25.996564453125,0.07723522186279297,1.0135688781738281,-0.5435018539428711
1788051853435611400,26.012611328125,1.044203758239746,0.5174927711486816,-0.3389820158481598
1788051853451652600,26.028652587890626,2.6509647369384766,-0.10056424140930176,-0.23887407779693604
1788051853467724500,26.044724609375,3.6636962890625,-0.3155679702758789,-0.28828153014183044
1788051853483777000,26.060777099609375,3.5470571517944336,-0.29726362228393555,-0.19154375791549683
1788051853499800300,26.07680029296875,2.5469484329223633,-0.5127418041229248,-0.29859089851379395
1788051853515865600,26.092865478515623,1.4481897354125977,-0.5215737819671631,-0.46267998218536377
1788051853531915800,26.108915771484376,0.35086727142333984,-0.31016993522644043,-0.6179505586624146
1788051853547986700,26.124986572265627,-0.29841041564941406,-0.17229127883911133,-0.3803098797798157
1788051853564059000,26.141058837890625,-0.7976198196411133,-0.15269136428833008,-0.10103124380111694
1788051853580098600,26.1570986328125,-1.0105552673339844,-0.1231088638305664,-0.12700188159942627
1788051853596166100,26.173166259765626,-0.9234447479248047,-0.15930581092834473,-0.14197787642478943
1788051853612245000,26.189244873046874,-0.6668567657470703,-0.28182053565979004,-0.09805330634117126
1788051853628282400,26.205282470703125,-0.4061164855957031,-0.5107147693634033,-0.025855213403701782
1788051853644327700,26.22132763671875,-0.09563922882080078,-0.8026537895202637,0.0635516494512558
1788051853660383500,26.237383544921876,0.3024263381958008,-0.8379547595977783,0.2937444746494293
1788051853676452600,26.25345263671875,0.6080493927001953,-0.8710033893585205,0.445213258266449
1788051853692527600,26.269527587890625,0.5849809646606445,-0.9106183052062988,0.44915318489074707
1788051853708568300,26.285568359375,0.1962718963623047,-0.8141708374023438,0.2681329846382141
1788051853724614700,26.30161474609375,-0.4037466049194336,-0.582932710647583,0.1758008897304535
1788051853740654800,26.31765478515625,-1.0660581588745117,-0.3987305164337158,0.1774325966835022
1788051853756689400,26.333689453125,-1.6609792709350586,-0.20113658905029297,0.19604861736297607
1788051853772728800,26.349728759765625,-2.081735134124756,-0.02475762367248535,0.20348675549030304
1788051853796822500,26.373822509765624,-2.0090479850769043,0.06075310707092285,0.22425776720046997
1788051853812869000,26.389869140625,-1.6274442672729492,0.12563323974609375,0.21068048477172852
1788051853828896000,26.40589599609375,-1.1138229370117188,0.1175079345703125,0.2768530547618866
1788051853844936400,26.4219365234375,-0.6982002258300781,0.13115596771240234,0.3561391234397888
1788051853860971500,26.437971435546874,-0.3301105499267578,0.1523113250732422,0.3894062936306
1788051853877055000,26.454054931640623,-0.16201305389404297,0.1817002296447754,0.5766136646270752
1788051853893108000,26.47010791015625,0.14561939239501953,0.14256691932678223,0.6694098711013794
1788051853909145300,26.486145263671876,0.2831611633300781,0.19343090057373047,0.5571743249893188
1788051853925198600,26.502198486328126,0.19355106353759766,0.2778465747833252,0.5576740503311157
1788051853941247700,26.518247802734376,0.11835384368896484,0.42749667167663574,0.602993369102478
1788051853957341200,26.534341064453123,0.031777381896972656,0.4591250419616699,0.7568061947822571
1788051853973360400,26.5503603515625,0.15623950958251953,0.36251211166381836,0.8025517463684082
1788051853989401300,26.5664013671875,0.4472522735595703,0.07887554168701172,0.5169934034347534
1788051854005451800,26.58245166015625,0.7386131286621094,-0.15688467025756836,0.1650809645652771
1788051854021461200,26.598461181640626,0.9779777526855469,-0.21660876274108887,0.01360940933227539
1788051854037557200,26.61455712890625,0.7654495239257812,0.3588907718658447,-0.1558637022972107
1788051854053630500,26.63063037109375,0.0003662109375,1.1566646099090576,0.16974562406539917
1788051854069678000,26.646677978515626,-0.25234317779541016,0.8286283016204834,1.279413104057312
1788051854085736000,26.66273583984375,0.2716541290283203,0.6795380115509033,1.1999834775924683
1788051854101728500,26.678728515625,1.2499275207519531,0.30588579177856445,0.8801472187042236
1788051854117804300,26.69480419921875,2.5550928115844727,-0.5374257564544678,0.5333350896835327
1788051854133848300,26.710848388671874,3.7716150283813477,-1.0198800563812256,-0.07177257537841797
1788051854149902300,26.72690234375,4.390402793884277,-1.1733566522598267,-0.35386377573013306
1788051854165973000,26.742972900390626,3.8610010147094727,-1.1524994373321533,-0.24878978729248047
1788051854182010400,26.75901025390625,2.6115427017211914,-0.9566662311553955,-0.34842467308044434
1788051854198096400,26.775096435546875,1.135340690612793,-0.711860179901123,-0.3862038850784302
1788051854214135300,26.79113525390625,-0.114654541015625,-0.5476408004760742,-0.20899710059165955
1788051854230197500,26.807197509765626,-1.3502259254455566,-0.35617542266845703,0.1602526307106018
1788051854246232000,26.823232177734376,-2.219870090484619,-0.19703888893127441,0.3640957474708557
1788051854262311700,26.839311767578124,-2.54152774810791,-0.21228265762329102,0.6046720743179321
1788051854278369800,26.855369873046875,-2.220160961151123,-0.39696741104125977,1.0800166130065918
1788051854294391600,26.8713916015625,-1.6351280212402344,-0.6126918792724609,1.3740164041519165
1788051854310467300,26.88746728515625,-0.9538145065307617,-0.983025074005127,1.460263967514038
1788051854326504200,26.903504150390624,-0.3297901153564453,-1.2274937629699707,1.2901508808135986
1788051854342550500,26.919550537109377,0.11444759368896484,-1.3769989013671875,1.1074870824813843
1788051854358630000,26.9356298828125,0.4516305923461914,-1.3661375045776367,0.625994861125946
1788051854374696000,26.951696044921874,0.3739776611328125,-1.2493408918380737,0.18392807245254517
1788051854390734000,26.967734130859377,0.015131950378417969,-1.0377757549285889,-0.06925079226493835
1788051854406780400,26.983780517578126,-0.2823953628540039,-0.7518291473388672,-0.15753108263015747
1788051854422815000,26.99981494140625,-0.5885353088378906,-0.4674396514892578,-0.29498326778411865
1788051854438887400,27.015887451171874,-0.7146739959716797,-0.21326231956481934,-0.37028825283050537
1788051854454963200,27.031963134765626,-0.8579874038696289,-0.022399187088012695,-0.218794584274292
1788051854471004000,27.04800390625,-0.9393987655639648,0.07250165939331055,0.06210729479789734
1788051854487052500,27.064052490234374,-0.9973249435424805,0.10477304458618164,0.16982926428318024
1788051854503096300,27.080096435546874,-0.9559497833251953,0.17215466499328613,0.06110543757677078
1788051854519191300,27.09619140625,-0.8083248138427734,0.1729874610900879,-0.0534449964761734
1788051854535232500,27.112232421875,-0.5344972610473633,0.15800881385803223,-0.1559092253446579
1788051854551278800,27.12827880859375,-0.0962820053100586,0.1566929817199707,-0.2093755304813385
1788051854567334000,27.144333984375,0.2544240951538086,0.14109420776367188,-0.17251795530319214
1788051854583331600,27.16033154296875,0.6207504272460938,0.19066667556762695,-0.16058270633220673
1788051854599378200,27.176378173828127,0.832550048828125,0.3271372318267822,-0.29957157373428345
1788051854615463400,27.19246337890625,0.7809457778930664,0.39534640312194824,-0.45519888401031494
1788051854631521300,27.208521240234376,0.6375913619995117,0.4504847526550293,-0.6001436710357666
1788051854647590700,27.224590576171874,0.5506076812744141,0.5269958972930908,-0.6613969802856445
1788051854663621600,27.24062158203125,0.5149850845336914,0.5322833061218262,-0.5486723184585571
1788051854679672800,27.2566728515625,0.5480079650878906,0.30664992332458496,-0.39953017234802246
1788051854695757800,27.2727578125,0.744481086730957,0.19825387001037598,-0.4106809198856354
1788051854711782400,27.288782470703126,0.9587001800537109,0.5804901123046875,-0.5437455177307129
1788051854727820500,27.304820556640625,1.05035400390625,0.9313695430755615,-0.2901635468006134
1788051854743860700,27.32086083984375,0.9530086517333984,0.6884608268737793,-0.3270043432712555
1788051854759938000,27.33693798828125,0.9813165664672852,0.4615025520324707,-0.7191355228424072
1788051854775986400,27.352986328125,1.53265380859375,0.2371692657470703,-0.7829599380493164
1788051854791986400,27.368986328125,2.897210121154785,-0.26851439476013184,-0.692268967628479
1788051854808021500,27.385021484375,4.023443222045898,-0.6791839599609375,-0.7337846755981445
1788051854824084500,27.40108447265625,4.16330623626709,-0.9448305368423462,-0.7577918767929077
1788051854840144100,27.41714404296875,3.3643436431884766,-1.2915794849395752,-0.8053120970726013
1788051854856223500,27.433223388671873,1.8950424194335938,-1.3665046691894531,-0.9490087628364563
1788051854872254500,27.44925439453125,0.26818084716796875,-1.153839349746704,-1.004293441772461
1788051854888295200,27.465295166015625,-1.1323480606079102,-0.917360782623291,-0.8081804513931274
1788051854904325600,27.48132568359375,-2.062549591064453,-0.8252260684967041,-0.7943409085273743
1788051854920392000,27.497391845703124,-2.471787452697754,-0.7335970401763916,-0.9120320677757263
1788051854936473600,27.5134736328125,-2.119778633117676,-0.753899097442627,-0.8871649503707886
1788051854952515300,27.529515380859376,-1.4151959419250488,-0.9015440940856934,-0.76194167137146
1788051854968565800,27.545565673828126,-0.7599983215332031,-1.1519551277160645,-0.6508811712265015
1788051854984607700,27.561607666015625,-0.3065032958984375,-1.3831208944320679,-0.49864596128463745
1788051855000693800,27.57769384765625,-0.014842987060546875,-1.5883249044418335,-0.18756814301013947
1788051855016753400,27.59375341796875,0.32486438751220703,-1.6558585166931152,0.008890867233276367
1788051855032802000,27.609802001953124,0.5664520263671875,-1.5785987377166748,0.2504182457923889
1788051855048855800,27.625855712890626,0.5839958190917969,-1.3468180894851685,0.38354504108428955
1788051855064856800,27.64185693359375,0.3075380325317383,-1.0704349279403687,0.2978668212890625
1788051855080906500,27.657906494140626,-0.31862926483154297,-0.772982120513916,0.21550613641738892
1788051855096970000,27.673969970703126,-1.0756464004516602,-0.5631225109100342,0.20283430814743042
1788051855113031200,27.69003125,-1.677541732788086,-0.34595227241516113,0.2176356315612793
1788051855129104600,27.706104736328125,-1.7934036254882812,-0.21472811698913574,0.2780050039291382
1788051855145134300,27.72213427734375,-1.5617108345031738,-0.11659550666809082,0.2403106689453125
1788051855161199600,27.73819970703125,-1.007584571838379,0.04353141784667969,0.16320538520812988
1788051855177225000,27.754224853515623,-0.5688076019287109,0.13223934173583984,0.1166154146194458
1788051855193253000,27.770253173828124,-0.3125495910644531,0.2066969871520996,0.18823844194412231
1788051855209287200,27.786287109375,-0.07799434661865234,0.3681375980377197,0.26391762495040894
1788051855225302800,27.802302734375,0.1255350112915039,0.44043946266174316,0.2562205195426941
1788051855241373200,27.818373291015625,0.26951026916503906,0.3613457679748535,0.297211229801178
1788051855257433000,27.83443310546875,0.4136333465576172,0.37885594367980957,0.3586714267730713
1788051855273462300,27.850462158203126,0.40160465240478516,0.4698519706726074,0.34236204624176025
1788051855289503200,27.866503173828125,0.35155296325683594,0.6185746192932129,0.26935863494873047
1788051855305538300,27.882538330078123,0.3104381561279297,0.6833879947662354,0.22572720050811768
1788051855321578200,27.898578125,0.2920703887939453,0.653336763381958,0.21207284927368164
1788051855337595400,27.914595458984376,0.358367919921875,0.6497206687927246,0.1948106288909912
1788051855353633500,27.930633544921875,0.5010385513305664,0.51839280128479,0.08845889568328857
1788051855369681400,27.946681396484376,0.6862697601318359,0.40448999404907227,-0.1382753849029541
1788051855385727000,27.96272705078125,1.0837078094482422,0.31128621101379395,-0.3933040499687195
1788051855401813200,27.978813232421874,1.631068229675293,0.6306858062744141,-0.6776502132415771
1788051855417876700,27.994876708984375,1.9217109680175781,1.2055363655090332,-0.2452029585838318
1788051855433921800,28.010921875,1.930633544921875,0.7253875732421875,0.3950974941253662
1788051855449977600,28.0269775390625,2.5322885513305664,0.6601583957672119,-0.0009132623672485352
1788051855466057200,28.04305712890625,2.973377227783203,0.325939416885376,0.0954517126083374
1788051855482135000,28.059135009765626,3.0725927352905273,-0.19446778297424316,-0.027907133102416992
1788051855498192400,28.0751923828125,2.6815366744995117,-0.426008939743042,-0.49917131662368774
1788051855514241300,28.0912412109375,2.3916358947753906,-0.46552109718322754,-0.7891349792480469
1788051855530301000,28.107301025390626,1.9099798202514648,-0.5967104434967041,-0.6628745794296265
1788051855546297600,28.123297607421875,1.6210126876831055,-0.5188202857971191,-0.8475360870361328
1788051855562346200,28.13934619140625,1.3718185424804688,-0.4622359275817871,-0.9270931482315063
1788051855578444500,28.155444580078125,0.6532068252563477,-0.5843503475189209,-0.751133143901825
1788051855594509600,28.171509521484374,-0.12214851379394531,-0.522592306137085,-0.8438267111778259
1788051855610587600,28.187587646484374,-0.009848594665527344,-0.37989211082458496,-0.8534917235374451
1788051855626622200,28.203622314453124,0.7581558227539062,-0.4548799991607666,-0.48643064498901367
1788051855642691000,28.219691162109374,0.5124845504760742,-0.6962316036224365,0.013621032238006592
1788051855658727400,28.2357275390625,-0.3762245178222656,-0.6665444374084473,-0.2527206242084503
1788051855674749400,28.25174951171875,-0.32314300537109375,-0.6275105476379395,-0.5604116916656494
1788051855690781200,28.26778125,1.528721809387207,-0.8216147422790527,-0.49869558215141296
1788051855706838800,28.2838388671875,2.8496618270874023,-1.173699140548706,-0.4070833623409271
1788051855722889000,28.299888916015625,2.6159887313842773,-1.2557346820831299,-0.5556728839874268
1788051855738970000,28.31597021484375,1.329946517944336,-1.0686535835266113,-0.8965188264846802
1788051855754997000,28.3319970703125,0.34982872009277344,-0.9077129364013672,-1.195143699645996
1788051855771035000,28.348034912109377,-0.6345257759094238,-0.9075894355773926,-1.0347001552581787
1788051855787050800,28.36405078125,-1.4632792472839355,-0.7812628746032715,-0.8008481860160828
1788051855803124200,28.380124267578125,-1.3815574645996094,-0.5348949432373047,-0.7069234848022461
1788051855819219000,28.396218994140625,-0.9107623100280762,-0.469757080078125,-0.6585367918014526
1788051855835253000,28.4122529296875,-1.4623966217041016,-0.5367226600646973,-0.623218834400177
1788051855851296300,28.428296142578127,-2.762129783630371,-0.23776674270629883,-0.8127097487449646
1788051855867368400,28.444368408203125,-3.6909759044647217,0.019695281982421875,-1.0198469161987305
1788051855883431400,28.460431396484374,-3.5461833477020264,0.08247709274291992,-0.9504925608634949
1788051855899525600,28.476525634765625,-2.503523349761963,-0.09965705871582031,-0.6822054386138916
1788051855915564000,28.49256396484375,-1.5343799591064453,-0.1631784439086914,-0.5090834498405457
1788051855931619300,28.508619384765623,-0.8562898635864258,-0.2675299644470215,-0.23068399727344513
1788051855947654400,28.524654296875,-0.27792978286743164,-0.28849315643310547,-0.24713373184204102
1788051855963737300,28.5407373046875,0.1529989242553711,-0.16672229766845703,-0.4754819869995117
1788051855979850800,28.556850830078126,0.30948972702026367,0.07378005981445312,-0.502485990524292
1788051855995897000,28.57289697265625,0.6124396324157715,0.3953385353088379,-0.44070181250572205
1788051856011957800,28.588957763671875,1.0086102485656738,0.5377407073974609,-0.44734036922454834
1788051856027971300,28.604971435546876,1.1171088218688965,0.5420117378234863,-0.5315819382667542
1788051856043994400,28.620994384765623,0.9126501083374023,0.392916202545166,-0.6846479773521423
1788051856060011800,28.63701171875,1.0128636360168457,0.17432880401611328,-0.9150872826576233
1788051856076064500,28.653064453125,1.3091974258422852,0.15709209442138672,-0.8597113490104675
1788051856092129500,28.669129638671876,1.5697665214538574,0.6040945053100586,-0.7329350709915161
1788051856108153600,28.685153564453124,1.2785301208496094,0.6639218330383301,-0.075868159532547
1788051856124211200,28.701211181640623,0.6906323432922363,0.5891423225402832,0.31099867820739746
1788051856140273400,28.7172734375,-0.11616992950439453,0.38405799865722656,0.11075741052627563
1788051856156332500,28.73333251953125,-0.5848617553710938,0.3034782409667969,0.13564714789390564
1788051856172407300,28.7494072265625,-0.7814011573791504,-0.09013795852661133,0.3135390281677246
1788051856188420400,28.76542041015625,-0.9334321022033691,-0.4308919906616211,0.09617708623409271
1788051856204486400,28.781486328125,-0.9786005020141602,-0.6831145286560059,-0.12728796899318695
1788051856220502500,28.79750244140625,-0.6061253547668457,-1.035634994506836,-0.037681352347135544
1788051856236573400,28.813573486328124,-0.04894590377807617,-1.236037254333496,0.053976871073246
1788051856252612600,28.829612548828123,0.35173892974853516,-1.385237216949463,0.16774924099445343
1788051856268631000,28.845631103515625,0.43348264694213867,-1.394510269165039,0.218399316072464
1788051856284707000,28.86170703125,0.338925838470459,-1.2723865509033203,0.08642740547657013
1788051856300770800,28.877770751953125,0.5051064491271973,-0.96795654296875,-0.1441815197467804
1788051856316796400,28.89379638671875,0.40724992752075195,-0.7964291572570801,-0.42801252007484436
1788051856332838100,28.909838134765625,0.10927057266235352,-0.6134939193725586,-0.809196949005127
1788051856348870000,28.925869873046874,-0.25998401641845703,-0.4760417938232422,-1.0680397748947144
1788051856364956400,28.941956298828124,-0.6032276153564453,-0.4482278823852539,-1.0203285217285156
1788051856381038600,28.95803857421875,-0.7544260025024414,-0.4594721794128418,-1.0861470699310303
1788051856397081900,28.974081787109377,-0.6695466041564941,-0.7165732383728027,-1.009728193283081
1788051856413142000,28.99014208984375,-0.464510440826416,-0.9521927833557129,-0.8927785754203796
1788051856429183200,29.006183349609376,-0.0587925910949707,-1.0330696105957031,-0.7045282125473022
1788051856445229300,29.022229248046877,0.3704242706298828,-1.0688695907592773,-0.4390481114387512
1788051856461311500,29.0383115234375,0.6365675926208496,-1.0144329071044922,-0.268574059009552
1788051856477367800,29.054367919921877,0.4480161666870117,-0.8925366401672363,-0.23258522152900696
1788051856493434400,29.070434326171874,0.05691719055175781,-0.6672019958496094,-0.17007339000701904
1788051856509436200,29.086436279296876,-0.3345351219177246,-0.5065021514892578,-0.10773301124572754
1788051856525490400,29.102490478515627,-0.5330638885498047,-0.3857889175415039,-0.16018669307231903
1788051856541546200,29.118546142578126,-0.4660048484802246,-0.16227197647094727,-0.20028430223464966
1788051856557569300,29.1345693359375,-0.5235171318054199,0.025938034057617188,-0.027755647897720337
1788051856573648000,29.15064794921875,-0.6799945831298828,0.13824701309204102,0.08994951099157333
1788051856589668000,29.166668212890624,-0.7894997596740723,0.21040773391723633,0.17464162409305573
1788051856605743600,29.18274365234375,-0.6784281730651855,0.2177729606628418,0.24601072072982788
1788051856621779500,29.198779541015625,-0.508232593536377,0.14731216430664062,0.2231721431016922
1788051856637806800,29.214806884765625,-0.5121426582336426,0.07642030715942383,0.09462018311023712
1788051856653843500,29.230843505859376,-0.5329246520996094,0.013255596160888672,-0.09868469834327698
1788051856669866800,29.24686669921875,-0.4493598937988281,-0.002784252166748047,-0.12330684065818787
1788051856685950700,29.26295068359375,-0.5189833641052246,-0.0065555572509765625,-0.1225380003452301
1788051856702006000,29.279006103515623,-0.5768160820007324,0.016654491424560547,-0.15206745266914368
1788051856718041600,29.29504150390625,-0.6016030311584473,0.07429790496826172,-0.0906188040971756
1788051856734088700,29.311088623046874,-0.7329182624816895,0.0905160903930664,0.03325556218624115
1788051856750127900,29.3271279296875,-0.9022812843322754,0.10244560241699219,0.16233623027801514
1788051856766223600,29.3432236328125,-1.290712833404541,0.04214763641357422,0.26237934827804565
1788051856782289400,29.359289306640626,-1.8029451370239258,-0.033453941345214844,0.26371216773986816
1788051856798335200,29.375335205078127,-2.0548157691955566,-0.07883119583129883,0.19377902150154114
1788051856814392600,29.391392578125,-2.089865207672119,-0.08436107635498047,0.19051238894462585
1788051856830445300,29.4074453125,-2.0760669708251953,0.35059452056884766,0.09495817124843597
1788051856846497500,29.42349755859375,-2.1612629890441895,0.6102690696716309,0.2289755642414093
1788051856862521600,29.439521484375,-1.9032235145568848,0.36493825912475586,0.43112337589263916
1788051856878571000,29.455571044921875,-1.382908821105957,0.15990400314331055,0.43536853790283203
1788051856894636500,29.471636474609376,-1.2321195602416992,-0.38756608963012695,0.6531524658203125
1788051856910621000,29.487620849609375,-1.38214111328125,-1.0789802074432373,0.7887721061706543
1788051856926711300,29.503711181640625,-1.2223639488220215,-1.588926076889038,0.7222964763641357
1788051856942767900,29.519767822265624,-0.618525505065918,-1.9277955293655396,0.3783166706562042
1788051856958822700,29.53582275390625,0.04255485534667969,-1.9237310886383057,-0.02117741107940674
1788051856974890500,29.551890380859376,0.5203332901000977,-1.8965153694152832,0.01765117049217224
1788051856990884000,29.567884033203125,2.5953025817871094,-1.7598118782043457,0.3660735487937927
1788051857006967300,29.58396728515625,4.623335838317871,-1.3373571634292603,0.21130159497261047
1788051857023015000,29.600014892578123,5.423301696777344,-0.9289579391479492,0.15795502066612244
1788051857039080200,29.616080078125,4.337965965270996,-0.5263200402259827,0.4494631588459015
1788051857055151900,29.63215185546875,2.2168588638305664,-0.31548023223876953,0.8074673414230347
1788051857071190300,29.648190185546873,0.5281848907470703,-0.41458237171173096,1.322173833847046
1788051857087272000,29.66427197265625,0.059777259826660156,-0.5681025981903076,1.662979245185852
1788051857103328300,29.680328369140625,0.6200847625732422,-0.8160635232925415,1.6504783630371094
1788051857119393300,29.696393310546874,1.1941137313842773,-1.054857611656189,1.4336951971054077
1788051857135427800,29.712427734375,1.4946355819702148,-1.0032615661621094,1.0282071828842163
1788051857151449000,29.728448974609375,1.3121509552001953,-0.8869174718856812,0.614019513130188
1788051857175555000,29.75255517578125,0.7061071395874023,-0.7226097583770752,0.26938778162002563
1788051857191582500,29.76858251953125,0.6251468658447266,-0.5114970803260803,0.07345148175954819
1788051857215663900,29.792663818359376,1.1360673904418945,-0.20121264457702637,-0.15189698338508606
1788051857239732000,29.81673193359375,1.4196233749389648,0.13133662939071655,-0.14327946305274963
1788051857255800000,29.832800048828126,0.8594570159912109,0.2654615640640259,0.004835546016693115
1788051857271808000,29.84880810546875,0.3666839599609375,0.43037742376327515,0.07354980707168579
1788051857287863300,29.86486328125,0.055756568908691406,0.5717283487319946,0.21925218403339386
1788051857303914800,29.880914794921875,0.30733489990234375,0.5188169479370117,0.2447223961353302
1788051857319991600,29.896991455078126,0.5659856796264648,0.39998921751976013,0.3444249629974365
1788051857336063000,29.91306298828125,0.8534011840820312,0.26942020654678345,0.36332106590270996
1788051857352100600,29.9291005859375,1.1170368194580078,0.24368175864219666,0.3277876675128937
1788051857368155100,29.945155029296874,1.4602537155151367,0.18295986950397491,0.2364686280488968
1788051857384207000,29.96120703125,1.5577001571655273,0.16104280948638916,0.08835989236831665
1788051857400241200,29.9772412109375,1.370931625366211,0.1942569613456726,0.02589327096939087
1788051857416267800,29.993267822265626,0.9332685470581055,0.010272733867168427,0.3670836389064789
1788051857432313900,30.00931396484375,0.7688331604003906,-0.12972117960453033,0.5716722011566162
1788051857448377300,30.02537744140625,0.7769193649291992,-0.3461509644985199,0.5900394916534424
1788051857464450600,30.041450439453126,0.6564340591430664,-0.3529968857765198,0.5694289207458496
1788051857480493300,30.057493408203126,0.3479337692260742,-0.02715015411376953,0.6155688166618347
1788051857496534800,30.07353466796875,0.014803886413574219,0.005011379718780518,0.8788391351699829
1788051857512566300,30.089566162109374,-0.05650615692138672,-0.1872246265411377,0.5564130544662476
1788051857528597800,30.10559765625,0.2750816345214844,-0.41942113637924194,0.25349903106689453
1788051857544623400,30.121623291015624,0.8016023635864258,-0.8157424330711365,0.3701431155204773
1788051857560677400,30.137677490234374,1.5092191696166992,-1.3208218812942505,0.4801504611968994
1788051857576726300,30.153726318359375,2.2933950424194336,-1.889742136001587,0.3938288390636444
1788051857592759800,30.169759765625,2.660710334777832,-2.339339256286621,0.10144108533859253
1788051857608790300,30.185790283203126,2.3933324813842773,-2.483074188232422,-0.4124888777732849
1788051857624856000,30.20185595703125,1.504500389099121,-2.1881837844848633,-0.5137328505516052
1788051857640907000,30.217906982421876,0.1462545394897461,-1.6725200414657593,-0.3387030363082886
1788051857656952600,30.23395263671875,-1.4921245574951172,-1.2933374643325806,-0.02391684055328369
1788051857672997400,30.249997314453125,-2.730289936065674,-1.205007791519165,0.1528836488723755
1788051857689045000,30.266044921875,-3.403672218322754,-1.069654941558838,-0.02787691354751587
1788051857705129000,30.28212890625,-3.1622419357299805,-1.1175079345703125,-0.2535584568977356
1788051857721202200,30.2982021484375,-2.3887581825256348,-1.2533962726593018,-0.1260170340538025
1788051857737249300,30.314249267578123,-1.3543376922607422,-1.4314239025115967,0.39433619379997253
1788051857753305000,30.33030517578125,-0.4574861526489258,-1.6242444515228271,0.6166788339614868
1788051857769357300,30.346357421875,0.2566213607788086,-1.8589807748794556,0.7455849647521973
1788051857785401300,30.3624013671875,0.7808647155761719,-2.117443561553955,0.7171307802200317
1788051857801481500,30.3784814453125,1.2343034744262695,-2.223400354385376,0.5703340172767639
1788051857817562600,30.394562744140625,1.6743659973144531,-2.123785972595215,0.36977243423461914
1788051857833634800,30.410634765625,1.6976947784423828,-1.797062873840332,0.1496155560016632
1788051857849695500,30.426695556640624,1.383199691772461,-1.4773828983306885,-0.09426525235176086
1788051857865783600,30.442783447265626,0.711033821105957,-1.2393889427185059,-0.4091668426990509
1788051857881820700,30.458820556640624,0.13983631134033203,-1.0886905193328857,-0.6625903844833374
1788051857897855500,30.47485546875,-0.3073005676269531,-0.8617922067642212,-0.8004656434059143
1788051857913880600,30.490880615234374,-0.3580656051635742,-0.6316957473754883,-0.7946478128433228
1788051857929947000,30.50694677734375,-0.2854337692260742,-0.5070379376411438,-0.6185386776924133
1788051857946015700,30.523015625,-0.2276754379272461,-0.4570498764514923,-0.46579569578170776
1788051857962058800,30.539058837890625,-0.057048797607421875,-0.2771259844303131,-0.3304944634437561
1788051857978098000,30.555097900390624,-0.11097240447998047,-0.10477353632450104,-0.13381117582321167
1788051857994120400,30.571120361328123,-0.22205162048339844,-0.0513976514339447,-0.009498685598373413
1788051858010192400,30.5871923828125,-0.25388145446777344,0.01185944676399231,-0.01924508810043335
1788051858026261800,30.60326171875,-0.12734222412109375,0.036376357078552246,0.048769041895866394
1788051858042308000,30.61930810546875,0.07131385803222656,0.1586206555366516,0.015970826148986816
1788051858058363100,30.635363037109375,0.20812034606933594,0.2095232605934143,0.015789449214935303
1788051858074393000,30.65139306640625,0.19950008392333984,0.22471630573272705,-0.12251576781272888
1788051858090433500,30.66743359375,0.1649608612060547,0.3249729871749878,-0.40474700927734375
1788051858106474200,30.68347412109375,-0.029916763305664062,0.4502112567424774,-0.4975413978099823
1788051858122536700,30.69953662109375,-0.26255226135253906,0.5687003135681152,-0.42044398188591003
1788051858138595000,30.715594970703126,-0.0031347274780273438,0.5356260538101196,-0.269115149974823
1788051858154619600,30.73161962890625,0.4101085662841797,0.3604060411453247,0.08691209554672241
1788051858170660600,30.74766064453125,0.6863040924072266,0.0877787172794342,0.1610647439956665
1788051858186699300,30.76369921875,0.8522148132324219,-0.2504298686981201,-0.18631550669670105
1788051858202748700,30.779748779296874,1.0780858993530273,-0.4183852970600128,-0.49278151988983154
1788051858218810400,30.795810302734374,1.299546241760254,-0.5030090808868408,-0.4325065016746521
1788051858234842000,30.811842041015623,1.2299995422363281,-0.49646618962287903,-0.24295932054519653
1788051858250888700,30.827888671875,0.9989461898803711,-0.269305557012558,-0.20317745208740234
1788051858266936600,30.8439365234375,0.57232666015625,-0.03627181053161621,-0.43068021535873413
1788051858283011000,30.860010986328124,0.12404441833496094,0.17522400617599487,-0.5516812205314636
1788051858299079200,30.8760791015625,-0.15237045288085938,0.3330622911453247,-0.5055180788040161
1788051858315114200,30.8921142578125,-0.5750160217285156,0.2730795741081238,-0.20346692204475403
1788051858331170800,30.9081708984375,-0.8684091567993164,0.14694106578826904,0.0004417002201080322
1788051858347223600,30.9242236328125,-0.8413963317871094,-0.09949696063995361,-0.05164411664009094
1788051858363254000,30.94025390625,-0.5756034851074219,-0.3171297311782837,-0.003875523805618286
1788051858379281400,30.956281494140626,-0.2529487609863281,-0.409698486328125,0.18662554025650024
1788051858395328300,30.972328369140627,-0.10066890716552734,-0.4110633432865143,0.4157622456550598
1788051858411392800,30.988392822265624,-0.08728981018066406,-0.35245442390441895,0.527302622795105
1788051858427462100,31.004462158203125,-0.2776174545288086,-0.26598232984542847,0.5843198299407959
1788051858443491800,31.020491943359374,-0.4753265380859375,-0.24330823123455048,0.7468669414520264
1788051858459539700,31.036539794921875,-0.6704216003417969,-0.1398131251335144,0.7406986355781555
1788051858475583500,31.05258349609375,-0.7050943374633789,-0.04417294263839722,0.615791916847229
1788051858491620000,31.0686201171875,-0.5292234420776367,-0.03449934720993042,0.5381749868392944
1788051858507678000,31.084677978515625,-0.30078125,0.07199054956436157,0.5203990936279297
1788051858523743500,31.100743408203126,0.02109813690185547,0.12031906843185425,0.5144811272621155
1788051858539800600,31.116800537109373,0.3048419952392578,0.15375861525535583,0.45315808057785034
1788051858555853300,31.132853271484375,0.3088970184326172,0.1354064643383026,0.32539883255958557
1788051858571893800,31.148893798828126,0.28690338134765625,0.17593547701835632,0.11721023917198181
1788051858587931600,31.164931640625,0.2745790481567383,0.24830663204193115,0.0010394155979156494
1788051858604002300,31.181002197265624,0.31255531311035156,0.2715057134628296,0.026691753417253494
1788051858620063200,31.197063232421876,0.38410377502441406,0.2813360393047333,0.08033494651317596
1788051858636118000,31.213117919921874,0.49166107177734375,0.3627818822860718,0.04837769269943237
1788051858652164000,31.2291640625,0.5562744140625,0.34555983543395996,0.0064180269837379456
1788051858668216800,31.245216796875,0.5324411392211914,0.2654644548892975,0.014559529721736908
1788051858684293400,31.26129345703125,0.4033641815185547,0.20072594285011292,0.04908045381307602
1788051858700365800,31.27736572265625,0.38443470001220703,0.16422563791275024,0.10610046237707138
1788051858716433000,31.293432861328125,0.49472999572753906,0.10618683695793152,0.12261976301670074
1788051858732490200,31.309490234375,0.5068368911743164,0.04678720235824585,0.14198927581310272
1788051858748551000,31.325551025390624,0.4830360412597656,-0.015882164239883423,0.07557914406061172
1788051858764634600,31.341634521484377,0.4257230758666992,-0.06528079509735107,0.057018302381038666
1788051858780715500,31.357715576171874,0.13859844207763672,-0.0773935616016388,0.03214757889509201
1788051858796744000,31.373743896484374,0.08847999572753906,-0.16269837319850922,0.052358366549015045
1788051858812812000,31.38981201171875,0.1220712661743164,-0.18286901712417603,-0.007604319602251053
1788051858828883000,31.405883056640626,-0.009550094604492188,-0.1500205397605896,0.03319738805294037
1788051858844928800,31.4219287109375,-0.2369241714477539,-0.1364845484495163,0.03501438349485397
1788051858860972000,31.437971923828126,-0.349456787109375,-0.1870381236076355,-0.09828788042068481
1788051858876995600,31.45399560546875,-0.3352804183959961,-0.17647090554237366,-0.09244278818368912
1788051858893074200,31.47007421875,-0.19434356689453125,-0.10616704821586609,-0.04673292487859726
1788051858909150200,31.486150146484373,-0.031887054443359375,-0.08946716785430908,-0.08705702424049377
1788051858925205200,31.502205322265624,0.01570606231689453,-0.069456085562706,-0.19671356678009033
1788051858941255200,31.518255126953125,-0.032379150390625,-0.023576080799102783,-0.143223375082016
1788051858957280500,31.534280517578125,-0.049233436584472656,0.02355751395225525,-0.1033322811126709
1788051858973362200,31.550362060546874,-0.12105274200439453,0.11743313074111938,-0.15215815603733063
1788051858989444400,31.5664443359375,-0.19045543670654297,0.10044464468955994,-0.1884070783853531
1788051859013522400,31.5905224609375,-0.09955215454101562,0.19715121388435364,-0.0931137353181839
1788051859029585400,31.60658544921875,0.029596328735351562,0.23130257427692413,-0.06688980013132095
1788051859045614600,31.622614501953127,0.15157127380371094,0.18875442445278168,-0.09227954596281052
1788051859061655000,31.638655029296874,0.19219207763671875,0.146792933344841,-0.031574100255966187
1788051859077681000,31.654680908203126,0.2136983871459961,0.13914069533348083,-0.05458330735564232
1788051859093761500,31.670761474609375,0.3357734680175781,0.09519195556640625,-0.013272646814584732
1788051859109837600,31.686837646484374,0.3692808151245117,0.0888502448797226,-0.0007382780313491821
1788051859125870600,31.70287060546875,0.37650203704833984,0.030297130346298218,-0.015464328229427338
1788051859141921000,31.718921142578125,0.3095436096191406,-0.007821306586265564,-0.008201919496059418
1788051859157951500,31.734951416015626,0.32879161834716797,-0.006003335118293762,-0.040809549391269684
1788051859174038800,31.751038818359376,0.2666482925415039,0.006945550441741943,-0.0018440857529640198
1788051859190119200,31.767119140625,0.21887874603271484,0.0360468327999115,-0.040482789278030396
1788051859206164200,31.783164306640625,0.1783008575439453,0.01217120885848999,-0.01424441859126091
1788051859222219300,31.79921923828125,0.09468269348144531,0.07123944163322449,0.011671558022499084
1788051859238261500,31.815261474609375,0.051857948303222656,0.08815065026283264,0.01011965423822403
1788051859254355700,31.831355712890623,-0.0052642822265625,0.027159422636032104,-0.00023611634969711304
1788051859270445000,31.847445068359374,-0.03604316711425781,-0.009669125080108643,0.014323264360427856
1788051859286501000,31.863501220703125,-0.028539657592773438,0.008247911930084229,-0.03469102084636688
1788051859302567400,31.8795673828125,0.036357879638671875,0.021723240613937378,-0.054607950150966644
1788051859318562000,31.89556201171875,0.10600566864013672,0.05095633864402771,-0.0855589285492897
1788051859334619600,31.91161962890625,0.077484130859375,0.05288919806480408,-0.06765179336071014
1788051859350721800,31.9277216796875,0.07295894622802734,0.07470375299453735,-0.05180983990430832
1788051859366784300,31.9437841796875,0.2791309356689453,0.01323196291923523,-0.10379552841186523
1788051859382864400,31.959864501953124,0.5165872573852539,0.049032628536224365,-0.08658523857593536
1788051859398876400,31.97587646484375,-0.021058082580566406,-0.019750893115997314,-0.1659553050994873
1788051859414942000,31.99194189453125,-0.403076171875,-0.051440298557281494,-0.26347827911376953
1788051859431019300,32.00801928710938,-0.44587039947509766,-0.05453372001647949,-0.20424680411815643
1788051859447047200,32.024047119140626,-0.03716468811035156,0.03398147225379944,-0.19315381348133087
1788051859463085600,32.04008544921875,0.3232421875,-0.045990943908691406,-0.16851432621479034
1788051859479105300,32.056105224609375,0.7195968627929688,-0.016628623008728027,-0.2183617651462555
1788051859495178200,32.07217822265625,0.8602933883666992,0.03940153121948242,-0.11472749710083008
1788051859511274800,32.088274658203126,0.34815502166748047,0.019982516765594482,-0.07917721569538116
