time,seconds_elapsed,qz,qy,qx,qw,roll,pitch,yaw
1787816914598961200,0.131961181640625,0.13184918463230133,0.0873122289776802,0.6073898673057556,0.7785049080848694,-0.09778724610805511,-1.3200844526290894,-0.4114638864994049
1787816914614996200,0.147996337890625,0.5133936405181885,0.38707292079925537,0.47605466842651367,0.5999780297279358,-0.0981740951538086,-1.3198837041854858,-1.491782546043396
1787816914631113500,0.164113525390625,0.48455944657325745,0.36488497257232666,0.4938463866710663,0.6230385303497314,-0.09695519506931305,-1.3211003541946411,-1.3973910808563232
1787816914647147000,0.18014697265625,0.5053833723068237,0.38218727707862854,0.48129504919052124,0.6057026982307434,-0.0957634374499321,-1.3225531578063965,-1.4652472734451294
1787816914663176400,0.196176513671875,0.5000961422920227,0.3778929114341736,0.482980877161026,0.6114166378974915,-0.08442050963640213,-1.3194186687469482,-1.4366530179977417
1787816914679270400,0.2122705078125,0.49402719736099243,0.37186136841773987,0.4853188097476959,0.6181601285934448,-0.07822372019290924,-1.3148683309555054,-1.408894658088684
1787816914695257300,0.22825732421875,0.5131429433822632,0.38419148325920105,0.47295987606048584,0.604475200176239,-0.08110619336366653,-1.309575080871582,-1.4700044393539429
1787816914711383600,0.244383544921875,0.4947456121444702,0.36887839436531067,0.48448440432548523,0.6200246214866638,-0.08480027318000793,-1.3084590435028076,-1.4120231866836548
1787816914727419100,0.260419189453125,0.5002412796020508,0.3729935586452484,0.48220309615135193,0.6149103045463562,-0.09214005619287491,-1.3100463151931763,-1.4366590976715088
1787816914743455500,0.27645556640625,0.5005015134811401,0.37437665462493896,0.48240914940834045,0.6136952042579651,-0.09172609448432922,-1.3126174211502075,-1.4389748573303223
1787816914759558000,0.292557861328125,0.49863192439079285,0.37387755513191223,0.48225557804107666,0.6156390905380249,-0.0804743617773056,-1.3117915391921997,-1.4234906435012817
1787816914775556000,0.30855615234375,0.4752318263053894,0.35616427659988403,0.49369123578071594,0.635272204875946,-0.06448153406381607,-1.3084259033203125,-1.3339935541152954
1787816914791694600,0.324694580078125,0.5034007430076599,0.377511590719223,0.47557705640792847,0.6147350072860718,-0.05581100285053253,-1.3046324253082275,-1.4149444103240967
1787816914807751400,0.34075146484375,0.5028911828994751,0.3768008351325989,0.4754624664783478,0.6156761050224304,-0.053894393146038055,-1.3033214807510376,-1.4109323024749756
1787816914823806200,0.35680615234375,0.5085610151290894,0.3812333047389984,0.4720364511013031,0.6109079122543335,-0.054260529577732086,-1.303552269935608,-1.4298598766326904
1787816914839926500,0.372926513671875,0.522813618183136,0.3928329348564148,0.4640763998031616,0.5974792242050171,-0.06066996231675148,-1.3066235780715942,-1.4841423034667969
1787816914855885600,0.388885498046875,0.496626079082489,0.3733079135417938,0.48139452934265137,0.6182742714881897,-0.06404242664575577,-1.3095026016235352,-1.402608036994934
1787816914871981800,0.40498193359375,0.494086891412735,0.37155619263648987,0.4833568334579468,0.6198309063911438,-0.0662897527217865,-1.3106838464736938,-1.3969415426254272
1787816914887991600,0.420991455078125,0.5007935166358948,0.37681010365486145,0.4791945219039917,0.6144856214523315,-0.06559102982282639,-1.3105415105819702,-1.418034553527832
1787816914904003300,0.43700341796875,0.5029195547103882,0.3784695863723755,0.47779491543769836,0.612817108631134,-0.06497868150472641,-1.3103739023208618,-1.424372911453247
1787816914920086000,0.4530859375,0.5030505061149597,0.3785881996154785,0.477628618478775,0.612765908241272,-0.06436756253242493,-1.3102411031723022,-1.4242329597473145
1787816914936050700,0.46905078125,0.5007374286651611,0.37686893343925476,0.47896808385849,0.6146718263626099,-0.06359313428401947,-1.3102179765701294,-1.4160759449005127
1787816914952163000,0.4851630859375,0.500394344329834,0.3766964077949524,0.47912970185279846,0.614931046962738,-0.06302379071712494,-1.3102794885635376,-1.4145578145980835
1787816914968187600,0.501187744140625,0.499763160943985,0.3763139247894287,0.47946715354919434,0.6154153347015381,-0.06241462379693985,-1.3103632926940918,-1.4120876789093018
1787816914984213800,0.5172138671875,0.4996715486049652,0.3764065206050873,0.4794442057609558,0.6154509782791138,-0.06146228313446045,-1.31047785282135,-1.4111250638961792
1787816915000297500,0.53329736328125,0.498835951089859,0.37587904930114746,0.47990691661834717,0.6160901188850403,-0.06082206591963768,-1.310585618019104,-1.4079846143722534
1787816915016272100,0.549272216796875,0.4970814883708954,0.3745831549167633,0.48093530535697937,0.6174939274787903,-0.060377415269613266,-1.3106251955032349,-1.4019758701324463
1787816915032391700,0.5653916015625,0.49715253710746765,0.3746366798877716,0.480838805437088,0.6174794435501099,-0.06003132835030556,-1.3105216026306152,-1.4018672704696655
1787816915048425700,0.58142578125,0.4953603148460388,0.3732043504714966,0.4818914532661438,0.6189647316932678,-0.05992516130208969,-1.3104033470153809,-1.395908236503601
1787816915064461800,0.5974619140625,0.4955242872238159,0.37327560782432556,0.48179247975349426,0.6188675165176392,-0.060077425092458725,-1.3103132247924805,-1.3964970111846924
1787816915080547600,0.613547607421875,0.49526286125183105,0.37298405170440674,0.48199331760406494,0.6190962791442871,-0.06059791147708893,-1.3102558851242065,-1.3960195779800415
1787816915096540400,0.62954052734375,0.4951004981994629,0.37278997898101807,0.4821477234363556,0.6192226409912109,-0.061151955276727676,-1.310254454612732,-1.3959256410598755
1787816915112671500,0.64567138671875,0.494892954826355,0.3725578486919403,0.48228058218955994,0.6194248795509338,-0.06139465421438217,-1.3101582527160645,-1.3953803777694702
1787816915128720100,0.66172021484375,0.49515485763549805,0.3726942241191864,0.4820382297039032,0.6193221211433411,-0.06102323904633522,-1.3098900318145752,-1.3957595825195312
1787816915144758500,0.677758544921875,0.49750328063964844,0.3744816482067108,0.48051556944847107,0.6175426244735718,-0.060450851917266846,-1.3096295595169067,-1.4027361869812012
1787816915160842200,0.69384228515625,0.4976021647453308,0.3745262920856476,0.48036807775497437,0.6175506114959717,-0.05996415764093399,-1.3094128370285034,-1.4025334119796753
1787816915176846800,0.709846923828125,0.49773669242858887,0.37457796931266785,0.4802130162715912,0.6175313591957092,-0.05962539091706276,-1.3091894388198853,-1.4025570154190063
1787816915192989700,0.72598974609375,0.4978625178337097,0.3745481073856354,0.4800663888454437,0.6175620555877686,-0.05950687825679779,-1.3088527917861938,-1.402648687362671
1787816915208996600,0.74199658203125,0.4979953169822693,0.3745381236076355,0.4798904359340668,0.6175978779792786,-0.0591864138841629,-1.3084925413131714,-1.402590036392212
1787816915225051400,0.758051513671875,0.49806979298591614,0.37443816661834717,0.4798227548599243,0.6176509857177734,-0.059460196644067764,-1.3081978559494019,-1.4028478860855103
1787816915241175300,0.77417529296875,0.49731504917144775,0.373625785112381,0.48037323355674744,0.6183228492736816,-0.06067172437906265,-1.308013916015625,-1.4012246131896973
1787816915257137200,0.79013720703125,0.4967193305492401,0.37292027473449707,0.4808872938156128,0.6188278794288635,-0.062324222177267075,-1.3079193830490112,-1.400519847869873
1787816915273237800,0.80623779296875,0.49731066823005676,0.37327665090560913,0.48057353496551514,0.6183816194534302,-0.06287819147109985,-1.3078356981277466,-1.4028064012527466
1787816915289251800,0.822251953125,0.4974941611289978,0.3733508586883545,0.4803965389728546,0.618326723575592,-0.06262902170419693,-1.3076016902923584,-1.4030506610870361
1787816915305263900,0.838263916015625,0.4975087642669678,0.37319621443748474,0.48028960824012756,0.6184912919998169,-0.062432341277599335,-1.3071521520614624,-1.4026460647583008
1787816915321394200,0.854394287109375,0.4975700080394745,0.37291160225868225,0.48018068075180054,0.6186982989311218,-0.06284679472446442,-1.3064873218536377,-1.402724027633667
1787816915337365000,0.870364990234375,0.49771344661712646,0.37266555428504944,0.4800601899623871,0.6188247203826904,-0.0635724738240242,-1.3058538436889648,-1.4033299684524536
1787816915353480200,0.886480224609375,0.49777767062187195,0.37248677015304565,0.48000621795654297,0.6189225912094116,-0.06407760083675385,-1.305460810661316,-1.4036684036254883
1787816915369506000,0.902506103515625,0.4979103207588196,0.3724602162837982,0.4798556864261627,0.6189485788345337,-0.0639631375670433,-1.3051214218139648,-1.403782606124878
1787816915385532200,0.9185322265625,0.4981530010700226,0.372474730014801,0.4796133041381836,0.6189323663711548,-0.0638004019856453,-1.3046636581420898,-1.4041365385055542
1787816915401622500,0.93462255859375,0.49842262268066406,0.3724997341632843,0.4793415069580078,0.6189108490943909,-0.0635802149772644,-1.3041648864746094,-1.404505729675293
1787816915417599200,0.95059912109375,0.49800169467926025,0.37195590138435364,0.4795413911342621,0.6194217205047607,-0.06381283700466156,-1.3037177324295044,-1.4030297994613647
1787816915433711600,0.966711669921875,0.4979878067970276,0.3717288374900818,0.4796072840690613,0.6195181608200073,-0.06475131958723068,-1.3034818172454834,-1.4035547971725464
1787816915449738800,0.98273876953125,0.49808400869369507,0.3717802166938782,0.4795851409435272,0.6194271445274353,-0.06504013389348984,-1.3035118579864502,-1.404109001159668
1787816915465768400,0.9987685546875,0.4983324706554413,0.37205836176872253,0.4794047772884369,0.619199812412262,-0.06461519747972488,-1.3035897016525269,-1.4046341180801392
1787816915481865500,1.014865478515625,0.4983845055103302,0.37208956480026245,0.4793168902397156,0.6192072629928589,-0.0642758458852768,-1.3034690618515015,-1.4044592380523682
1787816915497848000,1.03084814453125,0.49920809268951416,0.3725484609603882,0.4788229167461395,0.6186498403549194,-0.06475291401147842,-1.303187370300293,-1.4073024988174438
1787816915513977300,1.046977294921875,0.4996403455734253,0.3726595938205719,0.47862425446510315,0.6183876991271973,-0.06573095917701721,-1.30294668674469,-1.409296989440918
1787816915530017500,1.063017578125,0.4995771050453186,0.372443288564682,0.47882094979286194,0.6184167265892029,-0.06718441843986511,-1.302976369857788,-1.4102373123168945
1787816915546055400,1.079055419921875,0.4997158944606781,0.37250983715057373,0.4789045453071594,0.6181998252868652,-0.06836636364459991,-1.3032240867614746,-1.4117671251296997
1787816915562164000,1.0951640625,0.5000115633010864,0.3727732002735138,0.4788303077220917,0.6178593039512634,-0.06894932687282562,-1.303472876548767,-1.4133423566818237
1787816915578161200,1.1111611328125,0.5001439452171326,0.3728819489479065,0.4787885844707489,0.6177188754081726,-0.06917998939752579,-1.3035540580749512,-1.4140044450759888
1787816915594297900,1.1272978515625,0.5004866123199463,0.3730420768260956,0.4785346984863281,0.6175414323806763,-0.06914761662483215,-1.303297758102417,-1.4149168729782104
1787816915610348300,1.143348388671875,0.5002002716064453,0.37256887555122375,0.4786372184753418,0.6179794669151306,-0.06934084743261337,-1.3027645349502563,-1.4137815237045288
1787816915626395000,1.159394775390625,0.5002330541610718,0.3723433017730713,0.47855669260025024,0.6181511878967285,-0.06959538906812668,-1.3022499084472656,-1.413739800453186
1787816915642516700,1.175516845703125,0.5001863837242126,0.3721230626106262,0.4785282611846924,0.6183435916900635,-0.06970533728599548,-1.30185067653656,-1.4134061336517334
1787816915658521300,1.191521240234375,0.5008252263069153,0.3724043071269989,0.4780775308609009,0.618005633354187,-0.06982863694429398,-1.301386833190918,-1.4152573347091675
1787816915674607600,1.207607666015625,0.5007194876670837,0.3721943199634552,0.47804662585258484,0.6182417273521423,-0.06955070793628693,-1.301005482673645,-1.4144444465637207
1787816915690662700,1.22366259765625,0.5007824897766113,0.37218934297561646,0.47790107131004333,0.6183061599731445,-0.06900016218423843,-1.3007184267044067,-1.4140307903289795
1787816915706721000,1.239720947265625,0.5023006200790405,0.3732241988182068,0.47689515352249146,0.6172267198562622,-0.06877750903367996,-1.3003300428390503,-1.4185128211975098
1787816915722848800,1.255848876953125,0.5025506019592285,0.3731466829776764,0.4766791760921478,0.6172369718551636,-0.0690496563911438,-1.2997759580612183,-1.4191608428955078
1787816915738811400,1.271811279296875,0.5026235580444336,0.3728547692298889,0.47661763429641724,0.6174014210700989,-0.0698200911283493,-1.2991855144500732,-1.4195953607559204
1787816915754958300,1.287958251953125,0.5032051801681519,0.3731306195259094,0.47629696130752563,0.6170083284378052,-0.07045351713895798,-1.2989654541015625,-1.4218207597732544
1787816915770973700,1.3039736328125,0.5019128322601318,0.3721887767314911,0.4771334230899811,0.6179828643798828,-0.07067239284515381,-1.299160122871399,-1.4179351329803467
1787816915786980000,1.31997998046875,0.5009769201278687,0.3715048134326935,0.4777994453907013,0.6186388731002808,-0.07123132050037384,-1.2994141578674316,-1.415509581565857
1787816915803112400,1.336112548828125,0.5002522468566895,0.37073296308517456,0.4782412350177765,0.619346559047699,-0.07181961834430695,-1.2990890741348267,-1.4134048223495483
1787816915819084500,1.35208447265625,0.49859997630119324,0.36908066272735596,0.4791659116744995,0.6209490299224854,-0.07240165024995804,-1.2983754873275757,-1.4080497026443481
1787816915835197000,1.368197021484375,0.49819082021713257,0.36860722303390503,0.47933050990104675,0.6214314699172974,-0.07231450825929642,-1.2979788780212402,-1.4064013957977295
1787816915851222300,1.38422216796875,0.4980219006538391,0.36856406927108765,0.479350209236145,0.6215771436691284,-0.07158172875642776,-1.297966480255127,-1.4052845239639282
1787816915867239200,1.4002392578125,0.4972459077835083,0.36800238490104675,0.4797877371311188,0.6221933960914612,-0.07134757190942764,-1.2979836463928223,-1.40261971950531
1787816915883324200,1.41632421875,0.4971413314342499,0.3679622709751129,0.47983619570732117,0.6222631931304932,-0.07115793973207474,-1.2980223894119263,-1.402163028717041
1787816915899300600,1.432300537109375,0.49723756313323975,0.36820337176322937,0.47976425290107727,0.6220991015434265,-0.07062826305627823,-1.2982585430145264,-1.4022198915481567
1787816915915414500,1.44841455078125,0.4953426420688629,0.36716949939727783,0.48085176944732666,0.6233810186386108,-0.06930748373270035,-1.2988771200180054,-1.395522952079773
1787816915931451100,1.464451171875,0.49499696493148804,0.36755606532096863,0.4809916615486145,0.6233197450637817,-0.06717314571142197,-1.299787998199463,-1.3933650255203247
1787816915947479000,1.48047900390625,0.49323397874832153,0.36710697412490845,0.48194384574890137,0.624245822429657,-0.06418617069721222,-1.3010636568069458,-1.386240005493164
1787816915963567600,1.496567626953125,0.49400582909584045,0.36859968304634094,0.4815630316734314,0.6230486035346985,-0.0622301883995533,-1.3026176691055298,-1.388217568397522
1787816915979553000,1.512552978515625,0.493579238653183,0.368924617767334,0.4819905757904053,0.6228638887405396,-0.061563197523355484,-1.303983449935913,-1.3872236013412476
1787816915995677400,1.528677490234375,0.4930211305618286,0.3689155876636505,0.4824981987476349,0.6229181289672852,-0.06153780221939087,-1.304986596107483,-1.3860665559768677
1787816916011719700,1.5447197265625,0.4931730031967163,0.3693530559539795,0.48258674144744873,0.6224700212478638,-0.06180538609623909,-1.3058305978775024,-1.3873130083084106
1787816916027757600,1.560757568359375,0.49264881014823914,0.36946773529052734,0.4830966591835022,0.6224213242530823,-0.061656612902879715,-1.307030439376831,-1.3862982988357544
1787816916043840800,1.5768408203125,0.4914189279079437,0.36931687593460083,0.4841339886188507,0.6226771473884583,-0.06142604351043701,-1.3088854551315308,-1.383380651473999
1787816916059829500,1.59282958984375,0.4910113513469696,0.3698787987232208,0.48476752638816833,0.6221719980239868,-0.06153488904237747,-1.3110177516937256,-1.3835504055023193
1787816916075960800,1.6089609375,0.4905046224594116,0.3702530562877655,0.4855231046676636,0.621759831905365,-0.06237264350056648,-1.3130980730056763,-1.3839386701583862
1787816916092008200,1.62500830078125,0.4896186590194702,0.37076616287231445,0.4863174855709076,0.6215315461158752,-0.06076284870505333,-1.3155114650726318,-1.3814141750335693
1787816916108050400,1.641050537109375,0.48907119035720825,0.3711940348148346,0.48690658807754517,0.6212459206581116,-0.06009521335363388,-1.3173662424087524,-1.380346417427063
1787816916124163800,1.657163818359375,0.4888952374458313,0.3715499937534332,0.4872134029865265,0.6209310293197632,-0.0600479394197464,-1.3185325860977173,-1.3805091381072998
1787816916140169500,1.67316943359375,0.48889386653900146,0.3716868758201599,0.48731374740600586,0.6207713484764099,-0.06032620370388031,-1.3189407587051392,-1.3809914588928223
1787816916156316400,1.68931640625,0.48732173442840576,0.3707558214664459,0.48834121227264404,0.6217561364173889,-0.06005506590008736,-1.3195890188217163,-1.376143217086792
1787816916172327700,1.70532763671875,0.48614978790283203,0.3702816963195801,0.4890448749065399,0.6224026083946228,-0.058810003101825714,-1.3203034400939941,-1.3718643188476562
1787816916188384800,1.721384765625,0.4848376214504242,0.36987170577049255,0.48982441425323486,0.6230566501617432,-0.05700351670384407,-1.321280837059021,-1.3668667078018188
1787816916204519700,1.737519775390625,0.483809232711792,0.3698333501815796,0.49048417806625366,0.623359739780426,-0.05507371574640274,-1.3225864171981812,-1.3628954887390137
1787816916220489000,1.753489013671875,0.4820556640625,0.3693346381187439,0.4918403923511505,0.6239449381828308,-0.05459477752447128,-1.3245830535888672,-1.3581856489181519
1787816916236600600,1.7696005859375,0.48161113262176514,0.370161235332489,0.4928921163082123,0.6229676604270935,-0.05645418539643288,-1.3279575109481812,-1.3604133129119873
1787816916252619000,1.785618896484375,0.479669451713562,0.3700323700904846,0.4948333501815796,0.6230034232139587,-0.05766928941011429,-1.3316994905471802,-1.3575758934020996
1787816916268632300,1.80163232421875,0.4775456488132477,0.36981117725372314,0.4966983199119568,0.623282253742218,-0.0574270635843277,-1.3351768255233765,-1.3528279066085815
1787816916284768300,1.817768310546875,0.47582945227622986,0.3692915439605713,0.49825000762939453,0.6236642003059387,-0.05859698727726936,-1.337549090385437,-1.349797248840332
1787816916300739800,1.83373974609375,0.4716683030128479,0.36610040068626404,0.500873863697052,0.6265978813171387,-0.05943339690566063,-1.3381032943725586,-1.3375108242034912
1787816916316854000,1.84985400390625,0.4690670669078827,0.36390969157218933,0.5022358894348145,0.6287328004837036,-0.05872391164302826,-1.3376333713531494,-1.3283549547195435
1787816916332874500,1.86587451171875,0.46726173162460327,0.36258530616760254,0.5029608011245728,0.6302608847618103,-0.05610990896821022,-1.3371882438659668,-1.3202500343322754
1787816916348894500,1.88189453125,0.4664445221424103,0.36265188455581665,0.5031489133834839,0.6306777596473694,-0.051760248839855194,-1.337733507156372,-1.3145298957824707
1787816916364984600,1.897984619140625,0.4656469225883484,0.36312082409858704,0.5035502314567566,0.6306769847869873,-0.04765666276216507,-1.3393135070800781,-1.3097116947174072
1787816916380964000,1.913964111328125,0.4645662307739258,0.3633382320404053,0.5043064951896667,0.6307443976402283,-0.044930070638656616,-1.3412350416183472,-1.3053005933761597
1787816916397086200,1.930086181640625,0.4593696594238281,0.36000508069992065,0.5073826909065247,0.6339864134788513,-0.04280247166752815,-1.3426984548568726,-1.288063883781433
1787816916413116400,1.946116455078125,0.4585673213005066,0.35955196619033813,0.5078582167625427,0.6344435214996338,-0.04227680712938309,-1.343026041984558,-1.285312533378601
1787816916429154300,1.962154296875,0.45780864357948303,0.3586418926715851,0.5080857872962952,0.6353235840797424,-0.04194861650466919,-1.3421604633331299,-1.2821342945098877
1787816916445214200,1.978214111328125,0.4566981792449951,0.35711243748664856,0.5083998441696167,0.6367316246032715,-0.042084794491529465,-1.3405654430389404,-1.277787446975708
1787816916461200000,1.994199951171875,0.4560132920742035,0.35621482133865356,0.5086721181869507,0.637507438659668,-0.042572151869535446,-1.3398137092590332,-1.2755743265151978
1787816916477325300,2.0103251953125,0.4550897479057312,0.3558450937271118,0.50919508934021,0.6379560828208923,-0.041309889405965805,-1.3403785228729248,-1.2720096111297607
1787816916493363700,2.02636376953125,0.45421674847602844,0.3560076653957367,0.5097063779830933,0.6380792856216431,-0.03837485611438751,-1.3417149782180786,-1.2677273750305176
1787816916509399600,2.042399658203125,0.4534187316894531,0.3561995029449463,0.5103036165237427,0.6380624175071716,-0.03639264777302742,-1.3432650566101074,-1.2645639181137085
1787816916525507800,2.0585078125,0.45247575640678406,0.35606271028518677,0.511174201965332,0.6381112933158875,-0.03649460896849632,-1.3448902368545532,-1.2626557350158691
1787816916541502000,2.074501953125,0.4521564841270447,0.3561663329601288,0.5117570161819458,0.6378126740455627,-0.037975769490003586,-1.3462538719177246,-1.2636537551879883
1787816916557631200,2.09063134765625,0.4509701430797577,0.3552553653717041,0.5131604075431824,0.6380330324172974,-0.0430239699780941,-1.3478295803070068,-1.2649316787719727
1787816916573675300,2.10667529296875,0.4510304033756256,0.355175256729126,0.5141024589538574,0.6372761726379395,-0.05044682323932648,-1.3496204614639282,-1.2721798419952393
1787816916589719300,2.12271923828125,0.44958072900772095,0.35352689027786255,0.5156663656234741,0.6379530429840088,-0.05767843872308731,-1.3504397869110107,-1.2739710807800293
1787816916605830400,2.138830322265625,0.45043665170669556,0.3534611761569977,0.5152345895767212,0.637734591960907,-0.06074828654527664,-1.349389910697937,-1.278493046760559
1787816916621838000,2.154838134765625,0.4521160125732422,0.3543977439403534,0.5129364132881165,0.6378790140151978,-0.05245831608772278,-1.3460044860839844,-1.2750096321105957
1787816916637970700,2.170970703125,0.4524551033973694,0.35552048683166504,0.5118232369422913,0.637907862663269,-0.04285833612084389,-1.3454028367996216,-1.2679988145828247
1787816916654025700,2.187025634765625,0.4511413276195526,0.35599666833877563,0.5127370357513428,0.6378390192985535,-0.038473378866910934,-1.348061442375183,-1.2619478702545166
1787816916670077200,2.2030771484375,0.44957876205444336,0.3562662601470947,0.5148183703422546,0.6371148824691772,-0.04134094715118408,-1.3528169393539429,-1.2622005939483643
1787816916686194200,2.219194091796875,0.44778114557266235,0.3559187352657318,0.5172666311264038,0.6365917921066284,-0.0476892814040184,-1.3574259281158447,-1.2644790410995483
1787816916702212600,2.235212646484375,0.4458179473876953,0.3549243211746216,0.519359290599823,0.6368210911750793,-0.05284330993890762,-1.3603662252426147,-1.2642951011657715
1787816916718312200,2.251312255859375,0.4441401958465576,0.353868305683136,0.5203135013580322,0.637801468372345,-0.0517975278198719,-1.3608770370483398,-1.2584874629974365
1787816916734334200,2.267334228515625,0.44279947876930237,0.35330843925476074,0.5203282833099365,0.6390306949615479,-0.04426946863532066,-1.3601741790771484,-1.2477291822433472
1787816916750355000,2.28335498046875,0.4416942894458771,0.353383332490921,0.5197135806083679,0.6402533054351807,-0.03140968829393387,-1.3590788841247559,-1.2331727743148804
1787816916766484700,2.299484619140625,0.44103360176086426,0.3540942370891571,0.5186079740524292,0.6412116885185242,-0.015843145549297333,-1.3578380346298218,-1.217782974243164
1787816916782459100,2.315459228515625,0.44119805097579956,0.3558068573474884,0.5167371034622192,0.6416608691215515,0.003044956363737583,-1.3563883304595947,-1.2022411823272705
1787816916798565000,2.331565185546875,0.441938191652298,0.3587709665298462,0.5141586065292358,0.6415722370147705,0.027593454346060753,-1.3551998138427734,-1.1841833591461182
1787816916814590700,2.3475908203125,0.4431338608264923,0.3628480136394501,0.5110723376274109,0.6409202814102173,0.05671370029449463,-1.354475498199463,-1.164257287979126
1787816916830617000,2.3636171875,0.4443526864051819,0.36719170212745667,0.5077681541442871,0.6402283906936646,0.08788790553808212,-1.3535765409469604,-1.1428253650665283
1787816916846753300,2.379753173828125,0.44531893730163574,0.3712869882583618,0.5048473477363586,0.6395047903060913,0.11711909621953964,-1.3530499935150146,-1.122468113899231
1787816916862739700,2.39573974609375,0.4449371099472046,0.37515872716903687,0.5034716129302979,0.6385948061943054,0.14607205986976624,-1.3553112745285034,-1.099444031715393
1787816916878854400,2.4118544921875,0.4423955976963043,0.3785833418369293,0.5049327611923218,0.6371843218803406,0.1736917495727539,-1.3627564907073975,-1.0728026628494263
1787816916894898000,2.42789794921875,0.4388759732246399,0.38109463453292847,0.5080849528312683,0.6356134414672852,0.19659201800823212,-1.372470498085022,-1.0474262237548828
1787816916910937900,2.443937744140625,0.4353873133659363,0.38183045387268066,0.5119243860244751,0.6344894766807556,0.2073335200548172,-1.381354808807373,-1.0312591791152954
1787816916927033000,2.460033203125,0.4317544400691986,0.38080498576164246,0.5163191556930542,0.6340270042419434,0.20648416876792908,-1.3891582489013672,-1.0234806537628174
1787816916943022800,2.47602294921875,0.429250568151474,0.3802300989627838,0.5211838483810425,0.6320890784263611,0.19581535458564758,-1.3991049528121948,-1.0281840562820435
1787816916959131400,2.49213134765625,0.42719513177871704,0.3803462088108063,0.5268662571907043,0.6286914944648743,0.17872776091098785,-1.4121166467666626,-1.0411558151245117
1787816916975220500,2.508220458984375,0.4261009991168976,0.3808128535747528,0.5320228934288025,0.6247968673706055,0.15493741631507874,-1.4246658086776733,-1.0631921291351318
1787816916991256800,2.5242568359375,0.4267053008079529,0.38094839453697205,0.5345901250839233,0.622104823589325,0.12778697907924652,-1.4310230016708374,-1.0913047790527344
1787816917007347000,2.540346923828125,0.4295663833618164,0.381706178188324,0.5338903069496155,0.6202695965766907,0.10671466588973999,-1.4310269355773926,-1.1186411380767822
1787816917023387400,2.556387451171875,0.43299153447151184,0.3837974965572357,0.5316274166107178,0.6185386180877686,0.10244044661521912,-1.4294438362121582,-1.1325684785842896
1787816917039496200,2.57249609375,0.4373752474784851,0.38894784450531006,0.5287419557571411,0.6146987080574036,0.11270782351493835,-1.4311574697494507,-1.1388429403305054
1787816917055549400,2.588549560546875,0.44166678190231323,0.39544737339019775,0.5260176062583923,0.6098010540008545,0.13102643191814423,-1.435371994972229,-1.1392500400543213
1787816917071603700,2.604603759765625,0.44670766592025757,0.40104013681411743,0.5225458145141602,0.6054461002349854,0.1409824788570404,-1.4368456602096558,-1.148008942604065
1787816917087707100,2.62070703125,0.4519716799259186,0.4028756618499756,0.5182124972343445,0.6040435433387756,0.13137856125831604,-1.430843472480774,-1.1705437898635864
1787816917103766000,2.63676611328125,0.4571343958377838,0.400304913520813,0.5129131078720093,0.606386125087738,0.10742971301078796,-1.4159358739852905,-1.199958086013794
1787816917119908600,2.65290869140625,0.45934444665908813,0.3953312039375305,0.5087739825248718,0.6114450693130493,0.09423559159040451,-1.3994792699813843,-1.2092455625534058
1787816917135974000,2.668973876953125,0.45911282300949097,0.3914746344089508,0.5055925846099854,0.6167165637016296,0.10175953805446625,-1.386561393737793,-1.1953049898147583
1787816917152034800,2.685034912109375,0.457518607378006,0.39013826847076416,0.5024779438972473,0.6212767958641052,0.13031482696533203,-1.377346396446228,-1.1621901988983154
1787816917168142800,2.701142822265625,0.4554551839828491,0.3907066881656647,0.4993734061717987,0.6249281167984009,0.16904202103614807,-1.3706815242767334,-1.1212986707687378
1787816917184164600,2.71716455078125,0.4538511037826538,0.39013999700546265,0.4964975416660309,0.6287290453910828,0.19454769790172577,-1.3628443479537964,-1.0925356149673462
1787816917200252200,2.733252197265625,0.45385998487472534,0.3873220682144165,0.494124174118042,0.6323243379592896,0.19271539151668549,-1.3534514904022217,-1.090127944946289
1787816917216321800,2.74932177734375,0.4548671543598175,0.38218408823013306,0.49276459217071533,0.6357784867286682,0.1679690182209015,-1.3434336185455322,-1.1083791255950928
1787816917232339500,2.76533935546875,0.4566926956176758,0.3774959444999695,0.4922404885292053,0.6376739144325256,0.1373010277748108,-1.3360660076141357,-1.1346102952957153
1787816917248456400,2.78145654296875,0.4590905010700226,0.3759517967700958,0.4923180043697357,0.636803925037384,0.11463700979948044,-1.3345006704330444,-1.158922553062439
1787816917264479500,2.7974794921875,0.4598367512226105,0.3771767020225525,0.4940612018108368,0.6341856718063354,0.10531483590602875,-1.340209722518921,-1.1712414026260376
1787816917280576800,2.81357666015625,0.45917898416519165,0.3786277770996094,0.4977635443210602,0.6308939456939697,0.09442923963069916,-1.350294828414917,-1.1826856136322021
1787816917296655600,2.829655517578125,0.45701953768730164,0.3779773712158203,0.5034965872764587,0.6282973289489746,0.0710449144244194,-1.3614991903305054,-1.200203537940979
1787816917312682500,2.8456826171875,0.4532959461212158,0.37539589405059814,0.5108112096786499,0.6266360878944397,0.03755716234445572,-1.373072862625122,-1.221711277961731
1787816917328808000,2.861807861328125,0.4496820867061615,0.37482011318206787,0.5183454751968384,0.6233890652656555,0.0062545184046030045,-1.3881231546401978,-1.244619369506836
1787816917344845000,2.877844970703125,0.4461662471294403,0.3726132810115814,0.5250441431999207,0.6216300129890442,-0.030747491866350174,-1.398895025253296,-1.2709318399429321
1787816917360947500,2.893947509765625,0.4437403976917267,0.3641861081123352,0.5301927924156189,0.623986005783081,-0.09271461516618729,-1.3966447114944458,-1.314167857170105
1787816917377034200,2.9100341796875,0.44292688369750977,0.3502945303916931,0.5331242084503174,0.6299905776977539,-0.16452918946743011,-1.3809658288955688,-1.3615882396697998
1787816917393068500,2.926068603515625,0.44071927666664124,0.3356446921825409,0.5350675582885742,0.6378180384635925,-0.21186690032482147,-1.3625823259353638,-1.3812942504882812
1787816917409194500,2.942194580078125,0.43576526641845703,0.3234460651874542,0.5385668277740479,0.6445441246032715,-0.24391816556453705,-1.3519718647003174,-1.3849658966064453
1787816917425231400,2.9582314453125,0.427947998046875,0.31474316120147705,0.5434567332267761,0.6499631404876709,-0.25920504331588745,-1.3505382537841797,-1.3725473880767822
1787816917441340000,2.97433984375,0.4202688932418823,0.30930447578430176,0.5467967391014099,0.6547657251358032,-0.2533918023109436,-1.3514028787612915,-1.3447667360305786
1787816917457430300,2.99043017578125,0.41318729519844055,0.30468881130218506,0.5475606322288513,0.6607711315155029,-0.22807452082633972,-1.3485811948776245,-1.3002227544784546
1787816917473468200,3.00646826171875,0.40741845965385437,0.29942402243614197,0.5459553003311157,0.6680481433868408,-0.19694162905216217,-1.3397644758224487,-1.2514595985412598
1787816917489603600,3.022603515625,0.40357694029808044,0.2941204309463501,0.5430880784988403,0.6750364303588867,-0.172343909740448,-1.3277482986450195,-1.212647795677185
1787816917505646000,3.03864599609375,0.4001272916793823,0.28861039876937866,0.5411609411239624,0.680989682674408,-0.16004641354084015,-1.3171818256378174,-1.186413049697876
1787816917521760000,3.054760009765625,0.3960023820400238,0.2821229100227356,0.5411902666091919,0.6860772371292114,-0.1613406240940094,-1.3094357252120972,-1.1709370613098145
1787816917537812500,3.0708125,0.3918814957141876,0.2762627899646759,0.5428166389465332,0.6895344853401184,-0.17058996856212616,-1.3058483600616455,-1.1642141342163086
1787816917553865700,3.08686572265625,0.3880062699317932,0.2729729413986206,0.545344889163971,0.6910397410392761,-0.1773882359266281,-1.3075119256973267,-1.1592843532562256
1787816917569918500,3.10291845703125,0.3844338357448578,0.2736915349960327,0.5469615459442139,0.6914742588996887,-0.1653975546360016,-1.3126006126403809,-1.1423254013061523
1787816917585977300,3.118977294921875,0.3805106580257416,0.2770896852016449,0.5487082004547119,0.6909068822860718,-0.14107443392276764,-1.321489691734314,-1.1165529489517212
1787816917602100700,3.135100830078125,0.377138614654541,0.28264039754867554,0.549807071685791,0.6896326541900635,-0.10515076667070389,-1.3315590620040894,-1.0834881067276
1787816917618210300,3.151210205078125,0.3737894594669342,0.2894637882709503,0.5518353581428528,0.6870007514953613,-0.06623388081789017,-1.3450158834457397,-1.0493398904800415
1787816917634268700,3.1672685546875,0.3682554066181183,0.2951919138431549,0.5568587779998779,0.6834896206855774,-0.03215435892343521,-1.3636724948883057,-1.0144884586334229
1787816917650376700,3.183376708984375,0.36267712712287903,0.3006718158721924,0.5638213753700256,0.6783562898635864,-0.00569768575951457,-1.3863455057144165,-0.9866830706596375
1787816917666441700,3.199441650390625,0.35918697714805603,0.30688008666038513,0.5700202584266663,0.6722248196601868,0.019138943403959274,-1.4082486629486084,-0.9652031064033508
1787816917682577400,3.215577392578125,0.35812363028526306,0.3136730492115021,0.5740147829055786,0.666231095790863,0.04725632071495056,-1.4258968830108643,-0.9455861449241638
1787816917698646000,3.23164599609375,0.3610151708126068,0.32430499792099,0.5747068524360657,0.6589434146881104,0.09609153121709824,-1.440755844116211,-0.9180548787117004
1787816917714662700,3.24766259765625,0.36400774121284485,0.3380715548992157,0.5747916102409363,0.6502466201782227,0.18933288753032684,-1.457899570465088,-0.8514901399612427
1787816917730773000,3.26377294921875,0.3677133023738861,0.34961289167404175,0.5750276446342468,0.6417951583862305,0.2679358422756195,-1.4729266166687012,-0.7974025011062622
1787816917746792700,3.279792724609375,0.3742499351501465,0.3577594757080078,0.5734688639640808,0.634884774684906,0.28234928846359253,-1.4808353185653687,-0.8069847226142883
1787816917762892300,3.295892333984375,0.38493987917900085,0.3625202775001526,0.5695897936820984,0.6292598247528076,0.19809922575950623,-1.480621337890625,-0.9169145226478577
1787816917778975700,3.311975830078125,0.39591071009635925,0.3681527078151703,0.565523087978363,0.6228176951408386,0.12026125192642212,-1.4807299375534058,-1.0225675106048584
1787816917795009300,3.32800927734375,0.4052101671695709,0.3756597936153412,0.5634374022483826,0.6141846179962158,0.058215513825416565,-1.4877244234085083,-1.1128298044204712
1787816917811140600,3.344140625,0.41324371099472046,0.38378357887268066,0.562470555305481,0.6046211123466492,-0.010835995897650719,-1.4980542659759521,-1.209174394607544
1787816917827176000,3.360176025390625,0.4214283227920532,0.38885489106178284,0.5607674717903137,0.5972687005996704,-0.11806873232126236,-1.5015963315963745,-1.339124083518982
1787816917843274000,3.37627392578125,0.4306173026561737,0.3888009488582611,0.5573940873146057,0.5938977599143982,-0.23456746339797974,-1.4922782182693481,-1.4716897010803223
1787816917859356000,3.39235595703125,0.4410078525543213,0.3867757320404053,0.5522201657295227,0.5924268364906311,-0.30672159790992737,-1.4752863645553589,-1.5589476823806763
1787816917875385900,3.4083857421875,0.450242280960083,0.3844289779663086,0.5469481945037842,0.5918986201286316,-0.3390987515449524,-1.4580260515213013,-1.6040449142456055
1787816917891526100,3.424526123046875,0.45720958709716797,0.3815193474292755,0.5427888035774231,0.5922691226005554,-0.35543063282966614,-1.442824125289917,-1.6281886100769043
1787816917907566600,3.440566650390625,0.46225976943969727,0.37872040271759033,0.5395569205284119,0.593097984790802,-0.36216485500335693,-1.4303572177886963,-1.6395145654678345
1787816917923675400,3.45667529296875,0.4653533101081848,0.37651801109313965,0.5372039675712585,0.5942158699035645,-0.36052414774894714,-1.4213794469833374,-1.6399328708648682
1787816917939763700,3.472763671875,0.4680493474006653,0.37459903955459595,0.5348950028419495,0.5953930020332336,-0.3556389808654785,-1.4131983518600464,-1.6368905305862427
1787816917955804700,3.4888046875,0.46864810585975647,0.3717139661312103,0.5343142151832581,0.5972487330436707,-0.35616397857666016,-1.4071701765060425,-1.6337329149246216
1787816917971944000,3.50494384765625,0.4689469337463379,0.36854735016822815,0.534568190574646,0.5987473726272583,-0.3656150996685028,-1.4020787477493286,-1.6384329795837402
1787816917987990500,3.520990478515625,0.4704262912273407,0.36837267875671387,0.5348213315010071,0.5974670052528381,-0.38266777992248535,-1.401244878768921,-1.6578419208526611
1787816918004109600,3.537109619140625,0.4712919592857361,0.37039193511009216,0.5359241962432861,0.594541072845459,-0.4045080542564392,-1.405583143234253,-1.6845118999481201
1787816918020214500,3.553214599609375,0.4716735780239105,0.3733604848384857,0.537428081035614,0.5910136103630066,-0.4289966821670532,-1.4122837781906128,-1.7145267724990845
1787816918036266200,3.569266357421875,0.47206544876098633,0.37534281611442566,0.5390085577964783,0.58799809217453,-0.4572433531284332,-1.4173145294189453,-1.7466892004013062
1787816918052366000,3.585365966796875,0.47134244441986084,0.37411513924598694,0.5415961742401123,0.5869819521903992,-0.49111202359199524,-1.418907642364502,-1.7770068645477295
1787816918068426200,3.60142626953125,0.4685821831226349,0.36953359842300415,0.5462510585784912,0.5877801775932312,-0.5373185276985168,-1.4187607765197754,-1.810242772102356
1787816918084551700,3.6175517578125,0.46481165289878845,0.36568331718444824,0.5527496337890625,0.5871061682701111,-0.6075041890144348,-1.4222898483276367,-1.8668272495269775
1787816918100614700,3.63361474609375,0.4608076214790344,0.3669224679470062,0.559685230255127,0.5829036235809326,-0.7014172077178955,-1.433915376663208,-1.9552912712097168
1787816918116674600,3.649674560546875,0.4571874737739563,0.3686886727809906,0.5649852156639099,0.5795170068740845,-0.7829672694206238,-1.4438787698745728,-2.033123254776001
1787816918132728600,3.665728515625,0.45564529299736023,0.3651070296764374,0.5664787292480469,0.5815377831459045,-0.7853012084960938,-1.4409066438674927,-2.0266542434692383
1787816918148789200,3.681789306640625,0.4556918442249298,0.35320764780044556,0.5637386441230774,0.591428816318512,-0.6960178017616272,-1.4205234050750732,-1.9177978038787842
1787816918164922000,3.697922119140625,0.4543445110321045,0.3394297957420349,0.5618088841438293,0.6022701263427734,-0.633785605430603,-1.3982890844345093,-1.8307219743728638
1787816918180990500,3.713990478515625,0.44986042380332947,0.3290245234966278,0.5635757446289062,0.6097137331962585,-0.620008647441864,-1.3876194953918457,-1.792104959487915
1787816918197011000,3.730010986328125,0.44259917736053467,0.32414355874061584,0.5677388906478882,0.6137666702270508,-0.6245462894439697,-1.3908302783966064,-1.7758256196975708
1787816918213127700,3.746127685546875,0.43552467226982117,0.32240089774131775,0.5698463916778564,0.6177792549133301,-0.6019856333732605,-1.3968281745910645,-1.738036036491394
1787816918229157600,3.76215771484375,0.4310101270675659,0.32079365849494934,0.5672304630279541,0.6241565346717834,-0.5311160683631897,-1.3951386213302612,-1.656967282295227
1787816918245254400,3.77825439453125,0.42794278264045715,0.3175112009048462,0.5612537264823914,0.6332818865776062,-0.4349282383918762,-1.384068250656128,-1.5507651567459106
1787816918261334800,3.794334716796875,0.4259544610977173,0.3130844235420227,0.5544995665550232,0.6427062153816223,-0.35440006852149963,-1.3678650856018066,-1.4604909420013428
1787816918277368600,3.81036865234375,0.4257325530052185,0.3094356656074524,0.548500657081604,0.6497294306755066,-0.30423852801322937,-1.3523144721984863,-1.4048776626586914
1787816918293437200,3.826437255859375,0.4257407486438751,0.3062593936920166,0.5431196093559265,0.65572190284729,-0.26686039566993713,-1.338086485862732,-1.3632001876831055
1787816918309468400,3.842468505859375,0.42744266986846924,0.3054998517036438,0.5363907217979431,0.6604903936386108,-0.22716157138347626,-1.3241193294525146,-1.3261027336120605
1787816918325572400,3.858572265625,0.43081769347190857,0.30817854404449463,0.527287483215332,0.6643718481063843,-0.1747405081987381,-1.3099321126937866,-1.2849347591400146
1787816918341607000,3.87460693359375,0.4346294105052948,0.31326034665107727,0.5171954035758972,0.6674386262893677,-0.11635440587997437,-1.2967978715896606,-1.2426249980926514
1787816918357637400,3.890637451171875,0.43489283323287964,0.31895363330841064,0.5106099843978882,0.6696373820304871,-0.0615549236536026,-1.2915678024291992,-1.1983625888824463
1787816918373780700,3.90678076171875,0.4311487674713135,0.3245915174484253,0.5108556151390076,0.669161856174469,-0.022817740216851234,-1.3000990152359009,-1.162079930305481
1787816918389822700,3.92282275390625,0.4254814684391022,0.32954972982406616,0.5178002119064331,0.6650153398513794,-0.009399259462952614,-1.3216562271118164,-1.1456598043441772
1787816918405932000,3.93893212890625,0.42007917165756226,0.33527907729148865,0.5277099013328552,0.6577566862106323,-0.010519994422793388,-1.3507940769195557,-1.1451438665390015
1787816918422030000,3.955030029296875,0.4170783758163452,0.3429974615573883,0.5354467034339905,0.649380624294281,-0.006140350364148617,-1.3783067464828491,-1.146904468536377
1787816918438078000,3.971077880859375,0.41786888241767883,0.351563036441803,0.5384750962257385,0.6417427062988281,0.0069523160345852375,-1.3970234394073486,-1.1485246419906616
1787816918454177000,3.987177001953125,0.42197197675704956,0.3609806299209595,0.5373183488845825,0.6347610950469971,0.029666846618056297,-1.4080432653427124,-1.1481878757476807
1787816918470227000,4.00322705078125,0.4259074628353119,0.37124398350715637,0.5356157422065735,0.6276117563247681,0.0646476000547409,-1.4193150997161865,-1.136926531791687
1787816918486346500,4.019346435546875,0.42845872044563293,0.3814771771430969,0.5350403785705566,0.6201856732368469,0.10725852847099304,-1.4331613779067993,-1.1156786680221558
1787816918502450700,4.03545068359375,0.43411120772361755,0.38817277550697327,0.5342164039611816,0.6127661466598511,0.09279318153858185,-1.4420195817947388,-1.1511785984039307
1787816918518506000,4.051506103515625,0.44358569383621216,0.3945333957672119,0.5297474265098572,0.6057580709457397,0.06275440752506256,-1.4427735805511475,-1.2089319229125977
1787816918534610200,4.067610107421875,0.45415881276130676,0.40320074558258057,0.5245616436004639,0.5966606736183167,0.03755984827876091,-1.4458544254302979,-1.268081784248352
1787816918550624300,4.083624267578125,0.4636100232601166,0.41261959075927734,0.5226905345916748,0.584470272064209,-0.020525997504591942,-1.4574512243270874,-1.359501600265503
1787816918566758700,4.099758544921875,0.4732710123062134,0.4214257001876831,0.5229806303977966,0.5700056552886963,-0.14814543724060059,-1.4717707633972168,-1.5200835466384888
1787816918582872300,4.115872314453125,0.48425763845443726,0.4260099530220032,0.5234320759773254,0.55680251121521,-0.35032224655151367,-1.475826621055603,-1.7507541179656982
1787816918598934500,4.1319345703125,0.49632906913757324,0.425298810005188,0.5223997831344604,0.5476100444793701,-0.5187090635299683,-1.4641538858413696,-1.9407747983932495
1787816918615044400,4.14804443359375,0.5082366466522217,0.4222159683704376,0.518974244594574,0.5423051118850708,-0.5861361622810364,-1.4446651935577393,-2.0257506370544434
1787816918631064800,4.16406494140625,0.5177367925643921,0.4206027388572693,0.5134089589118958,0.5398642420768738,-0.5771349668502808,-1.4283051490783691,-2.032642126083374
1787816918647205400,4.180205322265625,0.5238966345787048,0.4210984408855438,0.5061293840408325,0.5404087901115417,-0.5144748091697693,-1.4173988103866577,-1.9833850860595703
1787816918663277300,4.19627734375,0.5275760889053345,0.42098259925842285,0.49872148036956787,0.5437960028648376,-0.43249353766441345,-1.4069437980651855,-1.9089802503585815
1787816918679298000,4.212298095703125,0.5297257900238037,0.41835060715675354,0.4927135407924652,0.5491873621940613,-0.36323282122612,-1.393966794013977,-1.8398016691207886
1787816918695368700,4.22836865234375,0.5292952060699463,0.4158270061016083,0.4899066388607025,0.554008960723877,-0.3207879364490509,-1.3862295150756836,-1.7923280000686646
1787816918711401700,4.244401611328125,0.5278799533843994,0.41406315565109253,0.4896334707736969,0.5569143891334534,-0.3040805459022522,-1.3835424184799194,-1.7697641849517822
1787816918727501300,4.260501220703125,0.5267105102539062,0.4140205681324005,0.4906103312969208,0.5571935176849365,-0.305525004863739,-1.3854244947433472,-1.768735408782959
1787816918743583000,4.2765830078125,0.5260313749313354,0.4149399399757385,0.4920229911804199,0.555903971195221,-0.3172653615474701,-1.3893181085586548,-1.7806127071380615
1787816918759608800,4.29260888671875,0.5248882174491882,0.4154670238494873,0.49452701210975647,0.5543668866157532,-0.33946505188941956,-1.3941938877105713,-1.8012443780899048
1787816918775776000,4.30877587890625,0.5224713087081909,0.41372889280319214,0.49973222613334656,0.5532809495925903,-0.38647568225860596,-1.3991656303405762,-1.8399604558944702
1787816918791812400,4.324812255859375,0.5176347494125366,0.40959692001342773,0.5078232288360596,0.5535344481468201,-0.4524809420108795,-1.4047048091888428,-1.888586401939392
1787816918807921000,4.3409208984375,0.5106381177902222,0.40404295921325684,0.5171684622764587,0.555459201335907,-0.5198475122451782,-1.410446047782898,-1.9320224523544312
1787816918824003800,4.35700390625,0.5036854147911072,0.40015798807144165,0.5253769755363464,0.5569144487380981,-0.5793064832687378,-1.4175946712493896,-1.9708906412124634
1787816918840044500,4.37304443359375,0.4974479079246521,0.3998642861843109,0.5306124687194824,0.5577675104141235,-0.6099174618721008,-1.4274264574050903,-1.988860011100769
1787816918856172300,4.38917236328125,0.4921269118785858,0.39721840620040894,0.5323229432106018,0.5627263188362122,-0.5786751508712769,-1.4297398328781128,-1.9428876638412476
1787816918872206000,4.4052060546875,0.4889400601387024,0.3847332298755646,0.5313445329666138,0.5749704837799072,-0.5058809518814087,-1.4108624458312988,-1.8427571058273315
1787816918888334300,4.421334228515625,0.4860532283782959,0.3653210997581482,0.5293113589286804,0.5917112827301025,-0.44423335790634155,-1.3783011436462402,-1.7432923316955566
1787816918904425200,4.43742529296875,0.48088324069976807,0.350257009267807,0.5301991105079651,0.6041194200515747,-0.4234829843044281,-1.3581349849700928,-1.688185453414917
1787816918920470500,4.453470458984375,0.4727311432361603,0.34604722261428833,0.535541832447052,0.6082528829574585,-0.4284663498401642,-1.3638569116592407,-1.671027421951294
1787816918936615200,4.469615234375,0.46370187401771545,0.3484008014202118,0.5417674779891968,0.6083464622497559,-0.4323206841945648,-1.3822239637374878,-1.6619454622268677
1787816918952664300,4.485664306640625,0.45849233865737915,0.35225147008895874,0.5436423420906067,0.6084051132202148,-0.41012680530548096,-1.3946069478988647,-1.6365927457809448
1787816918968787700,4.50178759765625,0.4586222171783447,0.3537350296974182,0.5392687320709229,0.6113317012786865,-0.35405242443084717,-1.3905839920043945,-1.5835739374160767
1787816918984897300,4.517897216796875,0.4608127772808075,0.3511919677257538,0.533892035484314,0.6158532500267029,-0.3138757050037384,-1.3769252300262451,-1.543689489364624
1787816919000955100,4.533955078125,0.4627591669559479,0.34598439931869507,0.5312190055847168,0.619641125202179,-0.3101460933685303,-1.363277792930603,-1.535257339477539
1787816919017062100,4.550062255859375,0.4633876383304596,0.3419356644153595,0.5309356451034546,0.621658444404602,-0.3193712830543518,-1.3559950590133667,-1.5390838384628296
1787816919033125000,4.566125,0.4642544686794281,0.34073418378829956,0.5301805138587952,0.6223155856132507,-0.32021668553352356,-1.3524360656738281,-1.5396192073822021
1787816919049259000,4.582259033203125,0.46674108505249023,0.34187576174736023,0.5262468457221985,0.6231676936149597,-0.2976619005203247,-1.346788763999939,-1.523808479309082
1787816919065329700,4.59832958984375,0.469761461019516,0.3447466194629669,0.5210883617401123,0.6236512660980225,-0.2653186023235321,-1.3416128158569336,-1.5021536350250244
1787816919081349600,4.614349609375,0.4713069498538971,0.3488909602165222,0.517626941204071,0.623062789440155,-0.23639503121376038,-1.3418128490447998,-1.483172059059143
1787816919097466000,4.630466064453125,0.470317006111145,0.35447070002555847,0.5177554488182068,0.6205494999885559,-0.21799485385417938,-1.3513262271881104,-1.4720542430877686
1787816919113493200,4.6464931640625,0.4674888253211975,0.361355721950531,0.5220314264297485,0.6151093244552612,-0.22098934650421143,-1.370825171470642,-1.4806891679763794
1787816919129586200,4.662586181640625,0.4638516902923584,0.3684462308883667,0.5286098122596741,0.6079972386360168,-0.24472889304161072,-1.3950448036193848,-1.5088368654251099
1787816919145665500,4.67866552734375,0.46117180585861206,0.3745766282081604,0.5346328020095825,0.6009831428527832,-0.2825559079647064,-1.4163638353347778,-1.551443338394165
1787816919161688800,4.694688720703125,0.4609268009662628,0.3807874321937561,0.5381673574447632,0.5940734148025513,-0.3224082887172699,-1.4324982166290283,-1.6009424924850464
1787816919177961200,4.710961181640625,0.4630202651023865,0.3882421851158142,0.5395374298095703,0.5863271951675415,-0.3642914891242981,-1.4459668397903442,-1.6590745449066162
1787816919192835000,4.7258349609375,0.4664359986782074,0.3982466757297516,0.5399802923202515,0.5764185786247253,-0.421017587184906,-1.4614027738571167,-1.7390484809875488
1787816919208929000,4.741928955078125,0.4677332639694214,0.41083094477653503,0.5426774621009827,0.5638659000396729,-0.5432835817337036,-1.4849004745483398,-1.8853927850723267
1787816919225006300,4.75800634765625,0.46674031019210815,0.4225964844226837,0.546938419342041,0.5517464876174927,-0.7818272113800049,-1.5079891681671143,-2.1427879333496094
1787816919241034200,4.7740341796875,0.4693501889705658,0.42938947677612305,0.5482321381568909,0.542933464050293,-1.0136295557022095,-1.5137840509414673,-2.3916232585906982
1787816919257105000,4.79010498046875,0.47613146901130676,0.43225929141044617,0.5450758337974548,0.5379061102867126,-1.0348378419876099,-1.507917046546936,-2.430734157562256
1787816919273134000,4.806134033203125,0.48416903614997864,0.4379500448703766,0.5388606190681458,0.5323620438575745,-0.9997482299804688,-1.5047777891159058,-2.4212207794189453
1787816919289229300,4.822229248046875,0.49102872610092163,0.446882963180542,0.5335953235626221,0.5238916873931885,-1.0616209506988525,-1.5068634748458862,-2.512708902359009
1787816919305313000,4.83831298828125,0.49708566069602966,0.4559895396232605,0.5302324891090393,0.5136467814445496,-1.214431881904602,-1.5081146955490112,-2.6943471431732178
1787816919321349400,4.854349365234375,0.5029393434524536,0.46136584877967834,0.5289655923843384,0.5043699741363525,-1.3541749715805054,-1.502471685409546,-2.8558859825134277
1787816919337430300,4.87043017578125,0.5106886029243469,0.4626230299472809,0.5275452136993408,0.4968631863594055,-1.3791013956069946,-1.4901297092437744,-2.898754596710205
1787816919353471000,4.886470947265625,0.5193671584129333,0.4615359604358673,0.5248463153839111,0.4917098581790924,-1.323563575744629,-1.476500391960144,-2.85866641998291
1787816919369581300,4.902581298828125,0.5278561115264893,0.4605989158153534,0.5207960605621338,0.4878402054309845,-1.2511168718338013,-1.4648257493972778,-2.8017029762268066
1787816919385680000,4.918679931640625,0.5332385897636414,0.45918530225753784,0.5175724625587463,0.48674869537353516,-1.185782551765442,-1.4572995901107788,-2.744662046432495
1787816919401720000,4.934719970703125,0.5362950563430786,0.45742061734199524,0.5148532390594482,0.4879346489906311,-1.1188321113586426,-1.4528664350509644,-2.680540084838867
1787816919417805300,4.950805419921875,0.5376663208007812,0.45472443103790283,0.5124633312225342,0.4914490282535553,-1.0393110513687134,-1.4497202634811401,-2.5985641479492188
1787816919433850400,4.966850341796875,0.5390201807022095,0.45115917921066284,0.5093869566917419,0.49642494320869446,-0.9397030472755432,-1.4451152086257935,-2.494835615158081
1787816919449970000,4.982969970703125,0.5386565327644348,0.44862714409828186,0.5076221823692322,0.5009018182754517,-0.8705488443374634,-1.443035364151001,-2.420060634613037
1787816919466071600,4.999071533203125,0.5374012589454651,0.44802728295326233,0.5066773891448975,0.5037356615066528,-0.8308195471763611,-1.4442508220672607,-2.3765807151794434
1787816919482123500,5.01512353515625,0.5348814129829407,0.44912341237068176,0.5067628026008606,0.5053529143333435,-0.8159191608428955,-1.4494259357452393,-2.3585519790649414
1787816919498174500,5.031174560546875,0.5321053266525269,0.45274487137794495,0.5063963532447815,0.5054193735122681,-0.8112128376960754,-1.458496332168579,-2.3550002574920654
1787816919514236000,5.04723583984375,0.528687596321106,0.4566503167152405,0.5058975219726562,0.5059917569160461,-0.7973837852478027,-1.468876838684082,-2.3415932655334473
1787816919530369800,5.063369873046875,0.5263177156448364,0.4605429470539093,0.5043646097183228,0.5064645409584045,-0.7654812932014465,-1.4776973724365234,-2.3122828006744385
1787816919546383600,5.079383544921875,0.5243383646011353,0.46300214529037476,0.5032804608345032,0.5073530673980713,-0.730755627155304,-1.4838356971740723,-2.2782363891601562
1787816919562444000,5.095444091796875,0.5227068662643433,0.46486586332321167,0.5035610795021057,0.5070538520812988,-0.7366178631782532,-1.4888265132904053,-2.2843525409698486
1787816919578501600,5.111501708984375,0.5226882100105286,0.46825915575027466,0.5054114460945129,0.502085268497467,-0.854713499546051,-1.4936589002609253,-2.4089479446411133
1787816919594522600,5.127522705078125,0.5228924751281738,0.4734337329864502,0.5083250403404236,0.49401378631591797,-1.0700715780258179,-1.497965693473816,-2.6348509788513184
1787816919610613200,5.14361328125,0.5231134295463562,0.47271642088890076,0.5122948884963989,0.4903523921966553,-1.1994495391845703,-1.4930418729782104,-2.763423204421997
1787816919626684700,5.1596845703125,0.5247790217399597,0.46362972259521484,0.5145311951637268,0.4948861002922058,-1.1067641973495483,-1.4799355268478394,-2.656529426574707
1787816919642708500,5.17570849609375,0.5257325768470764,0.4497325122356415,0.5141028165817261,0.5069952607154846,-0.9014991521835327,-1.4627939462661743,-2.4265921115875244
1787816919658780700,5.19178076171875,0.522508442401886,0.4377342462539673,0.5129225850105286,0.5218085050582886,-0.7182818055152893,-1.4501780271530151,-2.2144367694854736
1787816919674810600,5.207810546875,0.5170438289642334,0.4333260953426361,0.5114451050758362,0.5322765111923218,-0.5883024334907532,-1.4487171173095703,-2.0655393600463867
1787816919690909000,5.223908935546875,0.510892927646637,0.4347163438796997,0.5100296139717102,0.5384051203727722,-0.4803454577922821,-1.4557729959487915,-1.9481008052825928
1787816919706993400,5.239993408203125,0.5066060423851013,0.4382285177707672,0.5073492527008057,0.5421281456947327,-0.36729294061660767,-1.4622539281845093,-1.8332444429397583
1787816919723024100,5.256024169921875,0.5044179558753967,0.4397429823875427,0.5045014023780823,0.5455886721611023,-0.27250194549560547,-1.4623832702636719,-1.737163782119751
1787816919739108900,5.27210888671875,0.5051892995834351,0.43961450457572937,0.5015544295310974,0.5476916432380676,-0.22460214793682098,-1.4573464393615723,-1.6907410621643066
1787816919755098600,5.2880986328125,0.5064736604690552,0.43809857964515686,0.4998334050178528,0.5492910146713257,-0.21158014237880707,-1.4513838291168213,-1.6775895357131958
1787816919771213300,5.30421337890625,0.5080193281173706,0.4367431402206421,0.49939635396003723,0.5493406057357788,-0.22630250453948975,-1.4476357698440552,-1.6928797960281372
1787816919787240700,5.32024072265625,0.5096952319145203,0.4357137978076935,0.5000159740447998,0.5480403304100037,-0.26107341051101685,-1.4459782838821411,-1.7289766073226929
1787816919803272200,5.336272216796875,0.5114448070526123,0.43496203422546387,0.5003089308738708,0.5467388033866882,-0.2902444899082184,-1.4441790580749512,-1.7601555585861206
1787816919819313000,5.35231298828125,0.513077974319458,0.43455982208251953,0.4995250701904297,0.5462448596954346,-0.29783815145492554,-1.4414942264556885,-1.7702571153640747
1787816919835353300,5.368353271484375,0.5137539505958557,0.4352302551269531,0.49876701831817627,0.5457682013511658,-0.29393187165260315,-1.4412827491760254,-1.7689398527145386
1787816919851457800,5.384457763671875,0.5133065581321716,0.43740642070770264,0.4978618323802948,0.5452756285667419,-0.2733457386493683,-1.4441498517990112,-1.7514979839324951
1787816919867548000,5.4005478515625,0.511388897895813,0.4402463734149933,0.4974857568740845,0.5451353788375854,-0.2408379465341568,-1.4496304988861084,-1.7204502820968628
1787816919883586000,5.4165859375,0.5087645649909973,0.4439399540424347,0.4978232979774475,0.5442866683006287,-0.20830462872982025,-1.4579445123672485,-1.6895238161087036
1787816919899672000,5.432672119140625,0.5053904056549072,0.448001891374588,0.4992154836654663,0.5428248047828674,-0.17998971045017242,-1.4688193798065186,-1.661993384361267
1787816919915719000,5.448718994140625,0.5017034411430359,0.45192012190818787,0.5013502240180969,0.541026771068573,-0.15693485736846924,-1.4807392358779907,-1.638859748840332
1787816919931841000,5.464841064453125,0.4981395900249481,0.45441511273384094,0.5040911436080933,0.5396814942359924,-0.1478591114282608,-1.4910461902618408,-1.6273348331451416
1787816919947893000,5.48089306640625,0.49574095010757446,0.455256849527359,0.5064202547073364,0.5389997363090515,-0.15502943098545074,-1.4972906112670898,-1.6313055753707886
1787816919963946200,5.4969462890625,0.4936487376689911,0.4546922445297241,0.5085121393203735,0.539426863193512,-0.16443999111652374,-1.500449776649475,-1.6355363130569458
1787816919980000500,5.51300048828125,0.4926675856113434,0.45585235953330994,0.5093935132026672,0.5385125279426575,-0.16594092547893524,-1.5044057369232178,-1.637258529663086
1787816919996056600,5.529056640625,0.4928450286388397,0.4587545394897461,0.5088122487068176,0.536431074142456,-0.1513536125421524,-1.508741021156311,-1.6284290552139282
1787816920020171300,5.553171142578125,0.49315276741981506,0.4607020616531372,0.509253978729248,0.5340547561645508,-0.1775936782360077,-1.5130305290222168,-1.6588704586029053
1787816920036191200,5.569191162109375,0.4965488910675049,0.4605734944343567,0.5064111351966858,0.5337220430374146,-0.1776028275489807,-1.5069119930267334,-1.665324091911316
1787816920052255200,5.585255126953125,0.5008968114852905,0.4607448875904083,0.50105220079422,0.5345682501792908,-0.1268589049577713,-1.4968124628067017,-1.6236085891723633
1787816920068366000,5.601365966796875,0.5059289932250977,0.46336886286735535,0.4941830039024353,0.5339555144309998,-0.06329502165317535,-1.4883952140808105,-1.5751948356628418
1787816920084389600,5.6173896484375,0.5103070139884949,0.46706902980804443,0.4878876805305481,0.5323522686958313,-0.007469121366739273,-1.4830574989318848,-1.5353574752807617
1787816920100483000,5.633483154296875,0.5135818123817444,0.47032174468040466,0.4832839369773865,0.5305354595184326,0.029096325859427452,-1.4801664352416992,-1.5117530822753906
1787816920116503000,5.6495029296875,0.5164963603019714,0.4719463586807251,0.48071345686912537,0.5285951495170593,0.02558482438325882,-1.4782730340957642,-1.5243237018585205
1787816920132585000,5.6655849609375,0.5188896656036377,0.47108134627342224,0.48018574714660645,0.5275011658668518,-0.014049528166651726,-1.4756351709365845,-1.5671097040176392
1787816920148608500,5.6816083984375,0.5204716324806213,0.46787410974502563,0.48150116205215454,0.5275981426239014,-0.07616014778614044,-1.4718480110168457,-1.626177191734314
1787816920164631800,5.6976318359375,0.5209939479827881,0.46296200156211853,0.48417195677757263,0.5289698839187622,-0.14260824024677277,-1.4670730829238892,-1.6841795444488525
1787816920180736300,5.713736328125,0.5205242037773132,0.4567919373512268,0.4867195785045624,0.5324469804763794,-0.18398810923099518,-1.4598091840744019,-1.7128666639328003
1787816920196768000,5.72976806640625,0.5192279815673828,0.4510754346847534,0.48896488547325134,0.5365133881568909,-0.20387132465839386,-1.4532068967819214,-1.7193905115127563
1787816920212846000,5.74584619140625,0.517335832118988,0.44762149453163147,0.4900061786174774,0.5402709245681763,-0.19343645870685577,-1.4491766691207886,-1.6987807750701904
1787816920228924000,5.761923828125,0.514994740486145,0.44582486152648926,0.4896896779537201,0.5442653298377991,-0.15404227375984192,-1.44611394405365,-1.6515451669692993
1787816920244954600,5.77795458984375,0.512570321559906,0.4445990025997162,0.48862749338150024,0.5484949350357056,-0.10337617248296738,-1.4426140785217285,-1.5940345525741577
1787816920261065500,5.7940654296875,0.5106795430183411,0.4437609016895294,0.48720961809158325,0.552186131477356,-0.05730695277452469,-1.4387913942337036,-1.5429376363754272
1787816920277058800,5.810058837890625,0.5095627307891846,0.44324398040771484,0.48593950271606445,0.5547462701797485,-0.02564387209713459,-1.4355452060699463,-1.508331537246704
1787816920293116000,5.826115966796875,0.5089814066886902,0.44260215759277344,0.48532629013061523,0.5563268661499023,-0.011530647054314613,-1.4332295656204224,-1.4920127391815186
1787816920309151500,5.8421513671875,0.5088022947311401,0.44190457463264465,0.48534396290779114,0.5570294260978699,-0.011426120065152645,-1.4320191144943237,-1.4903019666671753
1787816920325190000,5.85818994140625,0.5083192586898804,0.44082340598106384,0.4862992465496063,0.5574938654899597,-0.020794475451111794,-1.4319459199905396,-1.496677041053772
1787816920341287700,5.87428759765625,0.5073920488357544,0.4395867586135864,0.4879753291606903,0.5578502416610718,-0.034530237317085266,-1.4329919815063477,-1.5062037706375122
1787816920357293000,5.89029296875,0.5060325264930725,0.43799304962158203,0.4903666079044342,0.558241605758667,-0.05364665761590004,-1.4347764253616333,-1.5195693969726562
1787816920373366800,5.90636669921875,0.5045573711395264,0.4354292154312134,0.49325159192085266,0.5590404272079468,-0.08105660229921341,-1.435735821723938,-1.5392320156097412
1787816920389422800,5.9224228515625,0.5036721229553223,0.43207746744155884,0.49567219614982605,0.5602969527244568,-0.1114087775349617,-1.4342937469482422,-1.5616329908370972
1787816920405478400,5.938478515625,0.5034346580505371,0.42816776037216187,0.49697962403297424,0.5623498558998108,-0.134320929646492,-1.4296962022781372,-1.576985478401184
1787816920421582300,5.954582275390625,0.5028370022773743,0.42395028471946716,0.4980773627758026,0.5651017427444458,-0.14955247938632965,-1.4242725372314453,-1.583483099937439
1787816920437595400,5.970595458984375,0.5011852979660034,0.4200717806816101,0.49967455863952637,0.5680478811264038,-0.1585264801979065,-1.4206268787384033,-1.5823118686676025
1787816920453673200,5.986673095703125,0.4985309839248657,0.4174960255622864,0.5018952488899231,0.570320188999176,-0.16256646811962128,-1.4206647872924805,-1.5765730142593384
1787816920469735700,6.002735595703125,0.4949076771736145,0.4157945215702057,0.5049286484718323,0.5720387697219849,-0.16535742580890656,-1.423949122428894,-1.569245457649231
1787816920485796900,6.018796875,0.490556925535202,0.4138750433921814,0.5087108016014099,0.5738247036933899,-0.17079879343509674,-1.4284101724624634,-1.5628018379211426
1787816920501896200,6.034896240234375,0.486112505197525,0.4111824929714203,0.5127267837524414,0.5759644508361816,-0.18050022423267365,-1.4320251941680908,-1.5591444969177246
1787816920517914400,6.050914306640625,0.48177486658096313,0.40756019949913025,0.5165791511535645,0.5787345170974731,-0.19161705672740936,-1.4337866306304932,-1.555582046508789
1787816920533984000,6.06698388671875,0.47706374526023865,0.4027078151702881,0.5201836228370667,0.5827912092208862,-0.19766861200332642,-1.4332213401794434,-1.5442630052566528
1787816920550050000,6.083050048828125,0.4725387990474701,0.39760178327560425,0.5228449702262878,0.5875824093818665,-0.19362664222717285,-1.4306355714797974,-1.5229591131210327
1787816920566066700,6.099066650390625,0.46740370988845825,0.39172306656837463,0.5251661539077759,0.5935379862785339,-0.18119126558303833,-1.4264336824417114,-1.4909924268722534
1787816920582172200,6.115172119140625,0.46139276027679443,0.38530731201171875,0.5271679759025574,0.6006239056587219,-0.1589936763048172,-1.4210929870605469,-1.4469678401947021
1787816920598145000,6.13114501953125,0.45445922017097473,0.3789045214653015,0.5286847949028015,0.6085972189903259,-0.12499461323022842,-1.4151110649108887,-1.3897565603256226
1787816920614225200,6.14722509765625,0.44669684767723083,0.37280353903770447,0.5299565196037292,0.6169486045837402,-0.08374793082475662,-1.4092031717300415,-1.3245733976364136
1787816920630244600,6.16324462890625,0.439016193151474,0.3674185276031494,0.5309568643569946,0.6247825622558594,-0.0426030158996582,-1.4036922454833984,-1.2610523700714111
1787816920646269200,6.179269287109375,0.43135133385658264,0.36214199662208557,0.5321305990219116,0.6321600675582886,-0.007043009158223867,-1.3985621929168701,-1.2034814357757568
1787816920662391600,6.1953916015625,0.4237734079360962,0.3567221462726593,0.5335000157356262,0.6391738653182983,0.021832793951034546,-1.3935744762420654,-1.1526525020599365
1787816920678368500,6.211368408203125,0.41663187742233276,0.35154056549072266,0.5349263548851013,0.6455159783363342,0.04491868615150452,-1.3890691995620728,-1.1088850498199463
1787816920694412000,6.227412109375,0.40917205810546875,0.3464837372303009,0.5367914438247681,0.6514462828636169,0.06608255952596664,-1.3857325315475464,-1.0667827129364014
1787816920710443300,6.243443359375,0.4017219543457031,0.34171876311302185,0.5388350486755371,0.6568900942802429,0.08602069318294525,-1.3832393884658813,-1.0264954566955566
1787816920726475500,6.2594755859375,0.3965674042701721,0.3326486647129059,0.5399903655052185,0.6636938452720642,0.06776245683431625,-1.373559594154358,-1.021613359451294
1787816920742605800,6.275605712890625,0.3917325437068939,0.3242778480052948,0.5407997965812683,0.67001873254776,0.052923575043678284,-1.3642858266830444,-1.0151375532150269
1787816920758592500,6.291592529296875,0.38896438479423523,0.3169904053211212,0.5406731963157654,0.6752009987831116,0.03478050231933594,-1.3546077013015747,-1.0173075199127197
1787816920774634000,6.307634033203125,0.3848728835582733,0.30876094102859497,0.5410550236701965,0.6810279488563538,0.018201248720288277,-1.344993233680725,-1.0142838954925537
1787816920790668500,6.32366845703125,0.3855418860912323,0.306064248085022,0.5396099090576172,0.6830105185508728,0.00870941299945116,-1.3384103775024414,-1.0208873748779297
1787816920806703000,6.339703125,0.3774975836277008,0.2974547743797302,0.5425825119018555,0.6889271140098572,0.0008629639050923288,-1.3343499898910522,-1.0018565654754639
1787816920822839300,6.35583935546875,0.3685425817966461,0.28808391094207764,0.5461562275886536,0.6949083209037781,-0.0091803427785635,-1.3310546875,-0.9824660420417786
1787816920838833000,6.3718330078125,0.3595147728919983,0.2789834439754486,0.5500067472457886,0.7002927660942078,-0.019765427336096764,-1.3290811777114868,-0.9640697836875916
1787816920854903800,6.38790380859375,0.3497210741043091,0.26982682943344116,0.554350733757019,0.705396294593811,-0.029462868347764015,-1.3285526037216187,-0.9436007142066956
1787816920870954000,6.4039541015625,0.33983924984931946,0.2607758641242981,0.5587357878684998,0.7101547122001648,-0.039118096232414246,-1.3286330699920654,-0.9233027100563049
1787816920887002600,6.420002685546875,0.32804372906684875,0.24819643795490265,0.5627803802490234,0.7169826626777649,-0.05471370741724968,-1.3245986700057983,-0.9008724093437195
1787816920903155500,6.436155517578125,0.318899542093277,0.2377530038356781,0.5655659437179565,0.7224346995353699,-0.0694439709186554,-1.3203729391098022,-0.8853229880332947
1787816920919165400,6.45216552734375,0.31211957335472107,0.2291000634431839,0.5674408674240112,0.7267086505889893,-0.08440748602151871,-1.3161070346832275,-0.8766098618507385
1787816920935242200,6.4682421875,0.30290693044662476,0.2183597832918167,0.5697777271270752,0.7320654988288879,-0.0994260236620903,-1.311281442642212,-0.8611403107643127
1787816920951299000,6.484299072265625,0.29478979110717773,0.20843595266342163,0.5714026093482971,0.7369888424873352,-0.11352957040071487,-1.3059176206588745,-0.84787517786026
1787816920967363600,6.500363525390625,0.28727155923843384,0.19936123490333557,0.5725295543670654,0.7415794730186462,-0.12488371878862381,-1.3005081415176392,-0.8341956734657288
1787816920983423500,6.516423583984375,0.27828946709632874,0.1899549812078476,0.5737211108207703,0.746536135673523,-0.13170666992664337,-1.2954533100128174,-0.8133498430252075
1787816920999440000,6.53243994140625,0.2677731215953827,0.18177436292171478,0.575555145740509,0.7509939670562744,-0.12903210520744324,-1.2935961484909058,-0.7825093865394592
1787816921015522000,6.54852197265625,0.25667205452919006,0.17502343654632568,0.5776317119598389,0.7548694610595703,-0.11839048564434052,-1.293943166732788,-0.7449975609779358
1787816921031539700,6.564539794921875,0.2459283173084259,0.16861511766910553,0.5792425274848938,0.7586609125137329,-0.10640113800764084,-1.2936192750930786,-0.7073308229446411
1787816921047560000,6.580559814453125,0.23563383519649506,0.16221976280212402,0.5806242227554321,0.7622577548027039,-0.09608153253793716,-1.2928448915481567,-0.6721411943435669
1787816921063681000,6.596680908203125,0.2251492589712143,0.15536244213581085,0.5812222957611084,0.7663883566856384,-0.08522868901491165,-1.2900302410125732,-0.6356210112571716
1787816921079662600,6.61266259765625,0.21547292172908783,0.14886325597763062,0.5809177160263062,0.7706788182258606,-0.07428033649921417,-1.2854135036468506,-0.6008836627006531
1787816921095706400,6.628706298828125,0.2056739777326584,0.14065209031105042,0.5830181837081909,0.7733078598976135,-0.07926170527935028,-1.2854423522949219,-0.5792606472969055
1787816921111729000,6.64472900390625,0.1960221529006958,0.13222892582416534,0.5853004455566406,0.7755736112594604,-0.08680921047925949,-1.2860279083251953,-0.560179591178894
1787816921127757000,6.660757080078125,0.1862379014492035,0.12367000430822372,0.5877207517623901,0.7775638699531555,-0.09515681117773056,-1.2871626615524292,-0.5415751934051514
1787816921143881000,6.676880859375,0.17660540342330933,0.11567246168851852,0.5893883109092712,0.7797768712043762,-0.0994291827082634,-1.287143349647522,-0.5200589895248413
1787816921159866400,6.692866455078125,0.16804908215999603,0.10877864062786102,0.5903351902961731,0.7819406986236572,-0.1009422317147255,-1.2861979007720947,-0.49905726313591003
1787816921175920000,6.708920166015625,0.15964914858341217,0.10195713490247726,0.5911518335342407,0.7840002775192261,-0.10269171744585037,-1.285154938697815,-0.4786752164363861
1787816921191953200,6.724953125,0.14910171926021576,0.0935550108551979,0.591987133026123,0.7864906191825867,-0.10393024981021881,-1.2837456464767456,-0.4524247944355011
1787816921207993900,6.740993896484375,0.13960276544094086,0.0860770046710968,0.5923373103141785,0.7888209819793701,-0.10399703681468964,-1.2817965745925903,-0.42793238162994385
1787816921224133600,6.757133544921875,0.13316410779953003,0.08100014925003052,0.5920153856277466,0.7907111048698425,-0.10307370871305466,-1.2792444229125977,-0.4104025959968567
1787816921240128300,6.773128173828125,0.1235029324889183,0.07368022203445435,0.5918513536453247,0.7931142449378967,-0.10124827921390533,-1.276515245437622,-0.3840954303741455
1787816921256185900,6.789185791015625,0.11300916224718094,0.06599403917789459,0.5916105508804321,0.7955316305160522,-0.09826049208641052,-1.2737518548965454,-0.354931116104126
1787816921272228000,6.80522802734375,0.10287988185882568,0.05891117826104164,0.591205894947052,0.7977599501609802,-0.09377676993608475,-1.2710191011428833,-0.3256979286670685
1787816921288270600,6.8212705078125,0.0942288413643837,0.05352459102869034,0.5905964374542236,0.79965740442276,-0.08641406148672104,-1.2684375047683716,-0.29817527532577515
1787816921304405000,6.837405029296875,0.08431342989206314,0.04764353483915329,0.5899451971054077,0.8016146421432495,-0.07699480652809143,-1.2658110857009888,-0.26608267426490784
1787816921320407800,6.85340771484375,0.07480892539024353,0.04254111647605896,0.5891032814979553,0.8034620881080627,-0.06533965468406677,-1.2630187273025513,-0.23348039388656616
1787816921336481300,6.869481201171875,0.06510135531425476,0.03794111683964729,0.5880776643753052,0.8052868247032166,-0.050578296184539795,-1.2599740028381348,-0.1982140690088272
1787816921352534000,6.885533935546875,0.055799711495637894,0.03417776897549629,0.586872398853302,0.8070310354232788,-0.03343549743294716,-1.2566570043563843,-0.1623581051826477
1787816921368588000,6.901588134765625,0.04691074788570404,0.02845492772758007,0.5859366059303284,0.8084974884986877,-0.02874057926237583,-1.2536404132843018,-0.13673056662082672
1787816921384743700,6.91774365234375,0.03994610533118248,0.02366524562239647,0.5850551724433899,0.8096634745597839,-0.02678188681602478,-1.2509580850601196,-0.11793626844882965
1787816921400757000,6.933757080078125,0.0338478721678257,0.01870539039373398,0.5842858552932739,0.8106259703636169,-0.029144737869501114,-1.2485957145690918,-0.10445905476808548
1787816921416836000,6.949836181640625,0.02877376601099968,0.013733599334955215,0.5838298201560974,0.8112497925758362,-0.03557766228914261,-1.2470617294311523,-0.0964977964758873
1787816921432895500,6.9658955078125,0.024201538413763046,0.008925319649279118,0.5838590264320374,0.8114452958106995,-0.04328504204750061,-1.2468019723892212,-0.09075950086116791
1787816921448908500,6.981908447265625,0.02001842111349106,0.0045720539055764675,0.5843368172645569,0.8112514615058899,-0.05034811422228813,-1.247745156288147,-0.08558476716279984
1787816921465015300,6.998015380859375,0.015844766050577164,0.0005139944260008633,0.5849958062171936,0.8108813762664795,-0.056046921759843826,-1.2492271661758423,-0.07948452234268188
1787816921480987000,7.01398681640625,0.009567691013216972,-0.0027467459440231323,0.5854080319404602,0.8106777667999268,-0.049725230783224106,-1.2503724098205566,-0.0594966858625412
1787816921497079300,7.030079345703125,-0.00007137028296710923,-0.006229437422007322,0.5854657292366028,0.8106732964515686,-0.03185015544295311,-1.250822901725769,-0.02282416634261608
1787816921513096000,7.046095947265625,-0.011140384711325169,-0.010987147688865662,0.5853067636489868,0.8106610774993896,-0.015169737860560417,-1.2507332563400269,0.01652969978749752
1787816921529119200,7.062119140625,-0.0199158675968647,-0.014531431719660759,0.5848551988601685,0.8107629418373108,-0.0008473010966554284,-1.2498478889465332,0.04850760102272034
1787816921545237800,7.07823779296875,-0.02485043741762638,-0.015770230442285538,0.5841248631477356,0.811130166053772,0.010873456485569477,-1.248108148574829,0.06908392906188965
1787816921561218600,7.094218505859375,-0.030753454193472862,-0.01797717809677124,0.5832594633102417,0.8115044832229614,0.020993731915950775,-1.246079444885254,0.0908418670296669
1787816921577268200,7.110268310546875,-0.03995567560195923,-0.022616682574152946,0.5823584198951721,0.8116345405578613,0.030624225735664368,-1.2441749572753906,0.12033826112747192
1787816921593300000,7.126300048828125,-0.047360390424728394,-0.02602188102900982,0.5814860463142395,0.8117597699165344,0.039780594408512115,-1.24226975440979,0.1450234055519104
1787816921609332500,7.14233251953125,-0.05615592002868652,-0.030645793303847313,0.5805095434188843,0.8117364048957825,0.04761478304862976,-1.24030601978302,0.17214666306972504
1787816921625462800,7.158462890625,-0.06188825145363808,-0.03309444710612297,0.5797020792961121,0.8118005394935608,0.05527457594871521,-1.2385168075561523,0.19158132374286652
1787816921641452300,7.174452392578125,-0.06960437446832657,-0.036762598901987076,0.5791521072387695,0.8114103674888611,0.06412734091281891,-1.2375264167785645,0.21681420505046844
1787816921657494800,7.190494873046875,-0.08059750497341156,-0.042478322982788086,0.5789496302604675,0.8102574348449707,0.07496689260005951,-1.2377285957336426,0.2516941428184509
1787816921673528800,7.20652880859375,-0.08813996613025665,-0.04554562643170357,0.5795118808746338,0.8089023232460022,0.08760332316160202,-1.2393288612365723,0.2795845866203308
1787816921689562000,7.22256201171875,-0.09379570186138153,-0.04734116420149803,0.5807743668556213,0.8072560429573059,0.10097475349903107,-1.2423604726791382,0.3036409914493561
1787816921705695200,7.2386953125,-0.10302954912185669,-0.051964566111564636,0.5820558071136475,0.8049196600914001,0.11395475268363953,-1.2460261583328247,0.33653074502944946
1787816921721685000,7.25468505859375,-0.10709574073553085,-0.0531223826110363,0.5835100412368774,0.8032588362693787,0.12582296133041382,-1.249407172203064,0.35587000846862793
1787816921737727500,7.2707275390625,-0.11138182878494263,-0.05471700057387352,0.5846076011657715,0.8017693161964417,0.13600300252437592,-1.2520525455474854,0.3744819760322571
1787816921753767000,7.286766845703125,-0.11573638021945953,-0.05660957470536232,0.585365355014801,0.800467312335968,0.14452536404132843,-1.2539901733398438,0.3919803500175476
1787816921769811700,7.302811767578125,-0.12055106461048126,-0.05902424082159996,0.5859599113464355,0.7991462349891663,0.15204285085201263,-1.255698800086975,0.4098993241786957
1787816921785957400,7.318957275390625,-0.12678664922714233,-0.06233595684170723,0.5864429473876953,0.7975738644599915,0.16047275066375732,-1.2573281526565552,0.432085782289505
1787816921801960200,7.334960205078125,-0.13155362010002136,-0.0644010677933693,0.5870864391326904,0.7961632013320923,0.1700524240732193,-1.258979082107544,0.4515049457550049
1787816921818030300,7.3510302734375,-0.13747619092464447,-0.06719236075878143,0.5878831744194031,0.7943418622016907,0.18111643195152283,-1.2611294984817505,0.4751238524913788
1787816921834089700,7.36708984375,-0.14283230900764465,-0.06953086704015732,0.5890634059906006,0.7923187017440796,0.19358156621456146,-1.2640279531478882,0.4986581802368164
1787816921850148400,7.3831484375,-0.15145325660705566,-0.07432109117507935,0.5901302099227905,0.789483904838562,0.20695990324020386,-1.267338514328003,0.531385064125061
1787816921866310400,7.399310302734375,-0.1564004123210907,-0.07634785026311874,0.5915456414222717,0.7872634530067444,0.22103090584278107,-1.270626187324524,0.555485725402832
1787816921882284500,7.415284423828125,-0.16019272804260254,-0.07724431902170181,0.5930602550506592,0.7852715253829956,0.23681418597698212,-1.2736455202102661,0.5779939889907837
1787816921898369500,7.43136962890625,-0.16315661370754242,-0.07747290283441544,0.5943833589553833,0.7836366295814514,0.2522587180137634,-1.2759320735931396,0.5980121493339539
1787816921914429400,7.447429443359375,-0.16508881747722626,-0.07682335376739502,0.5954864025115967,0.7824575304985046,0.26727455854415894,-1.2773441076278687,0.6148529648780823
1787816921930450200,7.4634501953125,-0.1676330864429474,-0.07653439044952393,0.5962042212486267,0.7813975811004639,0.2817365229129791,-1.2778750658035278,0.6325749754905701
1787816921946565400,7.4795654296875,-0.16856253147125244,-0.07600478082895279,0.5957452654838562,0.7815994024276733,0.28632405400276184,-1.2761034965515137,0.6377896070480347
1787816921962538000,7.4955380859375,-0.1691320389509201,-0.07545951008796692,0.595558762550354,0.7816713452339172,0.2905289828777313,-1.2750595808029175,0.6420573592185974
1787816921978579200,7.5115791015625,-0.16948804259300232,-0.07517290115356445,0.595635712146759,0.7815631628036499,0.2936286926269531,-1.2748812437057495,0.6452624797821045
1787816921994598400,7.527598388671875,-0.16963259875774384,-0.07419871538877487,0.5968725681304932,0.7806808948516846,0.30370351672172546,-1.2768468856811523,0.6540809869766235
1787816922010617600,7.54361767578125,-0.17121556401252747,-0.07393459230661392,0.5990893244743347,0.7786597609519958,0.32038941979408264,-1.2809611558914185,0.6725742220878601
1787816922026735600,7.559735595703125,-0.1737363040447235,-0.07544472068548203,0.6011266112327576,0.7763829827308655,0.3321737051010132,-1.2856619358062744,0.6900879740715027
1787816922042710300,7.575710205078125,-0.1734323650598526,-0.07564768195152283,0.6033557653427124,0.7747002243995667,0.3397727906703949,-1.2908822298049927,0.6974063515663147
1787816922058753000,7.5917529296875,-0.17469586431980133,-0.07769221812486649,0.6055507063865662,0.772498369216919,0.34522220492362976,-1.2968800067901611,0.7075048685073853
1787816922074773500,7.6077734375,-0.17466051876544952,-0.07917921990156174,0.6079255938529968,0.7704875469207764,0.3489556312561035,-1.3033812046051025,0.7131824493408203
1787816922090803500,7.623803466796875,-0.17480339109897614,-0.08116777241230011,0.6101622581481934,0.7684774398803711,0.3505305349826813,-1.3099370002746582,0.7176883220672607
1787816922106931000,7.639930908203125,-0.17531156539916992,-0.08340685069561005,0.6121880412101746,0.7665084004402161,0.3516404628753662,-1.316096305847168,0.7226347923278809
1787816922122916000,7.655916015625,-0.17332985997200012,-0.08312316983938217,0.6143244504928589,0.7652795910835266,0.3548418879508972,-1.3214558362960815,0.7224242091178894
1787816922138966000,7.671966064453125,-0.17204435169696808,-0.08294590562582016,0.6159762740135193,0.7642605304718018,0.35836970806121826,-1.325533151626587,0.7237381339073181
1787816922154999800,7.687999755859375,-0.17120976746082306,-0.0831509679555893,0.6168225407600403,0.7637428641319275,0.3577514886856079,-1.3279612064361572,0.7221526503562927
1787816922171034000,7.7040341796875,-0.1700722873210907,-0.0836535319685936,0.6168516278266907,0.7639185786247253,0.3495337963104248,-1.3289738893508911,0.7129925489425659
1787816922187154200,7.720154296875,-0.16887663304805756,-0.08480179309844971,0.6161404252052307,0.7646308541297913,0.33349746465682983,-1.328885555267334,0.6968894600868225
1787816922203148300,7.736148193359375,-0.16579052805900574,-0.08548200875520706,0.6150423288345337,0.7661131620407104,0.3086422383785248,-1.328244686126709,0.6685643792152405
1787816922219210200,7.752210205078125,-0.16537180542945862,-0.0882832482457161,0.6143460273742676,0.7664445638656616,0.2874220311641693,-1.3290587663650513,0.6507764458656311
1787816922235249200,7.768249267578125,-0.16485469043254852,-0.09035391360521317,0.6150036454200745,0.7657871246337891,0.2761442959308624,-1.332384467124939,0.6416753530502319
1787816922251288000,7.7842880859375,-0.1641855686903,-0.092430979013443,0.6159166097640991,0.7649486064910889,0.2649734914302826,-1.3363398313522339,0.6324564814567566
1787816922267414800,7.800414794921875,-0.1634390503168106,-0.09402774274349213,0.6164093613624573,0.7645168304443359,0.25393009185791016,-1.3389607667922974,0.6225873827934265
1787816922283414800,7.816414794921875,-0.16264520585536957,-0.09491551667451859,0.616122305393219,0.7648078799247742,0.24304375052452087,-1.3392184972763062,0.6118316054344177
1787816922299481600,7.832481689453125,-0.16140051186084747,-0.0953603982925415,0.6151255965232849,0.7658177018165588,0.2292034924030304,-1.3375908136367798,0.596868097782135
1787816922315528000,7.84852783203125,-0.160125732421875,-0.09587372839450836,0.6134446859359741,0.767367959022522,0.2121240347623825,-1.3343616724014282,0.5787565112113953
1787816922331576300,7.864576416015625,-0.15845555067062378,-0.09637507051229477,0.6115015745162964,0.7692006230354309,0.19252067804336548,-1.330540418624878,0.5575448274612427
1787816922347667000,7.8806669921875,-0.1562248021364212,-0.09649496525526047,0.609705924987793,0.7710650563240051,0.173502579331398,-1.3268637657165527,0.5355514883995056
1787816922363620900,7.896620849609375,-0.15355907380580902,-0.09639810770750046,0.6082925796508789,0.7727270126342773,0.15549813210964203,-1.323974609375,0.5136103630065918
1787816922379688000,7.91268798828125,-0.14969712495803833,-0.09837523102760315,0.6082333922386169,0.7732821106910706,0.12380017340183258,-1.3257453441619873,0.47914400696754456
1787816922395692300,7.9286923828125,-0.14025676250457764,-0.0956316813826561,0.6090018153190613,0.7747899293899536,0.09409511089324951,-1.327391266822815,0.43177980184555054
1787816922411698000,7.944697998046875,-0.13476990163326263,-0.0957065224647522,0.6092182993888855,0.7755839228630066,0.06570548564195633,-1.3285290002822876,0.3955477476119995
1787816922427804700,7.9608046875,-0.132184699177742,-0.09731540083885193,0.6089015603065491,0.7760772705078125,0.04141617938876152,-1.3286957740783691,0.36984509229660034
1787816922443774200,7.976774169921875,-0.13044863939285278,-0.09794531762599945,0.6082956194877625,0.7767666578292847,0.0271622184664011,-1.3275498151779175,0.3540169596672058
1787816922459860000,7.99285986328125,-0.1292717158794403,-0.09742727875709534,0.6074168682098389,0.7777156233787537,0.022629160434007645,-1.3251664638519287,0.34708452224731445
1787816922475872000,8.0088720703125,-0.12911249697208405,-0.09697204828262329,0.6063392758369446,0.7786392569541931,0.022604992613196373,-1.3222854137420654,0.34623149037361145
1787816922491888000,8.02488818359375,-0.12974323332309723,-0.09676320105791092,0.6052968502044678,0.7793710231781006,0.025094714015722275,-1.3195785284042358,0.3493858873844147
1787816922508002300,8.041002197265625,-0.13086842000484467,-0.0965934544801712,0.6047105193138123,0.7796592116355896,0.03061196580529213,-1.3180060386657715,0.35631629824638367
1787816922523973400,8.056973388671874,-0.1321166455745697,-0.09611880779266357,0.6045450568199158,0.7796356081962585,0.039352014660835266,-1.317323923110962,0.3661881685256958
1787816922540010500,8.073010498046875,-0.13340207934379578,-0.09524979442358017,0.6043798327445984,0.7796514630317688,0.050603464245796204,-1.3164353370666504,0.37806007266044617
1787816922556031000,8.089031005859376,-0.13445933163166046,-0.09392872452735901,0.6039416193962097,0.7799696326255798,0.06274999678134918,-1.3146419525146484,0.3898633122444153
1787816922572049700,8.105049560546876,-0.13550950586795807,-0.0919031873345375,0.6029561161994934,0.7807913422584534,0.07757255434989929,-1.3111207485198975,0.40335169434547424
1787816922588168000,8.12116796875,-0.13698439300060272,-0.08871607482433319,0.6013146638870239,0.7821670770645142,0.09909914433956146,-1.3053005933761597,0.42252883315086365
1787816922604146400,8.137146484375,-0.13838253915309906,-0.08427967876195908,0.5997268557548523,0.7836293578147888,0.12653180956840515,-1.2988609075546265,0.44571027159690857
1787816922620178200,8.15317822265625,-0.13975541293621063,-0.07983335107564926,0.5983352661132812,0.7849140167236328,0.15332214534282684,-1.2927656173706055,0.4681917428970337
1787816922636204500,8.16920458984375,-0.1412201076745987,-0.07695293426513672,0.5969170331954956,0.7860185503959656,0.17113769054412842,-1.2873964309692383,0.48408010601997375
1787816922652233700,8.185233642578124,-0.14279349148273468,-0.07608574628829956,0.5951713919639587,0.787141740322113,0.17739799618721008,-1.282387375831604,0.491475909948349
1787816922668361200,8.201361328125,-0.14149552583694458,-0.07437828928232193,0.5936707854270935,0.7886709570884705,0.17657603323459625,-1.2781027555465698,0.4864042103290558
1787816922684345000,8.217344970703126,-0.13832178711891174,-0.07213760167360306,0.592674970626831,0.7901896834373474,0.17229421436786652,-1.2751282453536987,0.47435814142227173
1787816922700382000,8.2333818359375,-0.1330348551273346,-0.06898123025894165,0.592844545841217,0.7912513613700867,0.16734500229358673,-1.274868369102478,0.4572088122367859
1787816922716422700,8.249422607421875,-0.1264192909002304,-0.0656874030828476,0.5948559045791626,0.7911067605018616,0.16238218545913696,-1.2792388200759888,0.4378448724746704
1787816922732460800,8.265460693359374,-0.11856982856988907,-0.06240374222397804,0.5986408591270447,0.7897317409515381,0.1562541276216507,-1.2881823778152466,0.4154914617538452
1787816922748595700,8.281595703125,-0.1099436953663826,-0.0594368614256382,0.6032183170318604,0.7877228260040283,0.1460198611021042,-1.2994354963302612,0.3883746862411499
1787816922764637700,8.2976376953125,-0.10157687216997147,-0.056767094880342484,0.6075583100318909,0.7857051491737366,0.1332566738128662,-1.3102748394012451,0.3595850169658661
1787816922780682800,8.313682861328125,-0.0949157103896141,-0.055254269391298294,0.6115265488624573,0.7835646271705627,0.11935130506753922,-1.32046377658844,0.33380916714668274
1787816922796778800,8.32977880859375,-0.08982863277196884,-0.05502673238515854,0.6149175763130188,0.7815238237380981,0.10256404429674149,-1.3295100927352905,0.30928847193717957
1787816922812828200,8.345828125,-0.0859110951423645,-0.05495752394199371,0.617630124092102,0.7798283100128174,0.08810658752918243,-1.3367409706115723,0.28903496265411377
1787816922828906500,8.361906494140625,-0.08303212374448776,-0.053507231175899506,0.6197370290756226,0.7785683870315552,0.08645285665988922,-1.3418272733688354,0.28112831711769104
1787816922844917000,8.3779169921875,-0.08051689714193344,-0.04970255866646767,0.6215006113052368,0.7776785492897034,0.1019996851682663,-1.3451921939849854,0.2876022160053253
1787816922860979000,8.39397900390625,-0.07766113430261612,-0.043693508952856064,0.6232646107673645,0.7769175171852112,0.13111349940299988,-1.3477898836135864,0.3040226399898529
1787816922877082400,8.410082275390625,-0.07444487512111664,-0.03766715154051781,0.6248278617858887,0.7762921452522278,0.15835875272750854,-1.349921464920044,0.31805068254470825
1787816922893093000,8.426093017578125,-0.07044262439012527,-0.032757245004177094,0.6259403824806213,0.7759918570518494,0.172580286860466,-1.3515620231628418,0.3195403218269348
1787816922909183000,8.442182861328124,-0.06813891977071762,-0.03113565407693386,0.6256727576255798,0.7764801979064941,0.16993068158626556,-1.3507534265518188,0.3112979829311371
1787816922925154000,8.458154052734375,-0.06712737679481506,-0.03372439369559288,0.6224743723869324,0.779026448726654,0.13837838172912598,-1.3439284563064575,0.28205040097236633
1787816922941227800,8.474227783203125,-0.06586159020662308,-0.04012836515903473,0.6174253225326538,0.7828397750854492,0.07878243923187256,-1.3334954977035522,0.2298799753189087
1787816922957301000,8.490301025390625,-0.06457461416721344,-0.050658904016017914,0.6131142973899841,0.7857192754745483,-0.001744982786476612,-1.3252885341644287,0.1626405119895935
1787816922973323300,8.5063232421875,-0.06293627619743347,-0.0642804428935051,0.6115612983703613,0.7860661149024963,-0.0984758585691452,-1.3233717679977417,0.08307065069675446
1787816922989427000,8.522427001953124,-0.06120394915342331,-0.07880166172981262,0.6134372353553772,0.7834151983261108,-0.20305778086185455,-1.3285354375839233,-0.0032661324366927147
1787816923005460000,8.5384599609375,-0.059732794761657715,-0.09097857773303986,0.6159123778343201,0.7802608013153076,-0.2954067587852478,-1.3336542844772339,-0.08034730702638626
1787816923021539600,8.55453955078125,-0.05901235342025757,-0.09727790951728821,0.6159487366676331,0.7795266509056091,-0.34132954478263855,-1.3326551914215088,-0.118263378739357
1787816923037623000,8.570623046875,-0.059697091579437256,-0.09743083268404007,0.6126365661621094,0.7820613980293274,-0.3313281238079071,-1.3247028589248657,-0.10695230215787888
1787816923053660400,8.586660400390626,-0.06204325705766678,-0.09339380264282227,0.6069478988647461,0.7867925763130188,-0.2836521863937378,-1.311900019645691,-0.061519768089056015
1787816923069765600,8.602765625,-0.06634942442178726,-0.0881853699684143,0.601594865322113,0.7911414504051208,-0.22520111501216888,-1.30013906955719,-0.004189686384052038
1787816923085795600,8.618795654296875,-0.07255525887012482,-0.08647453039884567,0.5982984900474548,0.7932823300361633,-0.1850522756576538,-1.293458104133606,0.0425204262137413
1787816923101872400,8.634872314453125,-0.08063194900751114,-0.0902768075466156,0.5974425673484802,0.7927237749099731,-0.1716768741607666,-1.2934017181396484,0.07297792285680771
1787816923117955000,8.650955078125,-0.08904172480106354,-0.09821697324514389,0.5988500714302063,0.7898123860359192,-0.1820502132177353,-1.2995929718017578,0.08602917194366455
1787816923133994200,8.666994140625,-0.09728190302848816,-0.10881033539772034,0.6020112037658691,0.7850344181060791,-0.2104101926088333,-1.310716986656189,0.08459862321615219
1787816923150111700,8.68311181640625,-0.10071036964654922,-0.11653792858123779,0.6081554889678955,0.7787319421768188,-0.24790574610233307,-1.3279329538345337,0.06285819411277771
1787816923166154800,8.69915478515625,-0.10045822709798813,-0.12156078964471817,0.6165026426315308,0.7713986039161682,-0.2940272092819214,-1.3492648601531982,0.02322014607489109
1787816923182243600,8.71524365234375,-0.10438783466815948,-0.12981612980365753,0.6211525201797485,0.7657811641693115,-0.3413260579109192,-1.3627499341964722,-0.006752642337232828
1787816923198338800,8.7313388671875,-0.11474336683750153,-0.1412045806646347,0.6173288822174072,0.7653759121894836,-0.35990259051322937,-1.3577052354812622,0.006167389452457428
1787816923214385000,8.747385009765624,-0.13101571798324585,-0.15392783284187317,0.6061069965362549,0.7692694664001465,-0.3437979817390442,-1.3372557163238525,0.06477203220129013
1787816923230505500,8.76350537109375,-0.15093101561069489,-0.16420988738536835,0.5934803485870361,0.7733280062675476,-0.3003072738647461,-1.3150652647018433,0.15290668606758118
1787816923246558000,8.779557861328126,-0.16993139684200287,-0.1665227860212326,0.5861061215400696,0.7745146751403809,-0.2243272364139557,-1.3035073280334473,0.26050636172294617
1787816923262605300,8.795605224609375,-0.18669109046459198,-0.16194312274456024,0.5851979851722717,0.7723109126091003,-0.11988722532987595,-1.3030750751495361,0.3828850984573364
1787816923278701600,8.81170166015625,-0.199799045920372,-0.1544339805841446,0.5874606966972351,0.7688435912132263,-0.010389495640993118,-1.3056049346923828,0.5005476474761963
1787816923294753800,8.82775390625,-0.2094591110944748,-0.14900463819503784,0.5897595882415771,0.7655770182609558,0.07262098044157028,-1.3071016073226929,0.5897466540336609
1787816923310834200,8.843834228515625,-0.21404637396335602,-0.14570395648479462,0.5914714336395264,0.7636204361915588,0.11841938644647598,-1.3081034421920776,0.6374086737632751
1787816923326892800,8.859892822265625,-0.21511369943618774,-0.14560911059379578,0.5921971201896667,0.7627756595611572,0.12673746049404144,-1.3095628023147583,0.6471109390258789
1787816923342951700,8.87595166015625,-0.21468691527843475,-0.1489008218050003,0.5914494395256042,0.7628405690193176,0.1042085513472557,-1.3104363679885864,0.628781259059906
1787816923359060000,8.89206005859375,-0.2142648845911026,-0.15289486944675446,0.5895686149597168,0.7636247873306274,0.07402849942445755,-1.309045433998108,0.6039281487464905
1787816923375075300,8.908075439453125,-0.2141094207763672,-0.15323424339294434,0.587176501750946,0.7654412388801575,0.06388760358095169,-1.303604245185852,0.594255268573761
1787816923391173400,8.92417333984375,-0.21573001146316528,-0.14958134293556213,0.5848854184150696,0.7674601674079895,0.08376462757587433,-1.295302152633667,0.6114339232444763
1787816923407203800,8.940203857421874,-0.21674107015132904,-0.14095689356327057,0.5838717818260193,0.7695766687393188,0.129081591963768,-1.2861837148666382,0.6458393335342407
1787816923423283200,8.956283203125,-0.21878764033317566,-0.1315898299217224,0.5842602849006653,0.770361065864563,0.18506759405136108,-1.2791200876235962,0.6912806034088135
1787816923439351800,8.972351806640624,-0.22191858291625977,-0.1246100515127182,0.586229145526886,0.7691293954849243,0.23863185942173004,-1.2767490148544312,0.7392537593841553
1787816923455381500,8.988381591796875,-0.22535905241966248,-0.12125521153211594,0.5901488661766052,0.7656596899032593,0.285075306892395,-1.2811967134475708,0.785656213760376
1787816923471480300,9.004480224609376,-0.2288258969783783,-0.12054318934679031,0.5954429507255554,0.7606285810470581,0.32809704542160034,-1.2905547618865967,0.8323970437049866
1787816923487512300,9.02051220703125,-0.23033598065376282,-0.11969748884439468,0.6018396615982056,0.7552528977394104,0.3723723888397217,-1.302498698234558,0.8772269487380981
1787816923503592400,9.036592529296875,-0.2309221476316452,-0.11872930079698563,0.6089794039726257,0.7494814991950989,0.42191439867019653,-1.3158308267593384,0.9257543087005615
1787816923519671300,9.05267138671875,-0.22907201945781708,-0.11659224331378937,0.6166734099388123,0.7440740466117859,0.47451338171958923,-1.3298699855804443,0.972040593624115
1787816923535703600,9.06870361328125,-0.22534500062465668,-0.11449193954467773,0.6241211295127869,0.7393132448196411,0.5219317674636841,-1.3442254066467285,1.0104782581329346
1787816923551808000,9.08480810546875,-0.2194197028875351,-0.11237716674804688,0.6312930583953857,0.735319972038269,0.5615054368972778,-1.359311580657959,1.037863850593567
1787816923567801300,9.10080126953125,-0.21218179166316986,-0.11042480170726776,0.6379504799842834,0.7319866418838501,0.5935350060462952,-1.374536156654358,1.0560877323150635
1787816923583890000,9.116889892578126,-0.20246368646621704,-0.10755521059036255,0.6442534327507019,0.7296423316001892,0.616216242313385,-1.3900020122528076,1.0600814819335938
1787816923599980300,9.132980224609375,-0.1943328082561493,-0.10500451177358627,0.6488561034202576,0.728144645690918,0.6308166980743408,-1.4016798734664917,1.0589234828948975
1787816923616019700,9.149019775390625,-0.1884438842535019,-0.10260894149541855,0.647055447101593,0.7316280603408813,0.5847516059875488,-1.4001775979995728,1.0008604526519775
1787816923632131800,9.1651318359375,-0.1825537532567978,-0.09747344255447388,0.6405115723609924,0.7395391464233398,0.5095943212509155,-1.385898470878601,0.9099802374839783
1787816923648179700,9.1811796875,-0.17461980879306793,-0.08970998972654343,0.6347671747207642,0.747349202632904,0.4572184085845947,-1.3710440397262573,0.8351550102233887
1787816923664273400,9.1972734375,-0.16561152040958405,-0.0842636451125145,0.6323053240776062,0.7521053552627563,0.41794389486312866,-1.3656466007232666,0.7750830054283142
1787816923680365800,9.21336572265625,-0.15632814168930054,-0.08382434397935867,0.6312753558158875,0.7550010085105896,0.3585321605205536,-1.367643117904663,0.7015987634658813
1787816923696417300,9.229417236328125,-0.14844106137752533,-0.08650778234004974,0.6291399002075195,0.7580664753913879,0.2800498604774475,-1.36817467212677,0.6156023740768433
1787816923712548400,9.24554833984375,-0.1417805403470993,-0.08929470181465149,0.6260175108909607,0.7615948915481567,0.20434798300266266,-1.3648309707641602,0.534373939037323
1787816923728608300,9.261608154296875,-0.13664358854293823,-0.09071699529886246,0.6232726573944092,0.7646111249923706,0.15180225670337677,-1.3602372407913208,0.4765540063381195
1787816923744665900,9.277665771484376,-0.13273194432258606,-0.09124941378831863,0.6217579245567322,0.766467809677124,0.1192086860537529,-1.357499361038208,0.43913888931274414
1787816923760776200,9.293776123046875,-0.1303110420703888,-0.091847263276577,0.6213721632957458,0.7671244740486145,0.09936158359050751,-1.3572098016738892,0.4166708290576935
1787816923776840700,9.3098408203125,-0.12991313636302948,-0.09389559179544449,0.6209428310394287,0.7672914862632751,0.08146914839744568,-1.3572468757629395,0.4011549651622772
1787816923792934700,9.3259345703125,-0.13034215569496155,-0.09722050279378891,0.6199145317077637,0.7676361799240112,0.058012738823890686,-1.3562893867492676,0.3831251561641693
1787816923808999400,9.34199951171875,-0.13203753530979156,-0.10229454934597015,0.6185058355331421,0.7678232192993164,0.029171638190746307,-1.3550630807876587,0.3640674650669098
1787816923825068500,9.358068603515624,-0.1347716897726059,-0.10866524279117584,0.6167709827423096,0.7678685188293457,-0.0029442673549056053,-1.3535192012786865,0.34512361884117126
1787816923841139000,9.374138916015625,-0.13648603856563568,-0.11510802060365677,0.6161680817604065,0.7671105861663818,-0.03922122344374657,-1.3547817468643188,0.3206102252006531
1787816923857159400,9.390159423828125,-0.13544653356075287,-0.12020383030176163,0.617680549621582,0.7652947306632996,-0.07989615947008133,-1.3605412244796753,0.285687655210495
1787816923873252000,9.406252197265625,-0.13216480612754822,-0.12364671379327774,0.6213430166244507,0.762349545955658,-0.1224759966135025,-1.3706856966018677,0.2431478053331375
1787816923889277000,9.42227685546875,-0.12806300818920135,-0.12631137669086456,0.6259366273880005,0.7588469386100769,-0.1684889942407608,-1.3825386762619019,0.19484560191631317
1787816923905346300,9.43834619140625,-0.12584297358989716,-0.13115280866622925,0.6292966604232788,0.7556111812591553,-0.2254936844110489,-1.3917644023895264,0.14146988093852997
1787816923921416200,9.454416259765624,-0.12419650703668594,-0.13696527481079102,0.6311478018760681,0.7533048987388611,-0.29059746861457825,-1.3968801498413086,0.08229884505271912
1787816923937444000,9.470444091796875,-0.12302066385746002,-0.14238794147968292,0.6335194110870361,0.7504963874816895,-0.3535434603691101,-1.402917504310608,0.025390399619936943
1787816923953546200,9.486546142578124,-0.12458781898021698,-0.14916245639324188,0.6368154287338257,0.7461197376251221,-0.4165731370449066,-1.4121928215026855,-0.025728100910782814
1787816923969577200,9.5025771484375,-0.13100303709506989,-0.15919430553913116,0.6357331871986389,0.7438673973083496,-0.4623558223247528,-1.412595272064209,-0.047703295946121216
1787816923985659600,9.51865966796875,-0.14143528044223785,-0.16788163781166077,0.6293985247612,0.7454323768615723,-0.4453922510147095,-1.4022926092147827,-0.002790754660964012
1787816924001742000,9.5347421875,-0.15418589115142822,-0.17169515788555145,0.6219431757926941,0.748287558555603,-0.37119823694229126,-1.390166163444519,0.095784991979599
1787816924017772800,9.550772705078124,-0.16609643399715424,-0.17149828374385834,0.6187840700149536,0.7484027147293091,-0.2837347984313965,-1.387070894241333,0.20043306052684784
1787816924033884400,9.566884521484376,-0.17476311326026917,-0.16798058152198792,0.6218667030334473,0.7446625232696533,-0.19056585431098938,-1.3966525793075562,0.30092230439186096
1787816924049929000,9.582928955078126,-0.18035052716732025,-0.16342268884181976,0.629204273223877,0.7381523251533508,-0.09216681867837906,-1.4147144556045532,0.4004526138305664
1787816924066018000,9.59901806640625,-0.18296979367733002,-0.15871268510818481,0.6363818645477295,0.7323595285415649,0.00292011396959424,-1.430680751800537,0.4921860098838806
1787816924082064100,9.615064208984375,-0.18313057720661163,-0.15390372276306152,0.6400668621063232,0.7301310300827026,0.0726032629609108,-1.4367880821228027,0.5549769401550293
1787816924098113500,9.631113525390624,-0.1821017563343048,-0.14997568726539612,0.6394704580307007,0.7317265868186951,0.09748852998018265,-1.4325324296951294,0.5727003812789917
1787816924114247400,9.647247314453125,-0.18123458325862885,-0.1478959321975708,0.6353641152381897,0.7359302639961243,0.08454978466033936,-1.420823097229004,0.5556674599647522
1787816924130249700,9.663249755859376,-0.17903035879135132,-0.14522841572761536,0.6304412484169006,0.7412157654762268,0.06402980536222458,-1.4068236351013184,0.5283054709434509
1787816924146307600,9.6793076171875,-0.17621973156929016,-0.1419721096754074,0.625529944896698,0.7466611266136169,0.04768114164471626,-1.3925398588180542,0.5033988952636719
1787816924162360000,9.695360107421875,-0.1739140897989273,-0.13891424238681793,0.6213449835777283,0.7512571215629578,0.03908197954297066,-1.3802343606948853,0.4872453212738037
1787816924178418700,9.711418701171874,-0.17135219275951385,-0.13636888563632965,0.6185719966888428,0.7545930743217468,0.03128046914935112,-1.3718456029891968,0.4721885919570923
1787816924194542800,9.72754296875,-0.1683087795972824,-0.13355782628059387,0.6169497966766357,0.7571045756340027,0.026790445670485497,-1.3662290573120117,0.4593004584312439
1787816924210606600,9.743606689453125,-0.16536374390125275,-0.13017912209033966,0.616051197052002,0.7590712904930115,0.02952077053487301,-1.3621265888214111,0.45292234420776367
1787816924226665500,9.75966552734375,-0.16210252046585083,-0.1259182244539261,0.6160854697227478,0.7604644298553467,0.03930415213108063,-1.3599086999893188,0.4518207609653473
1787816924242773000,9.77577294921875,-0.15896785259246826,-0.12179810553789139,0.6170604825019836,0.7610064744949341,0.05171198770403862,-1.3601596355438232,0.4536883533000946
1787816924258835500,9.79183544921875,-0.15502716600894928,-0.11755726486444473,0.6191336512565613,0.7608025670051575,0.06354507058858871,-1.363184928894043,0.45359209179878235
1787816924274967300,9.80796728515625,-0.15016284584999084,-0.11325053870677948,0.6223439574241638,0.759811520576477,0.07400540262460709,-1.3691604137420654,0.45065203309059143
1787816924291034400,9.824034423828126,-0.14419062435626984,-0.10908728092908859,0.6262721419334412,0.7583484053611755,0.07885322719812393,-1.3772261142730713,0.44069746136665344
1787816924307095800,9.840095703125,-0.13685445487499237,-0.10510885715484619,0.630415678024292,0.7568349838256836,0.07334434986114502,-1.3862005472183228,0.41870880126953125
1787816924331147300,9.864147216796875,-0.12385830283164978,-0.10047046840190887,0.6359118223190308,0.7551034092903137,0.033865634351968765,-1.3988089561462402,0.35365229845046997
1787816924347283000,9.880282958984376,-0.11431810259819031,-0.09880080074071884,0.6392833590507507,0.7539805173873901,-0.017314400523900986,-1.4069294929504395,0.286260187625885
1787816924363349000,9.896348876953125,-0.10501556098461151,-0.09826673567295074,0.6413494944572449,0.7536486387252808,-0.08467914164066315,-1.4115270376205444,0.20472851395606995
1787816924379368000,9.912367919921875,-0.09440183639526367,-0.09871339052915573,0.6440047025680542,0.7527296543121338,-0.17702580988407135,-1.416763424873352,0.09775612503290176
1787816924395436800,9.928436767578125,-0.08320599049329758,-0.09806249290704727,0.6476898193359375,0.7509716749191284,-0.2717474400997162,-1.4230965375900269,-0.013981284573674202
1787816924411460900,9.9444609375,-0.07238340377807617,-0.09513356536626816,0.6516111493110657,0.7490749359130859,-0.34834691882133484,-1.4291386604309082,-0.11028480529785156
1787816924427555300,9.960555419921874,-0.06186259537935257,-0.09024632722139359,0.6535454392433167,0.7489373087882996,-0.39724138379096985,-1.4299308061599731,-0.1811719536781311
1787816924443634700,9.976634765625,-0.0514969564974308,-0.08395601809024811,0.6525412797927856,0.7513250708580017,-0.41366076469421387,-1.4236137866973877,-0.221284881234169
1787816924459662300,9.992662353515625,-0.04223714768886566,-0.07859812676906586,0.6496307849884033,0.7549955248832703,-0.4181150794029236,-1.4130014181137085,-0.24648432433605194
1787816924475711200,10.008711181640624,-0.03245563432574272,-0.07355206459760666,0.6475427150726318,0.7577765583992004,-0.43214142322540283,-1.4042291641235352,-0.28156012296676636
1787816924491746800,10.024746826171874,-0.025151975452899933,-0.07146184891462326,0.6473227143287659,0.758441686630249,-0.463488906621933,-1.400342583656311,-0.32625097036361694
1787816924507849500,10.040849365234376,-0.01902713067829609,-0.0705609917640686,0.6487699747085571,0.7574673295021057,-0.5063391923904419,-1.4004684686660767,-0.37909573316574097
1787816924523941400,10.05694140625,-0.014029826037585735,-0.06986642628908157,0.6509091258049011,0.755803644657135,-0.5487310886383057,-1.4025468826293945,-0.4295923709869385
1787816924539984400,10.072984375,-0.011082467623054981,-0.06953328847885132,0.6521757245063782,0.754790723323822,-0.5750109553337097,-1.403590202331543,-0.4605409801006317
1787816924556077600,10.08907763671875,-0.009667877107858658,-0.06882263720035553,0.6518285870552063,0.7551752328872681,-0.5756002068519592,-1.4021944999694824,-0.4641444683074951
1787816924572079000,10.1050791015625,-0.010249659419059753,-0.06809116154909134,0.6515712141990662,0.7554557919502258,-0.5636591911315918,-1.4024447202682495,-0.4524174928665161
1787816924588194000,10.121194091796875,-0.011212640441954136,-0.06611646711826324,0.6510749459266663,0.7560452222824097,-0.536811113357544,-1.4030698537826538,-0.42701035737991333
1787816924604294700,10.137294677734374,-0.012114481069147587,-0.06290537863969803,0.6505711674690247,0.7567386627197266,-0.49947869777679443,-1.4041634798049927,-0.3929649293422699
1787816924620312000,10.15331201171875,-0.012661849148571491,-0.058753982186317444,0.6501492857933044,0.7574256062507629,-0.4565027058124542,-1.40548574924469,-0.3551160395145416
1787816924636359400,10.169359375,-0.011938023380935192,-0.05367175489664078,0.6497718095779419,0.7581382393836975,-0.4141780436038971,-1.4063867330551147,-0.3210436999797821
1787816924652417800,10.185417724609374,-0.0100660165771842,-0.04862922057509422,0.6492679715156555,0.758936882019043,-0.3797861337661743,-1.4062076807022095,-0.2964724600315094
1787816924668567000,10.201567138671875,-0.007378705777227879,-0.04436751455068588,0.6487852931022644,0.7596412301063538,-0.35877367854118347,-1.4053372144699097,-0.2853257954120636
1787816924684631800,10.2176318359375,-0.003427822608500719,-0.04082585871219635,0.6487151980400085,0.7599277496337891,-0.3558017313480377,-1.404673457145691,-0.29299068450927734
1787816924700686600,10.2336865234375,0.0017615448450669646,-0.03794151917099953,0.6485145092010498,0.7602540254592896,-0.3670807182788849,-1.4028960466384888,-0.3157280385494232
1787816924716750800,10.249750732421875,0.007857631891965866,-0.03534582629799843,0.647562563419342,0.7611516118049622,-0.38296249508857727,-1.3987184762954712,-0.34394150972366333
1787816924732759800,10.265759765625,0.015256508253514767,-0.031451523303985596,0.6451876759529114,0.7632240653038025,-0.38829994201660156,-1.3910318613052368,-0.3653033971786499
1787816924748908800,10.28190869140625,0.023244423791766167,-0.026256389915943146,0.6411570906639099,0.7666080594062805,-0.37796738743782043,-1.3797798156738281,-0.37368834018707275
1787816924764975600,10.2979755859375,0.031231051310896873,-0.020616568624973297,0.636046290397644,0.7707430124282837,-0.3598952889442444,-1.3663262128829956,-0.37498533725738525
1787816924781039600,10.31403955078125,0.04019217565655708,-0.013388547115027905,0.63078773021698,0.7747982144355774,-0.33712485432624817,-1.3530657291412354,-0.3752589821815491
1787816924797097500,10.330097412109374,0.04968582093715668,-0.005187497939914465,0.6262852549552917,0.7779918909072876,-0.31538888812065125,-1.3421505689620972,-0.37874314188957214
1787816924813117200,10.3461171875,0.059805769473314285,0.0033420429099351168,0.6230064034461975,0.7799201011657715,-0.30043256282806396,-1.3344082832336426,-0.390394926071167
1787816924829218000,10.362218017578124,0.07054714113473892,0.011488256976008415,0.6210847496986389,0.7804773449897766,-0.29637667536735535,-1.3298227787017822,-0.4133060574531555
1787816924845242400,10.378242431640626,0.08126537501811981,0.018355542793869972,0.620344877243042,0.7798919081687927,-0.3045593798160553,-1.3276581764221191,-0.4466116428375244
1787816924861263000,10.39426318359375,0.09174253046512604,0.02415616251528263,0.6203539371490479,0.7785633206367493,-0.3210689425468445,-1.3268896341323853,-0.4863891005516052
1787816924877341200,10.410341064453124,0.10224661976099014,0.02985403873026371,0.6204138398170471,0.7770077586174011,-0.33877962827682495,-1.326210379600525,-0.5272828936576843
1787816924893311700,10.426311767578126,0.11154202371835709,0.03553863987326622,0.6198987364768982,0.77590012550354,-0.34836646914482117,-1.324766993522644,-0.5583392977714539
1787816924909416400,10.44241650390625,0.12001670151948929,0.041668906807899475,0.6187160015106201,0.775274395942688,-0.3485267162322998,-1.3225764036178589,-0.5794700980186462
1787816924925445600,10.458445556640624,0.127422034740448,0.049139052629470825,0.6159262657165527,0.7758762240409851,-0.3289654850959778,-1.318284273147583,-0.581333339214325
1787816924941478700,10.474478759765624,0.13716202974319458,0.0586693212389946,0.6132426857948303,0.7756789326667786,-0.31006303429603577,-1.3149648904800415,-0.5902068018913269
1787816924957532400,10.490532470703124,0.1460752934217453,0.0665307492017746,0.6114087700843811,0.7748646140098572,-0.30072537064552307,-1.3130035400390625,-0.6050844192504883
1787816924973530600,10.506530517578126,0.1558036059141159,0.07477260380983353,0.6089119911193848,0.7741838097572327,-0.29065799713134766,-1.30974543094635,-0.6210402250289917
1787816924989661700,10.52266162109375,0.1665472388267517,0.08294013142585754,0.6057049632072449,0.7736307978630066,-0.28301092982292175,-1.3047232627868652,-0.6408918499946594
1787816925005709300,10.538709228515625,0.17818041145801544,0.0903194397687912,0.6020045280456543,0.7731006741523743,-0.2815719246864319,-1.2979453802108765,-0.6672348976135254
1787816925021757000,10.5547568359375,0.19061987102031708,0.09709582477807999,0.5980494022369385,0.7723817229270935,-0.2854563891887665,-1.2900960445404053,-0.6993364095687866
1787816925037807400,10.570807373046875,0.20315200090408325,0.10285619646310806,0.59457927942276,0.7711195945739746,-0.29622092843055725,-1.2826573848724365,-0.7370736598968506
1787816925053806300,10.586806396484375,0.21640928089618683,0.10923641175031662,0.5917479991912842,0.768809974193573,-0.3093685507774353,-1.2770401239395142,-0.7792238593101501
1787816925069940000,10.60293994140625,0.2299879789352417,0.11683245003223419,0.5892152190208435,0.7656899690628052,-0.3195704221725464,-1.2732287645339966,-0.8207570314407349
1787816925085993500,10.618993408203124,0.2436896413564682,0.125714972615242,0.5865195393562317,0.7621063590049744,-0.3242545425891876,-1.2705087661743164,-0.8589633107185364
1787816925102039600,10.63503955078125,0.2580200731754303,0.1359080821275711,0.5830796957015991,0.7582695484161377,-0.32307854294776917,-1.2676340341567993,-0.8943767547607422
1787816925118101500,10.6511015625,0.2714707851409912,0.14573641121387482,0.5791965126991272,0.7547158002853394,-0.3184889256954193,-1.2642579078674316,-0.9247497916221619
1787816925134107100,10.667107177734374,0.2842918932437897,0.15537536144256592,0.5751973390579224,0.7511222958564758,-0.312302827835083,-1.2611159086227417,-0.9524917602539062
1787816925150253000,10.683253173828126,0.2965516149997711,0.16500023007392883,0.5713114738464355,0.7472853064537048,-0.30523526668548584,-1.2588157653808594,-0.9786430597305298
1787816925166316300,10.69931640625,0.30717960000038147,0.17508874833583832,0.5652738809585571,0.7452853322029114,-0.28043892979621887,-1.253710389137268,-0.9856550097465515
1787816925182376200,10.715376220703124,0.31708869338035583,0.18443210422992706,0.5605246424674988,0.7424633502960205,-0.2625865638256073,-1.2510039806365967,-0.9974312782287598
1787816925198458400,10.731458251953125,0.32688918709754944,0.19349224865436554,0.5569848418235779,0.7385608553886414,-0.25166720151901245,-1.2507964372634888,-1.015557050704956
1787816925214476000,10.74747607421875,0.3362237215042114,0.20247843861579895,0.553436815738678,0.7346182465553284,-0.23977448046207428,-1.2509559392929077,-1.0320181846618652
1787816925230633200,10.76363330078125,0.3451622426509857,0.2110762745141983,0.5498960018157959,0.7307012677192688,-0.22833552956581116,-1.2510987520217896,-1.0478771924972534
1787816925246649600,10.779649658203125,0.35732221603393555,0.22297680377960205,0.5419864058494568,0.7272228002548218,-0.1986456960439682,-1.2457592487335205,-1.0563180446624756
1787816925262712800,10.795712890625,0.36872249841690063,0.23378050327301025,0.5341725945472717,0.7239130735397339,-0.17156894505023956,-1.2400164604187012,-1.0648279190063477
1787816925278796000,10.811796142578125,0.37752416729927063,0.24228908121585846,0.5273222327232361,0.72159743309021,-0.1474374383687973,-1.2344557046890259,-1.068771243095398
1787816925294765600,10.827765625,0.3850318491458893,0.24958863854408264,0.5211045145988464,0.7196570038795471,-0.12586094439029694,-1.2292330265045166,-1.0714346170425415
1787816925310873300,10.843873291015624,0.3987463414669037,0.2612605392932892,0.5126257538795471,0.714114248752594,-0.10518570989370346,-1.2240991592407227,-1.0923789739608765
1787816925326894800,10.859894775390625,0.40877437591552734,0.2703310251235962,0.5053706169128418,0.7102289795875549,-0.0848325714468956,-1.2193230390548706,-1.1037660837173462
1787816925342913500,10.87591357421875,0.4180079996585846,0.27891817688941956,0.4985199272632599,0.7063652873039246,-0.06535494327545166,-1.215244174003601,-1.1141520738601685
1787816925359003400,10.89200341796875,0.4285646975040436,0.288441002368927,0.49134039878845215,0.7012267112731934,-0.04733783379197121,-1.2119803428649902,-1.1299833059310913
1787816925374982000,10.90798193359375,0.4378836452960968,0.2970237135887146,0.48489922285079956,0.6963531374931335,-0.031102625653147697,-1.2095181941986084,-1.1441868543624878
1787816925391102200,10.924102294921875,0.4470263719558716,0.3049885332584381,0.47878244519233704,0.6913152933120728,-0.017917344346642494,-1.2072876691818237,-1.1603615283966064
1787816925407135700,10.9401357421875,0.4561496675014496,0.3121190369129181,0.47285839915275574,0.6862319111824036,-0.008425912819802761,-1.2046865224838257,-1.1790964603424072
1787816925423165000,10.9561650390625,0.468246191740036,0.31936103105545044,0.4664958417415619,0.6790697574615479,-0.008683651685714722,-1.2016774415969849,-1.2132951021194458
1787816925439211300,10.972211181640626,0.4777470529079437,0.3241068720817566,0.46084755659103394,0.6740415692329407,-0.009349687024950981,-1.1969867944717407,-1.2395641803741455
1787816925455199700,10.98819970703125,0.4873860776424408,0.32855847477912903,0.45466530323028564,0.6691663861274719,-0.009373616427183151,-1.1910618543624878,-1.2653502225875854
1787816925471312400,11.0043125,0.49738001823425293,0.333279013633728,0.4480801522731781,0.6638994812965393,-0.008516177535057068,-1.1849838495254517,-1.291684865951538
1787816925487352000,11.02035205078125,0.5066758394241333,0.3382759392261505,0.44218987226486206,0.6582682728767395,-0.007212182506918907,-1.1809080839157104,-1.316827416419983
1787816925503393000,11.03639306640625,0.5153293013572693,0.34382766485214233,0.4371855556964874,0.6519870758056641,-0.0058920434676110744,-1.1795845031738281,-1.341660737991333
1787816925519438000,11.05243798828125,0.5230566263198853,0.34977468848228455,0.4331178367137909,0.6453514099121094,-0.004301450680941343,-1.1808522939682007,-1.365103006362915
1787816925535434200,11.068434326171875,0.5306351184844971,0.356825053691864,0.42943716049194336,0.637719452381134,-0.0017006626585498452,-1.1847597360610962,-1.3891440629959106
1787816925551557000,11.08455712890625,0.5385245680809021,0.3650372326374054,0.42535635828971863,0.6291353106498718,0.0031910487450659275,-1.1900200843811035,-1.413746953010559
1787816925567610400,11.1006103515625,0.5457190871238708,0.37349388003349304,0.4211444854736328,0.6207498908042908,0.01102776825428009,-1.1957653760910034,-1.4348173141479492
1787816925583660000,11.116659912109375,0.5535266399383545,0.3818289339542389,0.41620755195617676,0.6120345592498779,0.01829041913151741,-1.200366497039795,-1.4579682350158691
1787816925599723000,11.132722900390625,0.5613481402397156,0.3875279426574707,0.41272127628326416,0.6036319136619568,0.012501470744609833,-1.2036058902740479,-1.489650845527649
1787816925615738400,11.14873828125,0.5700564384460449,0.3927856385707855,0.4073531925678253,0.5956664681434631,0.00976104848086834,-1.2029756307601929,-1.5201658010482788
1787816925631877000,11.164877197265625,0.5800547003746033,0.3966183364391327,0.4009455144405365,0.5877696871757507,0.0030224588699638844,-1.1983717679977417,-1.555519938468933
1787816925647942000,11.18094189453125,0.5898953080177307,0.39912641048431396,0.39442598819732666,0.5806460380554199,-0.00496341148391366,-1.191510796546936,-1.589964509010315
1787816925664004600,11.197004638671874,0.5996125340461731,0.40167248249053955,0.38770556449890137,0.5734182596206665,-0.011397717520594597,-1.184552550315857,-1.6231188774108887
1787816925680070400,11.2130703125,0.6084044575691223,0.4050438106060028,0.38140279054641724,0.5659641623497009,-0.014735381118953228,-1.1799356937408447,-1.6529080867767334
1787816925696085800,11.229085693359375,0.6158068180084229,0.409708172082901,0.37596747279167175,0.5581842660903931,-0.014835739508271217,-1.1792510747909546,-1.6788082122802734
1787816925712209000,11.245208984375,0.6223250031471252,0.4155658185482025,0.37089860439300537,0.5499553680419922,-0.011999170295894146,-1.1815342903137207,-1.7021557092666626
1787816925728225500,11.2612255859375,0.6282264590263367,0.42171192169189453,0.366040974855423,0.5417606830596924,-0.007916398346424103,-1.1849342584609985,-1.723663568496704
1787816925744290300,11.277290283203126,0.6339011788368225,0.4276445508003235,0.3612288236618042,0.5336694717407227,-0.004085714928805828,-1.1882641315460205,-1.7448290586471558
1787816925760365600,11.293365478515625,0.6390380859375,0.4329633414745331,0.35688847303390503,0.5261214375495911,-0.0014798681950196624,-1.1914136409759521,-1.765018105506897
1787816925776338000,11.309337890625,0.6440070867538452,0.4381823241710663,0.35240885615348816,0.518709123134613,0.0018245778046548367,-1.194359540939331,-1.7842533588409424
1787816925792452400,11.325452392578125,0.6512207984924316,0.4413040280342102,0.34966787695884705,0.5088170170783997,-0.017311271280050278,-1.1960666179656982,-1.8268839120864868
1787816925808486700,11.341486572265625,0.6543463468551636,0.44189125299453735,0.3495197594165802,0.5043797492980957,-0.03190037980675697,-1.1968177556991577,-1.849963665008545
1787816925824518100,11.35751806640625,0.6599499583244324,0.4444039762020111,0.34645166993141174,0.49693307280540466,-0.04272870719432831,-1.1968562602996826,-1.8799102306365967
1787816925840618000,11.373617919921875,0.6662999391555786,0.44782906770706177,0.3418463468551636,0.48850253224372864,-0.04928676784038544,-1.1964930295944214,-1.909920334815979
1787816925856603600,11.389603759765626,0.6741681694984436,0.4525323808193207,0.3349706828594208,0.4780234694480896,-0.05189330503344536,-1.1955395936965942,-1.9433726072311401
1787816925872729300,11.405729248046875,0.6797565817832947,0.4553821384906769,0.32969167828559875,0.47102171182632446,-0.05222879350185394,-1.193548321723938,-1.9651552438735962
1787816925888770300,11.421770263671876,0.6870092153549194,0.4589884579181671,0.3222745954990387,0.46204668283462524,-0.05027073994278908,-1.1902730464935303,-1.9915047883987427
1787816925904809700,11.437809814453125,0.6938967704772949,0.46177151799201965,0.31468504667282104,0.45414504408836365,-0.04602937400341034,-1.1854513883590698,-2.0135536193847656
1787816925920864000,11.453864013671875,0.7007352113723755,0.46444839239120483,0.30646800994873047,0.4464697241783142,-0.03880477324128151,-1.1799004077911377,-2.033003568649292
1787816925936857900,11.46985791015625,0.7073407769203186,0.46764400601387024,0.297583669424057,0.4386594295501709,-0.0277828648686409,-1.174878716468811,-2.0498805046081543
1787816925952992000,11.485991943359375,0.7136020064353943,0.47108426690101624,0.28855615854263306,0.43079835176467896,-0.01525397039949894,-1.1705175638198853,-2.065437078475952
1787816925969041700,11.502041748046874,0.7197997570037842,0.474666953086853,0.27933239936828613,0.4225553274154663,-0.002493262058123946,-1.1665449142456055,-2.0815582275390625
1787816925985086500,11.51808642578125,0.7258226871490479,0.47827816009521484,0.27007588744163513,0.4141141176223755,0.010259032249450684,-1.162943959236145,-2.097891092300415
1787816926001152500,11.534152587890626,0.7318256497383118,0.4817459285259247,0.26080000400543213,0.40538308024406433,0.022164566442370415,-1.15938138961792,-2.115363597869873
1787816926017154000,11.550154052734374,0.7379288673400879,0.48508355021476746,0.25157880783081055,0.39605942368507385,0.032136790454387665,-1.1559906005859375,-2.1354517936706543
1787816926033292500,11.56629248046875,0.743960976600647,0.488315612077713,0.24252134561538696,0.3863331973552704,0.04055418819189072,-1.1529464721679688,-2.1573007106781006
1787816926049354000,11.58235400390625,0.7496079206466675,0.4916611611843109,0.23317965865135193,0.3768083155155182,0.0512981079518795,-1.150172233581543,-2.176769971847534
1787816926065412000,11.598412109375,0.7550055384635925,0.49480175971984863,0.22417280077934265,0.3672662079334259,0.06078970059752464,-1.147691011428833,-2.1968061923980713
1787816926081493500,11.614493408203124,0.7597101330757141,0.4973667860031128,0.2161433845758438,0.358815997838974,0.06912842392921448,-1.1452676057815552,-2.2145192623138428
1787816926097505800,11.630505859375,0.764439046382904,0.49976861476898193,0.208545982837677,0.3498184084892273,0.07438879460096359,-1.1432641744613647,-2.23539137840271
1787816926113656300,11.64665625,0.7686419486999512,0.5021518468856812,0.20176751911640167,0.34106168150901794,0.07794492691755295,-1.1422728300094604,-2.2562544345855713
1787816926129717200,11.66271728515625,0.7722222208976746,0.5045455694198608,0.19524803757667542,0.3331441879272461,0.08331157267093658,-1.1416807174682617,-2.2735016345977783
1787816926145781500,11.678781494140624,0.7752733826637268,0.5069795846939087,0.18869712948799133,0.3260616362094879,0.09144116938114166,-1.1412369012832642,-2.286642074584961
1787816926161866200,11.6948662109375,0.7779951095581055,0.5094060897827148,0.18196730315685272,0.31955721974372864,0.1019376590847969,-1.1407078504562378,-2.2967004776000977
1787816926177891000,11.71089111328125,0.7804252505302429,0.5118648409843445,0.1750626564025879,0.31350260972976685,0.11450979858636856,-1.140182375907898,-2.304178476333618
1787816926194053000,11.72705322265625,0.7826673984527588,0.5142182111740112,0.16827064752578735,0.3077279329299927,0.1273527592420578,-1.1396489143371582,-2.310706377029419
1787816926210073600,11.743073486328125,0.7848955988883972,0.5163534879684448,0.1616179347038269,0.3019893169403076,0.13939784467220306,-1.1389175653457642,-2.3176801204681396
1787816926226090500,11.759090576171875,0.7860242128372192,0.5187844634056091,0.154691681265831,0.29849469661712646,0.15937942266464233,-1.1382554769515991,-2.3136422634124756
1787816926242178300,11.77517822265625,0.7870344519615173,0.5211318135261536,0.1476253867149353,0.2953052222728729,0.1804993748664856,-1.1372613906860352,-2.3081469535827637
1787816926258152200,11.791152099609375,0.7885499596595764,0.5233216285705566,0.13998806476593018,0.2910787761211395,0.20033922791481018,-1.1356909275054932,-2.3063039779663086
1787816926274261000,11.807260986328124,0.7906659841537476,0.525277853012085,0.13223177194595337,0.28538617491722107,0.2161085307598114,-1.1340031623840332,-2.310885190963745
1787816926290291500,11.82329150390625,0.7918369174003601,0.5265883803367615,0.1271538883447647,0.28201237320899963,0.22752049565315247,-1.1329388618469238,-2.312232255935669
1787816926306314000,11.83931396484375,0.794269323348999,0.5284669995307922,0.12033896148204803,0.2745493948459625,0.23559482395648956,-1.1327173709869385,-2.325766086578369
1787816926322361600,11.855361572265625,0.7945934534072876,0.5293971300125122,0.11804883927106857,0.2728084325790405,0.24119023978710175,-1.1330761909484863,-2.326286792755127
1787816926338342700,11.8713427734375,0.7963864207267761,0.5308462977409363,0.11437542736530304,0.26625049114227295,0.2402513027191162,-1.1347358226776123,-2.3427693843841553
1787816926354467300,11.88746728515625,0.797882616519928,0.5322012901306152,0.11142788827419281,0.26024797558784485,0.23811139166355133,-1.1367371082305908,-2.358506441116333
1787816926370507500,11.903507568359375,0.7990747690200806,0.5335206389427185,0.10923612862825394,0.25476041436195374,0.2346641570329666,-1.1392112970352173,-2.373640537261963
1787816926386541000,11.919541015625,0.8002327680587769,0.5347874164581299,0.10735039412975311,0.24921062588691711,0.2298147827386856,-1.1418741941452026,-2.389796257019043
1787816926402631400,11.93563134765625,0.8013772964477539,0.5356627702713013,0.1060275286436081,0.24416780471801758,0.2232625037431717,-1.144039511680603,-2.4060018062591553
1787816926418614500,11.951614501953125,0.8026881217956543,0.5361080765724182,0.10490503162145615,0.2393217384815216,0.2153577208518982,-1.1453807353973389,-2.4229042530059814
1787816926434744000,11.967744140625,0.8040584921836853,0.5361920595169067,0.10398700088262558,0.23489312827587128,0.20690861344337463,-1.1459722518920898,-2.439368963241577
1787816926450784000,11.983783935546874,0.8054972887039185,0.5361409187316895,0.10297876596450806,0.23048308491706848,0.19850297272205353,-1.146162986755371,-2.4558660984039307
1787816926466825000,11.999824951171876,0.8046309351921082,0.5382503271102905,0.10557550936937332,0.22739745676517487,0.18587474524974823,-1.1535316705703735,-2.469613790512085
1787816926482863900,12.01586376953125,0.8031983375549316,0.5400516986846924,0.10972201079130173,0.22622478008270264,0.171718567609787,-1.1609472036361694,-2.4797286987304688
1787816926498859500,12.031859619140626,0.8010777235031128,0.5412572622299194,0.11586500704288483,0.22779476642608643,0.15613704919815063,-1.1679915189743042,-2.484189510345459
1787816926514996500,12.04799658203125,0.7999340295791626,0.542311429977417,0.12015250325202942,0.2270847111940384,0.1402837634086609,-1.1737219095230103,-2.495011568069458
1787816926531042000,12.0640419921875,0.8006911873817444,0.5438268780708313,0.12027733027935028,0.220634326338768,0.12414055317640305,-1.1782797574996948,-2.520805597305298
1787816926547096300,12.080096435546874,0.8006927371025085,0.5446671843528748,0.12243761122226715,0.2173428237438202,0.10759957134723663,-1.1822057962417603,-2.5392251014709473
1787816926563171600,12.096171630859375,0.8012642860412598,0.5457786917686462,0.12317413091659546,0.21196550130844116,0.09063561260700226,-1.1859158277511597,-2.563265800476074
1787816926579177200,12.11217724609375,0.8015990257263184,0.5469739437103271,0.12415354698896408,0.2069893777370453,0.0737389475107193,-1.1898266077041626,-2.5862808227539062
1787816926595322000,12.128322021484376,0.8017981052398682,0.5480543971061707,0.12527236342430115,0.2026398777961731,0.057641543447971344,-1.193402886390686,-2.6073341369628906
1787816926611331600,12.14433154296875,0.8021032214164734,0.5488823056221008,0.12627460062503815,0.19852817058563232,0.042010579258203506,-1.1962088346481323,-2.627699613571167
1787816926627340500,12.160340576171874,0.8016111254692078,0.5505743026733398,0.1275973618030548,0.19495239853858948,0.02796993963420391,-1.2011184692382812,-2.6452953815460205
1787816926643418400,12.17641845703125,0.8004133701324463,0.5518124103546143,0.1308092623949051,0.1942436397075653,0.013926672749221325,-1.2059364318847656,-2.655850887298584
1787816926659432000,12.192431884765625,0.8001139163970947,0.5524036288261414,0.1329716593027115,0.19231900572776794,-0.0008734945440664887,-1.2085909843444824,-2.6704165935516357
1787816926675538000,12.208537841796876,0.8006024956703186,0.5516906976699829,0.13515691459178925,0.19080263376235962,-0.016590502113103867,-1.2081083059310913,-2.6851229667663574
1787816926691555800,12.224555908203126,0.8014583587646484,0.5499336123466492,0.13783717155456543,0.19036397337913513,-0.03237419202923775,-1.2053834199905396,-2.6974689960479736
1787816926707577600,12.24057763671875,0.8025075793266296,0.5472614765167236,0.14086322486400604,0.19142600893974304,-0.04581987112760544,-1.2007005214691162,-2.7046477794647217
1787816926723664600,12.25666455078125,0.8037095069885254,0.5445066690444946,0.14312906563282013,0.19255585968494415,-0.05559708550572395,-1.1954238414764404,-2.7091445922851562
1787816926739648000,12.27264794921875,0.8046700358390808,0.5422315001487732,0.14469633996486664,0.19378887116909027,-0.06128227710723877,-1.190934658050537,-2.710458993911743
1787816926755761200,12.28876123046875,0.805245578289032,0.5408126711845398,0.14568772912025452,0.1946185976266861,-0.06465695053339005,-1.1881533861160278,-2.710993528366089
1787816926771801000,12.304801025390624,0.8055533766746521,0.5401470065116882,0.14623205363750458,0.19478504359722137,-0.06725013256072998,-1.1868726015090942,-2.7124674320220947
1787816926787832800,12.320832763671875,0.805696427822113,0.5397765636444092,0.14678889513015747,0.1948014348745346,-0.070000059902668,-1.1862839460372925,-2.714336395263672
1787816926803879000,12.33687890625,0.8060339093208313,0.5393275022506714,0.1471061408519745,0.19440948963165283,-0.07306018471717834,-1.1853485107421875,-2.717461109161377
1787816926819872300,12.352872314453125,0.8067542314529419,0.5386329293251038,0.1469346433877945,0.1934749037027359,-0.07595211267471313,-1.1835304498672485,-2.721907377243042
1787816926836001000,12.3690009765625,0.8078726530075073,0.5376909375190735,0.146171435713768,0.1920003741979599,-0.0782005712389946,-1.180776596069336,-2.7273452281951904
1787816926852048400,12.38504833984375,0.8092804551124573,0.5366472005844116,0.14477857947349548,0.19003722071647644,-0.07930786162614822,-1.177427053451538,-2.733274221420288
1787816926868092000,12.401091796875,0.8107847571372986,0.5354347825050354,0.14346717298030853,0.18802866339683533,-0.08099386841058731,-1.173722505569458,-2.7397091388702393
1787816926884161800,12.417161865234375,0.8124518990516663,0.5340454578399658,0.14231333136558533,0.18564550578594208,-0.08450780808925629,-1.1696453094482422,-2.7482755184173584
1787816926900162800,12.433162841796875,0.8128603100776672,0.534441351890564,0.1416468322277069,0.18321271240711212,-0.08840446919202805,-1.17001211643219,-2.7567923069000244
1787816926916302300,12.44930224609375,0.8135288953781128,0.5341492891311646,0.14164359867572784,0.1810867190361023,-0.09479095041751862,-1.169080138206482,-2.766293525695801
1787816926932356900,12.46535693359375,0.8152174949645996,0.531889021396637,0.1422659158706665,0.17965196073055267,-0.10337566584348679,-1.1638332605361938,-2.7758266925811768
1787816926948383000,12.481383056640626,0.8164753913879395,0.5296044945716858,0.14378876984119415,0.17947694659233093,-0.11192099750041962,-1.1590708494186401,-2.7821335792541504
1787816926964457000,12.49745703125,0.817254364490509,0.5276275277137756,0.1457291543483734,0.18018727004528046,-0.11933719366788864,-1.1553316116333008,-2.7854201793670654
1787816926980464400,12.51346435546875,0.8176315426826477,0.5261927247047424,0.1473042219877243,0.1813872754573822,-0.12346561253070831,-1.1527942419052124,-2.7852895259857178
1787816926996613400,12.52961328125,0.8176611065864563,0.5252565145492554,0.14845138788223267,0.18302485346794128,-0.12430362403392792,-1.15132474899292,-2.781904935836792
1787816927012674000,12.545674072265625,0.8175064921379089,0.5247292518615723,0.1489979475736618,0.1847759634256363,-0.12212739884853363,-1.150582194328308,-2.7762668132781982
1787816927028732400,12.561732421875,0.8174459934234619,0.5242162942886353,0.14903624355793,0.18646064400672913,-0.11809369921684265,-1.1496374607086182,-2.7696149349212646
1787816927044800500,12.577800537109376,0.81760174036026,0.5232791900634766,0.14911407232284546,0.18833839893341064,-0.11405569314956665,-1.1477335691452026,-2.762558698654175
1787816927060813800,12.593813720703125,0.8169798254966736,0.5231298804283142,0.15152722597122192,0.1895223706960678,-0.12061593681573868,-1.1486427783966064,-2.763801336288452
1787816927076966700,12.609966552734376,0.8163923025131226,0.5208255052566528,0.1552400141954422,0.1953074038028717,-0.12163804471492767,-1.145787000656128,-2.7504749298095703
1787816927092985600,12.625985595703124,0.8176495432853699,0.5181770920753479,0.15482957661151886,0.1974073350429535,-0.11658694595098495,-1.1396887302398682,-2.7425472736358643
1787816927109048300,12.64204833984375,0.8189381957054138,0.515425443649292,0.15434066951274872,0.19963912665843964,-0.11115347594022751,-1.133330225944519,-2.7341318130493164
1787816927125121300,12.658121337890625,0.8200761675834656,0.5128160119056702,0.15411058068275452,0.20185327529907227,-0.10682141780853271,-1.1274280548095703,-2.7264726161956787
1787816927141094100,12.67409423828125,0.8201991319656372,0.5114280581474304,0.1565144956111908,0.203022301197052,-0.11421162635087967,-1.1255335807800293,-2.728384256362915
1787816927157164300,12.690164306640625,0.820007860660553,0.5104623436927795,0.15930190682411194,0.20405445992946625,-0.12302219122648239,-1.1247940063476562,-2.731410026550293
1787816927173193700,12.70619384765625,0.8199256658554077,0.5093274116516113,0.16124434769153595,0.2056887447834015,-0.12720900774002075,-1.1233466863632202,-2.7301275730133057
1787816927189220600,12.722220703125,0.8196003437042236,0.5086508989334106,0.16350921988487244,0.20686794817447662,-0.13339155912399292,-1.1230624914169312,-2.7311081886291504
1787816927205269200,12.738269287109375,0.8190627694129944,0.5083248615264893,0.16603080928325653,0.20778830349445343,-0.14092901349067688,-1.123681902885437,-2.7335009574890137
1787816927221246200,12.75424609375,0.8182538747787476,0.5082730054855347,0.16907531023025513,0.2086450755596161,-0.1504366397857666,-1.1251822710037231,-2.737224817276001
1787816927237362400,12.770362548828125,0.817253053188324,0.5083511471748352,0.1727314442396164,0.20938120782375336,-0.16255421936511993,-1.127252459526062,-2.742851972579956
1787816927253403000,12.78640283203125,0.8155973553657532,0.5091400146484375,0.17764203250408173,0.2098114937543869,-0.17995062470436096,-1.1314953565597534,-2.7524642944335938
1787816927269435100,12.80243505859375,0.8152818083763123,0.5086069703102112,0.18145708739757538,0.20906446874141693,-0.19706594944000244,-1.1318230628967285,-2.764967441558838
1787816927285520600,12.818520751953125,0.814866840839386,0.507056474685669,0.18609006702899933,0.21037185192108154,-0.2126544862985611,-1.1305888891220093,-2.7714931964874268
1787816927301563100,12.834563232421875,0.8143351078033447,0.5057798027992249,0.18952959775924683,0.2124234139919281,-0.22150380909442902,-1.1296658515930176,-2.7719666957855225
1787816927317668900,12.8506689453125,0.8144803047180176,0.5064301490783691,0.188284233212471,0.21142275631427765,-0.21886807680130005,-1.1303696632385254,-2.7727808952331543
1787816927333762800,12.8667626953125,0.8134760856628418,0.5073878169059753,0.18685419857501984,0.2142421454191208,-0.20557349920272827,-1.1326974630355835,-2.757539749145508
1787816927349806600,12.882806640625,0.8124248385429382,0.508857250213623,0.18347367644309998,0.21764123439788818,-0.18265634775161743,-1.1353442668914795,-2.7347731590270996
1787816927365852400,12.898852294921875,0.8116000890731812,0.5099197030067444,0.17908017337322235,0.22185048460960388,-0.15372540056705475,-1.1364843845367432,-2.706197500228882
1787816927381844500,12.914844482421875,0.8109050393104553,0.5105171799659729,0.1740274578332901,0.22697974741458893,-0.12014687061309814,-1.1360177993774414,-2.672471761703491
1787816927397967000,12.930967041015625,0.8101161122322083,0.5113228559494019,0.16840924322605133,0.23216204345226288,-0.08411294221878052,-1.135293960571289,-2.6370489597320557
1787816927414019000,12.94701904296875,0.8089874982833862,0.5128694176673889,0.1628461331129074,0.23661261796951294,-0.049327004700899124,-1.1358028650283813,-2.6039810180664062
1787816927430061300,12.963061279296875,0.8074345588684082,0.5151917934417725,0.15767037868499756,0.24034766852855682,-0.01660829409956932,-1.1379098892211914,-2.5735812187194824
1787816927446110200,12.979110107421874,0.8055400848388672,0.5183693170547485,0.1528608798980713,0.24296505749225616,0.013513841666281223,-1.1418734788894653,-2.547032594680786
1787816927462164000,12.9951640625,0.8034963011741638,0.5218076705932617,0.14905688166618347,0.2447294294834137,0.03859442099928856,-1.1469123363494873,-2.5253565311431885
1787816927478284300,13.0112841796875,0.8014288544654846,0.5248596668243408,0.14698779582977295,0.2462291419506073,0.056295961141586304,-1.152200698852539,-2.508849620819092
1787816927494398200,13.027398193359375,0.799538791179657,0.5276400446891785,0.14595197141170502,0.24704617261886597,0.0680803433060646,-1.1576225757598877,-2.4977340698242188
1787816927510461700,13.043461669921875,0.7974880337715149,0.5305934548377991,0.14547410607337952,0.24763064086437225,0.07777852565050125,-1.1638444662094116,-2.4882586002349854
1787816927526541800,13.059541748046875,0.7949862480163574,0.5344563722610474,0.14461417496204376,0.2478710561990738,0.09027150273323059,-1.1718279123306274,-2.477180004119873
1787816927542558000,13.075557861328125,0.7923843264579773,0.5397676825523376,0.14195390045642853,0.2462257593870163,0.10792209208011627,-1.1818583011627197,-2.4665870666503906
1787816927558643700,13.091643798828125,0.7900251150131226,0.545415461063385,0.13826234638690948,0.24344615638256073,0.12769754230976105,-1.191978931427002,-2.457082748413086
1787816927574662100,13.107662109375,0.7884109616279602,0.5497781038284302,0.1354461908340454,0.24043039977550507,0.14062823355197906,-1.19998300075531,-2.453307628631592
1787816927590724000,13.12372412109375,0.787938117980957,0.5522286295890808,0.13467970490455627,0.23676687479019165,0.13833901286125183,-1.2055038213729858,-2.462498903274536
1787816927606781700,13.13978173828125,0.7887049913406372,0.5529052019119263,0.13530266284942627,0.2322356253862381,0.12263021618127823,-1.208265781402588,-2.4841771125793457
1787816927622802200,13.15580224609375,0.7906591892242432,0.552349865436554,0.13620784878730774,0.2263074368238449,0.09782230854034424,-1.2085148096084595,-2.516481399536133
1787816927638895400,13.171895263671875,0.7933862209320068,0.5510510802268982,0.13689851760864258,0.21940802037715912,0.06909886747598648,-1.2067561149597168,-2.5543599128723145
1787816927654967000,13.187967041015625,0.7965441346168518,0.5494093894958496,0.1371808797121048,0.21177436411380768,0.03946072980761528,-1.2036638259887695,-2.594778060913086
1787816927670991000,13.2039912109375,0.8000274300575256,0.5475342273712158,0.1368294209241867,0.20356899499893188,0.01098510529845953,-1.19932222366333,-2.6357533931732178
1787816927687066400,13.22006640625,0.8036827445030212,0.5453447103500366,0.1361532062292099,0.19533409178256989,-0.01575194112956524,-1.1937576532363892,-2.675445795059204
1787816927703095800,13.236095703125,0.8072869181632996,0.5429494380950928,0.13542234897613525,0.18749545514583588,-0.040243007242679596,-1.1874390840530396,-2.712341070175171
1787816927719207200,13.252207275390624,0.8104140162467957,0.5408837199211121,0.1347474455833435,0.1803247630596161,-0.06155567988753319,-1.181762933731079,-2.7450082302093506
1787816927735289600,13.26828955078125,0.8125572204589844,0.5392544269561768,0.13522638380527496,0.17512638866901398,-0.08070434629917145,-1.177663803100586,-2.7709527015686035
1787816927751317000,13.28431689453125,0.8140013217926025,0.5380210876464844,0.1365746706724167,0.17112189531326294,-0.09923882782459259,-1.1748747825622559,-2.7932894229888916
1787816927767399400,13.3003994140625,0.8149479627609253,0.5366830825805664,0.13906431198120117,0.16879649460315704,-0.11750462651252747,-1.172400951385498,-2.8111987113952637
1787816927783436800,13.316436767578125,0.8153402805328369,0.5356360673904419,0.14198164641857147,0.1677955836057663,-0.13337285816669464,-1.1708942651748657,-2.8241608142852783
1787816927799543600,13.33254345703125,0.815661609172821,0.5342010259628296,0.14544746279716492,0.16784121096134186,-0.14865651726722717,-1.1687921285629272,-2.8341457843780518
1787816927815639600,13.3486396484375,0.8158889412879944,0.5321716070175171,0.1499476283788681,0.16921648383140564,-0.16466569900512695,-1.1658741235733032,-2.841303825378418
1787816927831680800,13.3646806640625,0.8158135414123535,0.5301864743232727,0.15510429441928864,0.17115254700183868,-0.18167650699615479,-1.1634101867675781,-2.8476619720458984
1787816927847771000,13.38077099609375,0.8148841261863708,0.5290919542312622,0.16089056432247162,0.17360885441303253,-0.19945929944515228,-1.1634145975112915,-2.8531885147094727
1787816927863820000,13.396820068359375,0.8129725456237793,0.5294758677482605,0.16685165464878082,0.1757601648569107,-0.21846680343151093,-1.166934847831726,-2.8602993488311768
1787816927879934500,13.4129345703125,0.8100460767745972,0.5311671495437622,0.17308630049228668,0.17812329530715942,-0.2380494475364685,-1.173734426498413,-2.8674237728118896
1787816927896034000,13.429033935546874,0.8068985939025879,0.5329408645629883,0.1794649213552475,0.18077924847602844,-0.2578619420528412,-1.1808922290802002,-2.874135732650757
1787816927912087600,13.445087646484374,0.8040542006492615,0.5340551733970642,0.18555119633674622,0.1839914172887802,-0.2752285301685333,-1.1865955591201782,-2.877918243408203
1787816927928136200,13.46113623046875,0.8015220761299133,0.5347312092781067,0.19079360365867615,0.1876772940158844,-0.28768426179885864,-1.1911966800689697,-2.8772687911987305
1787816927944193000,13.477193115234375,0.7988903522491455,0.5357328057289124,0.19488918781280518,0.1917889416217804,-0.29378741979599,-1.196427822113037,-2.871366500854492
1787816927960308700,13.493308837890625,0.7959592938423157,0.5373517870903015,0.19781994819641113,0.1963905394077301,-0.29300037026405334,-1.2029951810836792,-2.859647035598755
1787816927976409300,13.509409423828124,0.7927827835083008,0.5382536053657532,0.2016296684741974,0.20279070734977722,-0.2904133200645447,-1.208862066268921,-2.8420562744140625
1787816927992465200,13.525465087890625,0.7895916700363159,0.536553144454956,0.20868027210235596,0.21238742768764496,-0.2927955389022827,-1.2109698057174683,-2.819498300552368
1787816928008525300,13.541525390625,0.7861565351486206,0.5320158004760742,0.21918438374996185,0.22555558383464813,-0.30033400654792786,-1.2093092203140259,-2.7911300659179688
1787816928024586800,13.557586669921875,0.7814953923225403,0.5267231464385986,0.23179294168949127,0.24103905260562897,-0.3105470836162567,-1.2082751989364624,-2.7584943771362305
1787816928040715300,13.57371533203125,0.7750311493873596,0.5246932506561279,0.24208685755729675,0.2557687759399414,-0.3112074136734009,-1.2143527269363403,-2.721186399459839
1787816928056828700,13.58982861328125,0.7665879130363464,0.5276458263397217,0.24763916432857513,0.2694582939147949,-0.2890462875366211,-1.2298263311386108,-2.6704204082489014
1787816928072889300,13.605889404296875,0.7580921053886414,0.5320737957954407,0.24987296760082245,0.28241342306137085,-0.248307004570961,-1.246442437171936,-2.6073052883148193
1787816928088957000,13.62195703125,0.7514488697052002,0.534904420375824,0.24996447563171387,0.29448220133781433,-0.19762858748435974,-1.2568646669387817,-2.53844952583313
1787816928105026300,13.6380263671875,0.7463516592979431,0.5344759225845337,0.25048717856407166,0.3074912130832672,-0.14802610874176025,-1.2592451572418213,-2.467924118041992
1787816928121167000,13.6541669921875,0.7420637607574463,0.5317310690879822,0.25278401374816895,0.3204742968082428,-0.11152955889701843,-1.2570314407348633,-2.4073486328125
1787816928137243400,13.670243408203126,0.737819254398346,0.5273915529251099,0.25744879245758057,0.3334681987762451,-0.09027023613452911,-1.2530479431152344,-2.3579788208007812
1787816928153265700,13.686265625,0.7337490320205688,0.5223404169082642,0.2631920576095581,0.34569188952445984,-0.07930662482976913,-1.2484675645828247,-2.318159818649292
1787816928169329400,13.702329345703125,0.729834794998169,0.5166786313056946,0.26937875151634216,0.35751858353614807,-0.0738925039768219,-1.2431297302246094,-2.283522367477417
1787816928185376500,13.71837646484375,0.7250789403915405,0.5113655924797058,0.27515357732772827,0.37021130323410034,-0.06254126876592636,-1.2384847402572632,-2.2420248985290527
1787816928201470700,13.734470703125,0.7211307883262634,0.507457435131073,0.2782009243965149,0.3808695375919342,-0.044456224888563156,-1.2339537143707275,-2.2012946605682373
1787816928217544700,13.750544677734375,0.716963529586792,0.5051825046539307,0.2790796160697937,0.3909839987754822,-0.015406494960188866,-1.2304112911224365,-2.1539742946624756
1787816928233576200,13.766576171875,0.7127146124839783,0.5037726163864136,0.2784345746040344,0.4009056091308594,0.020869171246886253,-1.22659170627594,-2.1021173000335693
1787816928249655000,13.782655029296874,0.7095197439193726,0.50250244140625,0.2761651277542114,0.4096411466598511,0.05776083469390869,-1.2206660509109497,-2.0539910793304443
1787816928265689600,13.798689697265624,0.7067650556564331,0.5011315941810608,0.2734801471233368,0.4178025722503662,0.09215696156024933,-1.2136149406433105,-2.009826183319092
1787816928281790000,13.8147900390625,0.7045214176177979,0.5010491609573364,0.270329087972641,0.42369991540908813,0.12355915457010269,-1.20847487449646,-1.973335862159729
1787816928297874200,13.830874267578125,0.701360285282135,0.5031486749649048,0.268230140209198,0.42777058482170105,0.1537632942199707,-1.2089898586273193,-1.939913034439087
1787816928313911600,13.84691162109375,0.6963722705841064,0.5074413418769836,0.26819175481796265,0.430862158536911,0.18474124372005463,-1.216363549232483,-1.9046376943588257
1787816928329998800,13.862998779296875,0.6894211173057556,0.513912558555603,0.2698778808116913,0.4333108365535736,0.22094033658504486,-1.2299926280975342,-1.8629611730575562
1787816928346040000,13.8790400390625,0.6812329888343811,0.5214962959289551,0.2723998427391052,0.4356163442134857,0.26412233710289,-1.2464041709899902,-1.8133697509765625
1787816928362151000,13.89515087890625,0.6727015376091003,0.5295681357383728,0.2746661603450775,0.43770861625671387,0.315426766872406,-1.2627577781677246,-1.7563562393188477
1787816928378240500,13.911240478515625,0.6645127534866333,0.5386578440666199,0.27526432275772095,0.43874847888946533,0.3791408836841583,-1.2779760360717773,-1.6912842988967896
1787816928394284500,13.927284423828125,0.6570141315460205,0.5493248105049133,0.27401670813560486,0.4375951886177063,0.45562925934791565,-1.2929381132125854,-1.6200529336929321
1787816928410334700,13.943334716796874,0.650639533996582,0.5607973337173462,0.2711680829524994,0.43432992696762085,0.5401164889335632,-1.3066153526306152,-1.5467737913131714
1787816928426390500,13.959390625,0.6455662846565247,0.5690299272537231,0.27138248085975647,0.43104609847068787,0.5994689464569092,-1.3197368383407593,-1.4934685230255127
1787816928442515500,13.975515380859376,0.6454294323921204,0.5712071657180786,0.2714012563228607,0.42835110425949097,0.6071099638938904,-1.324647068977356,-1.4905844926834106
1787816928458622200,13.991622314453124,0.6494286060333252,0.5674911141395569,0.2710644006729126,0.4274580776691437,0.5671087503433228,-1.320452332496643,-1.5323058366775513
1787816928474679800,14.0076796875,0.654114305973053,0.5619068145751953,0.2709546983242035,0.4277603030204773,0.5176928043365479,-1.31282639503479,-1.5808465480804443
1787816928490742800,14.02374267578125,0.6551573276519775,0.5586475729942322,0.2733927071094513,0.42888015508651733,0.4907870590686798,-1.311261773109436,-1.6017773151397705
1787816928506809000,14.03980908203125,0.6528201699256897,0.559075653553009,0.27705612778663635,0.4295349717140198,0.4917033016681671,-1.3169845342636108,-1.5941702127456665
1787816928522943200,14.055943115234374,0.6483325362205505,0.5604321360588074,0.28104913234710693,0.43196314573287964,0.5104419589042664,-1.323176383972168,-1.5652776956558228
1787816928539010600,14.072010498046875,0.64519202709198,0.5602551698684692,0.2823770344257355,0.43600982427597046,0.5283262729644775,-1.3218907117843628,-1.538393259048462
1787816928555036000,14.088035888671875,0.644724428653717,0.557989776134491,0.2806640565395355,0.4406876266002655,0.5338566899299622,-1.312668800354004,-1.5272358655929565
1787816928571116300,14.1041162109375,0.6467506885528564,0.5545049905776978,0.27656424045562744,0.4446909725666046,0.5282500982284546,-1.298754334449768,-1.5318896770477295
1787816928587095000,14.120094970703125,0.6489891409873962,0.5506413578987122,0.2727988064289093,0.4485397934913635,0.5192235708236694,-1.2850189208984375,-1.5396181344985962
1787816928603206400,14.136206298828125,0.6501719355583191,0.5466319918632507,0.27125582098960876,0.45264819264411926,0.5081311464309692,-1.2743358612060547,-1.5454853773117065
1787816928619238400,14.15223828125,0.6513382792472839,0.5421857833862305,0.27137690782546997,0.45623210072517395,0.4899387061595917,-1.2660210132598877,-1.5567126274108887
1787816928635268900,14.168268798828125,0.6515536308288574,0.5375590920448303,0.27364712953567505,0.46002766489982605,0.4690537750720978,-1.26058030128479,-1.5668972730636597
1787816928651345400,14.184345458984374,0.6498475074768066,0.5329083800315857,0.2787555158138275,0.46476054191589355,0.44834405183792114,-1.2588157653808594,-1.5708380937576294
1787816928667378200,14.200378173828126,0.6475192904472351,0.5280631184577942,0.28522101044654846,0.4695926308631897,0.42510730028152466,-1.2588481903076172,-1.5749166011810303
1787816928683478300,14.216478271484375,0.6445974707603455,0.5228504538536072,0.29291802644729614,0.4746793806552887,0.3989854156970978,-1.2601639032363892,-1.5793474912643433
1787816928699556400,14.232556396484375,0.6402794718742371,0.5168624520301819,0.3026329576969147,0.4809456169605255,0.37012922763824463,-1.2628989219665527,-1.5809893608093262
1787816928715585000,14.2485849609375,0.63541179895401,0.511021614074707,0.3132404386997223,0.4868154525756836,0.339700311422348,-1.2676398754119873,-1.5833091735839844
1787816928731663600,14.26466357421875,0.6295187473297119,0.5052569508552551,0.32490015029907227,0.4928096830844879,0.30927973985671997,-1.2742977142333984,-1.583487629890442
1787816928747708700,14.280708740234376,0.6236618757247925,0.499551385641098,0.3363054096698761,0.49839040637016296,0.27822378277778625,-1.2810804843902588,-1.5851868391036987
1787816928763819500,14.296819580078125,0.6182379722595215,0.4931163787841797,0.3467370271682739,0.5043724775314331,0.24632790684700012,-1.285206913948059,-1.5881528854370117
1787816928779917000,14.3129169921875,0.612556517124176,0.4850022494792938,0.35641783475875854,0.5123608708381653,0.21563254296779633,-1.284908413887024,-1.5868186950683594
1787816928795959300,14.328959228515625,0.6069926619529724,0.4756254255771637,0.36480534076690674,0.5217830538749695,0.18780715763568878,-1.2802963256835938,-1.5814309120178223
1787816928812011000,14.345010986328125,0.6010772585868835,0.4654126465320587,0.3718736469745636,0.5327355861663818,0.16671448945999146,-1.2720917463302612,-1.5679682493209839
1787816928828059100,14.36105908203125,0.5943393707275391,0.45464858412742615,0.3780280351638794,0.5451148748397827,0.15279166400432587,-1.26156747341156,-1.5454553365707397
1787816928844177200,14.37717724609375,0.587253987789154,0.44278597831726074,0.38351356983184814,0.5585614442825317,0.13999111950397491,-1.248426914215088,-1.5199556350708008
1787816928860275200,14.393275146484376,0.5787347555160522,0.43101170659065247,0.38796499371528625,0.5733919143676758,0.13723903894424438,-1.2339295148849487,-1.4826468229293823
1787816928876323300,14.4093232421875,0.569957971572876,0.41961315274238586,0.39125630259513855,0.5882102847099304,0.1385394185781479,-1.2185661792755127,-1.4425204992294312
1787816928892374500,14.42537451171875,0.5609157681465149,0.4081403911113739,0.3940238058567047,0.6029428839683533,0.13979962468147278,-1.202695608139038,-1.402605652809143
1787816928908427300,14.44142724609375,0.5504670143127441,0.3972986936569214,0.39677220582962036,0.6178283095359802,0.14541257917881012,-1.188133955001831,-1.3572940826416016
1787816928924549400,14.45754931640625,0.5394670367240906,0.3883651793003082,0.3996955156326294,0.6311824321746826,0.15453529357910156,-1.1773204803466797,-1.3111398220062256
1787816928940657400,14.473657470703126,0.529269814491272,0.3819723427295685,0.40255919098854065,0.6418074369430542,0.16556943953037262,-1.1708036661148071,-1.2692904472351074
1787816928956715300,14.48971533203125,0.5193859934806824,0.3768702447414398,0.40630465745925903,0.6504795551300049,0.17506863176822662,-1.1682541370391846,-1.2317088842391968
1787816928972784000,14.5057841796875,0.5091416835784912,0.37128815054893494,0.4116762578487396,0.6583636403083801,0.17890161275863647,-1.1684428453445435,-1.1980791091918945
1787816928988802300,14.52180224609375,0.501456081867218,0.36605721712112427,0.4168565273284912,0.6639086008071899,0.17502461373806,-1.1696975231170654,-1.1777267456054688
1787816929004942600,14.537942626953125,0.4949108362197876,0.3598427474498749,0.4223093092441559,0.6687535047531128,0.1631866991519928,-1.1706957817077637,-1.1659034490585327
1787816929021017900,14.554017822265624,0.48928165435791016,0.35305508971214294,0.4275084435939789,0.6731954216957092,0.1469329297542572,-1.1708457469940186,-1.1594732999801636
1787816929037085200,14.570085205078126,0.4845616817474365,0.34697362780570984,0.43193626403808594,0.6769344806671143,0.13173672556877136,-1.170756220817566,-1.155129313468933
1787816929053153000,14.586153076171875,0.4806235730648041,0.34186428785324097,0.43525221943855286,0.680209755897522,0.11996250599622726,-1.1699771881103516,-1.1507514715194702
1787816929069222400,14.602222412109375,0.47761809825897217,0.3375580608844757,0.4370886981487274,0.683292806148529,0.11178144067525864,-1.1674858331680298,-1.146223783493042
1787816929085384700,14.618384765625,0.47551819682121277,0.3338162302970886,0.4374197721481323,0.6863768696784973,0.10668964684009552,-1.1628589630126953,-1.1415919065475464
1787816929101408300,14.634408203125,0.47382304072380066,0.3301489055156708,0.4370878338813782,0.6895272135734558,0.10238519310951233,-1.157077670097351,-1.1372284889221191
1787816929117429200,14.65042919921875,0.4717808961868286,0.32613489031791687,0.4369744062423706,0.6929013729095459,0.09749050438404083,-1.1512864828109741,-1.1322567462921143
1787816929133523700,14.666523681640625,0.4699743688106537,0.32221728563308716,0.4371536374092102,0.6958425045013428,0.09123295545578003,-1.1463037729263306,-1.129145622253418
1787816929149508400,14.68250830078125,0.46755877137184143,0.3177556097507477,0.4382031559944153,0.6988548636436462,0.08279836177825928,-1.1423677206039429,-1.126054286956787
1787816929165634600,14.698634521484376,0.4700990617275238,0.3162442445755005,0.4374145567417145,0.6983302235603333,0.07278827577829361,-1.1390870809555054,-1.1383711099624634
1787816929181674000,14.714674072265625,0.4689382314682007,0.31207287311553955,0.4386802911758423,0.7001907825469971,0.06081176921725273,-1.1361181735992432,-1.141420602798462
1787816929197715700,14.7307158203125,0.47060346603393555,0.3092101812362671,0.4390881657600403,0.70008784532547,0.04646142199635506,-1.1333379745483398,-1.154090404510498
1787816929213770000,14.74677001953125,0.47460830211639404,0.30742672085762024,0.43888622522354126,0.6982941031455994,0.029940277338027954,-1.1308108568191528,-1.1749013662338257
1787816929229762800,14.7627626953125,0.46978428959846497,0.3004576563835144,0.4424271881580353,0.7023433446884155,0.014855614863336086,-1.1285021305084229,-1.1696665287017822
1787816929245856500,14.7788564453125,0.4664123058319092,0.2960397005081177,0.44326579570770264,0.7059288024902344,0.010368169285356998,-1.12433660030365,-1.1611993312835693
1787816929261906200,14.79490625,0.46278488636016846,0.29250726103782654,0.44257205724716187,0.7102109789848328,0.013387234881520271,-1.1183377504348755,-1.1466432809829712
1787816929277948000,14.810947998046874,0.4590952694416046,0.2894415259361267,0.44152742624282837,0.7144989967346191,0.018538102507591248,-1.1122667789459229,-1.13070547580719
1787816929293999400,14.826999267578126,0.4560413956642151,0.2875991761684418,0.44018274545669556,0.7180196046829224,0.02576438896358013,-1.1071637868881226,-1.1157883405685425
1787816929309994200,14.842994140625,0.45352834463119507,0.286908358335495,0.43889153003692627,0.7206732630729675,0.03427744656801224,-1.1036053895950317,-1.1022862195968628
1787816929326136300,14.85913623046875,0.45199060440063477,0.2876080572605133,0.4376281499862671,0.7221271991729736,0.043760351836681366,-1.101836085319519,-1.0916270017623901
1787816929342185500,14.875185546875,0.4510996639728546,0.2893487215042114,0.4365280866622925,0.7226545810699463,0.05391489714384079,-1.1016802787780762,-1.0829620361328125
1787816929358238500,14.891238525390625,0.4511643052101135,0.29198476672172546,0.43547871708869934,0.7221869826316833,0.063862144947052,-1.1027698516845703,-1.0775110721588135
1787816929374289000,14.907288818359374,0.4519306421279907,0.29475659132003784,0.4344805181026459,0.7211822867393494,0.0721656009554863,-1.1041861772537231,-1.0751081705093384
1787816929390307600,14.9233076171875,0.4534156024456024,0.29741647839546204,0.4334390461444855,0.7197836637496948,0.07829081267118454,-1.1054611206054688,-1.075967788696289
1787816929406460000,14.9394599609375,0.4539170265197754,0.29910826683044434,0.4330863058567047,0.7189784049987793,0.0826345831155777,-1.10686457157135,-1.0752127170562744
1787816929422503400,14.95550341796875,0.45450955629348755,0.30074068903923035,0.43337059020996094,0.7177507281303406,0.084963858127594,-1.1095154285430908,-1.076338768005371
1787816929438574600,14.97157470703125,0.45268160104751587,0.30115631222724915,0.4354923665523529,0.7174474000930786,0.08594447374343872,-1.1141619682312012,-1.0721955299377441
1787816929454664700,14.987664794921875,0.443930447101593,0.29762670397758484,0.4412135183811188,0.7208847999572754,0.08599972724914551,-1.1206406354904175,-1.04995596408844
1787816929470688800,15.003688720703124,0.4404832422733307,0.2998034358024597,0.4431478679180145,0.7209107875823975,0.09762328118085861,-1.1268341541290283,-1.0352505445480347
1787816929486847700,15.01984765625,0.4376401901245117,0.30301690101623535,0.4444188177585602,0.7205163836479187,0.11264970153570175,-1.13290274143219,-1.019995927810669
1787816929502872800,15.035872802734374,0.4347465932369232,0.3067447543144226,0.44505131244659424,0.7203001976013184,0.13137973845005035,-1.1381361484527588,-1.0019614696502686
1787816929518898200,15.051898193359374,0.4315747618675232,0.3105783760547638,0.44508376717567444,0.7205448746681213,0.15308840572834015,-1.1420345306396484,-0.9808460474014282
1787816929534946800,15.06794677734375,0.4285908341407776,0.31438833475112915,0.4447228014469147,0.7208963632583618,0.1753702610731125,-1.1449416875839233,-0.9595794081687927
1787816929550925600,15.083925537109375,0.4264688193798065,0.3183400332927704,0.4448634684085846,0.7203335762023926,0.19470910727977753,-1.1491695642471313,-0.9428000450134277
1787816929567046400,15.10004638671875,0.42755192518234253,0.3240884244441986,0.44444018602371216,0.7173835039138794,0.21189677715301514,-1.1550060510635376,-0.9365580081939697
1787816929583078100,15.116078125,0.43381786346435547,0.33305877447128296,0.4412379860877991,0.7114653587341309,0.230145663022995,-1.1600542068481445,-0.9439456462860107
1787816929599108000,15.132108154296875,0.43261438608169556,0.3372708559036255,0.4408588409423828,0.7104482054710388,0.24947920441627502,-1.1635907888412476,-0.9293462038040161
1787816929615199000,15.148198974609375,0.4320169687271118,0.3401709794998169,0.4395575523376465,0.7102352976799011,0.2642748951911926,-1.1637592315673828,-0.9185300469398499
1787816929631181000,15.16418115234375,0.43176859617233276,0.34215739369392395,0.43890756368637085,0.7098340392112732,0.2734359800815582,-1.164444088935852,-0.9122985601425171
1787816929647311000,15.18031103515625,0.4326859414577484,0.3434576988220215,0.43873950839042664,0.7087506055831909,0.2755361497402191,-1.1658724546432495,-0.9138635396957397
1787816929663353600,15.196353515625,0.43465203046798706,0.34391868114471436,0.4390803277492523,0.7071110606193542,0.2702658176422119,-1.1678942441940308,-0.923085629940033
1787816929679390500,15.212390380859375,0.43693792819976807,0.3438543975353241,0.44018039107322693,0.7050466537475586,0.2604391574859619,-1.1711057424545288,-0.9363463521003723
1787816929695452000,15.228451904296875,0.4391931891441345,0.34442266821861267,0.4418974816799164,0.7022884488105774,0.25144556164741516,-1.1763648986816406,-0.9495500326156616
1787816929711441700,15.244441650390625,0.4410327076911926,0.34609532356262207,0.444044291973114,0.6989513039588928,0.24654659628868103,-1.1837007999420166,-0.959594190120697
1787816929727526700,15.260526611328125,0.4426817297935486,0.3486914038658142,0.4461950361728668,0.6952390670776367,0.2453482747077942,-1.19208824634552,-0.9671024680137634
1787816929743568600,15.276568603515624,0.44412466883659363,0.35088369250297546,0.44801291823387146,0.6920393705368042,0.24396581947803497,-1.1992233991622925,-0.9739166498184204
1787816929759614200,15.2926142578125,0.44468408823013306,0.35152408480644226,0.44952771067619324,0.6903707981109619,0.24062980711460114,-1.2035398483276367,-0.9787948727607727
1787816929775668200,15.308668212890625,0.4462396800518036,0.3518604338169098,0.449640154838562,0.6891213655471802,0.23588699102401733,-1.2047268152236938,-0.9867047667503357
1787816929791668500,15.32466845703125,0.4481355547904968,0.35196712613105774,0.44893866777420044,0.6882933378219604,0.23106461763381958,-1.2039439678192139,-0.9951480031013489
1787816929807812400,15.340812255859374,0.45009472966194153,0.3518963158130646,0.4477996230125427,0.6877931356430054,0.22650842368602753,-1.201995611190796,-1.0032836198806763
1787816929823866400,15.356866455078125,0.4521448016166687,0.35160234570503235,0.4464779794216156,0.6874579191207886,0.22135020792484283,-1.1993958950042725,-1.0118812322616577
1787816929839916000,15.372916015625,0.45380643010139465,0.3506799638271332,0.4453289210796356,0.6875794529914856,0.2150123417377472,-1.1962664127349854,-1.0199421644210815
1787816929855994600,15.38899462890625,0.45514115691185,0.34918707609176636,0.4442993104457855,0.6881228685379028,0.20765337347984314,-1.192577600479126,-1.027520775794983
1787816929872002300,15.405002197265626,0.45877692103385925,0.35097697377204895,0.44263556599617004,0.6858664751052856,0.20522141456604004,-1.1922911405563354,-1.0395911931991577
1787816929888158200,15.421158203125,0.46010202169418335,0.3509766757488251,0.44180428981781006,0.6855148673057556,0.20268309116363525,-1.1908835172653198,-1.0446726083755493
1787816929904224000,15.43722412109375,0.46087610721588135,0.35064491629600525,0.4410676956176758,0.6856388449668884,0.20074795186519623,-1.1890997886657715,-1.0476398468017578
1787816929920284200,15.4532841796875,0.45654743909835815,0.34743940830230713,0.4429103434085846,0.6889708638191223,0.20024414360523224,-1.1878020763397217,-1.0349805355072021
1787816929936371700,15.469371826171875,0.45883217453956604,0.34894007444381714,0.44170865416526794,0.6874644160270691,0.2004750669002533,-1.1877431869506836,-1.0414540767669678
1787816929952342300,15.48534228515625,0.46200546622276306,0.34915536642074585,0.44082802534103394,0.6857931613922119,0.1923210322856903,-1.1870193481445312,-1.055717945098877
1787816929968456200,15.501456298828124,0.4647787809371948,0.34996309876441956,0.4405030310153961,0.6837130784988403,0.18605783581733704,-1.1881135702133179,-1.068191409111023
1787816929984480500,15.51748046875,0.466401606798172,0.34820812940597534,0.4411519467830658,0.6830854415893555,0.17260335385799408,-1.1876651048660278,-1.0814741849899292
1787816930000498700,15.533498779296876,0.47008368372917175,0.3472873866558075,0.4408157765865326,0.6812447905540466,0.15736818313598633,-1.1866406202316284,-1.1017709970474243
1787816930016585200,15.549585205078126,0.47362539172172546,0.34663763642311096,0.4405651092529297,0.6792818307876587,0.1433047503232956,-1.186036467552185,-1.1210800409317017
1787816930032566000,15.56556591796875,0.47746017575263977,0.3461993634700775,0.4400353729724884,0.6771607398986816,0.12973007559776306,-1.1851145029067993,-1.1408597230911255
1787816930048686600,15.5816865234375,0.48026496171951294,0.3441806435585022,0.43974655866622925,0.6763935685157776,0.11432921141386032,-1.1822988986968994,-1.1580758094787598
1787816930064722200,15.59772216796875,0.4839474558830261,0.34286242723464966,0.4387277364730835,0.6750986576080322,0.10044234246015549,-1.1789977550506592,-1.1766865253448486
1787816930080761000,15.613760986328124,0.4866555333137512,0.34133148193359375,0.43785005807876587,0.6744973659515381,0.08916240930557251,-1.175491213798523,-1.1906015872955322
1787816930096815000,15.629815185546875,0.4896028935909271,0.34002766013145447,0.4363594353199005,0.6739885807037354,0.07990270107984543,-1.17104971408844,-1.2034857273101807
1787816930112803000,15.645802978515626,0.48546987771987915,0.3337863087654114,0.4378916323184967,0.6790852546691895,0.07144054025411606,-1.1650748252868652,-1.1942203044891357
1787816930128940800,15.66194091796875,0.49020496010780334,0.33270329236984253,0.43453505635261536,0.6783707737922668,0.06318624317646027,-1.1573394536972046,-1.210208773612976
1787816930144988200,15.67798828125,0.4936296045780182,0.3303705155849457,0.4313490390777588,0.6790605783462524,0.05568116158246994,-1.1480985879898071,-1.22113037109375
1787816930161033200,15.694033203125,0.49676719307899475,0.3273252546787262,0.42781397700309753,0.6804819703102112,0.04864300414919853,-1.1371705532073975,-1.2300995588302612
1787816930177083100,15.710083251953124,0.5001930594444275,0.3239602744579315,0.4238935112953186,0.6820345520973206,0.04141081124544144,-1.1250877380371094,-1.2394518852233887
1787816930193085400,15.72608544921875,0.5034401416778564,0.32031872868537903,0.42051005363464355,0.6834582686424255,0.03273492678999901,-1.1136705875396729,-1.24936842918396
1787816930209218300,15.74221826171875,0.5062606334686279,0.3164134621620178,0.4181451201438904,0.6846440434455872,0.02194921113550663,-1.1038264036178589,-1.2599157094955444
1787816930225264400,15.758264404296876,0.5085768103599548,0.312090665102005,0.41656702756881714,0.6858723759651184,0.009595081210136414,-1.0948680639266968,-1.270233154296875
1787816930241310700,15.774310791015624,0.5106383562088013,0.3073561191558838,0.41468584537506104,0.6876164674758911,-0.001761269406415522,-1.0847469568252563,-1.2785850763320923
1787816930257358600,15.790358642578125,0.5126291513442993,0.3021852374076843,0.41201770305633545,0.6900267601013184,-0.01128502655774355,-1.0725550651550293,-1.2846064567565918
1787816930273414400,15.806414306640624,0.5142854452133179,0.29647842049598694,0.4086071848869324,0.6932901740074158,-0.018742794170975685,-1.058284878730774,-1.2874305248260498
1787816930289527300,15.82252734375,0.5149170756340027,0.2909404933452606,0.40480905771255493,0.6973835229873657,-0.022049540653824806,-1.043627381324768,-1.2846925258636475
1787816930305620200,15.8386201171875,0.5105305910110474,0.28417038917541504,0.40274208784103394,0.7045598030090332,-0.02099364809691906,-1.0307155847549438,-1.2659955024719238
1787816930321669400,15.85466943359375,0.5095837116241455,0.2809319496154785,0.3999219536781311,0.7081413269042969,-0.018586385995149612,-1.0211689472198486,-1.2579398155212402
1787816930337725200,15.87072509765625,0.5079078078269958,0.2779948115348816,0.39887693524360657,0.7110877633094788,-0.01863858848810196,-1.0153486728668213,-1.2508456707000732
1787816930353792800,15.886792724609375,0.5050286650657654,0.2742892801761627,0.4003799855709076,0.7137277126312256,-0.024329569190740585,-1.0132813453674316,-1.2451096773147583
1787816930369921000,15.902921142578125,0.5007330775260925,0.26948118209838867,0.4048689305782318,0.7160499691963196,-0.03706355020403862,-1.015395164489746,-1.2411324977874756
1787816930386032000,15.9190322265625,0.49553337693214417,0.26457035541534424,0.41137707233428955,0.7177869081497192,-0.05342865362763405,-1.0212643146514893,-1.2383924722671509
1787816930402099500,15.935099365234375,0.4892766773700714,0.26001882553100586,0.4189990758895874,0.7193319201469421,-0.06984161585569382,-1.0298876762390137,-1.234134554862976
1787816930418164000,15.9511640625,0.48225274682044983,0.25664761662483215,0.426856130361557,0.7206651568412781,-0.08275379240512848,-1.0407402515411377,-1.2269182205200195
1787816930434234000,15.967234130859374,0.47502756118774414,0.25591909885406494,0.4341036379337311,0.721393346786499,-0.08753040432929993,-1.0541003942489624,-1.2155966758728027
1787816930450322000,15.983322021484375,0.4678671061992645,0.2579272985458374,0.44012731313705444,0.7217075824737549,-0.08228329569101334,-1.0688292980194092,-1.1990456581115723
1787816930466393300,15.999393310546875,0.4607885181903839,0.26195570826530457,0.4443836808204651,0.7222024202346802,-0.06651860475540161,-1.082817554473877,-1.1758424043655396
1787816930482462000,16.0154619140625,0.4537889361381531,0.2664293646812439,0.44657424092292786,0.7236453294754028,-0.042877230793237686,-1.0932561159133911,-1.1462905406951904
1787816930498531000,16.031531005859375,0.44748231768608093,0.26962223649024963,0.44710731506347656,0.7260568737983704,-0.018957942724227905,-1.0985596179962158,-1.1162691116333008
1787816930514556700,16.047556640625,0.44158509373664856,0.2709892690181732,0.44635897874832153,0.7296103239059448,0.0026881592348217964,-1.098807692527771,-1.086872935295105
1787816930530652000,16.06365185546875,0.43575266003608704,0.270778626203537,0.44484928250312805,0.7341033816337585,0.021567929536104202,-1.0954093933105469,-1.058222770690918
1787816930546728400,16.079728515625,0.4288344085216522,0.2699369788169861,0.4429958462715149,0.7395876049995422,0.04185797646641731,-1.0903420448303223,-1.0255235433578491
1787816930562759400,16.095759521484375,0.42174839973449707,0.2684716582298279,0.44092968106269836,0.7454075217247009,0.06056467816233635,-1.0839219093322754,-0.9933062195777893
1787816930578851600,16.1118515625,0.4160864055156708,0.2673910856246948,0.4379682242870331,0.7507051229476929,0.07800088822841644,-1.0760424137115479,-0.9656558632850647
1787816930594834200,16.127834228515624,0.41197627782821655,0.2679746448993683,0.43421679735183716,0.7549310922622681,0.09739924967288971,-1.068347454071045,-0.9414480328559875
1787816930610948400,16.1439482421875,0.40958142280578613,0.2703772485256195,0.4305211007595062,0.7574898600578308,0.11734233051538467,-1.062785267829895,-0.9223395586013794
1787816930627029200,16.160029296875,0.4083646535873413,0.2744922339916229,0.42708301544189453,0.7586120963096619,0.1387394666671753,-1.059613585472107,-0.9063002467155457
1787816930643062500,16.1760625,0.4088640809059143,0.2795563042163849,0.4234592914581299,0.7585254907608032,0.15909108519554138,-1.0572553873062134,-0.8957059383392334
1787816930659117000,16.192116943359373,0.4110713303089142,0.28435149788856506,0.41998571157455444,0.7574804425239563,0.17430177330970764,-1.0552823543548584,-0.8926706314086914
1787816930675162000,16.208162109375,0.414395809173584,0.28852880001068115,0.4171663224697113,0.7556450366973877,0.18392568826675415,-1.0543705224990845,-0.8959571123123169
1787816930691276500,16.224276611328126,0.418527215719223,0.2927720248699188,0.4159541428089142,0.7523972988128662,0.1891700178384781,-1.0572171211242676,-0.904568612575531
1787816930707371500,16.24037158203125,0.4225127696990967,0.29727688431739807,0.41721755266189575,0.7476890683174133,0.19123463332653046,-1.065651774406433,-0.9157125949859619
1787816930723411200,16.2564111328125,0.4261046350002289,0.30284616351127625,0.4211002290248871,0.7412109375,0.19259648025035858,-1.0808041095733643,-0.927700400352478
1787816930739459600,16.27245947265625,0.42854970693588257,0.3093029856681824,0.4269787073135376,0.7337342500686646,0.19549112021923065,-1.1010457277297974,-0.9370068311691284
1787816930755507200,16.288507080078126,0.4306930899620056,0.31675514578819275,0.43356892466545105,0.7253879308700562,0.2005658745765686,-1.1240553855895996,-0.9450425505638123
1787816930771631000,16.304631103515625,0.4327743351459503,0.3251004219055176,0.4396343529224396,0.7167550325393677,0.2095555067062378,-1.1471853256225586,-0.9507409930229187
1787816930787732000,16.32073193359375,0.4340933561325073,0.3339148461818695,0.44461095333099365,0.7087912559509277,0.22499407827854156,-1.1685223579406738,-0.9498986005783081
1787816930803780400,16.3367802734375,0.43450912833213806,0.3433632254600525,0.44882363080978394,0.701327919960022,0.2482450306415558,-1.1888313293457031,-0.9410691857337952
1787816930819825200,16.3528251953125,0.4353519380092621,0.35267898440361023,0.45231252908706665,0.6939018368721008,0.2725793123245239,-1.207695484161377,-0.9320060610771179
1787816930835875000,16.368875,0.4389707148075104,0.3595132529735565,0.45240408182144165,0.6880302429199219,0.2855890691280365,-1.217296838760376,-0.9360752701759338
1787816930851995400,16.384995361328127,0.4478052258491516,0.36454322934150696,0.4441843032836914,0.6850394606590271,0.29078614711761475,-1.2084177732467651,-0.9564518928527832
1787816930868101600,16.4011015625,0.4616856575012207,0.36652570962905884,0.42929765582084656,0.6842578649520874,0.28226980566978455,-1.1835167407989502,-0.9967137575149536
1787816930884155100,16.417155029296875,0.47686469554901123,0.3679664134979248,0.4157205820083618,0.6814523935317993,0.2672528624534607,-1.1618188619613647,-1.0451141595840454
1787816930900212000,16.4332119140625,0.4903678297996521,0.3695773482322693,0.40924784541130066,0.6748839020729065,0.24381403625011444,-1.1551294326782227,-1.0973613262176514
1787816930916274200,16.449274169921875,0.5036543607711792,0.3713267147541046,0.4094434082508087,0.6639314293861389,0.20442138612270355,-1.1623154878616333,-1.1634222269058228
1787816930932406500,16.465406494140623,0.5181654691696167,0.37000876665115356,0.4107416570186615,0.6526021361351013,0.14626586437225342,-1.1669421195983887,-1.245489478111267
1787816930948467200,16.48146728515625,0.534997284412384,0.3655777871608734,0.40934455394744873,0.6423144340515137,0.07940249145030975,-1.1605488061904907,-1.336921215057373
1787816930964478700,16.497478759765624,0.5511449575424194,0.3593638837337494,0.40596336126327515,0.634263813495636,0.020316671580076218,-1.145942211151123,-1.4176809787750244
1787816930980539000,16.513538818359375,0.5658503770828247,0.35542452335357666,0.40153923630714417,0.6263011693954468,-0.021689031273126602,-1.1318575143814087,-1.483246922492981
1787816930996559400,16.529559326171874,0.5771588087081909,0.35446715354919434,0.39754679799079895,0.6190293431282043,-0.04629890248179436,-1.1228857040405273,-1.5299417972564697
1787816931012647000,16.54564697265625,0.5848023295402527,0.35542991757392883,0.3944847881793976,0.6132354140281677,-0.05833016708493233,-1.1187074184417725,-1.5598633289337158
1787816931028716800,16.561716796875,0.5900726914405823,0.35781043767929077,0.3919357359409332,0.6084178686141968,-0.062076397240161896,-1.117914080619812,-1.5790212154388428
1787816931044739600,16.577739501953126,0.5933441519737244,0.3602289855480194,0.3903428316116333,0.60482257604599,-0.0629504919052124,-1.1189805269241333,-1.5910670757293701
1787816931060812500,16.5938125,0.5968940854072571,0.36249038577079773,0.3886561095714569,0.6010529398918152,-0.06477164477109909,-1.1196376085281372,-1.6044540405273438
1787816931076839400,16.60983935546875,0.5990849137306213,0.36474862694740295,0.38904815912246704,0.5972414612770081,-0.07052239030599594,-1.123782992362976,-1.618289589881897
1787816931092938800,16.625938720703125,0.6001390814781189,0.36639702320098877,0.3915072977542877,0.5935556888580322,-0.08209192007780075,-1.1303023099899292,-1.6339024305343628
1787816931109026800,16.64202685546875,0.6003335118293762,0.36742401123046875,0.3958911597728729,0.5898045897483826,-0.10029321163892746,-1.138845443725586,-1.6527243852615356
1787816931125058600,16.65805859375,0.5995874404907227,0.3677861988544464,0.4024006426334381,0.5859197974205017,-0.12644340097904205,-1.1495717763900757,-1.6758192777633667
1787816931141137000,16.674136962890625,0.599457859992981,0.36810970306396484,0.4098856449127197,0.5806369781494141,-0.16129818558692932,-1.1613013744354248,-1.7086492776870728
1787816931157172200,16.690172119140627,0.6003864407539368,0.3680848479270935,0.4174375832080841,0.5742782950401306,-0.20339643955230713,-1.1717629432678223,-1.7504771947860718
1787816931173280500,16.706280517578126,0.6020684242248535,0.3668910264968872,0.42490124702453613,0.5677707195281982,-0.25157228112220764,-1.1791449785232544,-1.7981936931610107
1787816931189368800,16.722368896484376,0.6050986647605896,0.3650355339050293,0.4319405257701874,0.5603857636451721,-0.30541497468948364,-1.1833361387252808,-1.8535958528518677
1787816931205412000,16.738412109375,0.6074567437171936,0.3626904785633087,0.4400251507759094,0.5530189275741577,-0.3645698130130768,-1.1871929168701172,-1.9120410680770874
1787816931221505500,16.754505615234375,0.6067172288894653,0.3586543798446655,0.4505138099193573,0.5479951500892639,-0.4278385043144226,-1.191599726676941,-1.9648913145065308
1787816931237557500,16.7705576171875,0.6036809682846069,0.3504200279712677,0.4624779224395752,0.546707808971405,-0.4923747479915619,-1.1910651922225952,-2.0070712566375732
1787816931253698800,16.78669873046875,0.6004820466041565,0.34069716930389404,0.4690249264240265,0.5507835149765015,-0.5205706357955933,-1.1832191944122314,-2.011216640472412
1787816931269799000,16.802798828125,0.5984506607055664,0.3338714838027954,0.46643519401550293,0.5593075156211853,-0.49549031257629395,-1.1715973615646362,-1.9709376096725464
1787816931285852000,16.818851806640627,0.59747314453125,0.3327639698982239,0.4572609066963196,0.5685125589370728,-0.43633702397346497,-1.1618800163269043,-1.9095261096954346
1787816931301910000,16.834909912109374,0.5970361828804016,0.3386601209640503,0.4456486105918884,0.5746776461601257,-0.36548227071762085,-1.1594749689102173,-1.8497997522354126
1787816931317977000,16.85097705078125,0.5956316590309143,0.3469986021518707,0.43701374530792236,0.5777837038040161,-0.30707287788391113,-1.1639304161071777,-1.8041659593582153
1787816931334108400,16.8671083984375,0.5940083265304565,0.3542383015155792,0.43300944566726685,0.5780763030052185,-0.2733527719974518,-1.171837568283081,-1.7800277471542358
1787816931350175000,16.883175048828125,0.5938333868980408,0.3580545485019684,0.4327041506767273,0.5761303305625916,-0.26792773604393005,-1.1779872179031372,-1.780653476715088
1787816931366239500,16.899239501953126,0.5953938961029053,0.35816437005996704,0.4345584809780121,0.5730474591255188,-0.2845453917980194,-1.1798347234725952,-1.800237774848938
1787816931382306800,16.915306884765624,0.5965265035629272,0.3544348478317261,0.4382709860801697,0.5713586211204529,-0.31266888976097107,-1.1775745153427124,-1.8236356973648071
1787816931398282000,16.931281982421876,0.59870445728302,0.3500816524028778,0.4411453604698181,0.569549560546875,-0.3402520418167114,-1.1724382638931274,-1.847880482673645
1787816931414376200,16.947376220703124,0.601495087146759,0.3464166820049286,0.4423642158508301,0.5679023861885071,-0.35987862944602966,-1.1659812927246094,-1.8670101165771484
1787816931430461000,16.9634609375,0.6038793921470642,0.3448256254196167,0.4410577118396759,0.5673562288284302,-0.36226898431777954,-1.1603425741195679,-1.8720670938491821
1787816931446489300,16.9794892578125,0.6044216752052307,0.34443289041519165,0.4389548897743225,0.5686467885971069,-0.35270026326179504,-1.1569627523422241,-1.8634603023529053
1787816931462559000,16.99555908203125,0.6028281450271606,0.3465784788131714,0.4370515048503876,0.5704977512359619,-0.3349778652191162,-1.1593124866485596,-1.8463703393936157
1787816931478591200,17.01159130859375,0.5999135971069336,0.35172533988952637,0.43529555201530457,0.5717611908912659,-0.31095799803733826,-1.1675190925598145,-1.8251831531524658
1787816931494692600,17.027692626953126,0.595309853553772,0.35895198583602905,0.4344998300075531,0.5726863741874695,-0.28331804275512695,-1.1811398267745972,-1.8001629114151
1787816931510780700,17.04378076171875,0.5897049307823181,0.36850669980049133,0.4349469542503357,0.5720769166946411,-0.2552773356437683,-1.2006285190582275,-1.7764081954956055
1787816931526806300,17.05980615234375,0.5840395092964172,0.37984395027160645,0.43645480275154114,0.5693186521530151,-0.22981692850589752,-1.224544644355774,-1.7580845355987549
1787816931542881000,17.075881103515623,0.5793123841285706,0.3923981487751007,0.43810412287712097,0.5643452405929565,-0.2069457769393921,-1.2504490613937378,-1.7466034889221191
1787816931558908200,17.091908203125,0.5766215324401855,0.4052271544933319,0.4384278953075409,0.5577449798583984,-0.18449878692626953,-1.274372935295105,-1.7408117055892944
1787816931575009800,17.108009765625,0.5762792825698853,0.4173634350299835,0.43695151805877686,0.5502575039863586,-0.1627568006515503,-1.2938963174819946,-1.740048885345459
1787816931591044400,17.12404443359375,0.5788179636001587,0.4287252128124237,0.4337385594844818,0.5413272976875305,-0.14709602296352386,-1.3088845014572144,-1.7506513595581055
1787816931607075000,17.140074951171876,0.5822016000747681,0.43926143646240234,0.4313892424106598,0.53103107213974,-0.1468769609928131,-1.3237526416778564,-1.7771780490875244
1787816931623150000,17.156150146484375,0.585727334022522,0.4491000771522522,0.43143171072006226,0.5187478065490723,-0.17411822080612183,-1.3409826755523682,-1.8301501274108887
1787816931639182000,17.17218212890625,0.590388298034668,0.45476648211479187,0.43378567695617676,0.5064178109169006,-0.24090392887592316,-1.352792739868164,-1.9173266887664795
1787816931655273700,17.188273681640624,0.5977622270584106,0.45513996481895447,0.43561142683029175,0.4957525432109833,-0.3251675069332123,-1.351459264755249,-2.018312692642212
1787816931671374300,17.204374267578125,0.608805239200592,0.44995343685150146,0.4343980848789215,0.48805364966392517,-0.3909672796726227,-1.3331174850463867,-2.099146604537964
1787816931687418600,17.220418701171877,0.6220173835754395,0.4423944354057312,0.43035510182380676,0.48184654116630554,-0.4293670058250427,-1.3057650327682495,-2.1538712978363037
1787816931703507000,17.2365068359375,0.6350215673446655,0.4343075454235077,0.4259295165538788,0.4761394262313843,-0.4556318521499634,-1.2771437168121338,-2.195709705352783
1787816931719556600,17.252556640625,0.6466130018234253,0.428280770778656,0.4214783310890198,0.46991845965385437,-0.47401857376098633,-1.2531869411468506,-2.2309188842773438
1787816931735671300,17.26867138671875,0.6565858721733093,0.4237998127937317,0.41662806272506714,0.4644455909729004,-0.48153555393218994,-1.2331112623214722,-2.2548651695251465
1787816931751772000,17.28477197265625,0.6659104228019714,0.41978099942207336,0.41055262088775635,0.46021056175231934,-0.47689810395240784,-1.2138104438781738,-2.266528844833374
1787816931767815400,17.3008154296875,0.6742735505104065,0.4159052073955536,0.4033689498901367,0.45789915323257446,-0.4606253504753113,-1.1951546669006348,-2.264960765838623
1787816931783908600,17.31690869140625,0.6804749965667725,0.4124824106693268,0.39606744050979614,0.45819488167762756,-0.435622900724411,-1.1792501211166382,-2.2503671646118164
1787816931799916800,17.332916748046873,0.6838284134864807,0.4095516800880432,0.3898767828941345,0.46113157272338867,-0.4072132110595703,-1.1673033237457275,-2.226033926010132
1787816931816054300,17.34905419921875,0.6840745210647583,0.4065658450126648,0.38587814569473267,0.46673816442489624,-0.37998995184898376,-1.1591185331344604,-2.1945464611053467
1787816931832066800,17.36506689453125,0.6814994812011719,0.40248557925224304,0.3847294747829437,0.47491803765296936,-0.35784536600112915,-1.1530790328979492,-2.158468246459961
1787816931848130300,17.38113037109375,0.6776584982872009,0.397011399269104,0.38551265001296997,0.4842943549156189,-0.3419930636882782,-1.1468665599822998,-2.122727632522583
1787816931864200200,17.3972001953125,0.6725810170173645,0.3923274576663971,0.3868370056152344,0.49403563141822815,-0.32576197385787964,-1.1432033777236938,-2.0851614475250244
1787816931880265200,17.41326513671875,0.6657842993736267,0.3887177109718323,0.3892131745815277,0.5041260123252869,-0.30969181656837463,-1.1433547735214233,-2.04559063911438
1787816931896405000,17.429405029296873,0.6587362289428711,0.38696134090423584,0.39254727959632874,0.5120881199836731,-0.2988135814666748,-1.1477646827697754,-2.0140130519866943
1787816931912473900,17.445473876953123,0.6513853073120117,0.3868958652019501,0.39724183082580566,0.5178877711296082,-0.29448357224464417,-1.1567238569259644,-1.9912021160125732
1787816931928543500,17.46154345703125,0.6435316801071167,0.38786834478378296,0.4038219153881073,0.5218744874000549,-0.2988579273223877,-1.1698698997497559,-1.9775701761245728
1787816931944603100,17.47760302734375,0.6343300938606262,0.3883436918258667,0.41321438550949097,0.5254220366477966,-0.3146170973777771,-1.18606698513031,-1.9710559844970703
1787816931960668200,17.493668212890626,0.6250954866409302,0.3883589804172516,0.42370909452438354,0.5281131863594055,-0.3386918306350708,-1.2028155326843262,-1.9721887111663818
1787816931976753400,17.50975341796875,0.6168107986450195,0.3884962499141693,0.4335096478462219,0.5297967791557312,-0.3649686276912689,-1.2185537815093994,-1.9784289598464966
1787816931992826000,17.525826171875,0.609807550907135,0.38904863595962524,0.44156205654144287,0.5308472514152527,-0.38764896988868713,-1.232416033744812,-1.9852758646011353
1787816932008847400,17.541847412109377,0.602691113948822,0.3878232538700104,0.4483674168586731,0.5341566801071167,-0.40147581696510315,-1.242125391960144,-1.9803719520568848
1787816932024917200,17.557917236328127,0.5954317450523376,0.3805556297302246,0.4546312987804413,0.542170524597168,-0.40908437967300415,-1.241175651550293,-1.95878005027771
1787816932040948000,17.573947998046876,0.5883769392967224,0.3657156229019165,0.4576719105243683,0.5573160648345947,-0.39552929997444153,-1.2240785360336304,-1.9044939279556274
1787816932057069000,17.590069091796874,0.581270694732666,0.34861698746681213,0.45683109760284424,0.5761042833328247,-0.36412253975868225,-1.1989176273345947,-1.830016016960144
1787816932073146400,17.606146484375,0.5724510550498962,0.33765286207199097,0.4542802572250366,0.5932283401489258,-0.3211222290992737,-1.182520866394043,-1.7517685890197754
1787816932089176300,17.62217626953125,0.5606184005737305,0.3358086943626404,0.4525420367717743,0.6067498326301575,-0.2672499120235443,-1.182830810546875,-1.6718776226043701
1787816932105260500,17.638260498046876,0.546528160572052,0.3392893373966217,0.4527951776981354,0.6173866391181946,-0.208174929022789,-1.1943087577819824,-1.5910149812698364
1787816932121303300,17.65430322265625,0.5327738523483276,0.34262052178382874,0.4531266689300537,0.6272474527359009,-0.1484103947877884,-1.2041186094284058,-1.510353684425354
1787816932137415400,17.67041552734375,0.5212993025779724,0.34310877323150635,0.4525478482246399,0.6369645595550537,-0.09753185510635376,-1.2061182260513306,-1.4389264583587646
1787816932153514200,17.68651416015625,0.5118555426597595,0.34014323353767395,0.4521881639957428,0.6463994979858398,-0.0643424242734909,-1.2020968198776245,-1.3836373090744019
1787816932169553400,17.702553466796875,0.504788875579834,0.33568310737609863,0.452531635761261,0.6540032625198364,-0.04869312793016434,-1.1966296434402466,-1.3478676080703735
1787816932185595000,17.718594970703126,0.49873220920562744,0.3307364284992218,0.45355328917503357,0.6604309678077698,-0.04201386868953705,-1.1916450262069702,-1.3220815658569336
1787816932201599500,17.734599609375,0.49318161606788635,0.32589221000671387,0.4543004035949707,0.6664663553237915,-0.03656967729330063,-1.186333179473877,-1.298789143562317
1787816932217736200,17.750736083984375,0.4898432195186615,0.32304561138153076,0.45279449224472046,0.6713213324546814,-0.02586210146546364,-1.1795241832733154,-1.2780331373214722
1787816932233847800,17.766847900390626,0.4870920777320862,0.3211818039417267,0.44984856247901917,0.6761804819107056,-0.009979186579585075,-1.1712764501571655,-1.2551369667053223
1787816932249903000,17.782903076171873,0.483458548784256,0.3212416470050812,0.4464590847492218,0.6809890270233154,0.014773085713386536,-1.1647294759750366,-1.224997878074646
1787816932265950700,17.79895068359375,0.47860074043273926,0.32374706864356995,0.4440392255783081,0.6848053932189941,0.046357929706573486,-1.1631388664245605,-1.1894763708114624
1787816932282012700,17.8150126953125,0.4729245901107788,0.3277430534362793,0.44336411356925964,0.68728107213974,0.07928650826215744,-1.1666210889816284,-1.1530652046203613
1787816932298139600,17.8311396484375,0.46781137585639954,0.3332836627960205,0.4442271292209625,0.687558650970459,0.11091722548007965,-1.1750060319900513,-1.1209867000579834
1787816932314205000,17.847204833984375,0.46132758259773254,0.33836880326271057,0.4469536244869232,0.6876888871192932,0.14171917736530304,-1.1861408948898315,-1.0861619710922241
1787816932330267100,17.86326708984375,0.4546732008457184,0.34309011697769165,0.4506758749485016,0.6873520612716675,0.17084510624408722,-1.1986079216003418,-1.0519555807113647
1787816932346335200,17.879335205078124,0.44913414120674133,0.34841471910476685,0.4541018009185791,0.6860592365264893,0.20074401795864105,-1.2112352848052979,-1.0200440883636475
1787816932362365200,17.895365234375,0.4453646242618561,0.3549390733242035,0.45664891600608826,0.6834766864776611,0.23268453776836395,-1.223723292350769,-0.9913736581802368
1787816932378464300,17.91146435546875,0.443377822637558,0.3623581826686859,0.45864105224609375,0.6795300841331482,0.26447030901908875,-1.2365076541900635,-0.9675755500793457
1787816932394497300,17.927497314453124,0.44277289509773254,0.3698248863220215,0.46070247888565063,0.6744887232780457,0.2924366593360901,-1.2499667406082153,-0.9500991106033325
1787816932410528800,17.94352880859375,0.4442409574985504,0.3774496912956238,0.46270015835762024,0.6678999066352844,0.3137914836406708,-1.2644174098968506,-0.9431484341621399
1787816932426609000,17.95960888671875,0.445487916469574,0.38336092233657837,0.46714144945144653,0.6605708003044128,0.3230411410331726,-1.282484769821167,-0.9445997476577759
1787816932442638000,17.97563818359375,0.4437156617641449,0.38608428835868835,0.4753090441226959,0.6543214917182922,0.32209450006484985,-1.3040481805801392,-0.9450189471244812
1787816932458760400,17.991760498046876,0.442737340927124,0.38577112555503845,0.4842338263988495,0.6486001014709473,0.29783836007118225,-1.3241583108901978,-0.9650901556015015
1787816932474846000,18.007845947265626,0.4479309916496277,0.38319307565689087,0.48708420991897583,0.6444143652915955,0.24316717684268951,-1.3296139240264893,-1.0238912105560303
1787816932490883000,18.023883056640624,0.4574085474014282,0.38016000390052795,0.48275625705718994,0.6428081393241882,0.1900661289691925,-1.318798542022705,-1.089404582977295
1787816932506967300,18.03996728515625,0.4669058620929718,0.3773447871208191,0.47701117396354675,0.6419269442558289,0.14887335896492004,-1.3046120405197144,-1.143890142440796
1787816932523012000,18.05601220703125,0.4753917157649994,0.37657177448272705,0.4732978343963623,0.6388940215110779,0.11564835906028748,-1.2972264289855957,-1.1917047500610352
1787816932539127300,18.072127197265626,0.48010021448135376,0.377113401889801,0.47382739186286926,0.6346470713615417,0.08867663890123367,-1.29989755153656,-1.2278519868850708
1787816932555221000,18.088220947265626,0.4831981062889099,0.3783866763114929,0.47581446170806885,0.6300347447395325,0.06495853513479233,-1.3063247203826904,-1.2587946653366089
1787816932571265000,18.10426513671875,0.4863709509372711,0.37949642539024353,0.4770970046520233,0.6259427070617676,0.042797550559043884,-1.3109242916107178,-1.2882364988327026
1787816932587353600,18.120353515625,0.48852622509002686,0.3789209723472595,0.4778997302055359,0.6239975094795227,0.02326512522995472,-1.3117790222167969,-1.310546875
1787816932603347000,18.136346923828125,0.4918433129787445,0.3782167434692383,0.4773346781730652,0.6222490072250366,0.004423677455633879,-1.3096272945404053,-1.3343579769134521
1787816932619474000,18.152473876953124,0.49370306730270386,0.3759779632091522,0.4772360324859619,0.6222086548805237,-0.012805504724383354,-1.3059154748916626,-1.3512861728668213
1787816932635575300,18.1685751953125,0.49551454186439514,0.3733493387699127,0.4763651490211487,0.6230184435844421,-0.025743596255779266,-1.3000390529632568,-1.3633641004562378
1787816932651621000,18.18462109375,0.49660995602607727,0.3719172775745392,0.4757498502731323,0.6234727501869202,-0.03236517310142517,-1.2965507507324219,-1.3697509765625
1787816932667666000,18.200666015625,0.49643802642822266,0.3704589605331421,0.4755187928676605,0.6246529817581177,-0.034070853143930435,-1.2938261032104492,-1.3687896728515625
1787816932683719000,18.216718994140624,0.49597373604774475,0.36955875158309937,0.47495725750923157,0.6259809136390686,-0.030674725770950317,-1.2913604974746704,-1.363186001777649
1787816932699845000,18.23284521484375,0.4957469701766968,0.36963194608688354,0.4741522967815399,0.6267271041870117,-0.02454332262277603,-1.289931297302246,-1.3569339513778687
1787816932715956200,18.248956298828126,0.49519267678260803,0.36986425518989563,0.474001944065094,0.6271418929100037,-0.019957350566983223,-1.2900218963623047,-1.3517533540725708
1787816932732015000,18.26501513671875,0.49384188652038574,0.369601309299469,0.4751276671886444,0.6275100111961365,-0.0196810532361269,-1.2918424606323242,-1.348346471786499
1787816932748075000,18.281074951171874,0.49239251017570496,0.36964941024780273,0.4771786332130432,0.6270642280578613,-0.023328091949224472,-1.2959558963775635,-1.3490055799484253
1787816932764087000,18.297087158203126,0.4911966025829315,0.36980685591697693,0.4803757667541504,0.6254662871360779,-0.03513915836811066,-1.3024604320526123,-1.3582444190979004
1787816932780226000,18.31322607421875,0.489021897315979,0.3685840368270874,0.485253244638443,0.6241255402565002,-0.05633621662855148,-1.3100942373275757,-1.3725184202194214
1787816932796247300,18.329247314453124,0.4870767295360565,0.36702558398246765,0.4902935326099396,0.6226240992546082,-0.0822099819779396,-1.3174389600753784,-1.3913547992706299
1787816932812269600,18.34526953125,0.48572012782096863,0.36545729637145996,0.49427592754364014,0.6214566230773926,-0.10575047135353088,-1.322620153427124,-1.4091461896896362
1787816932828345000,18.361344970703126,0.4853985607624054,0.36430904269218445,0.4963296353816986,0.6207447052001953,-0.12156802415847778,-1.3246480226516724,-1.4221380949020386
1787816932844325000,18.3773251953125,0.4851330518722534,0.36299628019332886,0.4968981444835663,0.6212664842605591,-0.12742595374584198,-1.3236534595489502,-1.425266146659851
1787816932860397800,18.393397705078126,0.4839943051338196,0.36038947105407715,0.4969691038131714,0.6236109137535095,-0.12751033902168274,-1.3198730945587158,-1.4190150499343872
1787816932876424700,18.4094248046875,0.4825196862220764,0.3581312894821167,0.49689292907714844,0.6261104345321655,-0.12377098947763443,-1.3164598941802979,-1.4089469909667969
1787816932892447700,18.42544775390625,0.47989779710769653,0.3562844395637512,0.49747133255004883,0.6287144422531128,-0.1167919859290123,-1.315130352973938,-1.394147515296936
1787816932908494800,18.441494873046874,0.47635191679000854,0.3540232479572296,0.49821847677230835,0.6320876479148865,-0.1067812517285347,-1.3136309385299683,-1.3739854097366333
1787816932924519000,18.457518798828126,0.47294530272483826,0.35104110836982727,0.49785569310188293,0.6365789175033569,-0.09276807308197021,-1.3088794946670532,-1.3491419553756714
1787816932940620000,18.4736201171875,0.4700993001461029,0.34864822030067444,0.49575075507164,0.6416247487068176,-0.07036203145980835,-1.3015458583831787,-1.318219780921936
1787816932956702700,18.48970263671875,0.4675077199935913,0.34763336181640625,0.49257007241249084,0.6465001702308655,-0.04052172973752022,-1.2940000295639038,-1.2827868461608887
1787816932972732200,18.505732177734377,0.4653901755809784,0.3484777808189392,0.48915329575538635,0.6501572132110596,-0.007766206283122301,-1.2884678840637207,-1.2483524084091187
1787816932988827400,18.521827392578125,0.46333736181259155,0.35007527470588684,0.4867606461048126,0.6525565385818481,0.020703628659248352,-1.285874366760254,-1.2193478345870972
1787816933004818000,18.53781787109375,0.46122682094573975,0.35187551379203796,0.4860130250453949,0.6536397337913513,0.041680268943309784,-1.2868012189865112,-1.1977319717407227
1787816933020939800,18.553939697265626,0.45986101031303406,0.3542221188545227,0.4866574704647064,0.6528545618057251,0.054131556302309036,-1.2913886308670044,-1.1865370273590088
1787816933036984300,18.569984375,0.45864012837409973,0.3561643660068512,0.48880940675735474,0.6510465741157532,0.05724939703941345,-1.2985820770263672,-1.1839720010757446
1787816933053030700,18.58603076171875,0.45774829387664795,0.3577428162097931,0.4915839731693268,0.6487155556678772,0.05403856188058853,-1.3066229820251465,-1.1876119375228882
1787816933069079800,18.602079833984376,0.4576784670352936,0.3596671223640442,0.4945715367794037,0.6454216241836548,0.045844193547964096,-1.3156965970993042,-1.1982109546661377
1787816933085080300,18.618080322265627,0.45738571882247925,0.36118075251579285,0.4975110590457916,0.642518162727356,0.03694704547524452,-1.3240718841552734,-1.2084921598434448
1787816933101203000,18.634202880859377,0.4571346640586853,0.3621167540550232,0.4998088479042053,0.6403831243515015,0.02866205945611,-1.330260992050171,-1.217434287071228
1787816933117253400,18.65025341796875,0.4566470980644226,0.3620382249355316,0.5015052556991577,0.6394484043121338,0.02123532071709633,-1.3336862325668335,-1.223573088645935
1787816933133297700,18.666297607421875,0.45630547404289246,0.36131206154823303,0.5024615526199341,0.6393523812294006,0.01478506438434124,-1.3346096277236938,-1.2280741930007935
1787816933149345500,18.682345458984376,0.4567103981971741,0.36075466871261597,0.502477765083313,0.6393652558326721,0.00994392205029726,-1.333829402923584,-1.2327145338058472
1787816933165354800,18.698354736328124,0.4562508165836334,0.35931387543678284,0.502366304397583,0.6405910849571228,0.008168942295014858,-1.3314675092697144,-1.2313644886016846
1787816933181498400,18.714498291015627,0.45591244101524353,0.3580929636955261,0.5014842748641968,0.6422047019004822,0.011107128113508224,-1.327832579612732,-1.2260122299194336
1787816933197514200,18.73051416015625,0.4549058675765991,0.35678815841674805,0.5004180669784546,0.6444723606109619,0.018781809136271477,-1.323677897453308,-1.2146610021591187
1787816933213574100,18.74657421875,0.453998327255249,0.35603097081184387,0.498835027217865,0.6467543840408325,0.0304902121424675,-1.3192248344421387,-1.2004412412643433
1787816933229650000,18.76264990234375,0.4530393183231354,0.3555813729763031,0.4971320629119873,0.648981511592865,0.043835945427417755,-1.3149272203445435,-1.1850234270095825
1787816933245674500,18.778674560546875,0.4535244405269623,0.3547206223011017,0.4943290054798126,0.6512508392333984,0.05250323563814163,-1.3077919483184814,-1.1763569116592407
1787816933261790500,18.79479052734375,0.4578973054885864,0.3555123507976532,0.4894578158855438,0.6514385342597961,0.05569367855787277,-1.2989606857299805,-1.18304443359375
1787816933277819000,18.81081884765625,0.46240004897117615,0.35727182030677795,0.4851551055908203,0.6505134105682373,0.05887680500745773,-1.2927912473678589,-1.1914764642715454
1787816933293842000,18.826842041015624,0.46193310618400574,0.35595712065696716,0.4842572808265686,0.6522325873374939,0.06096900627017021,-1.2889858484268188,-1.1866341829299927
1787816933309922300,18.84292236328125,0.4602949619293213,0.35430532693862915,0.4843211770057678,0.6542395353317261,0.06331706047058105,-1.2866240739822388,-1.1787430047988892
1787816933325895700,18.858895751953124,0.4585668742656708,0.3529071509838104,0.48474887013435364,0.6558899283409119,0.06524607539176941,-1.2853883504867554,-1.1714539527893066
1787816933342017000,18.87501708984375,0.4610533118247986,0.3543793261051178,0.4831186830997467,0.6545544862747192,0.06527136266231537,-1.2842669486999512,-1.1784940958023071
1787816933358042600,18.891042724609374,0.459659606218338,0.3525753915309906,0.48374101519584656,0.656047523021698,0.06308446079492569,-1.2829008102416992,-1.175205945968628
1787816933374066200,18.907066162109373,0.4601746201515198,0.3516908884048462,0.48343539237976074,0.6563863754272461,0.05869962275028229,-1.281059980392456,-1.1791329383850098
1787816933390112000,18.923112060546874,0.4632875919342041,0.3521188199520111,0.4817875623703003,0.6551775932312012,0.05203448235988617,-1.2784746885299683,-1.1922895908355713
1787816933406097000,18.939096923828124,0.4667215645313263,0.3525756895542145,0.4799930155277252,0.6538105010986328,0.044669002294540405,-1.27564537525177,-1.2068103551864624
1787816933422219800,18.9552197265625,0.46804603934288025,0.35160699486732483,0.47936317324638367,0.6538474559783936,0.03773059695959091,-1.273040771484375,-1.2146579027175903
1787816933438257700,18.971257568359373,0.471784383058548,0.35265231132507324,0.4773590564727783,0.6520614624023438,0.03206995502114296,-1.2706276178359985,-1.2290388345718384
1787816933454290000,18.9872900390625,0.4700896441936493,0.350021630525589,0.47826439142227173,0.6540365219116211,0.02755497582256794,-1.2686090469360352,-1.2261269092559814
1787816933470347800,19.00334765625,0.4698295295238495,0.34892651438713074,0.47844767570495605,0.6546743512153625,0.024398786947131157,-1.2673981189727783,-1.2270243167877197
1787816933486339800,19.01933984375,0.4701747000217438,0.34859412908554077,0.47839295864105225,0.6546435356140137,0.02189585193991661,-1.2668205499649048,-1.2296137809753418
1787816933502471400,19.035471435546874,0.4701019823551178,0.34824830293655396,0.47859618067741394,0.6547312140464783,0.02017526887357235,-1.2667341232299805,-1.230604648590088
1787816933518518800,19.051518798828123,0.47134822607040405,0.3488216698169708,0.47813841700553894,0.6538639664649963,0.018114963546395302,-1.2666664123535156,-1.2358859777450562
1787816933534561300,19.067561279296875,0.4714251458644867,0.3483053743839264,0.47844332456588745,0.6538605690002441,0.01464041043072939,-1.2665408849716187,-1.2385975122451782
1787816933550626600,19.08362646484375,0.47285565733909607,0.3486422896385193,0.47833290696144104,0.6527279615402222,0.009262589737772942,-1.2668321132659912,-1.2470670938491821
1787816933566627600,19.099627685546874,0.4732705354690552,0.3480629026889801,0.47895869612693787,0.652277410030365,0.002385564614087343,-1.267254114151001,-1.2536062002182007
1787816933582772700,19.115772705078125,0.47339174151420593,0.3471510410308838,0.479751855134964,0.6520925164222717,-0.004928617738187313,-1.2675164937973022,-1.2594938278198242
1787816933598826500,19.131826416015624,0.4733200669288635,0.34611356258392334,0.4806150496006012,0.652060329914093,-0.012048006989061832,-1.2677273750305176,-1.2646304368972778
1787816933614879000,19.14787890625,0.4741845428943634,0.3459221124649048,0.480862021446228,0.6513514518737793,-0.018108710646629333,-1.2679189443588257,-1.271858811378479
1787816933630951400,19.163951416015625,0.4743790626525879,0.3452341854572296,0.4812573194503784,0.6512828469276428,-0.023140573874115944,-1.2676869630813599,-1.2760449647903442
1787816933646961400,19.17996142578125,0.4745562672615051,0.34444621205329895,0.4815121591091156,0.6513826251029968,-0.02767358161509037,-1.2670260667800903,-1.2795727252960205
1787816933663115800,19.19611572265625,0.4749886095523834,0.3438436686992645,0.481717050075531,0.6512343287467957,-0.03263138234615326,-1.2665233612060547,-1.2842856645584106
1787816933679178200,19.21217822265625,0.4763042628765106,0.34406763315200806,0.48158198595046997,0.6502542495727539,-0.03771255537867546,-1.2665174007415771,-1.2920867204666138
1787816933695244000,19.228244140625,0.47714558243751526,0.34414175152778625,0.4817766547203064,0.6494534611701965,-0.042618706822395325,-1.2669556140899658,-1.298561930656433
1787816933711334700,19.244334716796875,0.4765820801258087,0.343300461769104,0.48266759514808655,0.6496509909629822,-0.04692487418651581,-1.2674849033355713,-1.3003270626068115
1787816933727361800,19.26036181640625,0.47683319449424744,0.34304410219192505,0.48303133249282837,0.6493316888809204,-0.0508011169731617,-1.2677931785583496,-1.3041601181030273
1787816933743476500,19.2764765625,0.4771721065044403,0.34273651242256165,0.4832541048526764,0.6490793228149414,-0.05452539399266243,-1.2677408456802368,-1.3079452514648438
1787816933759502300,19.29250244140625,0.47723227739334106,0.3419944643974304,0.4833391308784485,0.6493632197380066,-0.057400599122047424,-1.266796588897705,-1.3097211122512817
1787816933775523800,19.30852392578125,0.4770568311214447,0.3410390317440033,0.4833066165447235,0.6500184535980225,-0.05910920724272728,-1.2653290033340454,-1.309596300125122
1787816933791615200,19.324615234375,0.4774182438850403,0.34054088592529297,0.4830053746700287,0.6502380967140198,-0.06071245297789574,-1.2639731168746948,-1.311108946800232
