time,seconds_elapsed,z,y,x
1788654131659687700,0.128687744140625,0.16315078735351562,0.06145334243774414,0.012243866920471191
1788654131675822800,0.14482275390625,0.40756702423095703,0.11089682579040527,0.10235226154327393
1788654131691881500,0.160881591796875,0.4188566207885742,0.1384890079498291,0.045032620429992676
1788654131707890400,0.176890380859375,-0.11123466491699219,0.12485098838806152,-0.17384156584739685
1788654131723928300,0.19292822265625,-0.4231996536254883,0.06682372093200684,-0.18968096375465393
1788654131739990000,0.208989990234375,-0.4093284606933594,0.04025554656982422,0.029962241649627686
1788654131755988700,0.22498876953125,-0.08764362335205078,0.061064958572387695,0.22014528512954712
1788654131772060000,0.241059814453125,0.35567665100097656,0.1235051155090332,0.20585960149765015
1788654131788062200,0.257062255859375,0.3038301467895508,0.05419778823852539,0.1764882206916809
1788654131804112100,0.273112060546875,-1.066131591796875,-0.2468397617340088,0.1279934048652649
1788654131820140000,0.28914013671875,-0.24023818969726562,-0.00898289680480957,-0.008176147937774658
1788654131836137200,0.30513720703125,0.3709573745727539,-0.04859614372253418,0.21345633268356323
1788654131852193300,0.321193359375,0.4244346618652344,-0.037792205810546875,-0.28893035650253296
1788654131868201500,0.337201416015625,0.0789499282836914,-0.1366727352142334,-0.03254276514053345
1788654131884262100,0.35326220703125,0.24175071716308594,-0.15450620651245117,-0.10283058881759644
1788654131900300000,0.369300048828125,0.5530910491943359,-0.08528995513916016,0.024323105812072754
1788654131916299000,0.385299072265625,0.4454536437988281,0.052176475524902344,-0.023186564445495605
1788654131932338000,0.401337890625,0.12030887603759766,0.01134634017944336,-0.07721710205078125
1788654131948345000,0.417344970703125,0.0069332122802734375,-0.02726435661315918,-0.09629189968109131
1788654131964409300,0.433409423828125,0.2384500503540039,-0.03656768798828125,-0.03786766529083252
1788654131988452600,0.45745263671875,0.23102474212646484,-0.005074262619018555,0.10229110717773438
1788654132004498000,0.473497802734375,0.846491813659668,0.06064105033874512,0.0021915435791015625
1788654132020548000,0.489548095703125,1.0457515716552734,0.03430819511413574,-0.44585034251213074
1788654132036607500,0.505607421875,0.653254508972168,-0.18641448020935059,-0.5969312787055969
1788654132068692000,0.53769189453125,-0.06466388702392578,0.038487911224365234,-0.22992321848869324
1788654132084754700,0.553754638671875,0.3606910705566406,0.14540743827819824,-0.24467472732067108
1788654132100817700,0.569817626953125,0.10224342346191406,-0.029702186584472656,-0.3342454433441162
1788654132116829200,0.5858291015625,-0.24935245513916016,-0.16127443313598633,-0.4110654890537262
1788654132132885000,0.601885009765625,-0.12072277069091797,-0.21322131156921387,-0.4056622385978699
1788654132148912600,0.61791259765625,0.2877817153930664,-0.2764871120452881,-0.37103182077407837
1788654132164980500,0.63398046875,-0.08270072937011719,-0.21953177452087402,-0.44964301586151123
1788654132181043200,0.650043212890625,-0.6791801452636719,-0.17566609382629395,-0.3412516415119171
1788654132197067300,0.6660673828125,-0.9940299987792969,-0.12309408187866211,-0.20793935656547546
1788654132213084000,0.682083984375,-0.8792562484741211,-0.10419178009033203,-0.17303675413131714
1788654132229119500,0.698119384765625,-0.3371000289916992,-0.17498016357421875,-0.10127265751361847
1788654132245192000,0.71419189453125,-0.0014028549194335938,-0.1600804328918457,-0.10678045451641083
1788654132261263600,0.730263671875,0.19690799713134766,-0.1355304718017578,-0.12158365547657013
1788654132277294000,0.746294189453125,0.526336669921875,-0.13087201118469238,-0.10217756032943726
1788654132293315300,0.7623154296875,0.6906938552856445,-0.1815476417541504,-0.06448408961296082
1788654132309365500,0.778365478515625,0.4738149642944336,0.11707615852355957,0.26576125621795654
1788654132325398000,0.79439794921875,0.3364906311035156,0.26784515380859375,0.20972152054309845
1788654132341484800,0.81048486328125,0.2405986785888672,0.23176956176757812,-0.03213980793952942
1788654132357527000,0.826527099609375,0.0038280487060546875,0.13773202896118164,-0.11751750856637955
1788654132373560800,0.842560791015625,0.04840087890625,0.131638765335083,-0.04467104375362396
1788654132389564700,0.858564697265625,0.358489990234375,0.2006540298461914,0.18075919151306152
1788654132405591800,0.874591796875,0.4580841064453125,0.2402641773223877,0.3703380227088928
1788654132421629000,0.89062890625,0.40451717376708984,0.26975131034851074,0.2836243510246277
1788654132437632000,0.906632080078125,0.3057699203491211,0.24773550033569336,0.1173512190580368
1788654132453685200,0.922685302734375,0.23966026306152344,0.1417827606201172,0.044184714555740356
1788654132469692700,0.938692626953125,0.08980846405029297,0.11487746238708496,0.07639819383621216
1788654132485746400,0.954746337890625,0.09699726104736328,0.06717371940612793,0.05722489953041077
1788654132501785300,0.970785400390625,0.08382225036621094,0.018507719039916992,0.11671993136405945
1788654132517805000,0.98680517578125,0.10772514343261719,-0.031049251556396484,0.10403600335121155
1788654132533864700,1.00286474609375,0.2893247604370117,-0.11118555068969727,-0.022633448243141174
1788654132549868500,1.01886865234375,0.4143562316894531,-0.11557841300964355,-0.16294103860855103
1788654132565920300,1.034920166015625,0.23446178436279297,-0.17744898796081543,-0.11173193156719208
1788654132581959200,1.050959228515625,-0.007191658020019531,-0.1449906826019287,-0.15985709428787231
1788654132597985500,1.066985595703125,0.12302780151367188,-0.3875315189361572,0.21107055246829987
1788654132613999600,1.08299951171875,0.5538711547851562,-0.3609499931335449,0.05986328423023224
1788654132630007300,1.09900732421875,1.515294075012207,-0.12617945671081543,0.5133407115936279
1788654132646083000,1.1150830078125,0.5681610107421875,0.31103992462158203,0.22435083985328674
1788654132662129400,1.13112939453125,-0.47795867919921875,0.18540215492248535,-0.47069695591926575
1788654132678166000,1.147166015625,-1.192704200744629,-0.009852409362792969,-0.6625877022743225
1788654132694182700,1.1631826171875,-0.6763906478881836,0.30971527099609375,-0.6978588104248047
1788654132710189600,1.179189453125,0.38642311096191406,0.04935121536254883,-0.37076425552368164
1788654132726261800,1.19526171875,0.3377819061279297,0.2915778160095215,0.11264949291944504
1788654132742301700,1.2113017578125,0.26368236541748047,0.3746683597564697,0.1357295662164688
1788654132758335200,1.227335205078125,0.1724843978881836,0.18655991554260254,-0.10139168798923492
1788654132774365200,1.243365234375,-0.15599441528320312,0.033664703369140625,-0.33817780017852783
1788654132790370800,1.259370849609375,-0.537872314453125,-0.04080462455749512,-0.39074963331222534
1788654132806403600,1.275403564453125,-0.7804031372070312,0.01974797248840332,-0.04318886250257492
1788654132822443500,1.291443603515625,-0.9464101791381836,-0.25153565406799316,0.34006500244140625
1788654132838492000,1.307491943359375,-0.6383657455444336,0.11618757247924805,0.23868516087532043
1788654132862547500,1.33154736328125,0.24242591857910156,0.6419663429260254,1.0101863145828247
1788654132878555100,1.34755517578125,0.49605846405029297,0.3445627689361572,1.3045316934585571
1788654132894593000,1.363593017578125,0.6504936218261719,-0.01357269287109375,1.2826852798461914
1788654132910602200,1.379602294921875,0.6633186340332031,0.010835886001586914,0.4555245041847229
1788654132926674200,1.395674072265625,0.6273736953735352,0.04511761665344238,-0.3932763636112213
1788654132942725400,1.411725341796875,0.7982397079467773,0.1341092586517334,-0.8469422459602356
1788654132958731300,1.427731201171875,0.8986406326293945,-0.14359521865844727,-0.96641606092453
1788654132974782500,1.443782470703125,0.5264177322387695,-0.45739221572875977,-1.5010067224502563
1788654132990809300,1.459809326171875,-0.01814746856689453,-0.42397189140319824,-1.5385640859603882
1788654133006839800,1.47583984375,-0.1838369369506836,-0.4258556365966797,-1.0278244018554688
1788654133022905600,1.491905517578125,0.067535400390625,-0.3350675106048584,-0.3465481102466583
1788654133038938400,1.5079384765625,-0.22054290771484375,0.15700149536132812,-0.28282052278518677
1788654133055020300,1.524020263671875,-0.2772483825683594,0.335874080657959,0.3080602288246155
1788654133071050200,1.54005029296875,-0.2445850372314453,0.2990412712097168,0.8179848790168762
1788654133087096300,1.556096435546875,-0.20622539520263672,0.4262502193450928,0.6083241701126099
1788654133103165200,1.572165283203125,-0.22725868225097656,0.38834524154663086,0.5821407437324524
1788654133119194600,1.588194580078125,-0.1700572967529297,0.3569605350494385,0.5029656887054443
1788654133135267300,1.604267333984375,-0.1384754180908203,0.45261645317077637,-0.048827268183231354
1788654133151308000,1.62030810546875,0.225860595703125,0.29965877532958984,-0.42574575543403625
1788654133167364900,1.63636474609375,0.3987302780151367,-0.10424089431762695,-0.19291158020496368
1788654133183427600,1.652427490234375,0.5276670455932617,-0.13938689231872559,-0.2100091129541397
1788654133199476200,1.668476318359375,0.3370552062988281,-0.08482146263122559,-0.06692512333393097
1788654133215549700,1.6845498046875,0.2544670104980469,0.00004887580871582031,-0.10931253433227539
1788654133231604500,1.7006044921875,0.27330780029296875,-0.006216287612915039,-0.14410878717899323
1788654133247667700,1.716667724609375,-0.000621795654296875,0.03518390655517578,-0.10713417083024979
1788654133263704300,1.732704345703125,-0.15132999420166016,0.07335829734802246,-0.08468655496835709
1788654133279747800,1.748747802734375,-0.3365478515625,0.09290528297424316,-0.06875376403331757
1788654133295787800,1.764787841796875,-0.22947311401367188,0.12365150451660156,0.06143581122159958
1788654133311843300,1.78084326171875,-0.0288238525390625,0.1631772518157959,0.1330665647983551
1788654133327917800,1.796917724609375,0.03763580322265625,0.2126171588897705,0.1323218047618866
1788654133343971300,1.812971435546875,-0.10559463500976562,0.21840405464172363,0.1294657588005066
1788654133359976400,1.8289765625,-0.1351795196533203,0.27353596687316895,0.2180199772119522
1788654133376036900,1.845036865234375,-0.008580207824707031,0.2863140106201172,0.20984412729740143
1788654133392051700,1.8610517578125,0.2947845458984375,0.20218276977539062,0.10063114762306213
1788654133408098800,1.877098876953125,0.42778778076171875,0.20301437377929688,0.03701470047235489
1788654133424162800,1.893162841796875,0.2550506591796875,0.19939064979553223,-0.04912077262997627
1788654133440169500,1.90916943359375,0.14719390869140625,0.18312382698059082,-0.11365006119012833
1788654133456240600,1.92524072265625,0.1558218002319336,0.17406320571899414,-0.2536979019641876
1788654133472259300,1.94125927734375,0.20694923400878906,0.14277410507202148,-0.31466513872146606
1788654133488314600,1.957314697265625,0.215301513671875,0.08661127090454102,-0.3205719590187073
1788654133504388400,1.973388427734375,0.16179943084716797,0.034111738204956055,-0.3970537483692169
1788654133520395300,1.989395263671875,0.13216400146484375,0.01069498062133789,-0.30191683769226074
1788654133536467500,2.005467529296875,0.08245468139648438,0.05467653274536133,-0.17298829555511475
1788654133552485400,2.0214853515625,0.10402870178222656,0.09083819389343262,-0.048143476247787476
1788654133568531200,2.03753125,0.1315135955810547,0.03954005241394043,-0.015363723039627075
1788654133584559000,2.05355908203125,0.11812114715576172,-0.02570509910583496,0.08276130259037018
1788654133600578000,2.069578125,0.1348590850830078,0.014979839324951172,0.10526034235954285
1788654133616659000,2.085658935546875,-0.018999099731445312,-0.01435089111328125,0.1675112545490265
1788654133632675300,2.10167529296875,-0.21447086334228516,-0.07459330558776855,0.024658620357513428
1788654133648736000,2.117736083984375,-0.3637981414794922,-0.0052831172943115234,0.03871838375926018
1788654133664778200,2.1337783203125,-0.3764381408691406,0.12800288200378418,0.08352384716272354
1788654133680799000,2.149799072265625,-0.25744152069091797,0.2423086166381836,0.1405259668827057
1788654133696903400,2.1659033203125,-0.1562662124633789,0.3359646797180176,0.24294206500053406
1788654133712923400,2.18192333984375,-0.20391559600830078,0.38311338424682617,0.33874866366386414
1788654133729001000,2.1980009765625,-0.28838253021240234,0.3974313735961914,0.3671630322933197
1788654133745050400,2.21405029296875,-0.3261537551879883,0.35820484161376953,0.3906782567501068
1788654133761059600,2.2300595703125,-0.21766090393066406,0.46457839012145996,0.460712730884552
1788654133777108200,2.246108154296875,0.047196388244628906,0.439633846282959,0.569229245185852
1788654133793126100,2.262126220703125,0.16231060028076172,0.39242005348205566,0.49925392866134644
1788654133809202200,2.2782021484375,0.15391254425048828,0.3494386672973633,0.4133757948875427
1788654133825260800,2.2942607421875,0.15330791473388672,0.33567261695861816,0.23242828249931335
1788654133841272000,2.31027197265625,0.17502403259277344,0.3337407112121582,0.19041717052459717
1788654133857334300,2.326334228515625,0.15362167358398438,0.4196746349334717,0.11437223851680756
1788654133873355800,2.342355712890625,0.0835714340209961,0.4613823890686035,-0.062103331089019775
1788654133889390000,2.35839013671875,-0.026739120483398438,0.6614890098571777,-0.009152576327323914
1788654133905451500,2.374451416015625,-0.2113780975341797,0.47371387481689453,-0.45451176166534424
1788654133921470500,2.390470458984375,-0.086456298828125,0.605248212814331,-0.3134976625442505
1788654133937538000,2.4065380859375,-0.11602401733398438,0.6888258457183838,-0.2015170305967331
1788654133953572900,2.42257275390625,-0.2232046127319336,0.5316979885101318,-0.31352901458740234
1788654133969616400,2.438616455078125,-0.22105979919433594,0.4203517436981201,-0.24551017582416534
1788654133985691400,2.45469140625,-0.039162635803222656,0.34914422035217285,-0.15482322871685028
1788654134001719800,2.4707197265625,0.26447486877441406,0.2621734142303467,-0.08425331115722656
1788654134017795300,2.48679541015625,0.3970041275024414,0.1954174041748047,0.07034789025783539
1788654134033838600,2.502838623046875,0.4340085983276367,0.19767093658447266,0.21868747472763062
1788654134049891600,2.5188916015625,0.25943756103515625,0.14056944847106934,0.25789201259613037
1788654134065920800,2.534920654296875,0.0527496337890625,0.13204741477966309,0.2527916729450226
1788654134081959700,2.550959716796875,-0.031528472900390625,0.17286205291748047,0.25576502084732056
1788654134098040000,2.5670400390625,-0.02468109130859375,0.2492358684539795,0.2469964325428009
1788654134114086100,2.583086181640625,-0.052886009216308594,0.3303823471069336,0.19141127169132233
1788654134130139400,2.599139404296875,-0.06344127655029297,0.3564026355743408,0.10790561139583588
1788654134146180000,2.61518017578125,0.011849403381347656,0.3330726623535156,0.043743714690208435
1788654134162225400,2.631225341796875,0.09042930603027344,0.29941797256469727,-0.09083648771047592
1788654134178311000,2.647310791015625,0.3329486846923828,0.29312968254089355,-0.0630195289850235
1788654134194365700,2.66336572265625,0.49430274963378906,0.2479081153869629,-0.032880306243896484
1788654134210435600,2.679435546875,0.4251546859741211,0.17173242568969727,0.05011606216430664
1788654134226484000,2.69548388671875,0.3646268844604492,0.1134033203125,0.16608156263828278
1788654134242553300,2.71155322265625,0.48406124114990234,0.047017574310302734,0.27318698167800903
1788654134258604000,2.72760400390625,0.6541166305541992,0.03991293907165527,0.24485667049884796
1788654134274625300,2.743625244140625,0.6369209289550781,0.32473254203796387,0.1859007626771927
1788654134290673200,2.759673095703125,0.41407299041748047,0.5641827583312988,0.24135567247867584
1788654134306735000,2.775735107421875,0.07535648345947266,0.3836069107055664,0.10467706620693207
1788654134322742000,2.791741943359375,0.021978378295898438,0.1046285629272461,-0.14015139639377594
1788654134338803000,2.807802978515625,0.34796810150146484,-0.14060544967651367,-0.05569861829280853
1788654134354822700,2.82382275390625,0.9446163177490234,-0.45758819580078125,-0.17154289782047272
1788654134370872800,2.839872802734375,1.5831470489501953,-0.8284087181091309,-0.2956949770450592
1788654134386932000,2.855931884765625,2.0229434967041016,-1.1099083423614502,-0.4165184199810028
1788654134402937000,2.87193701171875,1.9710264205932617,-1.2781617641448975,-0.521553099155426
1788654134419000000,2.888,1.6564340591430664,-1.3881583213806152,-0.6139798164367676
1788654134435012000,2.90401220703125,1.0476760864257812,-1.3482322692871094,-0.6819420456886292
1788654134451057200,2.92005712890625,0.46544933319091797,-1.221207618713379,-0.6852515935897827
1788654134467130000,2.936130126953125,-0.19070148468017578,-0.9527716636657715,-0.7766144871711731
1788654134483144200,2.952144287109375,-0.5788993835449219,-0.8104398250579834,-0.49463769793510437
1788654134499218400,2.968218505859375,-0.633000373840332,-0.694460391998291,-0.6676569581031799
1788654134515257000,2.984257080078125,-0.33435630798339844,-0.7467799186706543,-0.9174156188964844
1788654134531302400,3.000302490234375,-0.005748748779296875,-0.9198567867279053,-0.9174516797065735
1788654134547370200,3.016370361328125,0.42561912536621094,-0.9783828258514404,-0.8732500672340393
1788654134563382000,3.032382080078125,0.6537008285522461,-1.0455348491668701,-0.6804988384246826
1788654134579462700,3.048462646484375,0.5187873840332031,-1.0074679851531982,-0.39463138580322266
1788654134595476700,3.064476806640625,0.23081302642822266,-0.8001382350921631,-0.2387484312057495
1788654134611533000,3.080532958984375,-0.0934600830078125,-0.6402268409729004,-0.21650958061218262
1788654134627588900,3.0965888671875,-0.5488128662109375,-0.49093151092529297,-0.10377758741378784
1788654134643600000,3.112599853515625,-0.9693231582641602,-0.31025218963623047,-0.07142177224159241
1788654134659649800,3.12864990234375,-1.1119155883789062,-0.22284293174743652,-0.03337565064430237
1788654134675664600,3.14466455078125,-0.9509086608886719,-0.18438100814819336,0.01627093181014061
1788654134691741000,3.160740966796875,-0.7887754440307617,-0.08494186401367188,-0.06291187554597855
1788654134707785700,3.17678564453125,-0.6144828796386719,-0.08184003829956055,-0.0035904645919799805
1788654134723807000,3.192806884765625,-0.4487142562866211,-0.09126901626586914,0.036470476537942886
1788654134739855000,3.208855224609375,-0.44966602325439453,-0.016915082931518555,0.0007591843605041504
1788654134755873300,3.224873291015625,-0.44581127166748047,0.04786539077758789,0.008761942386627197
1788654134771948800,3.24094873046875,-0.41854190826416016,0.11172723770141602,0.015284299850463867
1788654134787999200,3.256999267578125,-0.28875255584716797,0.14087390899658203,-0.059350304305553436
1788654134804019000,3.27301904296875,-0.1255817413330078,0.1105341911315918,-0.08881679177284241
1788654134820077300,3.289077392578125,-0.03878211975097656,0.13705015182495117,-0.24844881892204285
1788654134836102700,3.3051025390625,0.020618438720703125,0.1789562702178955,-0.2982582449913025
1788654134852136200,3.32113623046875,0.06389045715332031,0.30776000022888184,-0.14498686790466309
1788654134868202500,3.337202392578125,0.05370140075683594,0.3673086166381836,-0.1610564887523651
1788654134884221700,3.3532216796875,-0.07152652740478516,0.47788286209106445,-0.19891542196273804
1788654134900288500,3.36928857421875,-0.0947113037109375,0.5583539009094238,-0.2526598274707794
1788654134916322300,3.385322265625,0.026752471923828125,0.5574116706848145,-0.2677004933357239
1788654134932366800,3.401366943359375,0.3266181945800781,0.5242741107940674,-0.31780099868774414
1788654134948444400,3.4174443359375,0.5506219863891602,0.4433562755584717,-0.3087542653083801
1788654134964475400,3.433475341796875,0.6107454299926758,0.3872044086456299,-0.18844613432884216
1788654134980558600,3.44955859375,0.5596961975097656,0.2671322822570801,-0.10545530915260315
1788654134996607200,3.465607177734375,0.6696681976318359,0.19049572944641113,-0.21958212554454803
1788654135012664000,3.4816640625,0.6366176605224609,0.5880649089813232,-0.41561001539230347
1788654135028697300,3.497697265625,0.5869455337524414,0.937455415725708,-0.2182472199201584
1788654135044735200,3.5137353515625,0.4827117919921875,0.48038315773010254,0.18938417732715607
1788654135060823000,3.529822998046875,0.7927484512329102,0.09674286842346191,0.19296006858348846
1788654135076878800,3.54587890625,1.9992713928222656,-0.3175806999206543,0.2750253677368164
1788654135092946400,3.561946533203125,3.4089431762695312,-0.9108676910400391,0.11697053909301758
1788654135108967200,3.57796728515625,3.8762855529785156,-1.1981213092803955,-0.010855376720428467
1788654135125015300,3.594015380859375,3.2206506729125977,-1.0875108242034912,0.2559695541858673
1788654135141089500,3.610089599609375,2.2467470169067383,-1.1459567546844482,0.38772785663604736
1788654135157153800,3.62615380859375,1.2148914337158203,-1.27126145362854,0.4010017514228821
1788654135173208300,3.642208251953125,0.0851602554321289,-1.068406105041504,0.4948975741863251
1788654135189251000,3.6582509765625,-0.6829843521118164,-0.8672735691070557,0.7140494585037231
1788654135205310200,3.674310302734375,-1.0317907333374023,-0.8975720405578613,0.9152990579605103
1788654135221359600,3.690359619140625,-1.1119680404663086,-0.9405243396759033,1.1741833686828613
1788654135237376500,3.70637646484375,-0.8243989944458008,-1.0458459854125977,1.4612444639205933
1788654135253405200,3.7224052734375,-0.35416507720947266,-1.1488511562347412,1.453986406326294
1788654135269460200,3.738460205078125,-0.10724925994873047,-1.2978699207305908,1.3285962343215942
1788654135285477600,3.7544775390625,-0.23241233825683594,-1.3314297199249268,1.0092583894729614
1788654135301535000,3.770534912109375,-0.41307544708251953,-1.340303897857666,0.6540552973747253
1788654135317553000,3.786552978515625,-0.2504587173461914,-1.2810180187225342,0.4110103249549866
1788654135333586200,3.802586181640625,0.0037660598754882812,-1.1834306716918945,0.14018122851848602
1788654135349643300,3.818643310546875,0.018463134765625,-1.0086543560028076,-0.015296298079192638
1788654135365649400,3.8346494140625,-0.29564857482910156,-0.823540210723877,-0.0642726942896843
1788654135381717500,3.850717529296875,-0.7442951202392578,-0.7536263465881348,-0.012975309044122696
1788654135397737700,3.86673779296875,-1.045074462890625,-0.5468618869781494,0.09525462239980698
1788654135413784300,3.882784423828125,-1.1070365905761719,-0.3879830837249756,0.23861154913902283
1788654135429877200,3.898877197265625,-0.8437490463256836,-0.3596959114074707,0.2916724383831024
1788654135445884000,3.9148837890625,-0.7081270217895508,-0.34603118896484375,0.2205457091331482
1788654135461959000,3.930958984375,-0.4804658889770508,-0.24001860618591309,0.2947515845298767
1788654135477975600,3.9469755859375,-0.4400148391723633,-0.1589193344116211,0.21945816278457642
1788654135494034700,3.96303466796875,-0.3133888244628906,-0.0679476261138916,0.2873522639274597
1788654135510084000,3.979083984375,-0.1890726089477539,0.04450654983520508,0.3768153190612793
1788654135526102300,3.995102294921875,0.06473159790039062,0.05099344253540039,0.41598495841026306
1788654135542194700,4.011194580078125,0.37885189056396484,0.027240514755249023,0.2734118700027466
1788654135558210800,4.0272109375,0.5965433120727539,0.06296968460083008,0.2457643449306488
1788654135574269700,4.043269775390625,0.44927406311035156,0.16199517250061035,0.34763944149017334
1788654135590312200,4.059312255859375,0.1759510040283203,0.3092350959777832,0.33136114478111267
1788654135606320400,4.0753203125,0.0478363037109375,0.4693877696990967,0.22474703192710876
1788654135622371000,4.09137109375,0.0754995346069336,0.5558209419250488,0.15771470963954926
1788654135638389200,4.10738916015625,0.24690628051757812,0.587921142578125,0.10940554738044739
1788654135654471700,4.1234716796875,0.4542551040649414,0.6040823459625244,0.040922075510025024
1788654135670525200,4.139525146484375,0.9040040969848633,0.5114157199859619,-0.1268065869808197
1788654135686537200,4.155537109375,1.159602165222168,0.3262674808502197,-0.19186723232269287
1788654135702602200,4.171602294921875,1.1277751922607422,0.0870063304901123,-0.03505687415599823
1788654135718622700,4.187622802734375,0.7549924850463867,0.16520285606384277,0.1679551750421524
1788654135734661000,4.2036611328125,0.5768842697143555,0.5526635646820068,0.47374266386032104
1788654135750729500,4.2197294921875,0.9535608291625977,0.42816591262817383,0.4147022068500519
1788654135766746000,4.23574609375,1.4681386947631836,0.05297493934631348,0.06562134623527527
1788654135782811600,4.251811767578125,1.9325170516967773,-0.12569737434387207,-0.006555505096912384
1788654135798841000,4.267841064453125,2.0659704208374023,-0.2835814952850342,0.09839368611574173
1788654135814884400,4.28388427734375,2.2838211059570312,-0.5405480861663818,-0.040652092546224594
1788654135830929000,4.299928955078125,2.2327938079833984,-0.7446768283843994,-0.24488458037376404
1788654135846963500,4.31596337890625,1.5816564559936523,-0.8647775650024414,-0.39627450704574585
1788654135863051500,4.332051513671875,0.7154655456542969,-1.0263197422027588,-0.46687647700309753
1788654135879082800,4.348082763671875,-0.25554561614990234,-1.0484468936920166,-0.6098278164863586
1788654135895115800,4.36411572265625,-0.9927005767822266,-0.91058349609375,-0.8065964579582214
1788654135911172000,4.380172119140625,-1.2422661781311035,-0.8005530834197998,-0.8230350613594055
1788654135927190300,4.396190185546875,-1.2200689315795898,-0.7713687419891357,-0.8416207432746887
1788654135943261200,4.41226123046875,-1.0689973831176758,-0.7565939426422119,-0.9108195304870605
1788654135959297300,4.42829736328125,-0.863764762878418,-0.7080368995666504,-0.9214478731155396
1788654135975345000,4.444344970703125,-0.5994024276733398,-0.6992690563201904,-0.6964136958122253
1788654135991378700,4.460378662109375,-0.1707925796508789,-0.8383908271789551,-0.6545305848121643
1788654136007419400,4.47641943359375,0.2979888916015625,-0.9653041362762451,-0.5956305861473083
1788654136023490300,4.492490234375,0.6067409515380859,-0.974616527557373,-0.2948923408985138
1788654136039535600,4.50853564453125,0.7012405395507812,-0.9116954803466797,-0.1156168282032013
1788654136055593500,4.524593505859375,0.6475925445556641,-0.8055651187896729,0.0070870667695999146
1788654136071628800,4.54062890625,0.2921733856201172,-0.6032090187072754,0.1487678736448288
1788654136087686700,4.556686767578125,-0.2455463409423828,-0.35380053520202637,0.25254929065704346
1788654136103729000,4.57272900390625,-0.8873281478881836,-0.18510961532592773,0.349295973777771
1788654136119791600,4.58879150390625,-1.2094440460205078,-0.052635908126831055,0.2926329970359802
1788654136135826000,4.604825927734375,-1.1570062637329102,0.10799551010131836,0.08415347337722778
1788654136151876000,4.6208759765625,-0.9119062423706055,0.21496796607971191,0.032344263046979904
1788654136167928800,4.6369287109375,-0.6547765731811523,0.3697795867919922,-0.0782303586602211
1788654136183981600,4.652981689453125,-0.5391263961791992,0.47998952865600586,-0.10038024187088013
1788654136199991600,4.668991455078125,-0.5089597702026367,0.5284576416015625,-0.033849701285362244
1788654136216022800,4.685022705078125,-0.591033935546875,0.5332531929016113,0.010707344859838486
1788654136232082000,4.70108203125,-0.4774894714355469,0.4878396987915039,0.06336871534585953
1788654136248088800,4.7170888671875,-0.2549629211425781,0.4414818286895752,0.018167193979024887
1788654136264151000,4.733151123046875,-0.09049701690673828,0.3710355758666992,0.012513991445302963
1788654136280168000,4.74916796875,0.06882858276367188,0.3571898937225342,-0.04197583347558975
1788654136296212000,4.7652119140625,0.14672088623046875,0.39684534072875977,-0.12834982573986053
1788654136312285400,4.781285400390625,0.2910041809082031,0.4417550563812256,-0.1955566108226776
1788654136328297700,4.797297607421875,0.4814643859863281,0.5142250061035156,-0.23632578551769257
1788654136344373800,4.813373779296875,0.5533695220947266,0.5029699802398682,-0.19405360519886017
1788654136360395000,4.82939501953125,0.5196876525878906,0.3878912925720215,-0.2525329291820526
1788654136376446500,4.845446533203125,0.7477083206176758,0.12141275405883789,-0.37841182947158813
1788654136392498400,4.86149853515625,1.1099185943603516,-0.03567838668823242,-0.3706585168838501
1788654136408506400,4.87750634765625,1.168996810913086,-0.09802699089050293,-0.3819043040275574
1788654136424585500,4.89358544921875,0.9737787246704102,0.47411537170410156,-0.5835857391357422
1788654136440610800,4.90961083984375,0.7014989852905273,0.7588579654693604,-0.020167142152786255
1788654136456669700,4.925669677734375,0.37251758575439453,0.4207112789154053,0.23415060341358185
1788654136472709000,4.941709228515625,0.47344112396240234,0.3158237934112549,0.2057155817747116
1788654136488719400,4.95771923828125,1.386063575744629,0.04700899124145508,0.34196901321411133
1788654136504808000,4.973807861328125,2.563145637512207,-0.6637272834777832,0.2724458575248718
1788654136520826000,4.989826171875,3.2910614013671875,-1.0225577354431152,-0.013322331011295319
1788654136536874200,5.005874267578125,2.970376968383789,-1.0868761539459229,0.05402226001024246
1788654136552899000,5.021899169921875,1.9486417770385742,-1.0458886623382568,0.15187978744506836
1788654136568900900,5.03790087890625,0.4384775161743164,-0.8744421005249023,0.24680404365062714
1788654136584935000,5.053934814453125,-0.8560400009155273,-0.6768319606781006,0.24331018328666687
1788654136600948000,5.069947998046875,-1.6012392044067383,-0.6228461265563965,0.4541957676410675
1788654136617007400,5.08600732421875,-1.7042522430419922,-0.76202392578125,0.6038339138031006
1788654136633052000,5.102052001953125,-1.0756206512451172,-0.8925719261169434,1.0294485092163086
1788654136649057800,5.118057861328125,-0.7207508087158203,-0.5937528610229492,0.44597023725509644
1788654136665113300,5.13411328125,-0.15972614288330078,-1.0472466945648193,1.0133357048034668
1788654136681132800,5.1501328125,0.21445369720458984,-1.1636261940002441,0.7641274929046631
1788654136697169000,5.1661689453125,0.5117282867431641,-1.1469504833221436,0.17003026604652405
1788654136713229300,5.182229248046875,0.5428314208984375,-1.2371492385864258,0.0531582236289978
1788654136729259300,5.19825927734375,0.35674571990966797,-1.1560978889465332,-0.026966452598571777
1788654136745321500,5.214321533203125,-0.0511932373046875,-0.9944112300872803,-0.093399778008461
1788654136761353500,5.230353515625,-0.5090599060058594,-0.8261375427246094,-0.09533840417861938
1788654136777393400,5.246393310546875,-0.9452762603759766,-0.5893185138702393,-0.16502124071121216
1788654136793461200,5.262461181640625,-1.257798194885254,-0.32283616065979004,-0.2291167974472046
1788654136809489700,5.27848974609375,-1.4156641960144043,-0.09282469749450684,-0.10367211699485779
1788654136825560000,5.29456005859375,-1.4684362411499023,0.04777812957763672,-0.06466181576251984
1788654136841596400,5.310596435546875,-1.3279147148132324,0.13252592086791992,0.09350472688674927
1788654136857669400,5.32666943359375,-0.8336334228515625,0.23223495483398438,0.20472878217697144
1788654136873751800,5.342751708984375,-0.29389286041259766,0.22161459922790527,0.18621933460235596
1788654136889787400,5.358787353515625,0.17127132415771484,0.2248544692993164,0.3068210780620575
1788654136905869800,5.374869873046875,0.3375053405761719,0.22145724296569824,0.33423855900764465
1788654136921921500,5.390921630859375,0.2049407958984375,0.22292733192443848,0.29322898387908936
1788654136937984500,5.406984619140625,0.06414222717285156,0.2932004928588867,0.251790314912796
1788654136954026500,5.423026611328125,-0.0039215087890625,0.3414466381072998,0.29121753573417664
1788654136970070300,5.4390703125,-0.14348220825195312,0.44574809074401855,0.27600428462028503
1788654136986160400,5.455160400390625,-0.2653961181640625,0.48952817916870117,0.2789191007614136
1788654137002213000,5.471213134765625,-0.08995246887207031,0.548520565032959,0.3646921217441559
1788654137018276400,5.4872763671875,0.15500640869140625,0.5543272495269775,0.381272554397583
1788654137034316000,5.50331591796875,0.3677501678466797,0.5675995349884033,0.2556355595588684
1788654137050368000,5.519367919921875,0.6555614471435547,0.47483038902282715,0.09720715880393982
1788654137066412000,5.535412109375,0.9892787933349609,0.2705063819885254,0.021816104650497437
1788654137082467800,5.5514677734375,1.1790857315063477,0.06316280364990234,0.19442608952522278
1788654137098539800,5.567539794921875,1.1402511596679688,-0.02653789520263672,0.17121562361717224
1788654137114588000,5.583587890625,0.7556800842285156,0.4787313938140869,0.06704968214035034
1788654137130593300,5.59959326171875,0.53448486328125,0.6200807094573975,0.4437667727470398
1788654137146647600,5.6156474609375,0.42034339904785156,0.3037681579589844,0.3464514911174774
1788654137162665700,5.631665771484375,0.4141416549682617,0.3889920711517334,0.14270111918449402
1788654137178704000,5.647703857421875,1.0360956192016602,0.32469892501831055,-0.02328762412071228
1788654137194783700,5.66378369140625,2.0463485717773438,-0.06275296211242676,-0.2425718456506729
1788654137210783700,5.67978369140625,2.8072757720947266,-0.4955739974975586,-0.561312735080719
1788654137226820400,5.6958203125,2.7414798736572266,-0.7892818450927734,-0.6500935554504395
1788654137242834400,5.71183447265625,2.193683624267578,-1.0943377017974854,-0.676214337348938
1788654137258866400,5.727866455078125,1.2732658386230469,-1.2075178623199463,-0.8795958757400513
1788654137274929400,5.743929443359375,0.1897439956665039,-1.0511736869812012,-0.8816753625869751
1788654137290937000,5.75993701171875,-0.5759763717651367,-0.9560270309448242,-0.66587895154953
1788654137306992400,5.775992431640625,-0.8929519653320312,-0.9071812629699707,-0.6491856575012207
1788654137323004200,5.792004150390625,-0.9168739318847656,-0.8356494903564453,-0.6500100493431091
1788654137339052800,5.808052734375,-0.5803251266479492,-0.8218088150024414,-0.5397764444351196
1788654137355087000,5.824087158203125,-0.14434432983398438,-0.9082653522491455,-0.3574522137641907
1788654137371104300,5.840104248046875,0.3191967010498047,-0.98525071144104,-0.3152161240577698
1788654137387182600,5.8561826171875,0.7344484329223633,-1.0795261859893799,-0.42997488379478455
1788654137403199200,5.87219921875,0.8060483932495117,-1.102466344833374,-0.3776705861091614
1788654137419257600,5.888257568359375,0.45066165924072266,-1.0251693725585938,-0.3291429281234741
1788654137435286300,5.904286376953125,-0.015398025512695312,-0.8502621650695801,-0.09588077664375305
1788654137451303700,5.9203037109375,-1.5016484260559082,-0.5953125953674316,0.12142029404640198
1788654137467398700,5.936398681640625,-1.2624149322509766,-0.6654253005981445,-0.010356158018112183
1788654137483414800,5.952414794921875,-1.2222776412963867,-0.33881163597106934,0.12569087743759155
1788654137499487500,5.968487548828125,-0.8155641555786133,-0.19196343421936035,-0.06810429692268372
1788654137515536400,5.984536376953125,-0.4586153030395508,0.023712635040283203,-0.1104503870010376
1788654137531543800,6.000543701171875,-0.7287006378173828,0.16479277610778809,-0.07648125290870667
1788654137547638000,6.016637939453125,-1.1855449676513672,0.3208792209625244,-0.23935601115226746
1788654137563655700,6.03265576171875,-1.387436866760254,0.3552558422088623,-0.10891276597976685
1788654137579730200,6.048730224609375,-1.0684919357299805,0.41764378547668457,0.04900628328323364
1788654137595788800,6.064788818359375,-0.14783954620361328,0.48619699478149414,0.028101742267608643
1788654137611802000,6.080802001953125,0.5323972702026367,0.4714791774749756,-0.10876086354255676
1788654137627852500,6.0968525390625,0.8806991577148438,0.4674692153930664,-0.27668166160583496
1788654137643873800,6.112873779296875,0.7208547592163086,0.49454426765441895,-0.5024466514587402
1788654137659903000,6.128903076171875,0.37287044525146484,0.4840531349182129,-0.5311864018440247
1788654137675958000,6.1449580078125,0.02395915985107422,0.5350847244262695,-0.5297324657440186
1788654137691968800,6.16096875,-0.1698627471923828,0.6367390155792236,-0.4453234076499939
1788654137708052200,6.17705224609375,-0.14196300506591797,0.7823467254638672,-0.38042691349983215
1788654137724084700,6.193084716796875,0.05707740783691406,0.7661066055297852,-0.37631145119667053
1788654137740129800,6.2091298828125,0.31420326232910156,0.694063663482666,-0.3046055734157562
1788654137756199400,6.225199462890625,0.516423225402832,0.621412992477417,-0.2723515033721924
1788654137772214800,6.24121484375,0.5292930603027344,0.5322656631469727,-0.26647400856018066
1788654137788288800,6.257288818359375,0.5372714996337891,0.44222283363342285,-0.17412856221199036
1788654137804326100,6.273326171875,0.5586833953857422,0.38416457176208496,-0.07980936765670776
1788654137820373200,6.289373291015625,0.39452362060546875,0.4826679229736328,-0.1179385781288147
1788654137836403700,6.30540380859375,0.014872550964355469,0.9941160678863525,-0.23651254177093506
1788654137852432600,6.3214326171875,-0.27414894104003906,1.090956687927246,0.10354390740394592
1788654137868521000,6.33752099609375,-0.10309791564941406,0.6829004287719727,0.5344057083129883
1788654137884569000,6.353569091796875,0.6548271179199219,0.33249521255493164,0.47029978036880493
1788654137900629800,6.369629638671875,1.8488883972167969,-0.15024375915527344,0.2205374538898468
1788654137916658400,6.385658447265625,3.1218461990356445,-0.6042220592498779,0.00008475780487060547
1788654137932691700,6.401691650390625,3.5195159912109375,-0.8449757099151611,-0.12557119131088257
1788654137948759300,6.41775927734375,2.8791141510009766,-0.8031272888183594,-0.09713365137577057
1788654137964807400,6.433807373046875,1.7030668258666992,-0.7428727149963379,-0.04698631167411804
1788654137980851500,6.4498515625,0.1946554183959961,-0.6883680820465088,0.10196104645729065
1788654137996881000,6.465880859375,-0.9519166946411133,-0.5131473541259766,0.1563507318496704
1788654138012932900,6.481932861328125,-1.8233122825622559,-0.32672667503356934,0.28986361622810364
1788654138028967400,6.497967529296875,-1.9447216987609863,-0.1486220359802246,0.36792683601379395
1788654138045032400,6.514032470703125,-1.659566879272461,-0.13155841827392578,0.6078540086746216
1788654138061101800,6.530101806640625,-1.088435173034668,-0.22998976707458496,0.7597829103469849
1788654138077163800,6.546163818359375,-0.6604957580566406,-0.454833984375,0.8673301339149475
1788654138093171200,6.562171142578125,0.12504005432128906,-0.6460881233215332,0.8970953822135925
1788654138109223700,6.5782236328125,0.599370002746582,-0.8235495090484619,0.7233003377914429
1788654138125240000,6.594239990234375,0.9557943344116211,-0.9120283126831055,0.4569304585456848
1788654138141270800,6.610270751953125,1.162480354309082,-0.8688631057739258,0.18688535690307617
1788654138157332000,6.62633203125,1.038039207458496,-0.8063046932220459,0.026447832584381104
1788654138173346300,6.64234619140625,0.6913871765136719,-0.5771017074584961,-0.15298312902450562
1788654138189410300,6.658410400390625,0.20709514617919922,-0.3357081413269043,-0.128196120262146
1788654138205430000,6.674429931640625,-0.32068920135498047,-0.24317288398742676,-0.17213965952396393
1788654138221473300,6.690473388671875,-0.8950624465942383,-0.15779590606689453,-0.318266898393631
1788654138237568300,6.706568359375,-1.2374534606933594,-0.04887056350708008,-0.3188627064228058
1788654138253579000,6.7225791015625,-1.352097511291504,0.048368215560913086,-0.25389277935028076
1788654138269651000,6.73865087890625,-1.2759957313537598,0.17998671531677246,-0.11853206157684326
1788654138285670400,6.75467041015625,-1.1411380767822266,0.24594616889953613,-0.03889995813369751
1788654138301730800,6.770730712890625,-0.7990236282348633,0.23132562637329102,0.1088208556175232
1788654138317812500,6.7868125,-0.48365306854248047,0.22277021408081055,0.16321343183517456
1788654138333821700,6.80282177734375,-0.1918191909790039,0.20856475830078125,0.2077392041683197
1788654138349903600,6.818903564453125,0.10372543334960938,0.18642449378967285,0.23754528164863586
1788654138365922000,6.834922119140625,0.2601432800292969,0.19490742683410645,0.26865893602371216
1788654138381986600,6.850986572265625,0.2307300567626953,0.19898247718811035,0.3994770646095276
1788654138398026800,6.86702685546875,0.04484367370605469,0.28528809547424316,0.3376586437225342
1788654138414034000,6.883033935546875,-0.35382747650146484,0.4140911102294922,0.3981844484806061
1788654138430081500,6.89908154296875,-0.7187414169311523,0.6425704956054688,0.5591491460800171
1788654138446102500,6.9151025390625,-0.7771730422973633,0.8248715400695801,0.4931662678718567
1788654138462174700,6.9311748046875,-0.4934873580932617,0.8630776405334473,0.3316195607185364
1788654138478213400,6.94721337890625,-0.1679534912109375,0.867872953414917,0.1650460958480835
1788654138494221800,6.963221923828125,0.14813518524169922,0.8286652565002441,0.03465384244918823
1788654138510271700,6.979271728515625,0.3289508819580078,0.6670167446136475,0.07800900936126709
1788654138526316800,6.99531689453125,0.5733880996704102,0.480255126953125,0.1496591567993164
1788654138542398700,7.011398681640625,0.8972654342651367,0.30153775215148926,0.34612318873405457
1788654138558457300,7.027457275390625,1.2663764953613281,0.08584022521972656,0.37178781628608704
1788654138574483200,7.043483154296875,1.2763872146606445,0.23669672012329102,0.086649090051651
1788654138590554600,7.0595546875,0.9724159240722656,0.7588825225830078,0.20909693837165833
1788654138606580000,7.075580078125,0.9095649719238281,0.5746269226074219,0.10215947031974792
1788654138622615300,7.091615234375,0.9873485565185547,0.33617353439331055,-0.5296580791473389
1788654138638678000,7.107677978515625,1.604426383972168,0.11450409889221191,-0.8307210206985474
1788654138654700300,7.1237001953125,2.374201774597168,-0.26087522506713867,-0.945838212966919
1788654138670745300,7.139745361328125,2.99910831451416,-0.7250375747680664,-1.0646946430206299
1788654138686773800,7.155773681640625,2.9698705673217773,-0.946624755859375,-1.0493874549865723
1788654138702849300,7.171849365234375,2.446986198425293,-1.1982598304748535,-0.7493463754653931
1788654138718902300,7.18790234375,1.6801977157592773,-1.3888168334960938,-0.5508555173873901
1788654138734939400,7.203939453125,0.8811674118041992,-1.3384027481079102,-0.5731582045555115
1788654138751016400,7.220016357421875,0.1784801483154297,-1.1730704307556152,-0.2754886746406555
1788654138767065000,7.236065185546875,-0.25450992584228516,-1.2037074565887451,-0.08425706624984741
1788654138783108900,7.25210888671875,-0.5487890243530273,-1.1353483200073242,-0.3191102147102356
1788654138799137000,7.268136962890625,-0.7165727615356445,-0.991992712020874,-0.3797532021999359
1788654138815180000,7.284179931640625,-0.6739091873168945,-0.9398589134216309,-0.33411288261413574
1788654138831255800,7.300255859375,-0.4851827621459961,-0.9792220592498779,-0.3326469361782074
1788654138847305200,7.31630517578125,-0.13710498809814453,-1.0438296794891357,-0.3570946156978607
1788654138863361500,7.332361572265625,0.17540264129638672,-1.0712578296661377,-0.24231693148612976
1788654138879398700,7.348398681640625,0.21027851104736328,-0.9939610958099365,-0.09800741076469421
1788654138895440000,7.36443994140625,0.014354705810546875,-0.8990824222564697,0.023099780082702637
1788654138911517700,7.380517578125,-0.24865055084228516,-0.8152992725372314,0.058697789907455444
1788654138927571000,7.396571044921875,-0.5517148971557617,-0.7295503616333008,0.0847901701927185
1788654138943632400,7.41263232421875,-0.7757482528686523,-0.6074690818786621,0.043595314025878906
1788654138959676400,7.428676513671875,-0.6083602905273438,-0.4673616886138916,-0.10553981363773346
1788654138975740000,7.444739990234375,-0.43227386474609375,-0.32819628715515137,-0.20426738262176514
1788654138991781400,7.460781494140625,-0.4561300277709961,-0.18303537368774414,-0.05834382772445679
1788654139007844900,7.476844970703125,-0.7404594421386719,0.018276453018188477,-0.07951913774013519
1788654139023885800,7.4928857421875,-1.0292129516601562,0.11684775352478027,-0.13921287655830383
1788654139039940900,7.50894091796875,-1.0762977600097656,0.07264995574951172,-0.2077711671590805
1788654139055952000,7.524951904296875,-1.0332527160644531,0.11219644546508789,-0.24395041167736053
1788654139072012800,7.5410126953125,-0.7942132949829102,0.22172784805297852,-0.19931082427501678
1788654139088029700,7.55702978515625,-0.6572170257568359,0.342975378036499,-0.15824800729751587
1788654139104071400,7.573071533203125,-0.5183048248291016,0.36055827140808105,-0.1330379843711853
1788654139120141800,7.589141845703125,-0.32938575744628906,0.33128857612609863,-0.17107611894607544
1788654139136149000,7.60514892578125,-0.15257740020751953,0.3312339782714844,-0.18215185403823853
1788654139152220700,7.621220703125,0.004786491394042969,0.34893012046813965,-0.3027898669242859
1788654139176281600,7.645281494140625,0.3908510208129883,0.30866098403930664,-0.48270487785339355
1788654139200389000,7.66938916015625,0.5931110382080078,0.43547677993774414,-0.4128982722759247
1788654139216402700,7.685402587890625,0.5999612808227539,0.46959853172302246,-0.3237108588218689
1788654139232491000,7.701490966796875,0.7786436080932617,0.4757852554321289,-0.22225895524024963
1788654139248513800,7.717513671875,0.8581428527832031,0.4002411365509033,-0.20826812088489532
1788654139264580600,7.73358056640625,0.8388805389404297,0.27466583251953125,-0.20339837670326233
1788654139280619300,7.749619384765625,0.8022193908691406,0.12165284156799316,-0.1302480697631836
1788654139296627700,7.765627685546875,0.6065826416015625,0.13938474655151367,-0.22754442691802979
1788654139312713200,7.781713134765625,0.13308429718017578,0.7747368812561035,-0.37671247124671936
1788654139328729600,7.7977294921875,0.02673053741455078,0.7782971858978271,-0.022410035133361816
1788654139344793000,7.81379296875,-0.005532264709472656,0.6108229160308838,0.11468306183815002
1788654139360839400,7.82983935546875,0.48671913146972656,0.42986273765563965,-0.0233231782913208
1788654139376849400,7.845849365234375,1.4911890029907227,-0.035996437072753906,-0.0010413825511932373
1788654139392887800,7.8618876953125,2.723207473754883,-0.5020151138305664,-0.0008955597877502441
1788654139408908500,7.877908447265625,3.402376174926758,-0.7346885204315186,0.02843540906906128
1788654139424968000,7.893968017578125,2.9426631927490234,-0.8480179309844971,0.11229795217514038
1788654139440999700,7.909999755859375,1.69659423828125,-0.855701208114624,0.12055695056915283
1788654139457011700,7.92601171875,0.2943878173828125,-0.8123891353607178,-0.03388300538063049
1788654139473053700,7.9420537109375,-0.5218839645385742,-0.7584428787231445,0.1556350290775299
1788654139489075500,7.958075439453125,-1.128026008605957,-0.7240607738494873,0.2840794622898102
1788654139505142000,7.97414208984375,-1.2542543411254883,-0.7878332138061523,0.46518462896347046
1788654139521193000,7.99019287109375,-0.8010530471801758,-0.9187061786651611,0.8661351203918457
1788654139537203000,8.006202880859375,0.010555267333984375,-1.0772559642791748,1.1767089366912842
1788654139553254400,8.02225439453125,0.48780059814453125,-1.1788787841796875,1.1493072509765625
1788654139569278700,8.03827880859375,0.5938167572021484,-1.3634757995605469,1.0201890468597412
1788654139585363700,8.05436376953125,0.4832735061645508,-1.3835375308990479,0.8507503867149353
1788654139601420500,8.070420654296875,0.12829875946044922,-1.252854585647583,0.5443024039268494
1788654139617445000,8.086445068359374,-0.3506641387939453,-1.0987968444824219,0.12078630924224854
1788654139633504500,8.10250439453125,-0.5683479309082031,-0.8356285095214844,-0.010121285915374756
1788654139649542400,8.11854248046875,-0.7754039764404297,-0.6086711883544922,-0.17095035314559937
1788654139665587000,8.1345869140625,-0.9537410736083984,-0.38358521461486816,-0.30615222454071045
1788654139681671400,8.15067138671875,-0.915928840637207,-0.3598017692565918,-0.36442896723747253
1788654139697708000,8.1667080078125,-0.5585355758666992,-0.29599761962890625,-0.481617271900177
1788654139713780000,8.182780029296875,-0.42171382904052734,-0.1889808177947998,-0.319818913936615
1788654139729826600,8.19882666015625,-0.4241943359375,-0.0741581916809082,-0.04132425785064697
1788654139745881900,8.2148818359375,-0.49518394470214844,0.05562925338745117,0.16255170106887817
1788654139761912800,8.230912841796876,-0.42169189453125,0.09483456611633301,0.11356604099273682
1788654139777945300,8.2469453125,-0.3439035415649414,0.018007516860961914,-0.08413857221603394
1788654139794033400,8.263033447265625,-0.16320228576660156,-0.03826427459716797,0.00831913948059082
1788654139810084600,8.279084716796875,-0.36400413513183594,0.11791729927062988,0.2929363250732422
1788654139826145800,8.295145751953125,0.05155181884765625,0.008224725723266602,0.012870430946350098
1788654139842187300,8.311187255859375,0.1397552490234375,0.04285693168640137,0.11284017562866211
1788654139858238200,8.32723828125,0.4535484313964844,0.18259167671203613,0.12988907098770142
1788654139874311200,8.343311279296875,0.38828086853027344,0.3460400104522705,0.10406351089477539
1788654139890367000,8.359366943359374,0.1985626220703125,0.49233341217041016,0.09667819738388062
1788654139906447000,8.375447021484375,-0.27553462982177734,0.6796185970306396,0.3253411054611206
1788654139922498800,8.391498779296874,-0.5327081680297852,0.6650927066802979,-0.01767784357070923
1788654139938555600,8.4075556640625,-0.19234275817871094,0.5713350772857666,0.06455373764038086
1788654139954609400,8.423609375,0.3713254928588867,0.5781428813934326,0.18577420711517334
1788654139970630000,8.4396298828125,0.900944709777832,0.511763334274292,0.4188864231109619
1788654139986666500,8.45566650390625,1.265233039855957,0.4933493137359619,0.5413612723350525
1788654140002729700,8.471729736328125,1.217890739440918,0.4893929958343506,0.5264384746551514
1788654140018736000,8.487736083984375,0.8274307250976562,0.45383691787719727,0.4005151391029358
1788654140034796800,8.503796875,0.23286151885986328,0.7698967456817627,0.21889722347259521
1788654140050812400,8.5198125,-0.07720088958740234,1.0588510036468506,0.347323477268219
1788654140066852400,8.535852294921876,-0.0797882080078125,0.8827157020568848,0.26090413331985474
1788654140082925300,8.55192529296875,0.1977062225341797,0.7594468593597412,-0.12760072946548462
1788654140106979300,8.575979248046876,1.2913522720336914,0.3559391498565674,-0.29177793860435486
1788654140123028500,8.592028564453125,2.0420713424682617,-0.06975722312927246,-0.34257441759109497
1788654140139082800,8.608082763671876,2.288848876953125,-0.31729817390441895,-0.4581407606601715
1788654140155125800,8.624125732421875,2.111433982849121,-0.44481611251831055,-0.3773651123046875
1788654140171138300,8.64013818359375,1.6204605102539062,-0.7429308891296387,-0.39265716075897217
1788654140187196000,8.65619580078125,0.9605131149291992,-0.8924248218536377,-0.3410339057445526
1788654140203235800,8.67223583984375,0.23827648162841797,-0.9903841018676758,-0.18220597505569458
1788654140219254800,8.6882548828125,-0.241241455078125,-0.9422085285186768,-0.14394977688789368
1788654140235315500,8.7043154296875,-0.543726921081543,-0.9213674068450928,-0.2574130892753601
1788654140251320600,8.720320556640624,-0.5384130477905273,-0.8825557231903076,-0.3271462619304657
1788654140267387600,8.7363876953125,-0.43762683868408203,-0.8524186611175537,-0.3713153004646301
1788654140283425000,8.752425048828124,-0.2009115219116211,-0.8277308940887451,-0.42947760224342346
1788654140299458000,8.7684580078125,-0.035813331604003906,-0.8500597476959229,-0.4031052887439728
1788654140315486000,8.78448583984375,-0.05754566192626953,-0.7804207801818848,-0.3415674865245819
1788654140331495700,8.80049560546875,-0.19397258758544922,-0.6870391368865967,-0.17734292149543762
1788654140347572700,8.81657275390625,-0.2301502227783203,-0.5879800319671631,-0.04866340756416321
1788654140363612200,8.832612060546875,-0.18091583251953125,-0.5295186042785645,0.1072569191455841
1788654140379650600,8.848650634765624,-0.09432601928710938,-0.4223790168762207,0.12924602627754211
1788654140395679500,8.864679443359375,-0.1386861801147461,-0.30674242973327637,0.18603858351707458
1788654140411690200,8.880690185546875,-0.5385370254516602,-0.12193512916564941,0.14952313899993896
1788654140427728000,8.896727783203126,-0.8581094741821289,-0.04454302787780762,0.11578923463821411
1788654140443784200,8.9127841796875,-0.8758544921875,0.08821797370910645,-0.0016364455223083496
1788654140459839200,8.928839111328125,-0.7919549942016602,0.23828458786010742,-0.0798112154006958
1788654140475884800,8.944884765625,-0.5693788528442383,0.3343346118927002,-0.13823598623275757
1788654140491901000,8.96090087890625,-0.45491695404052734,0.4467000961303711,-0.22095303237438202
1788654140507941600,8.976941650390625,-0.47359371185302734,0.5661435127258301,-0.2728158235549927
1788654140523993300,8.992993408203125,-0.5253572463989258,0.6222934722900391,-0.2579095959663391
1788654140540009500,9.009009521484375,-0.6279926300048828,0.6541531085968018,-0.2478344738483429
1788654140556066600,9.025066650390626,-0.6460456848144531,0.7053828239440918,-0.19597946107387543
1788654140572089900,9.04108984375,-0.5389509201049805,0.6779897212982178,-0.20301556587219238
1788654140588142600,9.057142578125,-0.36643409729003906,0.6626217365264893,-0.1566382795572281
1788654140604210000,9.0732099609375,-0.18340778350830078,0.6468777656555176,0.0031692087650299072
1788654140620240100,9.089240234375,-0.036950111389160156,0.5762696266174316,-0.051439762115478516
1788654140636302800,9.105302734375,0.10986042022705078,0.555335521697998,-0.053684353828430176
1788654140652341000,9.121341064453125,0.1277179718017578,0.5798797607421875,0.02242410182952881
1788654140668404000,9.137404052734375,-0.001430511474609375,0.5603950023651123,0.03631684184074402
1788654140684477000,9.153476806640626,-0.1725444793701172,0.5787463188171387,0.03144639730453491
1788654140700514800,9.169514892578125,-0.23551368713378906,0.5746119022369385,0.026440024375915527
1788654140716543200,9.185543212890625,-0.05599212646484375,0.5490686893463135,-0.13253210484981537
1788654140732584200,9.201584228515625,0.30707454681396484,0.529979944229126,-0.20478662848472595
1788654140748656400,9.217656494140625,0.633702278137207,0.5216166973114014,-0.35367363691329956
1788654140764748000,9.233748046875,0.8533649444580078,0.4388749599456787,-0.4421538710594177
1788654140780797000,9.249796875,0.8265848159790039,0.39890575408935547,-0.5279508233070374
1788654140796829400,9.265829345703125,0.7888078689575195,0.30870485305786133,-0.5499305725097656
1788654140812883200,9.28188330078125,0.674555778503418,0.37408947944641113,-0.7464929819107056
1788654140828959700,9.297959716796875,0.44716739654541016,0.9776899814605713,-0.8354389071464539
1788654140845054500,9.314054443359375,0.4432563781738281,0.8343989849090576,-0.04050952196121216
1788654140861110000,9.330110107421875,0.593907356262207,0.4021952152252197,0.4740416407585144
1788654140877160200,9.34616015625,1.1247081756591797,0.1850876808166504,0.18610164523124695
1788654140893173200,9.36217333984375,2.001143455505371,-0.26892566680908203,0.2608596384525299
1788654140909212700,9.378212646484375,2.9228124618530273,-0.8450748920440674,0.26951295137405396
1788654140925234200,9.394234130859376,3.147902488708496,-1.0392885208129883,0.2561543583869934
1788654140941275600,9.410275634765625,2.448245048522949,-0.9956519603729248,0.21919000148773193
1788654140957337600,9.426337646484376,1.6395368576049805,-0.9927184581756592,0.1126810610294342
1788654140973350700,9.4423505859375,0.690460205078125,-1.0345067977905273,0.12033864855766296
1788654140989402000,9.458402099609375,-0.1721792221069336,-0.8687162399291992,0.16291126608848572
1788654141005440300,9.474440185546875,-0.7446813583374023,-0.7220356464385986,0.3247532546520233
1788654141021456000,9.490455810546875,-0.818669319152832,-0.8003394603729248,0.49675172567367554
1788654141037518300,9.506518310546875,-0.3890361785888672,-0.9848430156707764,0.658620297908783
1788654141053531000,9.52253076171875,0.016513824462890625,-1.2477624416351318,0.7265564799308777
1788654141069598200,9.53859814453125,0.3161897659301758,-1.4117600917816162,0.6170252561569214
1788654141085643500,9.5546435546875,0.6953048706054688,-1.6021389961242676,0.6280949115753174
1788654141101667800,9.570667724609375,0.8010730743408203,-1.6095337867736816,0.5728716254234314
1788654141117738500,9.586738525390626,0.48504066467285156,-1.5818219184875488,0.439685195684433
1788654141133754400,9.60275439453125,-0.1492137908935547,-1.4775488376617432,0.2565303146839142
1788654141149826000,9.618825927734376,-0.830805778503418,-1.202866792678833,0.19962111115455627
1788654141165869600,9.63486962890625,-1.2666077613830566,-0.97772216796875,0.23832687735557556
1788654141181913600,9.65091357421875,-1.560941219329834,-0.7785546779632568,0.261229932308197
1788654141197991000,9.666990966796876,-1.7306876182556152,-0.5268163681030273,0.1494397521018982
1788654141214029600,9.683029541015625,-1.6199102401733398,-0.37079596519470215,0.03304070234298706
1788654141230106400,9.6991064453125,-1.2762436866760254,-0.301785945892334,-0.04636456072330475
1788654141254158000,9.723157958984375,-0.629582405090332,-0.13521695137023926,0.04312777519226074
1788654141270225200,9.73922509765625,-0.4482460021972656,-0.05249762535095215,0.13830381631851196
1788654141286266400,9.755266357421876,-0.29550743103027344,0.03784370422363281,0.21847108006477356
1788654141302270700,9.771270751953125,-0.08464336395263672,0.1291821002960205,0.30066412687301636
1788654141318318600,9.787318603515626,0.029369354248046875,0.20758628845214844,0.343234658241272
1788654141334336800,9.803336669921874,0.2291727066040039,0.23038291931152344,0.23078709840774536
1788654141350413600,9.81941357421875,0.3691139221191406,0.2632944583892822,0.07167613506317139
1788654141366470000,9.835469970703125,0.4302253723144531,0.31993889808654785,0.04147663712501526
1788654141382482700,9.851482666015626,0.38225746154785156,0.40012121200561523,-0.017228424549102783
1788654141398535400,9.867535400390626,0.247711181640625,0.5708620548248291,-0.10765276849269867
1788654141414557200,9.88355712890625,0.016260147094726562,0.6830911636352539,-0.0015504658222198486
1788654141430592800,9.8995927734375,-0.2335367202758789,0.7867822647094727,-0.0014698207378387451
1788654141446647600,9.9156474609375,-0.2640705108642578,0.8221981525421143,-0.09283563494682312
1788654141462667800,9.931667724609374,-0.009407997131347656,0.7330112457275391,-0.12292129546403885
1788654141478736100,9.947736083984376,0.21155166625976562,0.6215245723724365,-0.012431174516677856
1788654141494762800,9.9637626953125,0.2910270690917969,0.5356650352478027,0.09233945608139038
1788654141510800000,9.9797998046875,0.3692455291748047,0.34154462814331055,0.18693232536315918
1788654141526869200,9.995869140625,0.4726696014404297,0.11656951904296875,0.32996588945388794
1788654141542897400,10.0118974609375,0.6966123580932617,0.036113739013671875,0.42011556029319763
1788654141558974000,10.027973876953125,0.8152303695678711,0.1626296043395996,0.38977447152137756
1788654141575017200,10.044017333984375,0.6439390182495117,0.5692663192749023,0.4655534625053406
1788654141591070000,10.060070068359375,0.6096887588500977,0.5648386478424072,0.6745460033416748
1788654141607149300,10.0761494140625,0.8075761795043945,0.4565749168395996,0.3855017125606537
1788654141623188000,10.09218798828125,1.4540023803710938,0.16504287719726562,0.3152078688144684
1788654141639283700,10.10828369140625,2.204936981201172,-0.23376250267028809,0.15660949051380157
1788654141655338200,10.124338134765624,2.9231882095336914,-0.5341196060180664,-0.009199172258377075
1788654141671371800,10.140371826171876,3.1221485137939453,-0.8479042053222656,-0.08640972524881363
1788654141687430400,10.156430419921875,2.672762870788574,-1.0825190544128418,-0.12570947408676147
1788654141703477000,10.17247705078125,1.8669519424438477,-1.3009905815124512,-0.31722521781921387
1788654141719554800,10.188554931640626,1.0006380081176758,-1.4992451667785645,-0.4025728702545166
1788654141735608800,10.20460888671875,0.1806325912475586,-1.4199893474578857,-0.4616497755050659
1788654141751659500,10.220659423828126,-0.5080442428588867,-1.318056344985962,-0.42243847250938416
1788654141767688700,10.236688720703125,-0.7884235382080078,-1.3534152507781982,-0.38297832012176514
1788654141783741400,10.252741455078125,-0.8750886917114258,-1.2599756717681885,-0.4383355379104614
1788654141799832000,10.26883203125,-0.8256368637084961,-1.0785000324249268,-0.4832920432090759
1788654141815887600,10.2848876953125,-0.6151371002197266,-0.990415096282959,-0.5297355651855469
1788654141831957200,10.300957275390624,-0.3322486877441406,-1.0721664428710938,-0.5738651156425476
1788654141848002000,10.317001953125,0.03611946105957031,-1.0689055919647217,-0.601309061050415
1788654141864009200,10.33300927734375,0.5015239715576172,-1.0230581760406494,-0.4533098042011261
1788654141880066300,10.34906640625,0.7881193161010742,-0.9318830966949463,-0.3441506326198578
1788654141896085200,10.365085205078126,0.6333446502685547,-0.7970271110534668,-0.24614563584327698
1788654141912170200,10.381170166015625,0.09854316711425781,-0.5764939785003662,-0.09615272283554077
1788654141928228900,10.397228759765625,-0.5118141174316406,-0.3577406406402588,0.00984734296798706
1788654141944238800,10.41323876953125,-1.017024040222168,-0.17680978775024414,0.09298548102378845
1788654141960295700,10.429295654296874,-1.1960268020629883,-0.030616283416748047,0.14318132400512695
1788654141976313300,10.445313232421874,-1.1331501007080078,-0.03343772888183594,0.10247635841369629
1788654141992360400,10.4613603515625,-0.8595294952392578,0.015482664108276367,-0.03996521234512329
1788654142008429800,10.477429931640625,-0.6808862686157227,0.10952019691467285,-0.10107560455799103
1788654142024438300,10.493438232421875,-0.49480438232421875,0.16704463958740234,-0.16875019669532776
1788654142040514800,10.509514892578125,-0.40767860412597656,0.19163846969604492,-0.19550910592079163
1788654142056534000,10.525533935546875,-0.3563518524169922,0.2619907855987549,-0.1884160041809082
1788654142072588300,10.54158837890625,-0.4053173065185547,0.27237582206726074,-0.2278522551059723
1788654142088664300,10.557664306640625,-0.5011768341064453,0.24872922897338867,-0.27854010462760925
1788654142104673800,10.573673828125,-0.4867439270019531,0.27242565155029297,-0.30906376242637634
1788654142120752600,10.589752685546875,-0.3757638931274414,0.26276350021362305,-0.3060784935951233
1788654142136777000,10.60577685546875,-0.2822093963623047,0.31024169921875,-0.21262431144714355
1788654142152840400,10.62184033203125,-0.11263275146484375,0.2904949188232422,-0.1208178699016571
1788654142168877800,10.6378779296875,0.008270263671875,0.25676894187927246,-0.1712600141763687
1788654142184886300,10.65388623046875,0.19535064697265625,0.28797268867492676,-0.14409096539020538
1788654142200978200,10.669978271484375,0.34339332580566406,0.36500978469848633,-0.15562552213668823
1788654142216995000,10.6859951171875,0.2866525650024414,0.42014122009277344,-0.16367755830287933
1788654142233065700,10.702065673828125,0.34458255767822266,0.3874368667602539,-0.13317252695560455
1788654142249115100,10.718115234375,0.4983081817626953,0.33748483657836914,-0.13873392343521118
1788654142265132000,10.734132080078124,0.7162141799926758,0.24307513236999512,0.04740896821022034
1788654142281181700,10.750181640625,0.7938060760498047,0.162553071975708,0.12130051851272583
1788654142297199400,10.766199462890626,0.7423305511474609,0.11730384826660156,0.1483861207962036
1788654142313278200,10.7822783203125,0.4620208740234375,0.6552605628967285,-0.16280247271060944
1788654142329334800,10.798334716796875,0.17407512664794922,1.0482890605926514,0.20452988147735596
1788654142345342500,10.814342529296875,0.21676254272460938,0.4475526809692383,0.6617186665534973
1788654142361402600,10.830402587890624,0.18218421936035156,0.362560510635376,0.36582475900650024
1788654142377427200,10.84642724609375,0.9431056976318359,0.0605769157409668,0.41882312297821045
1788654142393471000,10.862470947265624,2.171558380126953,-0.4500458240509033,0.2646521031856537
1788654142409528000,10.878528076171875,3.287973403930664,-0.7986204624176025,0.10971318185329437
1788654142425540600,10.89454052734375,3.4155654907226562,-0.8332209587097168,0.17692746222019196
1788654142441585000,10.9105849609375,2.6374025344848633,-0.9275567531585693,0.23949728906154633
1788654142457617400,10.926617431640626,1.4473457336425781,-1.010190725326538,0.24947349727153778
1788654142473686000,10.94268603515625,0.2668333053588867,-0.9738855361938477,0.39626839756965637
1788654142489745400,10.958745361328125,-0.8676767349243164,-0.8877894878387451,0.42936602234840393
1788654142505777700,10.974777587890625,-1.336869239807129,-0.7410299777984619,0.4818180203437805
1788654142521843500,10.990843505859376,-1.270169734954834,-0.7196593284606934,0.655092716217041
1788654142537909000,11.006908935546875,-0.8417177200317383,-0.7111668586730957,0.7496966123580933
1788654142553963300,11.02296337890625,-0.4390888214111328,-0.8501756191253662,0.9295812845230103
1788654142569995500,11.03899560546875,-0.01752185821533203,-1.0760974884033203,1.0129468441009521
1788654142586047700,11.0550478515625,0.3257293701171875,-1.287745714187622,0.9298299551010132
1788654142602125800,11.071125732421875,0.6642799377441406,-1.4115915298461914,0.7653822302818298
1788654142618174700,11.0871748046875,0.9369430541992188,-1.405583381652832,0.5622610449790955
1788654142634233600,11.103233642578125,0.8820924758911133,-1.3219058513641357,0.36087140440940857
1788654142650268200,11.11926806640625,0.6928129196166992,-1.0438873767852783,0.08425992727279663
1788654142666322400,11.135322509765626,0.1919269561767578,-0.863142728805542,0.022054851055145264
1788654142682403800,11.15140380859375,-0.3503446578979492,-0.6261029243469238,-0.10697567462921143
1788654142698460700,11.167460693359375,-0.7251291275024414,-0.42116427421569824,-0.1432267725467682
1788654142714525200,11.183525146484374,-1.0200786590576172,-0.33435487747192383,-0.12748673558235168
1788654142730558200,11.19955810546875,-1.144993782043457,-0.24163174629211426,-0.08240514993667603
1788654142746599000,11.215598876953125,-1.132594108581543,-0.06647944450378418,-0.030749231576919556
1788654142762695000,11.23169482421875,-1.0008001327514648,0.05971932411193848,0.13845163583755493
1788654142778760400,11.247760498046874,-0.80047607421875,0.14101243019104004,0.2729340195655823
1788654142794836700,11.263836669921876,-0.6289396286010742,0.12743782997131348,0.33133354783058167
1788654142810899500,11.2798994140625,-0.30825042724609375,0.10338544845581055,0.4511353373527527
1788654142826911500,11.295911376953125,-0.19168472290039062,0.11381316184997559,0.42952293157577515
1788654142842974000,11.311973876953125,-0.06408023834228516,0.0630960464477539,0.4814020097255707
1788654142858995500,11.327995361328124,0.12668704986572266,-0.004587888717651367,0.5436263084411621
1788654142875042600,11.34404248046875,0.3176603317260742,-0.0013892650604248047,0.46822425723075867
1788654142891112400,11.360112548828125,0.6045360565185547,0.09418106079101562,0.39754992723464966
1788654142907132700,11.376132568359376,0.6942262649536133,0.18067622184753418,0.32902753353118896
1788654142923203000,11.392203125,0.4860515594482422,0.3831310272216797,0.34343421459198
1788654142939220700,11.408220703125,0.2148122787475586,0.5345425605773926,0.25545185804367065
1788654142955274500,11.4242744140625,-0.10152053833007812,0.5875303745269775,0.15809312462806702
1788654142971350300,11.440350341796876,-0.2545194625854492,0.5943763256072998,0.09476169943809509
1788654142987359500,11.456359375,-0.1846485137939453,0.4064638614654541,-0.004828155040740967
1788654143003427000,11.472427001953125,0.23810100555419922,0.41938018798828125,-0.025850534439086914
1788654143019442400,11.4884423828125,0.48394107818603516,0.24722957611083984,0.09759992361068726
1788654143035501800,11.504501708984375,0.5431461334228516,0.21604251861572266,0.09555712342262268
1788654143051594200,11.52059423828125,0.4512615203857422,0.08345150947570801,0.23543214797973633
1788654143067609600,11.536609619140625,0.06952190399169922,-0.01660919189453125,0.3236376643180847
1788654143083699200,11.55269921875,-0.2738218307495117,0.3090794086456299,0.2296326458454132
1788654143099714600,11.568714599609375,-0.41927051544189453,0.5978202819824219,0.22221103310585022
1788654143115770000,11.58477001953125,-0.2207040786743164,0.49797582626342773,0.0969705879688263
1788654143131805400,11.600805419921874,0.0757131576538086,0.40662550926208496,-0.09189221262931824
1788654143147805400,11.616805419921874,0.7329950332641602,0.33097028732299805,-0.3172737658023834
1788654143163901000,11.63290087890625,1.3316221237182617,0.10634613037109375,-0.6175962686538696
1788654143179914500,11.64891455078125,1.4882965087890625,-0.20883393287658691,-0.741735577583313
1788654143195970000,11.664969970703124,1.4715442657470703,-0.4181406497955322,-0.753607988357544
1788654143212012000,11.681011962890626,1.428370475769043,-0.5821106433868408,-0.6602351069450378
1788654143228024600,11.697024658203125,1.2858190536499023,-0.7407941818237305,-0.5445641279220581
1788654143244066300,11.71306640625,1.1389522552490234,-0.780242919921875,-0.5743697285652161
1788654143260083000,11.7290830078125,0.8068084716796875,-0.9218149185180664,-0.4186275899410248
1788654143276159200,11.7451591796875,0.47608184814453125,-1.0148911476135254,-0.3104113042354584
1788654143292213800,11.7612138671875,0.1372814178466797,-1.040848731994629,-0.26711395382881165
1788654143308232400,11.777232421875,0.015135765075683594,-0.9795105457305908,-0.26994454860687256
1788654143324286500,11.793286376953125,-0.20450210571289062,-0.8831923007965088,-0.27830731868743896
1788654143348363800,11.81736376953125,-0.12264633178710938,-0.8011868000030518,-0.13930384814739227
1788654143364414700,11.833414794921875,0.09726619720458984,-0.8588473796844482,-0.09851958602666855
1788654143380434000,11.849433837890626,0.3949289321899414,-1.0430927276611328,-0.03601647913455963
1788654143396489500,11.865489501953125,0.9710283279418945,-1.1679390668869019,0.01988053321838379
1788654143412547800,11.8815478515625,1.1485395431518555,-1.2188720703125,-0.0751112848520279
1788654143428561700,11.897561767578125,0.9503965377807617,-1.144014596939087,-0.054834797978401184
1788654143444628500,11.91362841796875,0.39693164825439453,-0.9091501235961914,-0.12102624773979187
1788654143460668200,11.929668212890626,-0.13168907165527344,-0.6545102596282959,-0.13628004491329193
1788654143476733700,11.945733642578125,-0.5388202667236328,-0.4801332950592041,-0.09037534892559052
1788654143492804000,11.96180419921875,-0.6904993057250977,-0.3464972972869873,0.025443464517593384
1788654143508829000,11.977828857421875,-0.6243524551391602,-0.294513463973999,0.11161354184150696
1788654143524897800,11.993897705078124,-0.7217683792114258,-0.25714731216430664,0.20622026920318604
1788654143540934700,12.0099345703125,-0.7630796432495117,-0.1985611915588379,0.25880786776542664
1788654143557010400,12.026010498046874,-0.5621709823608398,-0.1227116584777832,0.24479568004608154
1788654143573082400,12.042082275390625,-0.17777442932128906,-0.07826423645019531,0.15950673818588257
1788654143589117400,12.058117431640625,0.07442092895507812,-0.08011531829833984,0.02186301350593567
1788654143605158100,12.074158203125,0.30762672424316406,-0.08708381652832031,-0.04497666656970978
1788654143621203000,12.090202880859374,0.6323843002319336,-0.1121675968170166,-0.12422914803028107
1788654143637288200,12.1062880859375,0.9434776306152344,-0.1273341178894043,-0.26943856477737427
1788654143653373700,12.122373779296876,1.1037416458129883,-0.17452478408813477,-0.30104488134384155
1788654143669413600,12.13841357421875,1.0734710693359375,-0.1950218677520752,-0.1956646740436554
1788654143685450200,12.1544501953125,0.6605243682861328,-0.09925532341003418,-0.09568677842617035
1788654143701513200,12.17051318359375,0.1865091323852539,-0.041852712631225586,0.03119024634361267
1788654143717545700,12.186545654296875,-0.14787864685058594,-0.03706073760986328,0.016764730215072632
1788654143733609500,12.202609375,-0.27753448486328125,0.04336881637573242,-0.10185375809669495
1788654143749667600,12.21866748046875,-0.3672142028808594,0.039222002029418945,-0.2706248164176941
1788654143765713000,12.234712890625,-0.4562368392944336,0.09132742881774902,-0.4410683214664459
1788654143781720000,12.250719970703125,-0.4099292755126953,0.2652130126953125,-0.5560916662216187
1788654143797771500,12.266771484375,-0.45213985443115234,0.622042179107666,-0.524584949016571
1788654143813843700,12.28284375,-0.579010009765625,1.0529890060424805,-0.360251784324646
1788654143829863400,12.298863525390624,-0.8488292694091797,1.195953369140625,-0.13429811596870422
1788654143845924000,12.314924072265624,-0.7562189102172852,0.9251608848571777,0.15480339527130127
1788654143861930800,12.3309306640625,-0.2026805877685547,0.6310043334960938,0.15096575021743774
1788654143878003500,12.34700341796875,0.6332578659057617,0.2689507007598877,0.13229313492774963
1788654143894059800,12.363059814453125,1.5062437057495117,0.004620790481567383,0.06030943989753723
1788654143910076700,12.37907666015625,1.7035112380981445,-0.01849675178527832,0.09743276238441467
1788654143926142500,12.395142578125,1.079549789428711,0.10084652900695801,0.033724457025527954
1788654143942153700,12.41115380859375,0.17537403106689453,0.33768415451049805,0.027718782424926758
1788654143958221000,12.427220947265624,-0.5572566986083984,0.4837486743927002,0.02468329668045044
1788654143974278100,12.443278076171875,-1.0637168884277344,0.5988450050354004,0.03160899877548218
1788654143990315500,12.4593154296875,-1.0213499069213867,0.7088611125946045,0.12142050266265869
1788654144006392600,12.475392578125,-0.9321432113647461,0.6833162307739258,0.2179393470287323
1788654144022409000,12.491408935546875,-0.02035236358642578,0.36594724655151367,-0.014904916286468506
1788654144038474500,12.507474609375,0.4362068176269531,0.28121209144592285,-0.07756577432155609
1788654144054522600,12.523522705078125,0.7835807800292969,0.13856959342956543,-0.15793851017951965
1788654144070563600,12.5395634765625,0.8275527954101562,0.16927385330200195,-0.15337908267974854
1788654144086599200,12.55559912109375,0.5783834457397461,0.17956995964050293,-0.16249769926071167
1788654144102615800,12.57161572265625,0.2854804992675781,0.16826558113098145,-0.12595541775226593
1788654144118699300,12.58769921875,0.14843082427978516,0.15689921379089355,0.049400508403778076
1788654144134749000,12.6037490234375,0.1282510757446289,0.19500970840454102,0.1960158348083496
1788654144150794500,12.61979443359375,0.1072235107421875,0.17053437232971191,0.27694767713546753
1788654144166838800,12.6358388671875,0.023729324340820312,0.18689656257629395,0.3555135130882263
1788654144182855000,12.65185498046875,-0.09038925170898438,0.20155692100524902,0.3754710555076599
1788654144198901000,12.66790087890625,-0.17754554748535156,0.23107266426086426,0.2588379979133606
1788654144214962700,12.683962646484375,-0.12127971649169922,0.23223495483398438,0.11645188927650452
1788654144230973000,12.699972900390625,-0.03203773498535156,0.21296286582946777,0.0482388436794281
1788654144247013000,12.71601318359375,0.030517578125,0.24945282936096191,0.031154870986938477
1788654144271042000,12.7400419921875,0.15394115447998047,0.2612025737762451,-0.011579751968383789
1788654144287095300,12.75609521484375,0.1182260513305664,0.25295114517211914,0.02137613296508789
1788654144303120000,12.772119873046876,-0.015622138977050781,0.25452446937561035,-0.007943868637084961
1788654144319166500,12.78816650390625,0.005824089050292969,0.21883606910705566,0.024891555309295654
1788654144335236600,12.804236572265625,0.027342796325683594,0.26214098930358887,0.0945405662059784
1788654144351266600,12.8202666015625,0.008700370788574219,0.2321631908416748,0.12211808562278748
1788654144367336000,12.8363359375,-0.0787038803100586,0.23607110977172852,0.09480208158493042
1788654144383371500,12.85237158203125,-0.19683361053466797,0.18854427337646484,0.11048814654350281
1788654144399419600,12.868419677734375,-0.21286964416503906,0.17944073677062988,0.07928380370140076
1788654144415499300,12.884499267578125,-0.12732315063476562,0.17926764488220215,0.09843039512634277
1788654144431535900,12.900535888671875,0.04552650451660156,0.12814784049987793,0.005572199821472168
1788654144447605200,12.916605224609375,0.20804500579833984,0.07986569404602051,0.049773991107940674
1788654144463645400,12.9326455078125,0.21262550354003906,0.06804919242858887,0.0214308500289917
1788654144479697700,12.94869775390625,0.1910877227783203,0.04145622253417969,0.00860452651977539
1788654144495732000,12.96473193359375,0.14791393280029297,0.060388803482055664,0.045716315507888794
1788654144511783200,12.980783203125,0.0948953628540039,0.10595989227294922,0.07215133309364319
1788654144527860500,12.996860595703126,0.08922767639160156,0.09990882873535156,0.0808773934841156
1788654144543909400,13.012909423828125,0.10732364654541016,0.1153864860534668,0.06694704294204712
1788654144559966000,13.028966064453124,0.14725399017333984,0.153702974319458,-0.024468213319778442
1788654144576001000,13.0450009765625,0.06073760986328125,0.1450493335723877,0.021442919969558716
1788654144592060400,13.061060302734376,-0.03721427917480469,0.21128225326538086,0.017718762159347534
1788654144608155000,13.07715478515625,-0.04650306701660156,0.22491717338562012,-0.04306679964065552
1788654144624213800,13.0932138671875,-0.00714111328125,0.19561028480529785,0.010560035705566406
1788654144640286700,13.10928662109375,0.09764575958251953,0.19986248016357422,-0.02446848154067993
1788654144656327000,13.125326904296875,0.11874771118164062,0.13886332511901855,-0.031337887048721313
1788654144672343600,13.141343505859375,0.11078643798828125,0.1552112102508545,-0.007664889097213745
1788654144688384500,13.157384521484374,0.08089256286621094,0.1633756160736084,-0.0045996010303497314
1788654144704404000,13.173404052734375,0.09638595581054688,0.16493654251098633,-0.06791561841964722
1788654144720435500,13.189435546875,0.17861175537109375,0.11221790313720703,-0.001072227954864502
1788654144736491300,13.2054912109375,0.23428821563720703,0.12016749382019043,0.011958718299865723
1788654144752506400,13.22150634765625,0.16760826110839844,0.0836944580078125,0.030206382274627686
1788654144768565800,13.237565673828126,0.18917179107666016,0.11082077026367188,0.04642549157142639
1788654144784581000,13.2535810546875,0.1654214859008789,0.09916186332702637,0.09348821640014648
1788654144800620000,13.2696201171875,0.1563243865966797,0.11516928672790527,0.1251060962677002
1788654144816691700,13.285691650390625,0.0855712890625,0.1435990333557129,0.11946797370910645
1788654144832714200,13.30171435546875,0.0009431838989257812,0.1486492156982422,0.09934794902801514
1788654144848778000,13.317778076171875,-0.019796371459960938,0.13649463653564453,0.08121651411056519
1788654144864796200,13.333796142578125,0.018968582153320312,0.11125659942626953,0.04245460033416748
1788654144880842000,13.349842041015625,0.05048370361328125,0.10816621780395508,0.06349390745162964
1788654144896873200,13.365873291015625,0.01743793487548828,0.10485363006591797,0.10115176439285278
1788654144912892700,13.381892578125,0.002109527587890625,0.10091304779052734,0.05363905429840088
1788654144928971000,13.397970947265625,0.041443824768066406,0.09258055686950684,0.01830989122390747
1788654144944987100,13.413987060546875,0.07507991790771484,0.0766909122467041,0.0016660094261169434
1788654144961039600,13.43003955078125,0.08452415466308594,0.054505109786987305,-0.07563430070877075
1788654144977070600,13.446070556640626,0.08660316467285156,0.0404815673828125,-0.06704816222190857
1788654144993086700,13.462086669921876,0.10301876068115234,0.01486349105834961,-0.053140610456466675
1788654145009173000,13.478173095703125,0.10511207580566406,0.02276158332824707,-0.028013944625854492
1788654145025192400,13.4941923828125,0.1429605484008789,0.050357818603515625,0.013368368148803711
1788654145041255000,13.5102548828125,0.2094440460205078,0.05437135696411133,0.04230046272277832
1788654145057295000,13.526295166015625,0.1636819839477539,0.024067401885986328,0.02067205309867859
1788654145073308000,13.542307861328124,0.10358905792236328,0.043729305267333984,0.06269538402557373
1788654145089395700,13.558395751953125,0.1224832534790039,0.06091952323913574,0.05771803855895996
1788654145105412400,13.574412353515624,0.06972408294677734,0.03934311866760254,0.11465412378311157
1788654145121486300,13.590486328125,0.012442588806152344,0.05279111862182617,0.16262391209602356
1788654145137529600,13.606529541015625,0.01751708984375,0.053997039794921875,0.11693692207336426
1788654145153548800,13.622548828125,0.027128219604492188,0.041608572006225586,0.13815736770629883
1788654145169601500,13.6386015625,0.13454914093017578,0.08301544189453125,0.13257473707199097
1788654145185617200,13.6546171875,0.16276264190673828,0.07236838340759277,0.11008414626121521
1788654145201690000,13.670690185546874,0.1981973648071289,0.0399169921875,0.06220066547393799
1788654145217770000,13.68677001953125,0.19302654266357422,0.04040884971618652,0.04022058844566345
1788654145233793500,13.70279345703125,0.19304370880126953,0.04195237159729004,0.002525806427001953
1788654145249855500,13.71885546875,0.18613719940185547,0.03557014465332031,-0.04966449737548828
1788654145265891300,13.734891357421875,0.22951793670654297,0.036318063735961914,0.006135016679763794
1788654145281936000,13.750935791015625,0.21317005157470703,0.00800323486328125,0.021026134490966797
1788654145298007300,13.76700732421875,0.1612253189086914,0.02935957908630371,0.050350069999694824
1788654145314043100,13.783043212890625,0.01866436004638672,0.004337310791015625,0.10704708099365234
1788654145330107100,13.799107177734374,-0.02846527099609375,0.030411481857299805,0.12917527556419373
1788654145346143200,13.815143310546874,0.05983543395996094,0.030740737915039062,0.16883552074432373
1788654145362182700,13.8311826171875,0.17819976806640625,0.017567873001098633,0.13352978229522705
1788654145378258000,13.8472578125,0.22225093841552734,0.019404888153076172,0.10277307033538818
1788654145394301000,13.863301025390625,0.22655010223388672,0.021556854248046875,0.21982482075691223
1788654145410379800,13.8793798828125,0.17628765106201172,0.03937244415283203,0.26218974590301514
1788654145426430200,13.89543017578125,0.2980775833129883,-0.023229598999023438,0.24725431203842163
1788654145442485500,13.911485595703125,0.2875547409057617,-0.06275296211242676,0.20376870036125183
1788654145458509800,13.927509765625,0.2630777359008789,-0.07610392570495605,-0.03161516785621643
1788654145474559700,13.943559814453126,0.2130727767944336,-0.09287261962890625,-0.1210477352142334
1788654145490645000,13.95964501953125,0.07984256744384766,-0.06778264045715332,-0.15127325057983398
1788654145506703000,13.975703125,0.17376041412353516,-0.04016613960266113,-0.140568345785141
1788654145522766300,13.991766357421875,0.2314138412475586,-0.0386662483215332,-0.07625827193260193
1788654145538803000,14.007802978515626,0.19852924346923828,-0.0376126766204834,-0.05800095200538635
1788654145554854400,14.0238544921875,0.03965568542480469,-0.06356334686279297,0.03285539150238037
1788654145570891300,14.039891357421874,-0.003875732421875,-0.05642962455749512,0.1530570089817047
1788654145586950700,14.05595068359375,0.10150623321533203,-0.07842516899108887,0.1382405161857605
1788654145603017500,14.072017578125,0.17918777465820312,-0.12631940841674805,0.10763972997665405
1788654145619061800,14.088061767578125,0.38799095153808594,-0.13491058349609375,0.04854658246040344
1788654145635125500,14.10412548828125,0.48016834259033203,-0.135939359664917,0.0376259982585907
1788654145651174700,14.120174560546875,0.44500160217285156,-0.125380277633667,0.015254288911819458
1788654145667190000,14.13618994140625,0.3087959289550781,-0.1866593360900879,0.09631127119064331
1788654145683216000,14.1522158203125,0.24261856079101562,-0.21825122833251953,0.13171246647834778
1788654145699272000,14.16827197265625,0.1981830596923828,-0.2599470615386963,0.17865729331970215
1788654145715289300,14.184289306640625,0.1854076385498047,-0.28393054008483887,0.2842697501182556
1788654145731342800,14.2003427734375,0.144622802734375,-0.31664371490478516,0.3639604449272156
1788654145747360500,14.216360595703126,0.05894947052001953,-0.36983227729797363,0.42844098806381226
1788654145763389700,14.2323896484375,0.1341705322265625,-0.36696934700012207,0.47138822078704834
1788654145779444700,14.24844482421875,0.13837337493896484,-0.39266371726989746,0.45355936884880066
1788654145795455700,14.264455810546876,0.15086841583251953,-0.466717004776001,0.3974970579147339
1788654145811512300,14.28051220703125,0.05434226989746094,-0.48589658737182617,0.3663627803325653
1788654145827530800,14.29653076171875,0.05098152160644531,-0.5063273906707764,0.33768221735954285
1788654145843572200,14.312572265625,0.0756378173828125,-0.5744798183441162,0.3693692088127136
1788654145859640600,14.328640625,0.11373043060302734,-0.45538926124572754,0.2668335437774658
1788654145875656700,14.34465673828125,0.1365957260131836,-0.6421675682067871,0.3993414640426636
1788654145891729700,14.360729736328125,0.0817251205444336,-0.6247622966766357,0.3253509998321533
1788654145907749600,14.37674951171875,0.053203582763671875,-0.7612977027893066,0.27570027112960815
1788654145923798800,14.392798828125,0.1758260726928711,-0.8517072200775146,0.19019627571105957
1788654145939824400,14.408824462890625,0.5490951538085938,-1.1002745628356934,0.3618302345275879
1788654145955837200,14.424837158203125,0.9819631576538086,-1.407956600189209,0.037111103534698486
1788654145971914000,14.4409140625,1.3982124328613281,-1.5631771087646484,-0.03251385688781738
1788654145987931000,14.456930908203125,1.2641401290893555,-1.5105369091033936,-0.08932632207870483
1788654146003990500,14.472990478515625,0.5389976501464844,-1.3331481218338013,0.10869240760803223
1788654146020030200,14.4890302734375,-0.1731271743774414,-1.0019909143447876,0.259074866771698
1788654146036047000,14.505047119140626,-0.7716903686523438,-0.8515427112579346,0.5324969291687012
1788654146052123000,14.521122802734375,-0.8922138214111328,-0.711162805557251,0.5769714117050171
1788654146068136000,14.537135986328124,-0.7548532485961914,-0.6079907417297363,0.5739308595657349
1788654146084200400,14.553200439453125,-0.39508914947509766,-0.5048816204071045,0.5782825350761414
1788654146100246800,14.569246826171875,0.0704641342163086,-0.46440839767456055,0.6170272827148438
1788654146116255000,14.5852548828125,0.5503416061401367,-0.374042272567749,0.6086424589157104
1788654146132305200,14.60130517578125,1.1589269638061523,-0.31189751625061035,0.547539472579956
1788654146148325400,14.617325439453126,1.6340656280517578,-0.2791557312011719,0.3547861576080322
1788654146164405500,14.633405517578124,1.7786073684692383,-0.20593595504760742,0.24004793167114258
1788654146180461800,14.6494619140625,1.5334796905517578,-0.0406193733215332,0.3010596036911011
1788654146196483000,14.665483154296876,1.075974464416504,0.059827327728271484,0.35841572284698486
1788654146212541000,14.681541015625,0.5682487487792969,0.08092164993286133,0.31694531440734863
1788654146228573200,14.6975732421875,0.2651176452636719,0.04910564422607422,0.22342252731323242
1788654146244608300,14.713608154296875,0.1151876449584961,0.1038811206817627,0.12202835083007812
1788654146260672300,14.72967236328125,0.09911251068115234,0.00942087173461914,-0.029584527015686035
1788654146276701200,14.745701171875,-0.012170791625976562,-0.01886129379272461,-0.2801167964935303
1788654146292764400,14.761764404296875,-0.19222068786621094,0.034006595611572266,-0.5381061434745789
1788654146308798500,14.777798583984374,-0.2134685516357422,0.01722121238708496,-0.724203884601593
1788654146324839400,14.79383935546875,-0.05444526672363281,-0.06007862091064453,-0.9629182815551758
1788654146340908500,14.809908447265625,0.07637214660644531,-0.0839378833770752,-1.1377474069595337
1788654146356943400,14.825943359375,0.1497783660888672,-0.06738901138305664,-1.1889190673828125
1788654146373017600,14.842017578125,0.20003795623779297,-0.11572623252868652,-1.1588677167892456
1788654146389066200,14.858066162109376,0.17212390899658203,-0.11106491088867188,-1.0477585792541504
1788654146405120800,14.874120849609374,-0.002613067626953125,-0.07713174819946289,-0.8872349858283997
1788654146421159000,14.890158935546875,-0.20618057250976562,-0.05457782745361328,-0.6938382387161255
1788654146437209900,14.9062099609375,-0.2815818786621094,-0.0231020450592041,-0.6758136749267578
1788654146453291300,14.922291259765625,-0.20164203643798828,0.023883581161499023,-0.6439200043678284
1788654146469351400,14.938351318359375,-0.12901878356933594,0.06923413276672363,-0.5611645579338074
1788654146485413600,14.95441357421875,0.05814552307128906,0.074951171875,-0.44703707098960876
1788654146501450800,14.97045068359375,0.29027557373046875,0.010109663009643555,-0.2976662516593933
1788654146517508900,14.9865087890625,0.4218416213989258,-0.0275113582611084,-0.2330721914768219
1788654146533554400,15.002554443359376,0.44888973236083984,-0.04857063293457031,-0.175209641456604
1788654146549641200,15.01864111328125,0.41828250885009766,-0.06404471397399902,-0.0707966685295105
1788654146565711400,15.03471142578125,0.39307498931884766,0.028588056564331055,0.06816506385803223
1788654146581756000,15.050755859375,0.24382686614990234,0.022611618041992188,0.14025205373764038
1788654146597775000,15.066775146484375,-0.051543235778808594,0.20161890983581543,0.17574745416641235
1788654146613826300,15.082826416015624,-0.3509025573730469,0.36124300956726074,0.18762528896331787
1788654146629842700,15.0988427734375,-0.4164581298828125,0.42271971702575684,0.243546724319458
1788654146645892000,15.11489208984375,-0.11754322052001953,0.32511281967163086,0.1840134859085083
1788654146661955300,15.130955322265624,0.3732795715332031,0.07623744010925293,-0.003802180290222168
1788654146677959700,15.146959716796875,0.8864250183105469,-0.11109375953674316,-0.17251929640769958
1788654146694015700,15.163015625,1.0811090469360352,-0.1681373119354248,-0.4062007963657379
1788654146710032100,15.1790322265625,0.7904787063598633,-0.16156888008117676,-0.592190682888031
1788654146726071600,15.195071533203125,0.2613687515258789,-0.036245107650756836,-0.7321085929870605
1788654146742139100,15.21113916015625,-0.16722583770751953,0.1197819709777832,-0.7272295951843262
1788654146758144800,15.227144775390625,-0.4749183654785156,0.19049978256225586,-0.7710977792739868
1788654146774220500,15.243220458984375,-0.4623575210571289,0.17841076850891113,-0.8458623886108398
1788654146790237000,15.25923681640625,-0.5947418212890625,0.051706552505493164,-0.8001531362533569
1788654146806292700,15.275292724609375,-0.38770008087158203,0.010997772216796875,-0.8768720030784607
1788654146822374100,15.2913740234375,-0.16414642333984375,0.0071370601654052734,-0.8520163297653198
1788654146838384000,15.307384033203125,-0.028085708618164062,-0.07679629325866699,-0.8335301876068115
1788654146854461200,15.323461181640624,0.023447036743164062,-0.13908600807189941,-0.8741531372070312
1788654146870482200,15.339482177734375,0.04495716094970703,-0.1395723819732666,-0.8896081447601318
1788654146886543400,15.35554345703125,0.1578521728515625,-0.14831876754760742,-0.8221707940101624
1788654146902582300,15.371582275390624,0.3854484558105469,-0.13925457000732422,-0.7823276519775391
1788654146918600700,15.3876005859375,0.5485200881958008,-0.12488412857055664,-0.7014185190200806
1788654146934681000,15.40368115234375,0.6796579360961914,-0.16210412979125977,-0.7200152277946472
1788654146950698800,15.41969873046875,0.6385078430175781,-0.13656067848205566,-0.7223265767097473
1788654146966762800,15.4357626953125,0.55047607421875,-0.032042503356933594,-0.6112065315246582
1788654146982808600,15.45180859375,0.4899473190307617,-0.014365673065185547,-0.47925591468811035
1788654146998825000,15.467824951171876,0.3322181701660156,0.003283977508544922,-0.4745410680770874
1788654147014873600,15.48387353515625,0.2589693069458008,0.017145156860351562,-0.41412353515625
1788654147030891500,15.4998916015625,0.2391519546508789,0.031966447830200195,-0.38053765892982483
1788654147046965500,15.515965576171874,0.16973018646240234,0.004828214645385742,-0.4025045931339264
1788654147063015200,15.53201513671875,0.0987710952758789,0.016579151153564453,-0.490163117647171
1788654147079032600,15.548032470703125,0.002651214599609375,0.0254518985748291,-0.4505581259727478
1788654147095082800,15.564082763671875,-0.0274505615234375,0.0784306526184082,-0.46051040291786194
1788654147111107600,15.580107666015625,-0.08048534393310547,0.05196118354797363,-0.4966796636581421
1788654147127142700,15.596142578125,-0.17880916595458984,0.08193540573120117,-0.44505774974823
1788654147143217000,15.612216796875,-0.22903728485107422,0.12213253974914551,-0.37075239419937134
1788654147159246800,15.628246826171875,-0.2720479965209961,0.13196492195129395,-0.2414202094078064
1788654147175308500,15.64430859375,-0.22446823120117188,0.11040163040161133,-0.21620965003967285
1788654147191338800,15.6603388671875,-0.09874820709228516,0.14339160919189453,-0.2455015778541565
1788654147207379500,15.67637939453125,0.04507732391357422,0.0997614860534668,-0.23119044303894043
1788654147223454700,15.692454833984375,0.2426776885986328,0.06871867179870605,-0.1499425172805786
1788654147239480000,15.70847998046875,0.4130678176879883,0.017800569534301758,-0.10530638694763184
1788654147255555800,15.724555908203126,0.45851993560791016,-0.04752230644226074,-0.006474852561950684
1788654147271600400,15.740600341796876,0.4489860534667969,-0.04018545150756836,0.09578558802604675
1788654147287655200,15.7566552734375,0.3397340774536133,0.002288818359375,0.1374935805797577
1788654147303732000,15.77273193359375,0.2461700439453125,0.03824496269226074,0.1976432204246521
1788654147319772200,15.788772216796875,0.07764911651611328,0.05500531196594238,0.26332348585128784
1788654147335845600,15.804845703125,-0.2276296615600586,0.1713261604309082,0.34170958399772644
1788654147351892000,15.82089208984375,-0.5484075546264648,0.2965381145477295,0.4386506676673889
1788654147367960000,15.8369599609375,-0.7651205062866211,0.44299983978271484,0.5559619665145874
1788654147383994600,15.85299462890625,-0.6941242218017578,0.6388325691223145,0.5844278335571289
1788654147400036600,15.86903662109375,-0.3711280822753906,0.6868057250976562,0.7909569144248962
1788654147416125200,15.885125244140625,-0.018983840942382812,0.46301770210266113,0.9098230600357056
1788654147432173600,15.901173583984376,0.4559450149536133,0.17330670356750488,0.8165693283081055
1788654147448242400,15.917242431640625,0.8502874374389648,-0.06980013847351074,0.655765175819397
1788654147464281600,15.933281494140624,0.9968147277832031,-0.1905994415283203,0.5285235643386841
1788654147480334300,15.949334228515625,0.8578090667724609,-0.015703201293945312,0.4318161606788635
1788654147496427300,15.96542724609375,0.4241962432861328,0.12732195854187012,0.4600333571434021
1788654147512488700,15.98148876953125,-0.24887561798095703,0.2606923580169678,0.4837069511413574
1788654147528530000,15.997530029296875,-0.728337287902832,0.4226706027984619,0.5658913850784302
1788654147544588300,16.01358837890625,-1.0166196823120117,0.546588659286499,0.6183683276176453
1788654147560599000,16.02959912109375,-0.9791107177734375,0.43981432914733887,0.610000491142273
1788654147576664000,16.0456640625,-0.6932277679443359,0.37676167488098145,0.46850380301475525
1788654147592685300,16.061685302734375,-0.25393199920654297,0.3013768196105957,0.4071784019470215
1788654147608730000,16.077730224609375,0.22551631927490234,0.22690868377685547,0.4116533398628235
1788654147624805000,16.09380517578125,0.46602535247802734,0.12611722946166992,0.33522987365722656
1788654147640823800,16.10982373046875,0.6682262420654297,0.027323007583618164,0.22728665173053741
1788654147656890000,16.12589013671875,0.6837701797485352,-0.026093721389770508,0.28999534249305725
1788654147672915500,16.14191552734375,0.5376291275024414,0.03234744071960449,0.35115107893943787
1788654147688965600,16.157965576171875,0.29700565338134766,-0.035112857818603516,0.3985777497291565
1788654147705038300,16.174038330078126,0.08987617492675781,-0.008767366409301758,0.4139552116394043
1788654147721060000,16.19006005859375,-0.04419136047363281,0.05971646308898926,0.5509295463562012
1788654147737136600,16.20613671875,-0.14314842224121094,0.09045267105102539,0.5979357957839966
1788654147753161200,16.2221611328125,-0.21821117401123047,0.10523796081542969,0.6401340365409851
1788654147769230000,16.23822998046875,-0.2478923797607422,0.056340694427490234,0.6010984778404236
1788654147785272800,16.25427294921875,-0.11820030212402344,0.006145000457763672,0.49089333415031433
1788654147801296400,16.27029638671875,0.02933025360107422,0.01995539665222168,0.37039586901664734
1788654147817383700,16.2863837890625,0.14823246002197266,-0.005040407180786133,0.2875780463218689
1788654147833407700,16.30240771484375,0.1723651885986328,-0.00950312614440918,0.17476913332939148
1788654147849479000,16.31847900390625,0.037209510803222656,0.05155777931213379,0.12021598219871521
1788654147865537500,16.33453759765625,-0.10221290588378906,0.1035623550415039,0.13692879676818848
1788654147881563400,16.3505634765625,0.0164031982421875,0.12598156929016113,0.13415652513504028
1788654147897636900,16.366636962890624,0.17242813110351562,0.10561561584472656,0.13751432299613953
1788654147913663200,16.382663330078124,0.21041107177734375,0.10915827751159668,0.16586481034755707
1788654147929744600,16.39874462890625,0.2741832733154297,0.09295511245727539,0.11644028127193451
1788654147945803500,16.414803466796876,0.4788980484008789,0.37235379219055176,0.48459392786026
1788654147961831200,16.4308310546875,0.5073623657226562,0.0049152374267578125,0.3083146810531616
1788654147977890600,16.446890625,0.44054508209228516,-0.07926297187805176,-0.03560367226600647
1788654147993919700,16.462919677734376,0.5460023880004883,-0.17526626586914062,-0.13657808303833008
1788654148018040800,16.487040771484374,0.653904914855957,-0.1560983657836914,-0.004666686058044434
1788654148034068700,16.50306884765625,0.5832080841064453,-0.0465700626373291,0.2995563745498657
1788654148050129200,16.519129150390626,0.4860687255859375,-0.025336742401123047,0.3860761523246765
1788654148066193700,16.535193603515626,0.2734804153442383,-0.0335087776184082,0.3152751922607422
1788654148082216000,16.5512158203125,0.1814746856689453,-0.061124563217163086,0.10764656960964203
1788654148098280000,16.567280029296874,0.008664131164550781,-0.06919503211975098,0.01692645251750946
1788654148114314200,16.583314208984376,-0.15703201293945312,-0.02941298484802246,0.0030909478664398193
1788654148130379500,16.599379638671873,-0.2538442611694336,0.07431411743164062,-0.08568917214870453
1788654148146447000,16.615447021484375,-0.1934957504272461,0.04439854621887207,-0.1612776517868042
1788654148162467000,16.631467041015625,-0.18699264526367188,0.02570319175720215,-0.1790231466293335
1788654148178536700,16.64753662109375,-0.1267099380493164,0.030092954635620117,-0.10793676972389221
1788654148194579000,16.663578857421875,0.0017995834350585938,0.02584362030029297,-0.10502222180366516
1788654148210653700,16.67965380859375,0.0675048828125,0.04446053504943848,-0.11496901512145996
1788654148226733800,16.69573388671875,0.0829610824584961,0.06032919883728027,-0.1340438723564148
1788654148242768000,16.711767822265625,0.14839839935302734,0.08156895637512207,-0.2048635184764862
1788654148258836500,16.72783642578125,0.26865386962890625,0.10791468620300293,-0.2877236008644104
1788654148274888200,16.74388818359375,0.2647552490234375,0.14972543716430664,-0.31229323148727417
1788654148290976500,16.7599765625,0.27600955963134766,0.19617366790771484,-0.31003597378730774
1788654148315061000,16.78406103515625,0.15592575073242188,0.27962660789489746,-0.38855522871017456
1788654148331120600,16.80012060546875,0.05436897277832031,0.3154621124267578,-0.2961256504058838
1788654148347159000,16.816158935546873,-0.042105674743652344,0.3074157238006592,-0.2730056345462799
1788654148363220700,16.832220703125,0.03288841247558594,0.2589530944824219,-0.224363312125206
1788654148379270700,16.848270751953127,0.13779830932617188,0.21181678771972656,-0.17733882367610931
1788654148395334700,16.864334716796876,0.13699054718017578,0.24973154067993164,-0.19213512539863586
1788654148411414000,16.8804140625,0.04871845245361328,0.35859227180480957,-0.12715835869312286
1788654148427496400,16.896496337890625,-0.20503711700439453,0.44926881790161133,-0.05943111330270767
1788654148443556900,16.912556884765625,-0.2953023910522461,0.6268835067749023,0.012709259986877441
1788654148459618800,16.928618896484377,-0.2647686004638672,0.6367313861846924,0.09465791285037994
1788654148475645700,16.944645751953125,-0.1276111602783203,0.48984456062316895,0.08136208355426788
1788654148491783700,16.96078369140625,-0.049851417541503906,0.413287878036499,0.016020581126213074
1788654148507842300,16.97684228515625,0.13579082489013672,0.4076385498046875,-0.0031239688396453857
1788654148523857000,16.99285693359375,0.15937423706054688,0.38727498054504395,0.018831104040145874
1788654148539928000,17.008927978515626,0.18746662139892578,0.3986818790435791,-0.045528851449489594
1788654148555950300,17.024950439453125,0.018181800842285156,0.38477373123168945,-0.025812193751335144
1788654148571993300,17.040993408203125,-0.18014240264892578,0.44658803939819336,-0.09947729855775833
1788654148588065000,17.05706494140625,-0.23425579071044922,0.41128993034362793,-0.10625365376472473
1788654148604082000,17.07308203125,-0.20752429962158203,0.35855698585510254,-0.07304024696350098
1788654148620152300,17.08915234375,-0.27686119079589844,0.3570680618286133,-0.031004648655653
1788654148636178000,17.105177978515623,-0.26495838165283203,0.35372304916381836,-0.09824687987565994
1788654148652230000,17.12122998046875,-0.25302600860595703,0.3192253112792969,-0.08579963445663452
1788654148668306000,17.137305908203125,-0.13568115234375,0.31813883781433105,-0.1338328719139099
1788654148684314400,17.153314453125,-0.051789283752441406,0.26425981521606445,-0.22251185774803162
1788654148700390100,17.16939013671875,-0.2338581085205078,0.21099257469177246,-0.17710180580615997
1788654148716409300,17.185409423828126,-0.1515045166015625,0.15173792839050293,-0.2654843032360077
1788654148732470300,17.20147021484375,-0.0820608139038086,0.10219812393188477,-0.21546997129917145
1788654148748545300,17.217545166015626,-0.05595588684082031,0.09882640838623047,-0.2261604368686676
1788654148764555800,17.2335556640625,-0.04849815368652344,0.1085050106048584,-0.21289558708667755
1788654148780641000,17.24964111328125,-0.04257774353027344,0.10398411750793457,-0.29960107803344727
1788654148796663800,17.265663818359375,-0.038055419921875,0.13518905639648438,-0.19478856027126312
1788654148812737300,17.2817373046875,-0.16606712341308594,0.24381041526794434,-0.26833778619766235
1788654148828788700,17.297788818359376,-0.3118610382080078,0.31541919708251953,-0.19514775276184082
1788654148844804000,17.31380419921875,-0.3953113555908203,0.38930678367614746,-0.08423720300197601
1788654148860905000,17.329905029296874,-0.32605648040771484,0.3880448341369629,-0.1675974726676941
1788654148876927200,17.34592724609375,-0.11717033386230469,0.3192133903503418,-0.22042247653007507
1788654148893001700,17.362001708984376,0.12897396087646484,0.28902268409729004,-0.22592735290527344
1788654148909053700,17.3780537109375,0.24115276336669922,0.3400082588195801,-0.20210866630077362
1788654148925065000,17.39406494140625,0.20269012451171875,0.369004487991333,-0.15350933372974396
1788654148941118000,17.410117919921873,0.19712257385253906,0.3349783420562744,-0.011469926685094833
1788654148957143000,17.42614306640625,0.3447256088256836,0.3167459964752197,0.022505847737193108
1788654148973225000,17.442224853515626,0.53460693359375,0.21088337898254395,0.11712312698364258
1788654148989277200,17.458277099609376,0.6595020294189453,0.09762835502624512,0.1451210081577301
1788654149005299200,17.47429931640625,0.6495294570922852,0.29050445556640625,-0.01931815594434738
1788654149021368300,17.490368408203125,0.6782503128051758,0.4968380928039551,0.19761019945144653
1788654149037399000,17.50639892578125,0.6518459320068359,0.3108208179473877,0.5411784052848816
1788654149053438200,17.522438232421877,0.7821998596191406,0.2110297679901123,0.43804144859313965
1788654149069504000,17.53850390625,1.1510448455810547,0.006711483001708984,0.5699098706245422
1788654149085528300,17.5545283203125,1.6358509063720703,-0.31185293197631836,0.4993704855442047
1788654149101592000,17.570592041015626,1.8256034851074219,-0.6255390644073486,0.30167028307914734
1788654149117626000,17.586626220703124,1.7457284927368164,-0.7752268314361572,0.11722206324338913
1788654149133667800,17.602667724609375,1.3899049758911133,-0.8519763946533203,0.001359306275844574
1788654149149738000,17.618738037109374,0.9931259155273438,-0.901787519454956,-0.04882102459669113
1788654149165775600,17.634775634765624,0.619837760925293,-0.9817168712615967,-0.03224018216133118
1788654149181846500,17.650846435546875,0.3072977066040039,-0.9957056045532227,0.08272460103034973
1788654149197894400,17.666894287109375,0.024728775024414062,-0.9520361423492432,0.2676644027233124
1788654149213950200,17.6829501953125,-0.3101215362548828,-0.8723025321960449,0.5010159015655518
1788654149230046200,17.699046142578126,-0.4600038528442383,-0.8007948398590088,0.7560102343559265
1788654149246090200,17.71509033203125,-0.3742246627807617,-0.7993366718292236,1.0593855381011963
1788654149262174000,17.731174072265624,0.12311840057373047,-1.018057107925415,1.4298973083496094
1788654149278228000,17.74722802734375,0.9913558959960938,-1.1748161315917969,1.3740407228469849
1788654149294298600,17.763298583984376,1.7926807403564453,-1.4681298732757568,0.962370753288269
1788654149310336800,17.779336669921875,2.3101491928100586,-1.5757856369018555,0.8655429482460022
1788654149326393900,17.795393798828126,1.9626569747924805,-1.5543808937072754,0.8542753458023071
1788654149342482000,17.81148193359375,0.9000911712646484,-1.374206781387329,0.7084917426109314
1788654149358545400,17.82754541015625,-0.13156414031982422,-1.1439690589904785,0.6364895701408386
1788654149374594600,17.843594482421874,-0.8359851837158203,-0.7825112342834473,0.5473347306251526
1788654149390630100,17.859630126953125,-1.0807523727416992,-0.5433821678161621,0.48769718408584595
1788654149406689000,17.87568896484375,-1.1315817832946777,-0.4283182621002197,0.3506491184234619
1788654149422781400,17.891781494140623,-1.2248620986938477,-0.37396240234375,0.2327817678451538
1788654149438809600,17.9078095703125,-1.3318138122558594,-0.27983760833740234,0.15865357220172882
1788654149454863600,17.923863525390626,-1.366776466369629,-0.12969017028808594,0.26554712653160095
1788654149470928000,17.939927978515627,-1.4028797149658203,-0.05193352699279785,0.4704432487487793
1788654149486943700,17.95594384765625,-1.4602155685424805,0.013839006423950195,0.5723012685775757
1788654149503008800,17.9720087890625,-1.2368903160095215,0.15712475776672363,0.6445484757423401
1788654149519037700,17.98803759765625,-0.9314088821411133,0.16220307350158691,0.5742701292037964
1788654149535087600,18.004087646484376,-0.6617507934570312,0.12318277359008789,0.5534523725509644
1788654149551158800,18.02015869140625,-0.43848514556884766,0.04867696762084961,0.35757774114608765
1788654149567175700,18.03617578125,-0.07961082458496094,0.06869673728942871,0.27664515376091003
1788654149583251500,18.05225146484375,0.3277626037597656,0.13383746147155762,0.29616600275039673
1788654149599273200,18.068273193359374,0.5332298278808594,0.13364052772521973,0.26981210708618164
1788654149615323600,18.08432373046875,0.5151891708374023,0.23336577415466309,0.11033318936824799
1788654149631401700,18.100401611328124,0.5323829650878906,0.3390953540802002,0.09946531802415848
1788654149647408400,18.116408447265623,0.4801349639892578,0.4602806568145752,0.1565343737602234
1788654149663487500,18.132487548828124,0.43152904510498047,0.5072765350341797,0.25048649311065674
1788654149679507200,18.148507080078126,0.6139459609985352,0.45333027839660645,0.09940291941165924
1788654149695573000,18.164572998046875,0.9088401794433594,0.32570767402648926,0.06679331511259079
1788654149711616500,18.180616455078123,1.1583890914916992,0.07127165794372559,0.037326399236917496
1788654149727630300,18.19663037109375,1.1256542205810547,0.11835050582885742,-0.2699623107910156
1788654149743725000,18.21272509765625,1.001133918762207,0.45990753173828125,-0.09727759659290314
1788654149759752000,18.228751953125,1.161616325378418,0.18485164642333984,0.2405664175748825
1788654149775824100,18.24482421875,1.3902158737182617,-0.17448043823242188,0.12162001430988312
1788654149791884300,18.26088427734375,2.021744728088379,-0.21396422386169434,-0.0033776573836803436
1788654149807896800,18.276896728515624,2.5919361114501953,-0.46796321868896484,-0.029896829277276993
1788654149823979300,18.292979248046876,3.090102195739746,-0.9141981601715088,-0.22550621628761292
1788654149840004900,18.3090048828125,2.9351186752319336,-1.1303017139434814,-0.38890814781188965
1788654149856061200,18.325061279296875,2.1982955932617188,-1.3184592723846436,-0.18817353248596191
1788654149872117500,18.341117431640626,1.0931787490844727,-1.4751086235046387,-0.12994243204593658
1788654149888130600,18.357130615234375,0.11330699920654297,-1.429762840270996,-0.24118220806121826
1788654149904198100,18.3731982421875,-0.7699041366577148,-1.3096513748168945,-0.20759807527065277
1788654149920214000,18.389214111328126,-1.1664600372314453,-1.2174644470214844,-0.2150833159685135
1788654149936296000,18.4052958984375,-1.2034153938293457,-1.0640695095062256,-0.35003113746643066
1788654149952359400,18.421359375,-0.8270149230957031,-1.0216858386993408,-0.5371280908584595
1788654149968390000,18.437389892578125,-0.47840309143066406,-1.0629496574401855,-0.6491057276725769
1788654149984458800,18.453458740234375,-0.1537189483642578,-1.1079351902008057,-0.5923930406570435
1788654150000498700,18.469498779296874,0.1709308624267578,-1.1740317344665527,-0.4998582601547241
1788654150016543200,18.485543212890626,0.41007328033447266,-1.2780945301055908,-0.41975539922714233
1788654150032609300,18.501609375,0.704066276550293,-1.2388520240783691,-0.2703031003475189
1788654150048647000,18.51764697265625,0.8247413635253906,-1.1741728782653809,-0.1335192620754242
1788654150064716300,18.53371630859375,0.4917135238647461,-1.037440538406372,0.13511458039283752
1788654150080758000,18.549758056640623,-0.10387706756591797,-0.8513786792755127,0.30623891949653625
1788654150096811800,18.565811767578126,-0.8145370483398438,-0.6273107528686523,0.35487478971481323
1788654150112892700,18.581892578125,-1.3919000625610352,-0.4747896194458008,0.40415582060813904
1788654150128935200,18.59793505859375,-1.635277271270752,-0.2938520908355713,0.44488808512687683
1788654150145029600,18.614029541015626,-1.4930810928344727,-0.11852502822875977,0.38348904252052307
1788654150161081900,18.630081787109376,-1.1446151733398438,0.004703521728515625,0.31551340222358704
1788654150177147600,18.646147705078125,-1.0032415390014648,0.07898616790771484,0.23583178222179413
1788654150193191700,18.662191650390625,-0.83502197265625,0.17377185821533203,0.0674903616309166
1788654150209237800,18.67823779296875,-0.6727828979492188,0.24393272399902344,-0.0006662085652351379
1788654150225336600,18.694336669921874,-0.5211811065673828,0.2721993923187256,-0.030591536313295364
1788654150241398800,18.710398681640626,-0.2988929748535156,0.28740763664245605,-0.1878054291009903
1788654150257464800,18.72646484375,-0.08919620513916016,0.2855057716369629,-0.31685662269592285
1788654150273521200,18.742521240234375,0.012948036193847656,0.292708158493042,-0.41962167620658875
1788654150289579300,18.758579345703126,0.07988452911376953,0.34813380241394043,-0.3924483060836792
1788654150305634600,18.774634521484376,-0.02159595489501953,0.3630204200744629,-0.3921050429344177
1788654150321704000,18.790703857421875,-0.2453937530517578,0.5488908290863037,-0.38885626196861267
1788654150337787600,18.80678759765625,-0.3888521194458008,0.7146015167236328,-0.263740211725235
1788654150353839900,18.82283984375,-0.49733829498291016,0.7448546886444092,-0.20833851397037506
1788654150369902800,18.83890283203125,-0.25736141204833984,0.6948003768920898,-0.2663024663925171
1788654150385964000,18.854964111328126,0.3200855255126953,0.5731840133666992,-0.3374764919281006
1788654150401987800,18.87098779296875,0.9100217819213867,0.3512382507324219,-0.34398502111434937
1788654150418032000,18.8870322265625,1.1579456329345703,0.30454134941101074,-0.49427977204322815
1788654150434108000,18.90310791015625,1.3880767822265625,0.181809663772583,-0.6251945495605469
1788654150450131000,18.919130859375,1.2765350341796875,0.24151611328125,-0.8225817084312439
1788654150466217000,18.935217041015626,0.637578010559082,1.0243639945983887,-0.8225881457328796
1788654150482241000,18.951240966796874,0.5867938995361328,1.0884690284729004,0.09954933822154999
1788654150498281700,18.96728173828125,0.8978738784790039,0.7237794399261475,0.5474667549133301
1788654150514354000,18.98335400390625,1.2716560363769531,0.7443335056304932,0.5083147287368774
1788654150530365400,18.999365478515625,2.2408790588378906,0.2876145839691162,0.6617271900177002
1788654150546422500,19.015422607421876,3.1235485076904297,-0.3131561279296875,0.4975226819515228
1788654150562466800,19.031466796875,3.1300649642944336,-0.6133871078491211,0.3022906184196472
1788654150578505000,19.0475048828125,2.4106969833374023,-0.8296904563903809,0.2618235945701599
1788654150594565400,19.0635654296875,1.6033897399902344,-1.006455421447754,0.24185118079185486
1788654150610579700,19.079579833984376,0.7623777389526367,-1.0022218227386475,0.17059899866580963
1788654150626652700,19.095652587890626,-0.2616758346557617,-0.8782913684844971,0.3760523200035095
1788654150642672000,19.111672119140625,-1.1863737106323242,-0.7423868179321289,0.6225566267967224
1788654150658728000,19.12772802734375,-1.7776432037353516,-0.5702764987945557,0.7773991227149963
1788654150674763000,19.143762939453126,-2.0929460525512695,-0.4838075637817383,1.140855312347412
1788654150690770700,19.159770751953126,-1.98173189163208,-0.5386373996734619,1.554041862487793
1788654150706873300,19.175873291015623,-1.3061628341674805,-0.8552594184875488,1.7991186380386353
1788654150722894600,19.19189453125,-0.14194488525390625,-1.2120583057403564,1.612641453742981
1788654150738974200,19.20797412109375,0.7986869812011719,-1.3041021823883057,1.428908348083496
1788654150755014100,19.22401416015625,1.252079963684082,-1.3363733291625977,1.1981176137924194
1788654150771026700,19.240026611328126,1.112924575805664,-1.299351453781128,0.9589519500732422
1788654150787118600,19.25611865234375,0.6782627105712891,-1.061476230621338,0.8450929522514343
1788654150803138600,19.272138671875,0.1423015594482422,-0.7885797023773193,0.7334824800491333
1788654150819204400,19.288204345703125,-0.39616966247558594,-0.5672357082366943,0.4721621572971344
1788654150835257900,19.3042578125,-0.8468484878540039,-0.3495218753814697,0.20977555215358734
1788654150851273200,19.320273193359377,-1.0031003952026367,-0.18816161155700684,0.06053440272808075
1788654150867334400,19.33633447265625,-1.0463476181030273,-0.00119781494140625,0.08086246252059937
1788654150883358500,19.3523583984375,-1.0410747528076172,0.17204618453979492,0.058501433581113815
1788654150899446500,19.368446533203127,-1.104720115661621,0.2387981414794922,0.0861491784453392
1788654150915511600,19.384511474609376,-1.239333152770996,0.31757068634033203,0.12479396164417267
1788654150931526400,19.4005263671875,-1.1526060104370117,0.41448044776916504,0.13460472226142883
1788654150947587000,19.416587158203125,-0.8639039993286133,0.41028761863708496,0.22792527079582214
1788654150963620000,19.4326201171875,-0.38189125061035156,0.3501424789428711,0.3486855626106262
1788654150979663600,19.44866357421875,0.045124053955078125,0.2799389362335205,0.37577569484710693
1788654150995734500,19.464734619140625,0.39096736907958984,0.3194410800933838,0.4130626320838928
1788654151011759600,19.480759521484377,0.4033536911010742,0.41190028190612793,0.6055876612663269
1788654151027835400,19.49683544921875,0.3664398193359375,0.4786655902862549,0.6450816988945007
1788654151043873800,19.512873779296875,0.09884834289550781,0.4988405704498291,0.6129295229911804
1788654151059927600,19.528927490234373,0.058129310607910156,0.5554542541503906,0.47340166568756104
1788654151076006700,19.545006591796874,0.18944072723388672,0.6258628368377686,0.26635873317718506
1788654151092042000,19.5610419921875,0.5608587265014648,0.49835205078125,0.21098580956459045
1788654151108129300,19.57712939453125,0.8792552947998047,0.24265336990356445,0.2906765937805176
1788654151124178000,19.593177978515627,1.048828125,0.21979713439941406,0.2949969470500946
1788654151140240400,19.609240478515623,0.7906179428100586,0.7620837688446045,0.20942923426628113
1788654151156276500,19.6252763671875,1.087728500366211,0.7823171615600586,0.4813537895679474
1788654151172322600,19.641322509765626,1.4770803451538086,0.40621352195739746,0.18430852890014648
1788654151188397000,19.65739697265625,2.4644126892089844,0.2022111415863037,-0.12679727375507355
1788654151204453400,19.673453369140624,3.882411003112793,-0.3869774341583252,-0.22251856327056885
1788654151220500500,19.68950048828125,4.849090576171875,-1.151395320892334,-0.3864014148712158
1788654151236526800,19.70552685546875,4.685685157775879,-1.5621925592422485,-0.3469865322113037
1788654151252573000,19.721572998046874,2.9862146377563477,-1.6953303813934326,-0.275638610124588
1788654151268649000,19.73764892578125,1.0179920196533203,-1.585762858390808,-0.07156448066234589
1788654151284717000,19.753717041015626,-0.6609382629394531,-1.358435869216919,-0.10463672876358032
1788654151300768000,19.76976806640625,-1.3478708267211914,-1.2805027961730957,-0.2593401074409485
1788654151316798500,19.785798583984374,-1.1892390251159668,-1.2405755519866943,-0.49004650115966797
1788654151332813600,19.8018134765625,-0.7761268615722656,-1.1755363941192627,-0.768092155456543
1788654151348879600,19.817879638671876,-0.4345388412475586,-1.1629631519317627,-0.9178081154823303
1788654151364900900,19.83390087890625,-0.38918495178222656,-1.1114497184753418,-1.0860629081726074
1788654151380939800,19.849939697265626,-0.3899869918823242,-1.0713136196136475,-1.1106239557266235
1788654151397014000,19.866013916015625,-0.19959449768066406,-1.0671758651733398,-0.9803847670555115
1788654151413035000,19.882034912109376,0.18712997436523438,-1.127140998840332,-0.7139537930488586
1788654151429097700,19.89809765625,0.45491695404052734,-1.2535569667816162,-0.539922833442688
1788654151445121000,19.91412109375,0.42273712158203125,-1.3419852256774902,-0.2782159149646759
1788654151461166600,19.93016650390625,0.01392364501953125,-1.2189583778381348,-0.0909196063876152
1788654151477234400,19.946234375,-0.5191831588745117,-1.071221113204956,0.27829688787460327
1788654151493255000,19.9622548828125,-0.9809398651123047,-0.8576385974884033,0.3528076112270355
1788654151509322000,19.978322021484374,-1.1337852478027344,-0.6881260871887207,0.2589721381664276
1788654151525340000,19.99433984375,-0.9628782272338867,-0.49456286430358887,0.20690584182739258
1788654151541392100,20.01039208984375,-0.7465190887451172,-0.464308500289917,0.09294074773788452
1788654151557421600,20.026421630859375,-0.6269817352294922,-0.3664703369140625,-0.10476474463939667
1788654151573440300,20.042440185546877,-0.49457836151123047,-0.18502354621887207,-0.251160591840744
1788654151589524500,20.0585244140625,-0.4769906997680664,-0.13741254806518555,-0.2521887421607971
1788654151605545700,20.074545654296877,-0.43263912200927734,-0.08584809303283691,-0.293778657913208
1788654151621606400,20.0906064453125,-0.4210634231567383,-0.08664202690124512,-0.16204845905303955
1788654151637642000,20.10664208984375,-0.3870105743408203,-0.10709857940673828,-0.0452650785446167
1788654151653657900,20.122657958984377,-0.4598217010498047,-0.08725643157958984,-0.0369274765253067
1788654151669741600,20.138741455078126,-0.5557708740234375,-0.0628807544708252,-0.07696852087974548
1788654151685757400,20.15475732421875,-0.5933103561401367,-0.007925748825073242,-0.06483137607574463
1788654151701834000,20.170833984375,-0.5722446441650391,0.09165477752685547,-0.002252906560897827
1788654151717879000,20.186879150390624,-0.5737924575805664,0.2401256561279297,-0.045419976115226746
1788654151733887500,20.202887451171875,-0.4442005157470703,0.4168097972869873,-0.09871026128530502
1788654151749940200,20.218940185546874,-0.21332931518554688,0.5631237030029297,-0.09506326913833618
1788654151765961200,20.234961181640625,0.07289314270019531,0.6473252773284912,-0.06445640325546265
1788654151781998800,20.250998779296875,0.5815286636352539,0.6161174774169922,-0.07502351701259613
1788654151798058800,20.267058837890627,1.1165771484375,0.5879943370819092,-0.08144538104534149
1788654151814073900,20.283073974609376,1.513193130493164,0.5088989734649658,-0.016437619924545288
1788654151830141000,20.299140869140626,1.888326644897461,0.3556480407714844,0.01732507348060608
1788654151846165800,20.315165771484374,1.8769664764404297,0.2936577796936035,0.00877031683921814
1788654151862200000,20.331199951171875,1.4458465576171875,0.6802723407745361,-0.258133202791214
1788654151878277000,20.347277099609375,1.0407209396362305,1.0423064231872559,0.04114609956741333
1788654151894296800,20.363296875,1.0978755950927734,0.6835105419158936,0.5650767087936401
1788654151910384000,20.379384033203124,1.000997543334961,0.641918420791626,0.3127201199531555
1788654151926414000,20.3954140625,1.3326034545898438,0.5120277404785156,0.4261426329612732
1788654151942454800,20.411454833984376,1.8967437744140625,0.10718321800231934,0.3432931900024414
1788654151958526200,20.427526123046874,2.0617551803588867,-0.1108856201171875,0.0982268750667572
1788654151974558000,20.443557861328124,1.874567985534668,-0.21349644660949707,-0.01625540852546692
1788654151990626800,20.459626708984374,1.4690876007080078,-0.3447263240814209,-0.12353929877281189
1788654152006668800,20.475668701171877,0.9265689849853516,-0.45801854133605957,-0.2588638365268707
1788654152022717200,20.49171728515625,0.32065582275390625,-0.6138496398925781,-0.18255861103534698
1788654152038748200,20.507748046875,-0.39360809326171875,-0.6152949333190918,0.09696954488754272
1788654152054783500,20.523783447265625,-0.9803085327148438,-0.5784344673156738,0.0902366042137146
1788654152070855000,20.53985498046875,-1.3396892547607422,-0.52925705909729,0.28821972012519836
1788654152086902800,20.55590283203125,-1.4898710250854492,-0.5067377090454102,0.4012889266014099
1788654152102972700,20.57197265625,-1.265188217163086,-0.5658750534057617,0.6871744394302368
1788654152119008800,20.5880087890625,-0.9831609725952148,-0.8566501140594482,1.2795188426971436
1788654152135044600,20.604044677734375,-0.5137090682983398,-1.174492597579956,1.4532051086425781
1788654152151146500,20.620146484375,0.2788047790527344,-1.474252462387085,1.1398860216140747
1788654152167193300,20.636193359375,1.0971078872680664,-1.6630882024765015,0.7891162633895874
1788654152183246000,20.65224609375,1.5698661804199219,-1.7551190853118896,0.5752503871917725
1788654152199272000,20.66827197265625,1.3730297088623047,-1.6199983358383179,0.32182884216308594
1788654152215323400,20.684323486328125,0.7242937088012695,-1.3273324966430664,0.0536038875579834
1788654152231413200,20.700413330078124,-0.028753280639648438,-0.9407944679260254,-0.08332169055938721
1788654152247471000,20.71647119140625,-0.7452373504638672,-0.6303811073303223,-0.2514006793498993
1788654152263543300,20.732543212890626,-1.1851558685302734,-0.4163188934326172,-0.3872404992580414
1788654152279586800,20.7485869140625,-1.2971792221069336,-0.31891870498657227,-0.287870317697525
1788654152295595000,20.764594970703126,-1.2966666221618652,-0.17385482788085938,-0.07385244965553284
1788654152311644200,20.78064404296875,-1.4009313583374023,-0.050675392150878906,0.10533729195594788
1788654152327661800,20.796661865234373,-1.3737268447875977,0.1835637092590332,0.2874353229999542
1788654152343704800,20.812704833984377,-1.2884793281555176,0.3173515796661377,0.5281829237937927
1788654152359764500,20.828764404296876,-1.0579490661621094,0.3559584617614746,0.6409075260162354
1788654152375776500,20.844776611328125,-0.5857095718383789,0.3149995803833008,0.5403220653533936
1788654152391839500,20.860839599609374,0.02064990997314453,0.23637914657592773,0.4093586504459381
1788654152407855400,20.87685546875,0.3791046142578125,0.2375044822692871,0.30719664692878723
1788654152423908900,20.892908935546874,0.4571990966796875,0.20887303352355957,0.17995616793632507
1788654152439979800,20.908979736328124,0.25650978088378906,0.27681827545166016,0.1869598925113678
1788654152455987700,20.92498779296875,0.029578208923339844,0.3782837390899658,0.22934842109680176
1788654152472067600,20.941067626953124,-0.16869163513183594,0.4827871322631836,0.12862741947174072
1788654152488086500,20.95708642578125,-0.1678304672241211,0.5411007404327393,0.09052827954292297
1788654152504146200,20.973146240234374,-0.019205093383789062,0.6621718406677246,0.06625831127166748
1788654152520178400,20.989178466796876,0.1107339859008789,0.7663736343383789,0.10209712386131287
1788654152536188400,21.0051884765625,-0.0932769775390625,0.821967363357544,0.11893337965011597
1788654152552278800,21.02127880859375,-0.23437786102294922,0.8391075134277344,0.04615560173988342
1788654152568295700,21.037295654296877,-0.05881786346435547,0.796046257019043,-0.034486472606658936
1788654152584364000,21.053364013671874,0.41753387451171875,0.705498456954956,-0.04961729049682617
1788654152600404500,21.069404541015626,1.1321830749511719,0.5277295112609863,-0.008670061826705933
1788654152616412200,21.085412109375,1.571761131286621,0.31360292434692383,-0.001000434160232544
1788654152632511200,21.10151123046875,1.673539161682129,0.29326772689819336,-0.13543254137039185
1788654152648532500,21.117532470703125,1.0930986404418945,0.8555893898010254,-0.10343161225318909
1788654152664607200,21.133607177734376,1.02032470703125,0.9121177196502686,0.425125390291214
1788654152680664000,21.1496640625,1.0751724243164062,0.6856858730316162,0.44372624158859253
1788654152696674600,21.165674560546876,1.5076837539672852,0.37011003494262695,0.33650603890419006
1788654152712727300,21.181727294921874,2.221954345703125,-0.11017823219299316,0.22650426626205444
1788654152728747300,21.197747314453125,2.600956916809082,-0.7502515316009521,0.006695836782455444
1788654152744807000,21.213806884765624,2.5663394927978516,-0.867992639541626,-0.10860154032707214
1788654152760839000,21.2298388671875,1.895319938659668,-1.078068494796753,0.1134691834449768
1788654152776854300,21.245854248046875,1.0210962295532227,-1.4007470607757568,-0.08242902159690857
1788654152792909800,21.261909912109374,0.1616353988647461,-1.5651097297668457,-0.42425358295440674
1788654152808934000,21.277933837890625,-0.22821044921875,-1.6209757328033447,-0.68013596534729
1788654152825009700,21.294009765625,-0.28905677795410156,-1.694883108139038,-0.767059326171875
1788654152841067800,21.31006787109375,-0.14352130889892578,-1.6767067909240723,-0.9129290580749512
1788654152857101300,21.326101318359374,0.014502525329589844,-1.7389637231826782,-0.905377984046936
1788654152873164000,21.3421640625,0.0016832351684570312,-1.8102134466171265,-1.0856282711029053
1788654152889203000,21.358202880859373,0.35990142822265625,-1.4369838237762451,-0.6434382200241089
1788654152905246200,21.37424609375,0.17447471618652344,-2.2026333808898926,-1.3608354330062866
1788654152921319700,21.390319580078124,-0.1048440933227539,-2.0884053707122803,-0.9976657629013062
1788654152937357800,21.40635791015625,0.1274242401123047,-2.032092571258545,-0.30775880813598633
1788654152953433000,21.42243310546875,0.5862512588500977,-2.0861928462982178,-0.14432871341705322
1788654152969472500,21.438472412109373,0.9547634124755859,-2.0318424701690674,-0.04044029116630554
1788654152985527000,21.454527099609376,1.1251869201660156,-1.8432972431182861,0.2701471447944641
1788654153001601800,21.470601806640627,0.7599754333496094,-1.4977571964263916,0.31249547004699707
1788654153017642800,21.486642822265626,0.2798957824707031,-1.2462186813354492,0.3733341097831726
1788654153033718000,21.502718017578125,-0.2780437469482422,-1.0376875400543213,0.19952037930488586
1788654153049763800,21.518763916015626,-0.5199680328369141,-0.9199368953704834,0.037055909633636475
1788654153065820400,21.5348203125,-0.5294284820556641,-0.8231191635131836,-0.015515834093093872
1788654153081851600,21.5508515625,-0.41483116149902344,-0.7600202560424805,0.09088349342346191
1788654153097909200,21.5669091796875,-0.1932535171508789,-0.679673433303833,0.04756927490234375
1788654153113999000,21.5829990234375,0.0025701522827148438,-0.6406443119049072,0.07329276204109192
1788654153130053400,21.599053466796875,0.19145870208740234,-0.658228874206543,0.18653792142868042
1788654153146117400,21.615117431640623,0.32550716400146484,-0.6149210929870605,0.20951199531555176
1788654153162159000,21.6311591796875,0.3406562805175781,-0.5890135765075684,0.32525113224983215
1788654153178212000,21.647212158203125,0.3786487579345703,-0.462613582611084,0.32676056027412415
1788654153194253000,21.663253173828124,0.4345731735229492,-0.3503572940826416,0.2556964159011841
1788654153210318800,21.67931884765625,0.5721721649169922,-0.24606966972351074,0.2417108416557312
1788654153226393600,21.6953935546875,0.4857139587402344,-0.15557169914245605,0.19194000959396362
1788654153242471200,21.71147119140625,0.3329916000366211,-0.009815692901611328,0.08414644002914429
1788654153258487000,21.727487060546874,0.3722848892211914,0.060475826263427734,-0.11842170357704163
1788654153274544000,21.743544189453125,0.47335147857666016,0.056448936462402344,-0.26346448063850403
1788654153290564600,21.759564697265624,0.4203920364379883,0.07226157188415527,-0.3373728096485138
1788654153306601000,21.77560107421875,0.15814876556396484,0.1413559913635254,-0.49234139919281006
1788654153322661400,21.791661376953126,-0.22333335876464844,0.20609831809997559,-0.5700252056121826
1788654153338678800,21.8076787109375,-0.34891510009765625,0.29085755348205566,-0.5705006122589111
1788654153354747400,21.823747314453126,-0.31825828552246094,0.3448464870452881,-0.6150224208831787
1788654153370765300,21.839765380859376,-0.12865352630615234,0.3831958770751953,-0.48970699310302734
1788654153386815000,21.85581494140625,-0.04027843475341797,0.41307830810546875,-0.4306657314300537
1788654153402886000,21.871885986328124,-0.012256622314453125,0.4330718517303467,-0.3301102817058563
1788654153418895600,21.8878955078125,-0.10234928131103516,0.48446059226989746,-0.19438982009887695
1788654153434975700,21.903975830078124,-0.21271228790283203,0.5972030162811279,-0.11921089887619019
1788654153450995000,21.919994873046875,-0.31745147705078125,0.7197837829589844,-0.009078502655029297
1788654153467053000,21.936052978515626,-0.3214988708496094,0.7710056304931641,0.03364962339401245
1788654153483132700,21.952132568359374,-0.7083015441894531,0.7997012138366699,0.18783289194107056
1788654153499144400,21.96814453125,0.17260074615478516,0.568662166595459,-0.06619346141815186
1788654153515229200,21.984229248046876,0.7822418212890625,0.44510316848754883,0.08895808458328247
1788654153531246000,22.00024609375,1.3715553283691406,0.337322473526001,0.18469387292861938
1788654153547319300,22.0163193359375,0.8660087585449219,0.4921398162841797,-0.07523861527442932
1788654153563364900,22.03236474609375,0.009533882141113281,0.3448455333709717,-0.28621113300323486
1788654153579373600,22.04837353515625,-0.5858030319213867,0.4130442142486572,-0.3580925762653351
1788654153595467500,22.064467529296873,-0.6098108291625977,0.5609879493713379,-0.25668811798095703
1788654153611486200,22.080486328125,-0.49578380584716797,0.5721001625061035,-0.16954773664474487
1788654153627563000,22.09656298828125,-0.2790193557739258,0.5459094047546387,-0.11100640892982483
1788654153643615200,22.112615234375,0.0024824142456054688,0.5304758548736572,-0.14336657524108887
1788654153659620400,22.128620361328124,0.27937984466552734,0.45894503593444824,-0.16623277962207794
1788654153675674600,22.144674560546875,0.26165199279785156,0.4035170078277588,-0.06938333809375763
1788654153691691800,22.16069189453125,0.17563629150390625,0.37438344955444336,-0.03664427995681763
1788654153707769900,22.176769775390625,-0.15369892120361328,0.3957374095916748,0.009708166122436523
1788654153723836000,22.1928359375,-0.2971792221069336,0.3958745002746582,0.03807955980300903
1788654153739854600,22.2088544921875,-0.28850555419921875,0.42508387565612793,-0.004476428031921387
1788654153755920000,22.224919921875,-0.18178462982177734,0.3966939449310303,0.08309152722358704
1788654153771953400,22.240953369140627,0.03339862823486328,0.36856508255004883,0.13489627838134766
1788654153787994000,22.256994140625,0.3382072448730469,0.3136765956878662,0.1693378984928131
1788654153804063000,22.27306298828125,0.4730539321899414,0.23731422424316406,0.16731736063957214
1788654153820087000,22.289087158203124,0.4308958053588867,0.22778964042663574,0.23893505334854126
1788654153836150800,22.30515087890625,0.2682781219482422,0.27840471267700195,0.3131314516067505
1788654153852175600,22.321175537109376,0.11911678314208984,0.24590778350830078,0.3141590356826782
1788654153868218000,22.337218017578124,-0.06538581848144531,0.22371315956115723,0.3182094693183899
1788654153884293600,22.353293701171875,-0.09628772735595703,0.22915077209472656,0.3111151158809662
1788654153900327200,22.3693271484375,-0.1170654296875,0.25208544731140137,0.2789545953273773
1788654153916415200,22.385415283203123,-0.15838909149169922,0.25766730308532715,0.22941547632217407
1788654153932459500,22.40145947265625,-0.20656490325927734,0.25970005989074707,0.14177051186561584
1788654153948518400,22.417518310546875,-0.17850208282470703,0.2650752067565918,0.15621623396873474
1788654153964549000,22.433549072265624,-0.07941246032714844,0.260892391204834,0.11443564295768738
1788654153980583700,22.449583740234374,0.025827407836914062,0.14496135711669922,0.11584743857383728
1788654153996673000,22.465673095703124,0.1086587905883789,0.1561107635498047,0.12552550435066223
1788654154012729000,22.48172900390625,0.22907543182373047,0.11191725730895996,0.15841642022132874
1788654154028794000,22.497794189453124,0.2913188934326172,0.045584678649902344,0.16918766498565674
1788654154044838100,22.513838134765624,0.32192134857177734,0.03794670104980469,0.17943111062049866
1788654154060876500,22.52987646484375,0.2877159118652344,0.0019335746765136719,0.1619197130203247
1788654154076960300,22.545960205078124,0.251190185546875,0.008632183074951172,0.08132129907608032
1788654154093024500,22.5620244140625,0.2003631591796875,0.019734621047973633,0.021552473306655884
1788654154109095200,22.57809521484375,0.07339286804199219,0.04368257522583008,0.025731682777404785
1788654154125143800,22.594143798828124,-0.001003265380859375,0.05112099647521973,0.02059343457221985
1788654154141206800,22.610206787109377,0.017427444458007812,0.03628373146057129,0.01191490888595581
1788654154157254400,22.62625439453125,0.018830299377441406,0.055780649185180664,0.04106032848358154
1788654154173266400,22.642266357421875,0.027357101440429688,0.03944659233093262,0.025426119565963745
1788654154189294300,22.65829443359375,0.0955648422241211,0.018560171127319336,0.0024513304233551025
1788654154205341200,22.674341064453124,0.15665054321289062,0.047843217849731445,-0.016217559576034546
1788654154221353500,22.690353515625,0.06991100311279297,0.0611119270324707,-0.03558439016342163
1788654154237412000,22.706412109375,0.0671682357788086,0.028150558471679688,-0.017513006925582886
1788654154253428500,22.722428466796874,0.10944938659667969,0.013263702392578125,-0.02570521831512451
1788654154269463800,22.7384638671875,0.20586109161376953,0.020322799682617188,-0.07587388157844543
1788654154285526500,22.754526611328124,0.2587757110595703,-0.0023212432861328125,-0.05903789401054382
1788654154301539300,22.770539306640625,0.2669410705566406,0.02089667320251465,-0.07395604252815247
1788654154317605600,22.786605712890626,0.17581844329833984,0.047593116760253906,-0.05199790000915527
1788654154333620500,22.802620361328124,0.08308124542236328,0.09844398498535156,-0.0518815815448761
1788654154349662000,22.818661865234375,-0.0025234222412109375,0.05862593650817871,-0.01492723822593689
1788654154365730800,22.834730712890625,-0.005095481872558594,0.03298544883728027,0.02167394757270813
1788654154381746000,22.850745849609375,0.06793975830078125,0.029415369033813477,0.055378496646881104
1788654154397820700,22.866820556640626,0.1881999969482422,-0.020296335220336914,0.028063327074050903
1788654154413835500,22.88283544921875,0.25609493255615234,-0.020703554153442383,0.020823746919631958
1788654154429881600,22.898881591796876,0.17384052276611328,-0.030333280563354492,-0.007158041000366211
1788654154445913900,22.914913818359373,0.0518035888671875,-0.03338789939880371,0.0017336905002593994
1788654154461930000,22.930929931640627,-0.034175872802734375,0.006166696548461914,0.016143321990966797
1788654154478012700,22.9470126953125,-0.048796653747558594,-0.0007617473602294922,0.02520325779914856
1788654154494031400,22.96303125,-0.03320121765136719,0.0023338794708251953,0.041588157415390015
1788654154510092800,22.9790927734375,0.03920269012451172,-0.02369070053100586,0.06393137574195862
1788654154526134300,22.99513427734375,0.13785171508789062,0.01272726058959961,-0.025548577308654785
1788654154542153200,23.0111533203125,0.1484079360961914,0.03536677360534668,-0.05864274501800537
1788654154558199000,23.027198974609377,0.09469032287597656,0.08070540428161621,-0.10663945972919464
1788654154574239500,23.043239501953124,0.06714153289794922,0.10263466835021973,-0.2172105312347412
1788654154590317000,23.059317138671876,0.10367679595947266,0.12378168106079102,-0.32528045773506165
1788654154606367700,23.07536767578125,0.17828845977783203,0.17881035804748535,-0.4851442575454712
1788654154622384400,23.09138427734375,0.07168197631835938,0.24302196502685547,-0.6305106282234192
1788654154638453200,23.107453369140625,0.10681343078613281,0.3002586364746094,-0.6626002788543701
1788654154654472200,23.12347216796875,0.2542991638183594,0.32927441596984863,-0.6772669553756714
1788654154670549800,23.1395498046875,0.27284908294677734,0.30727601051330566,-0.7466278076171875
1788654154686607600,23.155607666015626,0.2724456787109375,0.3018949031829834,-0.7944948673248291
1788654154702622200,23.171622314453124,0.3175630569458008,0.19137883186340332,-0.9341312050819397
1788654154718678000,23.187677978515627,0.3651466369628906,0.11442780494689941,-0.9711250066757202
1788654154734697000,23.203697021484373,0.4320068359375,0.06586027145385742,-1.1391382217407227
1788654154750774800,23.21977490234375,0.3218259811401367,-0.009085893630981445,-1.133494257926941
1788654154766843100,23.235843017578127,0.35308170318603516,-0.07678914070129395,-1.0812729597091675
1788654154782870500,23.25187060546875,0.27471446990966797,-0.03319907188415527,-0.9454473853111267
1788654154798927400,23.26792724609375,0.1624736785888672,-0.09152388572692871,-0.8737819194793701
1788654154814954500,23.28395458984375,0.15506362915039062,-0.24412965774536133,-1.0355055332183838
1788654154830992100,23.2999921875,0.1063528060913086,-0.22490334510803223,-1.238535761833191
1788654154847063300,23.316063232421875,0.20527267456054688,-0.29538965225219727,-1.2107174396514893
1788654154863099600,23.332099609375,0.5168123245239258,-0.34092092514038086,-1.1400898694992065
1788654154879167700,23.348167724609375,0.6348114013671875,-0.4511287212371826,-1.2446988821029663
1788654154895205600,23.36420556640625,0.6437835693359375,-0.49967145919799805,-1.201582908630371
1788654154911251200,23.380251220703126,0.5580759048461914,-0.6060762405395508,-1.1506940126419067
1788654154927269000,23.39626904296875,0.5001411437988281,-0.6373636722564697,-0.9948515892028809
1788654154943309300,23.412309326171876,0.4476470947265625,-0.6800920963287354,-0.9230194091796875
1788654154959380000,23.4283798828125,0.495880126953125,-0.7378964424133301,-0.8418796062469482
1788654154975423200,23.44442333984375,0.5618724822998047,-0.7475316524505615,-0.7206776142120361
1788654154991470600,23.460470703125,0.4729118347167969,-0.7164838314056396,-0.5731948614120483
1788654155007500000,23.4765,0.36289119720458984,-0.7087521553039551,-0.4161227345466614
1788654155023533800,23.492533935546874,0.33391857147216797,-0.7099134922027588,-0.24638813734054565
1788654155039613700,23.50861376953125,0.30897998809814453,-0.6208128929138184,-0.1341092586517334
1788654155055671800,23.524671875,0.37240123748779297,-0.5723340511322021,-0.060010671615600586
1788654155071732000,23.54073193359375,0.4005594253540039,-0.5217149257659912,-0.03404483199119568
1788654155087775700,23.556775634765625,0.40558910369873047,-0.4814326763153076,0.030274510383605957
1788654155103837400,23.57283740234375,0.35544490814208984,-0.4224085807800293,0.08994311094284058
1788654155119888400,23.588888427734375,0.4078826904296875,-0.3686349391937256,0.08803719282150269
1788654155135903700,23.60490380859375,0.4482383728027344,-0.38177490234375,0.08176994323730469
1788654155151978500,23.620978515625,0.4809589385986328,-0.3768162727355957,0.06411400437355042
1788654155168029000,23.63702880859375,0.3675975799560547,-0.33335208892822266,0.030236512422561646
1788654155184042800,23.653042724609374,0.2706937789916992,-0.25565314292907715,0.10385018587112427
1788654155200097800,23.669097900390625,0.1554584503173828,-0.17157244682312012,0.08709880709648132
1788654155216114400,23.685114501953127,0.054459571838378906,-0.1995844841003418,0.06291750073432922
1788654155232147500,23.7011474609375,0.1698932647705078,-0.22331666946411133,0.04186025261878967
1788654155248212000,23.7172119140625,0.3035926818847656,-0.31644415855407715,0.054483503103256226
1788654155264227000,23.73322705078125,0.26972389221191406,-0.36850452423095703,0.002735435962677002
1788654155280287000,23.749286865234374,0.2269611358642578,-0.38122010231018066,0.015546977519989014
1788654155296302600,23.765302490234376,0.12052440643310547,-0.3245222568511963,0.05567491054534912
1788654155312347400,23.781347412109376,0.07302570343017578,-0.1834125518798828,0.1096382737159729
1788654155328422000,23.797421875,0.0012531280517578125,-0.0035066604614257812,0.18432974815368652
1788654155344440600,23.813440673828126,-0.04551982879638672,0.07805204391479492,0.4120329022407532
1788654155360515300,23.829515380859377,0.1803140640258789,-0.12195825576782227,0.6414937376976013
1788654155376533500,23.845533447265623,0.45551013946533203,-0.3451809883117676,0.5750195980072021
1788654155392585500,23.86158544921875,0.8409185409545898,-0.4820995330810547,0.32814186811447144
1788654155408615200,23.877615234375,1.0719432830810547,-0.5968813896179199,0.540745735168457
1788654155424628700,23.893628662109375,0.7944660186767578,-0.6762995719909668,0.7828847169876099
1788654155440708000,23.9097080078125,0.3860139846801758,-0.3505542278289795,0.921478271484375
1788654155456728000,23.92572802734375,-0.1378002166748047,-0.35979557037353516,1.1006492376327515
1788654155472786200,23.9417861328125,-0.4102926254272461,-0.3865234851837158,1.0950969457626343
1788654155488823300,23.9578232421875,-0.5557270050048828,-0.3219897747039795,1.108720302581787
1788654155504839400,23.97383935546875,-0.7679157257080078,-0.18999385833740234,1.0524917840957642
1788654155520927200,23.98992724609375,-1.0377569198608398,0.010833501815795898,0.9511405825614929
1788654155536941600,24.005941650390625,-0.9237308502197266,0.11431717872619629,1.0728356838226318
1788654155553021400,24.022021484375,-0.7890815734863281,0.17774581909179688,1.0150537490844727
1788654155569068800,24.03806884765625,-0.4682788848876953,0.055883169174194336,0.9798630475997925
1788654155585075000,24.054074951171874,0.07735824584960938,-0.19097447395324707,0.9309815168380737
1788654155601135600,24.070135498046874,0.7891225814819336,-0.48633718490600586,0.9082965850830078
1788654155617154300,24.086154296875,1.362588882446289,-0.743253231048584,0.7742664217948914
1788654155633219600,24.102219482421877,1.7010135650634766,-0.933626651763916,0.7973964810371399
1788654155649267000,24.118266845703126,1.5156145095825195,-0.9763247966766357,0.8545337319374084
1788654155665285600,24.13428564453125,1.06195068359375,-0.9103281497955322,1.040238380432129
1788654155681336300,24.15033642578125,0.3426189422607422,-0.7340478897094727,1.0964603424072266
1788654155697356300,24.166356201171876,-0.2582855224609375,-0.5855715274810791,1.2499874830245972
1788654155713389600,24.1823896484375,-0.6587038040161133,-0.4467625617980957,1.3161273002624512
1788654155729448400,24.198448486328125,-0.8391647338867188,-0.35280776023864746,1.4245223999023438
1788654155745469700,24.2144697265625,-0.773503303527832,-0.35021042823791504,1.391581416130066
1788654155761532200,24.2305322265625,-0.5670490264892578,-0.2971994876861572,1.2993658781051636
1788654155777567000,24.24656689453125,-0.21109771728515625,-0.3044700622558594,1.1584569215774536
1788654155793614600,24.262614501953124,0.14850616455078125,-0.21394968032836914,0.9114513397216797
1788654155809688000,24.27868798828125,0.3253822326660156,-0.47467827796936035,0.8630993366241455
1788654155825726700,24.294726806640625,0.4756040573120117,-0.372936487197876,0.4468289315700531
1788654155841799200,24.310799072265624,0.5081338882446289,-0.5547361373901367,0.39016973972320557
1788654155857841700,24.326841552734376,0.570465087890625,-0.6990458965301514,0.16643261909484863
1788654155873888800,24.342888671875,0.7722263336181641,-0.9174901247024536,-0.004860103130340576
1788654155889960400,24.35896044921875,0.8007612228393555,-1.0276960134506226,-0.023104608058929443
1788654155906004200,24.375004150390627,0.6524448394775391,-1.0867558717727661,0.0415080189704895
1788654155922061600,24.3910615234375,0.3997306823730469,-1.0011855363845825,0.11109420657157898
1788654155938112800,24.40711279296875,0.21610069274902344,-0.9274594783782959,0.1548309624195099
1788654155954166800,24.423166748046874,0.10097026824951172,-0.8145729303359985,0.08227580785751343
1788654155970193700,24.439193603515626,0.053421974182128906,-0.6729509830474854,0.05201718211174011
1788654155986240300,24.455240234375,0.021104812622070312,-0.5342721939086914,0.10359108448028564
1788654156002317800,24.47131787109375,0.1385974884033203,-0.3795442581176758,0.21815669536590576
1788654156018380500,24.487380615234375,0.49950695037841797,-0.4239330291748047,0.29023367166519165
1788654156034447000,24.503447021484376,1.056422233581543,-0.38684844970703125,0.10144442319869995
1788654156050489900,24.51948974609375,1.6391687393188477,-0.37526845932006836,-0.0682702586054802
1788654156066507000,24.535507080078126,2.1321897506713867,-0.4483633041381836,-0.05776282027363777
1788654156082533400,24.551533447265626,2.0447158813476562,-0.4432971477508545,0.03808532655239105
1788654156098548000,24.5675478515625,1.4017047882080078,-0.33568763732910156,0.08394736051559448
1788654156114630100,24.583630126953125,0.36547183990478516,-0.17383241653442383,0.17531169950962067
1788654156130690300,24.599690185546876,-0.3709402084350586,-0.05255532264709473,0.22755473852157593
1788654156146699300,24.61569921875,-0.8175764083862305,0.11076188087463379,0.32049277424812317
1788654156162754300,24.63175439453125,-0.8992071151733398,0.1810295581817627,0.41007566452026367
1788654156178770400,24.6477705078125,-0.776789665222168,0.25813937187194824,0.5222353339195251
1788654156194806000,24.663805908203123,-0.5880193710327148,0.2118535041809082,0.6269737482070923
1788654156210870500,24.67987060546875,-0.324066162109375,0.0044155120849609375,0.7966301441192627
1788654156226885400,24.695885498046874,0.14893245697021484,-0.13425278663635254,0.7606505751609802
1788654156242948900,24.711948974609374,0.7591838836669922,-0.282606840133667,0.68741774559021
1788654156258969600,24.727969482421877,1.2617378234863281,-0.34844279289245605,0.6586213111877441
1788654156275013600,24.744013671875,1.4741907119750977,-0.2646331787109375,0.6585065722465515
1788654156291085600,24.76008544921875,1.4213504791259766,-0.10666275024414062,0.5993289947509766
1788654156307096600,24.7760966796875,1.147749900817871,-0.008491277694702148,0.6799606084823608
1788654156323163600,24.79216357421875,0.5767192840576172,0.1614084243774414,0.5973339080810547
1788654156339180000,24.808179931640623,-0.03849220275878906,0.24929499626159668,0.6421247720718384
1788654156355230500,24.82423046875,-0.5559148788452148,0.35149335861206055,0.642031192779541
1788654156371262000,24.840261962890626,-0.7792701721191406,0.4111950397491455,0.6026784181594849
1788654156387267800,24.856267822265625,-0.7448759078979492,0.39755749702453613,0.5030940771102905
1788654156403349200,24.872349365234374,-0.6281003952026367,0.3347649574279785,0.45597442984580994
1788654156419364600,24.888364501953124,-0.5489788055419922,0.30249595642089844,0.513777494430542
1788654156435427000,24.904427001953124,-0.5021028518676758,0.29152631759643555,0.6851446032524109
1788654156451460600,24.920460693359374,-0.4273052215576172,0.29614925384521484,0.760558545589447
1788654156467478500,24.936478515625,-0.3069267272949219,0.3300302028656006,0.7263761758804321
1788654156483564500,24.952564453125,-0.29381752014160156,0.33194589614868164,0.650342583656311
1788654156499581200,24.968581298828123,-0.2136697769165039,0.357666015625,0.5274728536605835
1788654156515656000,24.984656005859375,-0.08351802825927734,0.3796985149383545,0.4268919825553894
1788654156531703800,25.000703857421875,-0.031932830810546875,0.41716718673706055,0.24112771451473236
1788654156547718100,25.01671826171875,-0.12724876403808594,0.46612000465393066,0.11678016185760498
1788654156563768300,25.032768310546874,-0.023090362548828125,0.4594841003417969,-0.024188831448554993
1788654156579788800,25.048788818359377,-0.026624679565429688,0.4548521041870117,-0.16930997371673584
1788654156595866400,25.064866455078125,-0.0030221939086914062,0.478712797164917,-0.08329671621322632
1788654156611923700,25.080923828125,-0.08585643768310547,0.4651637077331543,0.0007760971784591675
1788654156627939000,25.09693896484375,-0.19654178619384766,0.5812747478485107,0.023334845900535583
1788654156643999700,25.112999755859374,-0.3164196014404297,0.5105752944946289,0.3527592420578003
1788654156660028700,25.129028564453126,-0.12794971466064453,0.45275306701660156,0.5924563407897949
1788654156676066800,25.14506689453125,0.06787872314453125,0.2490236759185791,0.8595640659332275
1788654156692132900,25.1611328125,0.4437856674194336,0.08798456192016602,0.7897228002548218
1788654156708157000,25.177156982421874,0.6720523834228516,-0.19219064712524414,1.1203441619873047
1788654156724226000,25.19322607421875,0.7309427261352539,-0.23242831230163574,1.1731537580490112
1788654156740268500,25.2092685546875,0.4794578552246094,-0.1444096565246582,1.2095251083374023
1788654156756315100,25.225315185546876,-0.009769439697265625,-0.014217376708984375,1.3630415201187134
1788654156772405500,25.241405517578126,-0.47263050079345703,0.09410452842712402,1.245865821838379
1788654156788439300,25.257439208984376,-0.8110532760620117,0.05918622016906738,1.2485178709030151
1788654156804515800,25.273515869140624,-0.7473087310791016,0.06988310813903809,1.2576594352722168
1788654156820567600,25.289567626953126,-0.4212017059326172,0.08567452430725098,1.2693955898284912
1788654156836632000,25.305632080078126,-0.1176156997680664,-0.015773296356201172,1.2355082035064697
1788654156852673800,25.321673828125,-0.20159339904785156,0.002653837203979492,1.0958564281463623
1788654156868711700,25.337711669921877,-0.21127033233642578,0.050852298736572266,1.103163242340088
1788654156884803600,25.353803466796876,-0.13099288940429688,0.02914905548095703,1.0075770616531372
1788654156900864500,25.369864501953124,0.09883499145507812,0.19220304489135742,0.9805148839950562
1788654156916940000,25.38593994140625,0.3014965057373047,0.250438928604126,1.001024842262268
1788654156932996400,25.401996337890626,0.3868589401245117,0.2090308666229248,0.7702019810676575
1788654156949054700,25.4180546875,0.29697227478027344,0.2671544551849365,0.5719245672225952
1788654156965111600,25.434111572265625,0.027052879333496094,0.3538672924041748,0.45898890495300293
1788654156981127000,25.450126953125,-0.08947944641113281,0.3380861282348633,0.2739642858505249
1788654156997205500,25.46620556640625,-0.055565834045410156,0.2971625328063965,0.05532681941986084
1788654157013261600,25.482261474609373,0.03753471374511719,0.31528425216674805,-0.21014726161956787
1788654157029270300,25.498270263671873,0.10654163360595703,0.33391284942626953,-0.35634368658065796
1788654157045329400,25.514329345703125,0.06835079193115234,0.3572123050689697,-0.38511914014816284
1788654157061349600,25.530349609375,-0.02942657470703125,0.4167172908782959,-0.187514066696167
1788654157077398000,25.54639794921875,0.03288841247558594,0.44648241996765137,-0.06506872177124023
1788654157093464600,25.562464599609374,0.12853145599365234,0.38240647315979004,0.09724080562591553
1788654157109477400,25.578477294921875,0.29192352294921875,0.34003329277038574,0.20561790466308594
1788654157125548500,25.594548583984373,0.3695335388183594,0.2911252975463867,0.3134974241256714
1788654157141568300,25.610568359375,0.3287935256958008,0.27333617210388184,0.34170401096343994
1788654157157621500,25.62662158203125,0.2328319549560547,0.2905392646789551,0.26553595066070557
1788654157173702100,25.6427021484375,0.06798267364501953,0.3385021686553955,0.14185595512390137
1788654157189715700,25.6587158203125,-0.0650014877319336,0.4369330406188965,0.008548855781555176
1788654157205795800,25.6747958984375,-0.08975696563720703,0.5351047515869141,-0.168504536151886
1788654157221814000,25.69081396484375,-0.04248619079589844,0.5069873332977295,-0.3482500910758972
1788654157237874000,25.7068740234375,0.13778972625732422,0.4749894142150879,-0.5175471305847168
1788654157253930000,25.722929931640625,0.33275413513183594,0.38949012756347656,-0.6330705881118774
1788654157269941000,25.73894091796875,0.5348949432373047,0.33829331398010254,-0.6866528987884521
1788654157286028000,25.755028076171875,0.5373687744140625,0.3781919479370117,-0.6766365766525269
1788654157302052600,25.771052490234375,0.4643287658691406,0.38753175735473633,-0.6898608803749084
1788654157318118100,25.7871181640625,0.26932525634765625,0.4323556423187256,-0.7151995897293091
1788654157334162400,25.803162353515624,0.07710647583007812,0.5093023777008057,-0.5294101238250732
1788654157350177500,25.819177490234374,-0.11733055114746094,0.5934195518493652,-0.435738742351532
1788654157366234600,25.835234619140625,-0.21896076202392578,0.5665466785430908,-0.3915407955646515
1788654157382257000,25.8512568359375,-0.32625865936279297,0.5564744472503662,-0.23692145943641663
1788654157398338800,25.8673388671875,-0.3537712097167969,0.5792813301086426,-0.1884210705757141
1788654157414397400,25.8833974609375,-0.3620595932006836,0.5819063186645508,-0.1463662087917328
1788654157430409000,25.899408935546877,-0.3227825164794922,0.5199620723724365,-0.001461327075958252
1788654157446455800,25.915455810546874,-0.19037628173828125,0.48204660415649414,0.16332334280014038
1788654157462475800,25.931475830078124,-0.06783676147460938,0.39208245277404785,0.4294624328613281
1788654157478555400,25.947555419921876,-0.061011314392089844,0.26780033111572266,0.44742780923843384
1788654157494613800,25.96361376953125,0.008278846740722656,0.1637887954711914,0.26465368270874023
1788654157510629000,25.979629150390625,0.18726158142089844,0.19124293327331543,0.19266629219055176
1788654157526694100,25.995694091796874,0.18305397033691406,0.13716578483581543,0.25041472911834717
1788654157542721000,26.011720947265626,0.022980690002441406,0.0861814022064209,0.08019798994064331
1788654157558760700,26.0277607421875,-0.10411262512207031,0.05935502052307129,-0.1925879716873169
1788654157574820900,26.04382080078125,-0.3243684768676758,0.10266542434692383,-0.4767329692840576
1788654157590845700,26.059845703125,-0.34148502349853516,0.13765335083007812,-0.6086486577987671
1788654157606915800,26.075915771484375,-0.2862386703491211,0.19200634956359863,-0.6543189287185669
1788654157622950000,26.091949951171873,-0.18899822235107422,0.22121405601501465,-0.7080211639404297
1788654157638999300,26.107999267578126,-0.14720916748046875,0.21085214614868164,-0.7517178058624268
1788654157655074800,26.12407470703125,-0.20330524444580078,0.25265073776245117,-0.6549241542816162
1788654157671105000,26.14010498046875,-0.38149356842041016,0.3232243061065674,-0.47250717878341675
1788654157687185400,26.156185302734375,-0.46541881561279297,0.41132378578186035,-0.35063087940216064
1788654157703229200,26.172229248046875,-0.3411550521850586,0.4449169635772705,-0.2679888606071472
1788654157719287300,26.188287353515626,0.009996414184570312,0.4151167869567871,-0.24068918824195862
1788654157735370500,26.20437060546875,0.45385169982910156,0.33611512184143066,-0.28465208411216736
1788654157751407900,26.220407958984374,0.9938859939575195,0.333965539932251,-0.26359057426452637
1788654157767494400,26.236494384765624,1.4838371276855469,0.2988133430480957,-0.18514645099639893
1788654157783549700,26.2525498046875,1.7409143447875977,0.19946551322937012,-0.043502599000930786
1788654157799614000,26.268614013671876,1.5461311340332031,0.38503074645996094,0.01941812038421631
1788654157815659300,26.2846591796875,0.9385538101196289,0.6001772880554199,0.30096858739852905
1788654157831715600,26.300715576171875,0.6096076965332031,0.6626620292663574,0.6357494592666626
1788654157847815200,26.316815185546876,0.5514020919799805,0.3157181739807129,0.5715554356575012
1788654157863879700,26.332879638671876,0.9924306869506836,-0.04166841506958008,0.3381511867046356
1788654157879952000,26.348951904296875,1.811875343322754,-0.4278144836425781,0.17315581440925598
1788654157896019700,26.365019775390625,2.471620559692383,-0.8637213706970215,0.1182321310043335
1788654157912070700,26.381070556640626,2.519558906555176,-1.1751682758331299,0.1327577829360962
1788654157928126200,26.397126220703125,1.778376579284668,-1.3268120288848877,0.216024249792099
1788654157944198000,26.413197998046876,0.8563814163208008,-1.3650755882263184,0.29332026839256287
1788654157960280000,26.429280029296876,0.06102943420410156,-1.270514726638794,0.21157777309417725
1788654157976332300,26.445332275390626,-0.41771507263183594,-1.1591732501983643,0.20605143904685974
1788654157992341800,26.461341796875,-0.6020593643188477,-0.9736645221710205,0.14178746938705444
1788654158008417500,26.47741748046875,-0.4761056900024414,-0.9688990116119385,0.07814648747444153
1788654158024435700,26.493435791015624,-0.16796588897705078,-1.0602152347564697,0.05323168635368347
1788654158040480000,26.50947998046875,0.18175029754638672,-1.2112667560577393,0.014746904373168945
1788654158056543500,26.52554345703125,0.3821115493774414,-1.3199164867401123,0.07500365376472473
1788654158072560400,26.541560302734375,0.612086296081543,-1.4504706859588623,0.13098669052124023
1788654158088622800,26.557622802734375,0.7934341430664062,-1.6183395385742188,0.13795626163482666
1788654158104642300,26.573642333984374,0.7807979583740234,-1.5822944641113281,0.04616826772689819
1788654158120690000,26.58968994140625,0.6347084045410156,-1.4113154411315918,0.11770361661911011
1788654158136754700,26.605754638671876,0.40038490295410156,-1.1258299350738525,0.1951252818107605
1788654158152770600,26.6217705078125,-0.1074838638305664,-0.9956040382385254,0.28035175800323486
1788654158168848100,26.63784814453125,-0.7010335922241211,-0.8287684917449951,0.3373628258705139
1788654158184864000,26.653864013671875,-1.2926597595214844,-0.6972160339355469,0.3370734453201294
1788654158200923400,26.66992333984375,-1.58305025100708,-0.5440559387207031,0.284778892993927
1788654158216962300,26.68596240234375,-1.5181074142456055,-0.4050915241241455,0.25936055183410645
1788654158232970200,26.70197021484375,-1.128220558166504,-0.2970237731933594,0.219457745552063
1788654158249056300,26.71805615234375,-0.7375202178955078,-0.17252278327941895,0.05522051453590393
1788654158265073700,26.73407373046875,-0.5029125213623047,-0.12266778945922852,-0.03618788719177246
1788654158281147100,26.750147216796876,-0.20019912719726562,0.018971920013427734,-0.08217573165893555
1788654158297192000,26.76619189453125,-0.09704113006591797,0.07003021240234375,-0.08925312757492065
1788654158313203000,26.782202880859376,-0.09554481506347656,0.05905485153198242,-0.11591300368309021
1788654158329253600,26.798253662109374,-0.044798851013183594,0.11952710151672363,-0.147361159324646
1788654158345270500,26.8142705078125,-0.018629074096679688,0.07998991012573242,-0.09201312065124512
1788654158361350700,26.8303505859375,0.0050411224365234375,0.13541555404663086,-0.03884530067443848
1788654158377407000,26.846406982421875,-0.16756725311279297,0.12649798393249512,-0.17644059658050537
1788654158393418000,26.86241796875,-0.34058475494384766,0.10634326934814453,-0.23735827207565308
1788654158409467600,26.878467529296874,-0.4051980972290039,0.11181259155273438,-0.3151392936706543
1788654158425488000,26.89448779296875,-0.4701681137084961,0.08396196365356445,-0.3950815796852112
1788654158441520400,26.910520263671874,-0.42131710052490234,0.11080718040466309,-0.5387075543403625
1788654158457581600,26.92658154296875,-0.13888168334960938,0.17348122596740723,-0.5950822830200195
1788654158473596400,26.942596435546875,0.17323589324951172,0.24587106704711914,-0.5195091962814331
1788654158489650200,26.958650146484374,0.3585996627807617,0.3815453052520752,-0.499411404132843
1788654158505674500,26.974674560546877,0.467529296875,0.40137410163879395,-0.46756741404533386
1788654158521712600,26.990712646484376,0.6764545440673828,0.4142305850982666,-0.48140478134155273
1788654158537777200,27.006777099609376,0.9096822738647461,0.36103391647338867,-0.30732378363609314
1788654158553793500,27.02279345703125,1.1216754913330078,0.31772732734680176,-0.2879748046398163
1788654158569861400,27.038861328125,1.1163711547851562,0.22561335563659668,-0.4080426096916199
1788654158585914600,27.05491455078125,1.0994071960449219,0.2745797634124756,-0.4975813031196594
1788654158601956600,27.07095654296875,0.9543638229370117,0.8436093330383301,-0.5849123597145081
1788654158617996300,27.086996337890625,1.1711368560791016,0.8428828716278076,0.21146366000175476
1788654158634026000,27.10302587890625,1.1696052551269531,0.3215291500091553,0.7815069556236267
1788654158650100700,27.119100830078125,1.2100086212158203,0.30646395683288574,0.6230605840682983
1788654158666138600,27.135138671875,1.5230388641357422,-0.0157926082611084,0.9029269218444824
1788654158682199000,27.151198974609375,2.2362184524536133,-0.6470949649810791,0.9883341789245605
1788654158698257000,27.1672568359375,2.7748451232910156,-1.0652620792388916,0.967284083366394
1788654158714288600,27.18328857421875,2.6730546951293945,-1.2146720886230469,0.7836695313453674
1788654158730360600,27.199360595703126,1.855010986328125,-1.3895764350891113,0.7729781866073608
1788654158746410500,27.215410400390624,1.0387992858886719,-1.404310941696167,0.7991155385971069
1788654158762460000,27.2314599609375,-0.009669303894042969,-1.2919447422027588,0.782566249370575
1788654158778485500,27.247485595703125,-1.033402442932129,-1.204803228378296,1.015329360961914
1788654158794529800,27.26352978515625,-1.5931916236877441,-1.1057765483856201,1.285295844078064
1788654158810609200,27.279609130859374,-1.5785713195800781,-1.0437042713165283,1.4078117609024048
1788654158826665700,27.295665771484376,-1.2933340072631836,-1.0708708763122559,1.6158299446105957
1788654158842745000,27.3117451171875,-0.8803186416625977,-1.2075862884521484,1.8272868394851685
1788654158858856000,27.32785595703125,-0.2988452911376953,-1.3102593421936035,1.6051689386367798
1788654158874906000,27.343906005859374,0.2586650848388672,-1.4303557872772217,1.2458481788635254
1788654158890949400,27.359949462890626,0.7106800079345703,-1.407303810119629,0.9596443772315979
1788654158906967800,27.3759677734375,0.996002197265625,-1.281419038772583,0.7763969302177429
1788654158923048700,27.392048583984376,0.8357162475585938,-1.2524983882904053,0.740200400352478
1788654158939103700,27.408103759765623,0.5435056686401367,-1.0333702564239502,0.587534487247467
1788654158955122700,27.424122802734374,0.17831134796142578,-0.8319172859191895,0.4869239628314972
1788654158971177000,27.440177001953124,-0.10033226013183594,-0.7317774295806885,0.39410948753356934
1788654158987196000,27.45619580078125,-0.555842399597168,-0.5815513134002686,0.30787456035614014
1788654159003276500,27.472276611328127,-0.919743537902832,-0.44731950759887695,0.3090823292732239
1788654159019350300,27.488350341796874,-1.0920076370239258,-0.2899200916290283,0.4258725643157959
1788654159035361000,27.504361083984374,-1.1606903076171875,-0.19565296173095703,0.5957746505737305
1788654159051431200,27.52043115234375,-1.211719036102295,-0.053640127182006836,0.7057596445083618
1788654159067449000,27.536448974609375,-1.1566781997680664,0.0473787784576416,0.7373226881027222
1788654159083493400,27.552493408203127,-0.876530647277832,0.0853888988494873,0.8800675272941589
1788654159099565800,27.56856591796875,-0.5645627975463867,0.03266620635986328,0.8799973726272583
1788654159115572000,27.584572021484377,-0.19682979583740234,-0.0020999908447265625,0.7629420757293701
1788654159131649300,27.600649169921876,0.17084884643554688,0.01726365089416504,0.7781094312667847
1788654159147669500,27.61666943359375,0.31533145904541016,0.10198044776916504,0.8293581008911133
1788654159163728600,27.632728759765627,0.3154754638671875,0.19481229782104492,0.7387696504592896
1788654159179759600,27.648759521484376,0.23784923553466797,0.27510929107666016,0.661684513092041
1788654159195768600,27.6647685546875,0.24455547332763672,0.3540952205657959,0.5760414600372314
1788654159211848400,27.680848388671876,0.3438873291015625,0.3894376754760742,0.4024355709552765
1788654159227864800,27.69686474609375,0.4909954071044922,0.38793110847473145,0.2081928253173828
1788654159243930000,27.71293017578125,0.6191501617431641,0.402374267578125,0.1985810101032257
1788654159259966000,27.728966064453125,0.6145305633544922,0.3733384609222412,0.2825082540512085
1788654159275977700,27.744977783203126,0.5492954254150391,0.3483614921569824,0.38758373260498047
1788654159292074000,27.761073974609374,0.5966682434082031,0.23337125778198242,0.5965132713317871
1788654159308093000,27.777093017578125,0.9087200164794922,0.10964679718017578,0.796492338180542
1788654159324170200,27.793170166015624,0.9278717041015625,0.11443018913269043,0.7271596193313599
1788654159340222200,27.80922216796875,0.5555429458618164,0.5015437602996826,0.5265935659408569
1788654159356203500,27.82520361328125,0.2595958709716797,0.5782294273376465,0.5284370183944702
1788654159372260000,27.841260009765627,0.44176578521728516,0.5081615447998047,0.06140241026878357
1788654159388281000,27.857281005859374,1.4541606903076172,0.2675323486328125,-0.2693118155002594
1788654159404316000,27.87331591796875,2.528127670288086,-0.26825690269470215,-0.37072432041168213
1788654159420361000,27.88936083984375,3.186298370361328,-0.827996015548706,-0.43908125162124634
1788654159436372500,27.90537255859375,3.0003461837768555,-1.1192479133605957,-0.30866408348083496
1788654159452415200,27.921415283203125,1.945704460144043,-1.1372625827789307,0.09804162383079529
1788654159468448000,27.937447998046874,0.49297428131103516,-1.1602058410644531,0.5540885925292969
1788654159484519700,27.953519775390625,-0.8107643127441406,-0.9818835258483887,0.6722866892814636
1788654159500574200,27.96957421875,-0.9879646301269531,-0.809016227722168,0.7789092659950256
1788654159516602400,27.985602294921875,-0.41393566131591797,-0.7549266815185547,0.779098629951477
1788654159532680700,28.0016806640625,0.2975025177001953,-0.9572188854217529,0.6479430794715881
1788654159548716800,28.017716796875,0.6228132247924805,-1.2328193187713623,0.5011929869651794
1788654159564762600,28.0337626953125,0.3571901321411133,-1.357379674911499,0.4004167914390564
1788654159580789800,28.049789794921875,-0.04341888427734375,-1.4084322452545166,0.5760493278503418
1788654159596829400,28.065829345703126,-0.1569204330444336,-1.38824462890625,0.7348783016204834
1788654159612903200,28.081903076171876,-0.06828498840332031,-1.3489677906036377,0.7590672969818115
1788654159628951300,28.097951416015626,0.1529989242553711,-1.315035343170166,0.726300835609436
1788654159645001200,28.114001220703123,0.23199176788330078,-1.1899287700653076,0.5413166284561157
1788654159661026800,28.13002685546875,0.08432769775390625,-1.011023759841919,0.38642680644989014
1788654159677069800,28.14606982421875,-0.20071029663085938,-0.8300173282623291,0.30044323205947876
1788654159693151500,28.1621513671875,-0.47637176513671875,-0.6210451126098633,0.15568673610687256
1788654159709201700,28.17820166015625,-0.72149658203125,-0.5276687145233154,0.20207500457763672
1788654159725258500,28.194258544921876,-0.9469099044799805,-0.4559955596923828,0.14265644550323486
1788654159741283800,28.210283935546876,-0.9518003463745117,-0.30021095275878906,0.01373302936553955
1788654159757327000,28.2263271484375,-0.8751592636108398,-0.22970986366271973,0.026600658893585205
1788654159773419800,28.242419677734375,-0.4516735076904297,-0.16072440147399902,-0.1288822889328003
1788654159789482500,28.258482421875,-0.07322883605957031,-0.1395876407623291,-0.22864976525306702
1788654159805560800,28.274560791015624,-0.09120655059814453,-0.13514447212219238,-0.2195202112197876
1788654159821605000,28.290605224609376,-0.22824764251708984,0.005994319915771484,-0.34848445653915405
1788654159837671700,28.306671630859373,-0.32659435272216797,0.08792924880981445,-0.4258022904396057
1788654159853721000,28.32272119140625,-0.30859851837158203,0.09289121627807617,-0.40702712535858154
1788654159869741000,28.338740966796873,-0.192626953125,0.1358470916748047,-0.4402540922164917
1788654159885824800,28.35482470703125,-0.02060699462890625,0.19384384155273438,-0.5375242233276367
1788654159901881300,28.37088134765625,0.11237525939941406,0.2677774429321289,-0.5986738801002502
1788654159917902800,28.38690283203125,0.30034732818603516,0.3347799777984619,-0.5099930763244629
1788654159933994200,28.402994140625,0.466644287109375,0.34077000617980957,-0.47802597284317017
1788654159950007300,28.41900732421875,0.6220941543579102,0.44962573051452637,-0.4772639572620392
1788654159966048500,28.435048583984376,0.665837287902832,0.49671030044555664,-0.28514015674591064
1788654159982120000,28.451119873046874,0.7955179214477539,0.4107015132904053,-0.2757177948951721
1788654159998136600,28.467136474609376,0.9974365234375,0.29207372665405273,-0.4203539490699768
1788654160014201300,28.483201416015625,1.2405014038085938,0.15731215476989746,-0.45460444688796997
1788654160030220300,28.49922021484375,1.295792579650879,0.054413557052612305,-0.566268801689148
1788654160046274800,28.51527490234375,1.1461772918701172,0.05380368232727051,-0.8477050065994263
1788654160062345200,28.53134521484375,0.7736988067626953,0.422199010848999,-1.2320334911346436
1788654160078352600,28.5473525390625,0.23160839080810547,0.9666821956634521,-0.8383080363273621
1788654160094432000,28.563431884765624,-0.22650909423828125,0.7578070163726807,-0.02188435196876526
1788654160110449400,28.579449462890626,-0.4668235778808594,0.7785062789916992,-0.43366578221321106
1788654160126510600,28.595510498046874,-0.1210775375366211,0.47353482246398926,0.16965503990650177
1788654160142544100,28.611544189453124,0.878880500793457,-0.13994240760803223,0.34554117918014526
1788654160158551600,28.627551513671875,1.9424829483032227,-0.6655411720275879,0.123212069272995
1788654160174620700,28.64362060546875,2.7066783905029297,-0.9480898380279541,0.15531447529792786
1788654160190643200,28.659643310546876,2.4016408920288086,-1.1509637832641602,-0.07646346837282181
1788654160206691300,28.67569140625,1.518198013305664,-1.0663173198699951,-0.24123942852020264
1788654160222743300,28.691743408203124,0.4270744323730469,-0.8224532604217529,-0.08622585237026215
1788654160238749000,28.7077490234375,-0.532684326171875,-0.7154159545898438,0.318358838558197
1788654160254825700,28.72382568359375,-1.209172248840332,-0.5060720443725586,0.6902333498001099
1788654160270844200,28.73984423828125,-1.6859750747680664,-0.46319079399108887,0.8405121564865112
1788654160286910500,28.755910400390626,-1.3399734497070312,-0.5367352962493896,1.260179042816162
1788654160302953000,28.771952880859374,-0.4350852966308594,-0.7114913463592529,1.491376519203186
1788654160318967600,28.787967529296875,0.5114316940307617,-0.96256422996521,1.3608676195144653
1788654160335011800,28.80401171875,1.2506046295166016,-1.1673555374145508,1.189413070678711
1788654160351036000,28.820035888671875,1.577021598815918,-1.1056418418884277,0.9899710416793823
1788654160367108000,28.836108154296873,1.3514337539672852,-1.0498898029327393,0.7740163207054138
1788654160383164700,28.85216455078125,0.7786598205566406,-0.8429088592529297,0.5111781358718872
1788654160399171000,28.868171142578124,0.26023387908935547,-0.6071939468383789,0.37040507793426514
1788654160415221500,28.884221435546873,-0.28899574279785156,-0.45154285430908203,0.3375810384750366
1788654160431243500,28.900243408203124,-0.7947759628295898,-0.25023317337036133,0.14644062519073486
1788654160447290400,28.916290283203125,-1.23052978515625,-0.14799761772155762,0.20864418148994446
1788654160463353600,28.932353515625,-1.4334144592285156,-0.08208060264587402,0.06678149104118347
1788654160479376000,28.9483759765625,-1.3636088371276855,-0.018534421920776367,-0.014323204755783081
1788654160495443700,28.964443603515626,-1.1831274032592773,0.05930018424987793,0.1341766119003296
1788654160511486700,28.98048681640625,-0.9922552108764648,0.22323322296142578,0.15668708086013794
1788654160527539700,28.996539794921876,-0.89013671875,0.26356077194213867,0.2693730592727661
1788654160543618300,29.012618408203124,-0.8859672546386719,0.2556734085083008,0.27700597047805786
1788654160559649500,29.0286494140625,-0.7241430282592773,0.28465771675109863,0.19219204783439636
1788654160575730000,29.04472998046875,-0.5359573364257812,0.22736692428588867,0.2083187997341156
1788654160591766500,29.0607666015625,-0.2602348327636719,0.26465392112731934,0.28916093707084656
1788654160607815400,29.0768154296875,-0.14728164672851562,0.31015777587890625,0.3007049262523651
1788654160623846700,29.0928466796875,-0.021597862243652344,0.35167884826660156,0.32651227712631226
1788654160639889000,29.108888916015626,0.011747360229492188,0.4333033561706543,0.3194194436073303
1788654160655971300,29.124971435546875,0.13396453857421875,0.4710049629211426,0.1798766553401947
1788654160672025000,29.141025146484374,0.24060630798339844,0.49027442932128906,0.019134044647216797
1788654160688097000,29.157096923828124,0.4454231262207031,0.5187280178070068,-0.016564011573791504
1788654160704164600,29.17316455078125,0.7411003112792969,0.460634708404541,-0.09647539258003235
1788654160720214500,29.189214599609375,1.187124252319336,0.3446664810180664,-0.07726985216140747
1788654160736270000,29.20527001953125,1.3253278732299805,0.17978453636169434,0.09085610508918762
1788654160752340500,29.221340576171876,1.0965805053710938,0.18125033378601074,0.09319338202476501
1788654160768410000,29.23741015625,0.5427627563476562,0.7100167274475098,0.09771367907524109
1788654160784471000,29.253470947265626,0.5535411834716797,0.5678777694702148,0.46126875281333923
1788654160800480500,29.26948046875,0.5836620330810547,0.28616762161254883,-0.009410560131072998
1788654160816540000,29.285539794921874,1.3451690673828125,0.24406719207763672,-0.0006698369979858398
1788654160832554500,29.301554443359375,2.1678895950317383,-0.02952122688293457,-0.0007477700710296631
1788654160848630000,29.317630126953127,2.6268863677978516,-0.388455867767334,-0.10530272126197815
1788654160864688400,29.3336884765625,2.4779396057128906,-0.4694554805755615,-0.08400937914848328
1788654160880693800,29.34969384765625,1.9705047607421875,-0.4854459762573242,0.17626920342445374
1788654160896775200,29.365775146484374,1.5219144821166992,-0.5865795612335205,0.13397055864334106
1788654160912792800,29.381792724609376,1.2329835891723633,-0.5645782947540283,-0.14114990830421448
1788654160928828200,29.397828125,1.0595054626464844,-0.5750796794891357,-0.14375558495521545
1788654160944893200,29.41389306640625,0.7886419296264648,-0.6078333854675293,-0.13543877005577087
1788654160960899600,29.429899658203126,0.44184398651123047,-0.6818532943725586,-0.2328067421913147
1788654160976965000,29.445965087890624,-0.04551506042480469,-0.8391478061676025,-0.37361136078834534
1788654160992984600,29.461984619140626,-0.32464027404785156,-1.0004098415374756,-0.524411678314209
1788654161009037300,29.478037353515624,-0.31456661224365234,-1.014281988143921,-0.7643865346908569
1788654161025109000,29.49410888671875,-0.11122512817382812,-1.2118678092956543,-0.7997788786888123
1788654161041124600,29.51012451171875,0.1119384765625,-1.3294026851654053,-0.8309462070465088
1788654161057201400,29.526201416015624,0.1878194808959961,-1.365898847579956,-0.8185680508613586
1788654161073214700,29.542214599609373,0.030516624450683594,-1.283893346786499,-0.7613104581832886
1788654161089275000,29.55827490234375,-0.2493762969970703,-1.1475496292114258,-0.6693956851959229
1788654161105306400,29.574306396484374,-0.7908620834350586,-0.9382896423339844,-0.5489286780357361
1788654161121317000,29.590317138671875,-1.223923683166504,-0.8009004592895508,-0.3431359827518463
1788654161137414400,29.606414306640627,-1.4120378494262695,-0.6506297588348389,-0.265356183052063
1788654161153428200,29.62242822265625,-1.4094858169555664,-0.49547410011291504,-0.2109009176492691
1788654161169494800,29.638494873046874,-1.4371366500854492,-0.3629891872406006,-0.2481195330619812
1788654161185547000,29.654547119140624,-1.354179859161377,-0.27350711822509766,-0.23172546923160553
1788654161201555000,29.670554931640623,-1.1536712646484375,-0.14476919174194336,-0.2211325615644455
1788654161217610200,29.6866103515625,-0.9692535400390625,-0.05677986145019531,-0.2408531904220581
1788654161233629700,29.702629638671876,-0.7376985549926758,0.09540891647338867,-0.12083625793457031
1788654161249709300,29.718709228515625,-0.5781946182250977,0.16185593605041504,-0.049127817153930664
1788654161265788400,29.734788330078125,-0.5212888717651367,0.23444914817810059,-0.04997670650482178
1788654161281800400,29.750800537109374,-0.31963443756103516,0.33511924743652344,-0.12090122699737549
1788654161297859300,29.766859375,-0.17577838897705078,0.3723485469818115,-0.13742247223854065
1788654161313881600,29.782881591796876,0.043598175048828125,0.5044686794281006,-0.2401377111673355
1788654161329918200,29.798918212890626,0.1028451919555664,0.5174789428710938,-0.17730730772018433
1788654161345985300,29.8149853515625,0.04211235046386719,0.5977680683135986,-0.21972541511058807
1788654161362002700,29.831002685546874,0.07730960845947266,0.7199254035949707,-0.20943361520767212
1788654161378066000,29.84706591796875,0.22371864318847656,0.7899878025054932,-0.1314743161201477
1788654161394101200,29.863101318359377,0.4264659881591797,0.7970988750457764,-0.11972469091415405
1788654161410149400,29.8791494140625,0.4873943328857422,0.7717523574829102,-0.08024445176124573
1788654161426226200,29.89522607421875,0.5469961166381836,0.6484105587005615,-0.2103784680366516
1788654161442256000,29.911255859375,0.5824470520019531,0.5531384944915771,-0.366963267326355
1788654161458329900,29.927329833984373,0.6100006103515625,0.5475132465362549,-0.5024080276489258
1788654161474364700,29.94336474609375,0.6969680786132812,0.5011310577392578,-0.5434525609016418
1788654161490417700,29.959417724609374,0.7403745651245117,0.6312248706817627,-0.6814772486686707
1788654161506447400,29.975447265625,0.5694160461425781,1.2081453800201416,-0.5685145854949951
1788654161522484700,29.991484619140625,0.6324234008789062,1.0015339851379395,0.4323892593383789
1788654161538570000,30.007570068359374,0.5186634063720703,0.7197325229644775,0.4408268928527832
1788654161554622700,30.023622802734376,0.8851051330566406,0.43836426734924316,0.16294199228286743
1788654161570684700,30.0396845703125,1.5998773574829102,-0.008605480194091797,0.0461348295211792
1788654161586708500,30.05570849609375,2.143216133117676,-0.32875847816467285,-0.25559768080711365
1788654161602750500,30.07175048828125,2.370306968688965,-0.5099930763244629,-0.4926532506942749
1788654161618818000,30.087818115234374,2.3124027252197266,-0.7482666969299316,-0.7515329718589783
1788654161634879200,30.103879150390625,1.696610450744629,-0.9055302143096924,-1.1631534099578857
1788654161650956500,30.11995654296875,0.5893049240112305,-0.867333173751831,-1.2623026371002197
1788654161667004700,30.136004638671874,-0.3834085464477539,-0.7705051898956299,-1.1023613214492798
1788654161683015400,30.152015380859375,-1.1888155937194824,-0.7725224494934082,-0.9221433997154236
1788654161699052500,30.168052490234373,-1.410008430480957,-0.7824804782867432,-0.7556608319282532
1788654161715116800,30.18411669921875,-1.1829462051391602,-0.8090484142303467,-0.5672632455825806
1788654161731152100,30.200152099609376,-0.7468032836914062,-1.0399632453918457,-0.3554636240005493
1788654161747212800,30.216212890625,-0.49715614318847656,-1.3020567893981934,-0.34009164571762085
1788654161763224800,30.232224853515625,0.0011844635009765625,-1.4062864780426025,-0.22977936267852783
1788654161779273700,30.248273681640626,0.4255180358886719,-1.4998371601104736,-0.36270079016685486
1788654161795289000,30.2642890625,1.0033626556396484,-1.5157737731933594,-0.6945466995239258
1788654161811318300,30.280318359375,1.3751182556152344,-1.431854248046875,-1.0054476261138916
1788654161827373600,30.29637353515625,1.2484817504882812,-1.2956852912902832,-1.074998378753662
1788654161843387000,30.312386962890624,0.49578094482421875,-1.0531072616577148,-1.1459115743637085
1788654161859451000,30.328450927734377,-0.26947021484375,-0.7461357116699219,-1.180694580078125
1788654161875470600,30.344470703125,-0.8662033081054688,-0.5103492736816406,-1.2284955978393555
1788654161891510300,30.36051025390625,-1.2689156532287598,-0.35143160820007324,-1.3123024702072144
1788654161907574500,30.376574462890623,-1.2397098541259766,-0.20458459854125977,-1.3209655284881592
1788654161923581000,30.392580810546875,-0.8996677398681641,-0.00425267219543457,-1.0847713947296143
1788654161939653600,30.408653564453125,-0.6389036178588867,0.17187809944152832,-0.7835093140602112
1788654161955667200,30.424667236328126,-0.5658931732177734,0.21840548515319824,-0.555831789970398
1788654161971710500,30.44071044921875,-0.5379180908203125,0.17322540283203125,-0.2555612325668335
1788654161987784000,30.456783935546873,-0.2871532440185547,0.16524219512939453,-0.13718751072883606
1788654162003792100,30.472792236328125,0.31520748138427734,0.18060803413391113,0.046583980321884155
1788654162019875000,30.488875,0.6515598297119141,0.0047760009765625,0.09199768304824829
1788654162035893200,30.504893310546876,0.7882785797119141,-0.031193256378173828,0.015695318579673767
1788654162051955000,30.520954833984376,0.6389570236206055,0.023911714553833008,-0.0026648640632629395
1788654162067985000,30.53698486328125,0.34510040283203125,0.12131786346435547,0.022049695253372192
1788654162083991800,30.55299169921875,0.051932334899902344,0.17226767539978027,0.07851512730121613
1788654162100079000,30.5690791015625,0.009927749633789062,0.21515774726867676,0.18364880979061127
1788654162116097300,30.58509716796875,0.06799602508544922,0.24588513374328613,0.07028532028198242
1788654162132165000,30.6011650390625,0.13222980499267578,0.23714518547058105,0.11926524341106415
1788654162148202000,30.617201904296873,0.37883853912353516,0.15091896057128906,0.13149061799049377
1788654162164210200,30.633210205078125,0.6710329055786133,0.028975725173950195,0.23256929218769073
1788654162180308000,30.649307861328126,0.9732627868652344,-0.13890385627746582,0.36766695976257324
1788654162196323800,30.66532373046875,1.0410823822021484,-0.2823038101196289,0.5759412050247192
1788654162212394000,30.68139404296875,0.9458990097045898,-0.4000258445739746,0.7994174957275391
1788654162228438300,30.697438232421874,0.6669559478759766,0.0034677982330322266,0.7320868968963623
1788654162244446500,30.713446533203125,0.3737354278564453,0.539595365524292,1.1105512380599976
1788654162260503600,30.729503662109376,0.27841949462890625,0.22950530052185059,1.5354235172271729
1788654162276522200,30.745522216796875,0.08533668518066406,0.3248941898345947,0.6582851409912109
1788654162292555300,30.76155517578125,0.732243537902832,0.21364235877990723,0.7599500417709351
1788654162308613400,30.77761328125,1.765446662902832,-0.05718183517456055,0.4623940587043762
1788654162324625700,30.793625732421877,2.6599512100219727,-0.5318758487701416,-0.05104166269302368
1788654162340667100,30.809667236328124,3.2008438110351562,-0.8969509601593018,-0.35576555132865906
1788654162356697600,30.825697509765625,3.384265899658203,-1.0976827144622803,-0.31403717398643494
1788654162372770000,30.84177001953125,2.774664878845215,-1.1904635429382324,-0.537998378276825
1788654162388819200,30.857819091796873,1.4393596649169922,-1.325645923614502,-0.6745283603668213
1788654162404841200,30.87384130859375,0.09842681884765625,-1.3214552402496338,-0.7755603194236755
1788654162420904000,30.889904052734376,-1.076751708984375,-1.0588574409484863,-0.7804157733917236
1788654162436941000,30.905941162109375,-1.6736769676208496,-0.8468711376190186,-0.531246542930603
1788654162452971800,30.9219716796875,-1.7494001388549805,-0.8234813213348389,-0.4181705415248871
1788654162469020000,30.93802001953125,-1.6849441528320312,-0.8689308166503906,-0.4870918095111847
1788654162485055000,30.954054931640623,-1.3924927711486816,-0.802849292755127,-0.3501540422439575
1788654162501129000,30.97012890625,-0.8274869918823242,-0.814685583114624,-0.026447206735610962
1788654162517174800,30.9861748046875,-0.10445213317871094,-0.9511826038360596,-0.012151777744293213
1788654162533244000,31.002243896484377,0.44138336181640625,-0.999819278717041,-0.10479661822319031
1788654162549281000,31.018281005859375,0.6179447174072266,-0.8694491386413574,-0.09884396195411682
1788654162565336300,31.03433642578125,0.5003747940063477,-0.6863527297973633,0.11944353580474854
1788654162581422800,31.0504228515625,0.35100555419921875,-0.5305354595184326,0.3232293426990509
1788654162597499400,31.06649951171875,0.1746988296508789,-0.46798157691955566,0.3783661425113678
1788654162613559600,31.0825595703125,0.027718544006347656,-0.3617825508117676,0.28296923637390137
1788654162629614300,31.0986142578125,-0.2516441345214844,-0.30894947052001953,0.2584666609764099
1788654162645662500,31.114662353515627,-0.49476146697998047,-0.18863177299499512,0.22677084803581238
1788654162661731600,31.130731689453125,-0.648468017578125,-0.007785797119140625,0.21596139669418335
1788654162677749800,31.146749755859375,-0.7352018356323242,0.11136031150817871,0.1817602515220642
1788654162693784600,31.16278466796875,-0.6746435165405273,0.23935961723327637,0.08769437670707703
1788654162709843700,31.17884375,-0.5409183502197266,0.38636088371276855,0.013296842575073242
1788654162725855200,31.194855224609373,-0.4811115264892578,0.46765828132629395,0.03172674775123596
1788654162741919700,31.210919677734374,-0.2988166809082031,0.5304274559020996,0.0026475191116333008
1788654162757941500,31.22694140625,-0.22312259674072266,0.5167901515960693,0.022306352853775024
1788654162773986800,31.24298681640625,-0.15063858032226562,0.5329205989837646,0.023909151554107666
1788654162790062600,31.2590625,-0.15286636352539062,0.5089807510375977,0.09624749422073364
1788654162806069800,31.27506982421875,-0.17114543914794922,0.4342918395996094,0.1063414216041565
1788654162822144300,31.291144287109375,-0.24991226196289062,0.41098856925964355,0.058064281940460205
1788654162838162000,31.307161865234374,-0.04998970031738281,0.450955867767334,0.07338231801986694
1788654162854215000,31.32321484375,0.21860218048095703,0.42351365089416504,0.10803771018981934
1788654162870293800,31.339293701171876,0.5248479843139648,0.3159968852996826,0.20030689239501953
1788654162886302200,31.35530224609375,0.8737649917602539,0.20273733139038086,0.34397417306900024
1788654162902383600,31.371383544921876,1.0111017227172852,0.08544421195983887,0.3166234493255615
1788654162918403800,31.38740380859375,1.0077953338623047,-0.022167682647705078,0.25529974699020386
1788654162934461400,31.40346142578125,1.014923095703125,-0.06549572944641113,0.28469133377075195
1788654162950496800,31.419496826171876,0.7965803146362305,0.06174588203430176,0.08635598421096802
1788654162966506000,31.435506103515625,0.2687263488769531,0.734553337097168,-0.19878911972045898
1788654162982589400,31.45158935546875,0.09300041198730469,0.9724681377410889,0.20344513654708862
1788654162998607000,31.467607177734376,0.23343849182128906,0.7099928855895996,0.32610833644866943
1788654163014675500,31.483675537109374,0.7060718536376953,0.5872454643249512,0.057877302169799805
1788654163030719500,31.499719482421874,1.726943016052246,-0.041382551193237305,0.4668903350830078
1788654163046724900,31.515724853515625,2.909499168395996,-0.6508932113647461,0.3268018364906311
1788654163062800400,31.53180029296875,3.208719253540039,-0.92893385887146,0.10060667991638184
1788654163078822700,31.54782275390625,2.500753402709961,-1.024733304977417,0.11649900674819946
1788654163094869200,31.563869140625,1.296036720275879,-1.110929250717163,0.20340198278427124
1788654163110913500,31.57991357421875,0.23195457458496094,-1.20652437210083,0.26389455795288086
1788654163126928600,31.5959287109375,-0.3915252685546875,-1.2072510719299316,0.42735588550567627
1788654163142974200,31.61197412109375,-1.1770515441894531,-1.2383537292480469,0.4459786117076874
1788654163158995200,31.6279951171875,-1.5392837524414062,-1.1744115352630615,0.43324485421180725
1788654163175061000,31.64406103515625,-1.6394572257995605,-0.9141759872436523,0.7119752764701843
1788654163191122200,31.6601220703125,-1.4177322387695312,-0.796396017074585,1.027312994003296
1788654163207139000,31.67613916015625,-1.1674675941467285,-0.8963086605072021,1.284255027770996
1788654163223203600,31.69220361328125,-0.8726644515991211,-1.1327662467956543,1.7199122905731201
1788654163239231000,31.70823095703125,-0.2698392868041992,-1.3067915439605713,1.7029601335525513
1788654163255270000,31.724269775390624,0.7464237213134766,-1.5087599754333496,1.432072401046753
1788654163271333600,31.740333740234377,1.4470901489257812,-1.5747580528259277,1.1607530117034912
1788654163287357400,31.756357421875,1.4551210403442383,-1.5582687854766846,0.8677383661270142
1788654163303416600,31.77241650390625,0.9221677780151367,-1.4316654205322266,0.45812171697616577
1788654163319446000,31.788446044921876,0.162841796875,-1.155151128768921,0.2716621160507202
1788654163335485000,31.80448486328125,-0.3893718719482422,-0.8345775604248047,0.2390594482421875
1788654163351572000,31.820572021484374,-0.4965200424194336,-0.6855108737945557,0.1394774317741394
1788654163367596500,31.836596435546873,-0.41530895233154297,-0.6525137424468994,0.10169154405593872
1788654163383664600,31.85266455078125,-0.3698921203613281,-0.5731210708618164,0.16479182243347168
1788654163399706600,31.86870654296875,-0.40018558502197266,-0.5777688026428223,0.145749032497406
1788654163415755000,31.884755126953124,-0.33835411071777344,-0.4138679504394531,0.14735466241836548
1788654163431836700,31.900836669921876,-0.3714771270751953,-0.29405975341796875,0.3686479926109314
1788654163447878000,31.9168779296875,-0.24729251861572266,-0.30579376220703125,0.47650641202926636
1788654163463966500,31.932966552734374,-0.08586502075195312,-0.27727770805358887,0.22028875350952148
1788654163480016400,31.949016357421876,-0.030699729919433594,-0.2875518798828125,0.02355426549911499
1788654163496072200,31.965072265625,0.06410789489746094,-0.2080402374267578,-0.24607887864112854
1788654163512107800,31.981107666015625,0.1894683837890625,-0.1602919101715088,-0.36223334074020386
1788654163528150000,31.99714990234375,0.3305473327636719,-0.14760041236877441,-0.5989916324615479
1788654163544188700,32.01318872070313,0.5504207611083984,-0.10956358909606934,-0.8145776391029358
1788654163560245200,32.02924536132812,0.6628847122192383,-0.015285491943359375,-0.9013761281967163
1788654163576306700,32.045306640625,0.9793815612792969,-0.1044466495513916,-0.5386915802955627
1788654163592354300,32.061354248046875,0.8993148803710938,0.0017001628875732422,-0.49387460947036743
1788654163608373500,32.07737353515625,0.6628150939941406,-0.010843276977539062,0.1831974983215332
1788654163624420600,32.09342065429688,0.5952005386352539,-0.14610910415649414,0.16283565759658813
1788654163640437500,32.1094375,0.8599643707275391,-0.2417309284210205,0.3128665089607239
1788654163656520700,32.125520751953125,0.8191928863525391,-0.11870503425598145,0.08037346601486206
1788654163672581000,32.1415810546875,0.45032310485839844,0.16490817070007324,0.03073018789291382
1788654163688593200,32.15759326171875,0.13959217071533203,0.27547359466552734,0.10697460174560547
1788654163704662500,32.17366259765625,0.2462606430053711,0.18142461776733398,0.11664372682571411
1788654163720683500,32.18968359375,0.7005720138549805,-0.02901625633239746,-0.14483198523521423
1788654163736727800,32.20572778320312,1.3969173431396484,-0.3723738193511963,-0.31976139545440674
1788654163752801500,32.22180151367188,1.719487190246582,-0.5728073120117188,-0.4725814759731293
1788654163768818400,32.237818359375,1.5118885040283203,-0.6766617298126221,-0.5858160257339478
1788654163784884000,32.25388403320313,0.9353961944580078,-0.7725324630737305,-0.6468809843063354
1788654163800904700,32.26990478515625,0.6258211135864258,-0.7963247299194336,-0.8358993530273438
1788654163816958500,32.28595849609375,0.323883056640625,-0.7507498264312744,-0.9629998207092285
1788654163832979700,32.30197973632813,0.0911569595336914,-0.668865442276001,-0.9081196784973145
1788654163848994600,32.31799462890625,-0.16272830963134766,-0.6065447330474854,-0.7539392709732056
1788654163865068000,32.33406811523437,-0.3402700424194336,-0.5501368045806885,-0.6057188510894775
1788654163881088500,32.35008862304687,-0.49262142181396484,-0.362825870513916,-0.6780475378036499
1788654163897165000,32.3661650390625,-0.4450387954711914,-0.37795162200927734,-0.4543458819389343
1788654163913207300,32.38220727539063,-0.4228668212890625,-0.39498186111450195,-0.1987975388765335
1788654163929215200,32.39821533203125,-0.1055154800415039,-0.5120491981506348,-0.01673436164855957
1788654163945272000,32.41427197265625,0.3159322738647461,-0.6289017200469971,0.06228366494178772
1788654163961286400,32.43028637695313,0.7860984802246094,-0.7880840301513672,0.1941736936569214
1788654163977344800,32.4463447265625,1.1160316467285156,-0.7778449058532715,0.22342965006828308
1788654163993380000,32.46238012695313,1.147064208984375,-0.6593871116638184,0.2663307785987854
1788654164009395700,32.47839575195312,0.751495361328125,-0.4641690254211426,0.24636510014533997
1788654164025486000,32.49448608398438,0.21025562286376953,-0.3092019557952881,0.2652311623096466
1788654164041499100,32.5104990234375,-0.38103199005126953,-0.14664888381958008,0.26641619205474854
1788654164057532700,32.52653271484375,-0.6614303588867188,0.015499353408813477,0.21951636672019958
1788654164073587700,32.54258764648438,-0.6251802444458008,0.04934239387512207,0.12482297420501709
1788654164089597700,32.55859765625,-0.3302803039550781,0.03999519348144531,-0.01524209976196289
1788654164105655800,32.57465576171875,-0.013614654541015625,0.023131370544433594,-0.14759118854999542
1788654164121676300,32.59067626953125,0.2900581359863281,-0.028315067291259766,-0.26061132550239563
1788654164137720300,32.60672021484375,0.4714803695678711,-0.07132816314697266,-0.2670792043209076
1788654164153781200,32.62278125,0.502284049987793,-0.09787487983703613,-0.15270929038524628
1788654164169809400,32.638809326171874,0.3659210205078125,-0.058356523513793945,-0.08924919366836548
1788654164185872400,32.65487231445312,0.17007160186767578,-0.060181379318237305,-0.03458711504936218
1788654164201904600,32.670904541015624,0.009021759033203125,-0.04177260398864746,0.0858718752861023
1788654164217938400,32.6869384765625,-0.0706319808959961,0.01701068878173828,0.15090274810791016
1788654164234001400,32.70300146484375,-0.043381690979003906,0.06805849075317383,0.09968063235282898
1788654164250032400,32.71903247070313,0.04515361785888672,0.04777336120605469,0.007403194904327393
1788654164266098000,32.73509790039063,0.04969978332519531,0.04035234451293945,-0.058611899614334106
1788654164282134300,32.75113427734375,0.1142435073852539,0.05648660659790039,-0.1433546543121338
1788654164298178300,32.76717822265625,0.0671396255493164,0.20896387100219727,-0.15538156032562256
1788654164314268000,32.78326782226563,-0.09476470947265625,0.4454050064086914,-0.047037333250045776
1788654164330308900,32.79930883789063,-0.37325477600097656,0.7235183715820312,0.03609392046928406
1788654164346391800,32.815391845703125,-0.4990711212158203,0.820878267288208,0.2590840756893158
1788654164362442500,32.8314423828125,-0.2412261962890625,0.6092894077301025,0.5956899523735046
1788654164378505500,32.84750537109375,0.38375091552734375,0.31395745277404785,0.6344228386878967
1788654164394541000,32.863541015625,1.0763063430786133,-0.032599687576293945,0.429189532995224
1788654164410582500,32.87958251953125,1.3776521682739258,-0.25011444091796875,0.12893065810203552
1788654164426659800,32.89565991210937,1.2248754501342773,-0.19002485275268555,0.017717808485031128
1788654164442716200,32.911716064453124,0.3607168197631836,-0.007262706756591797,-0.08055871725082397
1788654164458789000,32.9277890625,-0.3116464614868164,0.16909193992614746,-0.15538768470287323
1788654164474843100,32.943843017578125,-0.9659690856933594,0.39858484268188477,-0.21120788156986237
1788654164490892500,32.959892578125,-1.078704833984375,0.4695258140563965,-0.21400833129882812
1788654164506987000,32.97598706054688,-0.6303081512451172,0.5219309329986572,-0.30112501978874207
1788654164523048700,32.99204858398438,-0.32924938201904297,0.5031304359436035,-0.08134829998016357
1788654164539134500,33.00813452148437,-0.1345500946044922,0.37848949432373047,-0.07996600866317749
1788654164555189800,33.024189697265626,-0.0671844482421875,0.2438645362854004,-0.14129051566123962
1788654164571206400,33.040206298828124,0.20989704132080078,0.14509248733520508,-0.08104102313518524
1788654164587268600,33.0562685546875,0.702723503112793,0.09921431541442871,0.10183805227279663
1788654164603291400,33.07229150390625,0.8063774108886719,0.0638875961303711,0.16422417759895325
1788654164619326500,33.088326416015626,0.5867948532104492,0.032073020935058594,0.19328776001930237
1788654164635385300,33.10438525390625,0.3046083450317383,0.07214856147766113,0.2831054925918579
1788654164651394000,33.12039404296875,0.09193611145019531,0.14115357398986816,0.33656010031700134
1788654164667456000,33.1364560546875,-0.18814659118652344,0.14175772666931152,0.3787898123264313
1788654164683474700,33.152474609375,-0.38013553619384766,0.20073270797729492,0.34863969683647156
1788654164699519200,33.168519287109376,-0.32322216033935547,0.23047375679016113,0.2989094853401184
1788654164715591700,33.184591796875,-0.24536418914794922,0.23929476737976074,0.11351004242897034
1788654164731602200,33.20060229492187,-0.11116218566894531,0.23840713500976562,-0.004033982753753662
1788654164747678700,33.2166787109375,0.11535072326660156,0.21396803855895996,-0.051980793476104736
1788654164763701200,33.232701171875,0.22918224334716797,0.173539400100708,-0.06699791550636292
1788654164779757300,33.24875732421875,0.25447750091552734,0.12609362602233887,-0.0988798439502716
1788654164795840800,33.2648408203125,0.16286945343017578,0.1450643539428711,-0.022065162658691406
1788654164811854300,33.28085424804687,0.16254711151123047,0.12023591995239258,-0.01069757342338562
1788654164827933700,33.29693359375,0.1432209014892578,0.07118844985961914,0.028502076864242554
1788654164843953700,33.31295361328125,0.13135433197021484,0.06460452079772949,0.05984055995941162
1788654164860013600,33.329013671875,0.14110469818115234,0.09142684936523438,0.12902039289474487
1788654164876052000,33.34505200195313,0.1413745880126953,0.06052899360656738,0.05953434109687805
1788654164892058600,33.36105859375,0.182159423828125,0.04212164878845215,0.0450206995010376
1788654164908150000,33.37714990234375,0.1749715805053711,0.01687169075012207,0.04659798741340637
1788654164924169500,33.39316943359375,0.2017974853515625,0.021451234817504883,0.06733891367912292
1788654164940237300,33.4092373046875,0.1477203369140625,0.027122020721435547,0.03063264489173889
1788654164956280300,33.4252802734375,0.09873485565185547,-0.0017123222351074219,-0.009400516748428345
1788654164972287700,33.44128784179688,0.011111259460449219,-0.029445648193359375,0.0017282366752624512
1788654164988385300,33.45738525390625,0.054256439208984375,-0.0044171810150146484,-0.025817692279815674
1788654165004401200,33.47340112304688,0.08953380584716797,0.017476797103881836,0.08668702840805054
1788654165020478700,33.489478759765625,0.0841379165649414,-0.003954648971557617,0.08543229103088379
1788654165036537900,33.50553784179687,0.090789794921875,0.052973270416259766,0.02491450309753418
1788654165052556300,33.52155639648438,0.0879049301147461,0.05432772636413574,-0.025723040103912354
1788654165068618500,33.53761840820312,0.10189151763916016,0.04811286926269531,0.0032455921173095703
1788654165084646700,33.55364672851562,0.06570243835449219,0.06055045127868652,-0.04049801826477051
1788654165100686000,33.56968603515625,-0.275177001953125,0.08605051040649414,-0.03732675313949585
1788654165116750000,33.58575,0.02484416961669922,0.0559229850769043,-0.18040892481803894
1788654165132766700,33.6017666015625,0.36347389221191406,0.005063295364379883,-0.10257488489151001
1788654165148837000,33.61783715820312,0.45943355560302734,0.03670191764831543,-0.17276963591575623
1788654165164868900,33.63386889648437,0.2900047302246094,0.06679034233093262,-0.18325462937355042
1788654165180916000,33.649916015625,0.059935569763183594,0.025799274444580078,-0.20041897892951965
1788654165196992800,33.66599267578125,0.06020069122314453,0.08190107345581055,-0.29602301120758057
1788654165213023200,33.68202319335938,-0.06987476348876953,-0.012642621994018555,-0.013768255710601807
1788654165229102600,33.6981025390625,-0.17846393585205078,0.07915306091308594,0.00623089075088501
1788654165245148000,33.71414794921875,0.048829078674316406,0.0843045711517334,0.0069446563720703125
1788654165261203200,33.730203125,0.17509746551513672,-0.05252528190612793,-0.0883806049823761
1788654165277305000,33.74630517578125,0.3862733840942383,0.08593940734863281,-0.19508738815784454
1788654165293343200,33.76234326171875,0.34891700744628906,0.11888623237609863,0.09952807426452637
1788654165309426700,33.7784267578125,0.06449222564697266,0.1016702651977539,0.07586303353309631
1788654165325476000,33.79447607421875,-0.20843791961669922,0.10205388069152832,-0.12605968117713928
1788654165341542100,33.810542236328125,0.03298377990722656,0.11371994018554688,-0.04366278648376465
1788654165357583600,33.82658349609375,0.011973381042480469,0.1242530345916748,-0.02998766303062439
1788654165373632300,33.84263232421875,0.0626535415649414,0.10613894462585449,-0.13550886511802673
1788654165389728000,33.85872802734375,0.12145137786865234,0.10902881622314453,-0.11757269501686096
1788654165405784000,33.8747841796875,-0.0024957656860351562,0.16233563423156738,-0.18801724910736084
1788654165421854500,33.8908544921875,0.062397003173828125,0.01882624626159668,0.017451882362365723
1788654165437905000,33.90690478515625,0.31789684295654297,0.010694503784179688,0.004591703414916992
1788654165453954300,33.922954345703126,0.37542057037353516,0.020660877227783203,-0.12737897038459778
1788654165470051800,33.9390517578125,0.22169113159179688,0.02594590187072754,-0.09978476166725159
1788654165486115000,33.95511499023438,-0.013627052307128906,0.12493515014648438,-0.007914125919342041
1788654165502189000,33.97118896484375,-0.04994678497314453,0.02553725242614746,0.15061357617378235
1788654165518243800,33.98724389648437,0.0650167465209961,0.06451773643493652,0.022054314613342285
1788654165534248200,34.00324829101562,0.34278011322021484,0.04978322982788086,-0.04904365539550781
1788654165550299000,34.019298828125,0.34461021423339844,0.09721255302429199,-0.2502248287200928
1788654165566314800,34.035314697265626,0.13496017456054688,0.06902837753295898,-0.05776643753051758
1788654165582354000,34.05135400390625,0.050243377685546875,0.09721636772155762,-0.031685054302215576
1788654165598417400,34.06741748046875,0.059441566467285156,0.15002799034118652,-0.08031848073005676
1788654165614433000,34.08343310546875,-0.09655189514160156,0.1164093017578125,-0.19127114117145538
1788654165630488800,34.09948876953125,0.6044578552246094,-0.051878929138183594,0.06182792782783508
1788654165646506000,34.11550610351563,-0.07334327697753906,0.03219723701477051,-0.16321277618408203
1788654165662551300,34.13155126953125,-0.7129201889038086,0.010983943939208984,-0.05384817719459534
1788654165678650600,34.147650634765625,-1.106985092163086,0.02964329719543457,0.06692741811275482
1788654165694664700,34.16366479492188,-0.6861400604248047,0.016216039657592773,-0.09642425179481506
1788654165710741800,34.17974169921875,0.1258220672607422,0.19416308403015137,-0.21282413601875305
1788654165726760400,34.19576049804687,1.078256607055664,-0.0020186901092529297,-0.23568236827850342
1788654165742824000,34.21182397460937,1.5552959442138672,0.035655975341796875,-0.0966099202632904
1788654165758845700,34.227845703125,1.4338407516479492,0.01681375503540039,-0.13453863561153412
1788654165774854000,34.24385400390625,0.5575904846191406,-0.09291458129882812,-0.029402930289506912
1788654165790937600,34.2599375,-0.07571697235107422,-0.03794121742248535,0.07329616695642471
1788654165806959000,34.275958984375,-0.36234378814697266,0.02077341079711914,-0.0416155681014061
1788654165823034600,34.29203466796875,-0.2069988250732422,0.0051860809326171875,-0.1608223021030426
1788654165839081000,34.3080810546875,0.11233234405517578,-0.026213645935058594,-0.08390986919403076
1788654165855096800,34.32409692382812,0.40561580657958984,0.013541936874389648,-0.06347409635782242
1788654165871185200,34.34018505859375,0.24924373626708984,0.0070650577545166016,-0.043960876762866974
1788654165895253500,34.36425341796875,-0.02479839324951172,0.09610319137573242,-0.080660879611969
1788654165911307800,34.38030786132813,-0.16254043579101562,0.046103715896606445,-0.11285921931266785
1788654165927322000,34.39632202148437,0.14298629760742188,-0.012592315673828125,-0.12503866851329803
1788654165943356200,34.412356201171875,0.16071033477783203,-0.15578269958496094,0.22327043116092682
1788654165959402500,34.42840258789062,0.22179698944091797,0.049981117248535156,-0.07413977384567261
1788654165975452200,34.4444521484375,0.1304779052734375,-0.022243022918701172,0.025954678654670715
1788654165991493600,34.46049365234375,0.18782329559326172,0.03645062446594238,-0.053829342126846313
1788654166007508700,34.4765087890625,0.05591106414794922,-0.014703035354614258,0.008653432130813599
1788654166023550000,34.49255004882812,0.06412410736083984,0.049890995025634766,-0.10307648777961731
1788654166039589600,34.50858959960937,0.10378742218017578,0.03195834159851074,0.06546464562416077
1788654166055592400,34.524592529296875,0.005526542663574219,0.05408120155334473,0.07811680436134338
1788654166071640800,34.540640869140624,-0.13128185272216797,0.03105759620666504,0.04973664879798889
1788654166087657700,34.55665771484375,-0.14761638641357422,0.026646852493286133,-0.05230511724948883
1788654166103713000,34.57271313476563,0.06809806823730469,0.04612541198730469,-0.07665687799453735
1788654166119768600,34.5887685546875,0.23900127410888672,0.03460240364074707,-0.028391346335411072
1788654166135789800,34.60478979492188,0.23574066162109375,0.01194000244140625,0.051962509751319885
1788654166151847000,34.620846923828125,0.09031486511230469,0.03301262855529785,-0.023948460817337036
1788654166167869700,34.63686962890625,-0.13557815551757812,0.06810927391052246,0.05999855697154999
1788654166183931600,34.652931640625,-0.31938934326171875,0.014882564544677734,0.08824995160102844
1788654166199997000,34.66899682617188,0.3007822036743164,-0.03958463668823242,0.055509403347969055
1788654166216024800,34.68502490234375,0.1478414535522461,0.0951070785522461,-0.33073246479034424
1788654166232042800,34.70104272460937,0.7028751373291016,-0.1030583381652832,0.14825603365898132
1788654166248081000,34.717080810546875,1.2138500213623047,-0.15163683891296387,-0.006283007562160492
1788654166264150500,34.73315063476562,0.7407722473144531,-0.2590770721435547,-0.09934842586517334
