time,seconds_elapsed,z,y,x
1788049439200531500,0.196531494140625,-0.006108652334660292,-0.031154127791523933,0.009773843921720982
1788049439216333600,0.21233349609375,-0.006108652334660292,-0.031154127791523933,0.009773843921720982
1788049439232030500,0.228030517578125,-0.006108652334660292,-0.031154127791523933,0.009773843921720982
1788049439248452400,0.244452392578125,-0.006108652334660292,-0.031154127791523933,0.009773843921720982
1788049439264077800,0.260077880859375,-0.006108652334660292,-0.031154127791523933,0.009773843921720982
1788049439280060700,0.276060791015625,-0.006108652334660292,-0.031154127791523933,0.009773843921720982
1788049439296329200,0.2923291015625,-0.006108652334660292,-0.031154127791523933,0.009773843921720982
1788049439312151800,0.30815185546875,-0.013439035043120384,-0.02015855349600315,0
1788049439328409600,0.32440966796875,-0.01160643994808197,-0.031154127791523933,-0.00427605677396059
1788049439344256000,0.340256103515625,-0.004886921960860491,-0.04703662544488907,0.001832595793530345
1788049439360239400,0.3562392578125,-0.014049900695681572,-0.03298672288656235,0.00855211354792118
1788049439384291300,0.380291259765625,-0.019547687843441963,-0.01466076634824276,-0.03420845419168472
1788049439400303900,0.396303955078125,-0.00366519158706069,-0.028099801391363144,-0.033597588539123535
1788049439416566000,0.41256591796875,0.00427605677396059,-0.031154127791523933,-0.01710422709584236
1788049439432361000,0.42836083984375,-0.003054326167330146,-0.02932153269648552,0.004886921960860491
1788049439448690000,0.44468994140625,-0.007941247895359993,-0.021991148591041565,0.014049900695681572
1788049439464429600,0.4604296875,-0.00733038317412138,-0.02015855349600315,0.015882495790719986
1788049439480459500,0.47645947265625,-0.009773843921720982,-0.009773843921720982,0.01466076634824276
1788049439496682000,0.492681884765625,-0.005497787147760391,-0.006719517521560192,0.010995574295520782
1788049439512474000,0.50847412109375,0.007941247895359993,-0.00366519158706069,0.01710422709584236
1788049439528818700,0.524818603515625,0.015882495790719986,-0.00855211354792118,0.022602014243602753
1788049439544515300,0.540515380859375,0.02321287989616394,-0.0012217304902151227,0.02321287989616394
1788049439560462000,0.556462158203125,0.02626720629632473,-0.00366519158706069,0.01771509274840355
1788049439576840700,0.5728408203125,0.027488935738801956,-0.006108652334660292,0.02015855349600315
1788049439592523800,0.588523681640625,0.02626720629632473,-0.010995574295520782,0.029932396486401558
1788049439609358000,0.605358154296875,0.02076941914856434,-0.018936822190880775,0.02871066704392433
1788049439624605700,0.620605712890625,0.01771509274840355,-0.030543262138962746,0.012828170321881771
1788049439640836000,0.636836181640625,0.00855211354792118,-0.03420845419168472,-0.006719517521560192
1788049439656831500,0.65283154296875,-0.01038470957428217,-0.021380282938480377,-0.02321287989616394
1788049439672589300,0.66858935546875,-0.02382374368607998,-0.021380282938480377,-0.02932153269648552
1788049439688965400,0.68496533203125,-0.025045474991202354,-0.033597588539123535,-0.02687807008624077
1788049439704786000,0.700785888671875,-0.022602014243602753,-0.03787364438176155,-0.027488935738801956
1788049439720600800,0.716600830078125,-0.01771509274840355,-0.04764748737215996,-0.02076941914856434
1788049439736905500,0.732905517578125,-0.00855211354792118,-0.06352998316287994,-0.02076941914856434
1788049439752697000,0.748697021484375,0.00733038317412138,-0.07330382615327835,-0.016493361443281174
1788049439769040100,0.7650400390625,0.015882495790719986,-0.08124507963657379,-0.018936822190880775
1788049439784762600,0.7807626953125,0.00855211354792118,-0.08124507963657379,-0.01771509274840355
1788049439800722400,0.796722412109375,0.003054326167330146,-0.07452555745840073,-0.01160643994808197
1788049439817015600,0.813015625,0.004886921960860491,-0.06780604273080826,-0.01160643994808197
1788049439832802000,0.828802001953125,0.006108652334660292,-0.07513642311096191,-0.025045474991202354
1788049439849152000,0.845152099609375,0.012217304669320583,-0.08979719132184982,-0.029932396486401558
1788049439865254100,0.861254150390625,0.01710422709584236,-0.0959058403968811,-0.013439035043120384
1788049439880801800,0.8768017578125,0.006719517521560192,-0.08185594528913498,-0.012217304669320583
1788049439897091800,0.893091796875,-0.003054326167330146,-0.06841690838336945,-0.04459316283464432
1788049439912916200,0.908916259765625,-0.004886921960860491,-0.08857546001672745,-0.0659734457731247
1788049439929240000,0.925239990234375,-0.006108652334660292,-0.1007927656173706,-0.056810468435287476
1788049439944920600,0.940920654296875,-0.01038470957428217,-0.10751228034496307,-0.036041051149368286
1788049439960949800,0.95694970703125,-0.013439035043120384,-0.09957103431224823,-0.025656340643763542
1788049439977220000,0.97322021484375,-0.015882495790719986,-0.09162978827953339,-0.018936822190880775
1788049439992990700,0.98899072265625,-0.015882495790719986,-0.07819075137376785,-0.016493361443281174
1788049440009409800,1.005409912109375,-0.018325956538319588,-0.07024950534105301,-0.025045474991202354
1788049440025053700,1.0210537109375,-0.00855211354792118,-0.1062905490398407,-0.05314527451992035
1788049440041136000,1.03713623046875,-0.007941247895359993,-0.13866640627384186,-0.07513642311096191
1788049440057352000,1.05335205078125,-0.02076941914856434,-0.1459967941045761,-0.07513642311096191
1788049440073096700,1.0690966796875,-0.0403171069920063,-0.15454891324043274,-0.06230825558304787
1788049440089510100,1.08551025390625,-0.04092797264456749,-0.17287486791610718,-0.0507018156349659
1788049440105188400,1.101188232421875,-0.04092797264456749,-0.21135938167572021,-0.042760565876960754
1788049440121670700,1.117670654296875,-0.048258353024721146,-0.1875356286764145,-0.02382374368607998
1788049440145241300,1.141241455078125,-0.06658431142568588,-0.13011430203914642,0.02076941914856434
1788049440161255400,1.15725537109375,-0.06536258012056351,-0.10506882518529892,0.02871066704392433
1788049440177481000,1.17348095703125,-0.045204028487205505,-0.10201449692249298,0.00855211354792118
1788049440193275400,1.189275390625,-0.036041051149368286,-0.10445795953273773,-0.004886921960860491
1788049440209653500,1.205653564453125,-0.021380282938480377,-0.12889257073402405,-0.022602014243602753
1788049440225300000,1.221300048828125,-0.013439035043120384,-0.14905111491680145,-0.05314527451992035
1788049440241313000,1.23731298828125,-0.009773843921720982,-0.15882496535778046,-0.08002334833145142
1788049440257570800,1.25357080078125,-0.004886921960860491,-0.15271630883216858,-0.07941248267889023
1788049440273828000,1.269828125,-0.0006108652451075613,-0.11239920556545258,-0.05192354694008827
1788049440289719300,1.28571923828125,0.009773843921720982,-0.07330382615327835,-0.012217304669320583
1788049440305440500,1.3014404296875,0.021380282938480377,-0.029932396486401558,0.01160643994808197
1788049440321473300,1.317473388671875,0.018325956538319588,-0.00733038317412138,-0.00366519158706069
1788049440337700000,1.3337001953125,-0.00366519158706069,0.003054326167330146,-0.04703662544488907
1788049440353459700,1.349459716796875,-0.033597588539123535,0.00366519158706069,-0.0659734457731247
1788049440369928700,1.3659287109375,-0.05803219974040985,0.0012217304902151227,-0.05497787147760391
1788049440385563000,1.38156298828125,-0.07024950534105301,-0.024434609338641167,-0.02076941914856434
1788049440401600500,1.3976005859375,-0.07330382615327835,-0.039095375686883926,0.018325956538319588
1788049440417827600,1.41382763671875,-0.07330382615327835,-0.027488935738801956,0.03237585723400116
1788049440433575000,1.429574951171875,-0.06658431142568588,-0.0403171069920063,-0.019547687843441963
1788049440449926100,1.445926025390625,-0.04092797264456749,-0.054367005825042725,-0.08491026610136032
1788049440465679400,1.461679443359375,-0.031154127791523933,-0.07024950534105301,-0.07391469180583954
1788049440481734100,1.477734130859375,-0.03481931984424591,-0.08735372871160507,-0.010995574295520782
1788049440498000100,1.494000244140625,-0.0507018156349659,-0.08674286305904388,0.02932153269648552
1788049440513722400,1.509722412109375,-0.05619960278272629,-0.08857546001672745,0.04092797264456749
1788049440530568400,1.526568359375,-0.054367005825042725,-0.08796459436416626,0.04886921867728233
1788049440545799200,1.541799072265625,-0.04092797264456749,-0.07635815441608429,0.06780604273080826
1788049440561770500,1.5577705078125,-0.027488935738801956,-0.06230825558304787,0.10018189996480942
1788049440578024200,1.574024169921875,-0.018936822190880775,-0.051312681287527084,0.12095131725072861
1788049440593774000,1.589774169921875,-0.001832595793530345,-0.031154127791523933,0.10751228034496307
1788049440610094600,1.606094482421875,0.00427605677396059,-0.009162978269159794,0.060475658625364304
1788049440625834800,1.621834716796875,0.00733038317412138,0.00366519158706069,0.019547687843441963
1788049440641832400,1.63783251953125,0.009162978269159794,0.00855211354792118,-0.02076941914856434
1788049440658057200,1.65405712890625,-0.0006108652451075613,0.006108652334660292,-0.05742133408784866
1788049440673830700,1.66983056640625,-0.009162978269159794,0.022602014243602753,-0.06475171446800232
1788049440690287600,1.68628759765625,-0.01710422709584236,0.025045474991202354,-0.051312681287527084
1788049440706132500,1.702132568359375,-0.0012217304902151227,0.033597588539123535,-0.029932396486401558
1788049440722018600,1.7180185546875,-0.00733038317412138,0.03298672288656235,-0.014049900695681572
1788049440738593300,1.73459326171875,-0.009773843921720982,0.04398229718208313,0.01160643994808197
1788049440754036700,1.75003662109375,-0.00427605677396059,0.030543262138962746,0.00366519158706069
1788049440770591200,1.76659130859375,0.015271631069481373,0,-0.022602014243602753
1788049440786588000,1.782587890625,0.03726277872920036,-0.003054326167330146,-0.02871066704392433
1788049440802412800,1.798412841796875,0.05192354694008827,0,-0.0024434609804302454
1788049440818433800,1.814433837890625,0.06352998316287994,0.012828170321881771,0.04092797264456749
1788049440834424600,1.830424560546875,0.0659734457731247,0.06169738993048668,0.09773843735456467
1788049440850633700,1.8466337890625,0.0659734457731247,0.07513642311096191,0.11178833991289139
1788049440866939100,1.862939208984375,0.08124507963657379,0.02932153269648552,0.036651913076639175
1788049440882547700,1.878547607421875,0.07452555745840073,0.00366519158706069,-0.0659734457731247
1788049440898580700,1.894580810546875,0.02076941914856434,0.060475658625364304,-0.1661553531885147
1788049440914430500,1.910430419921875,-0.02932153269648552,0.10262536257505417,-0.2021963894367218
1788049440930610400,1.9266103515625,-0.039706241339445114,0.11362093687057495,-0.16004669666290283
1788049440946400800,1.94240087890625,-0.03726277872920036,0.1459967941045761,-0.07696902006864548
1788049440962488600,1.958488525390625,-0.021380282938480377,0.13988813757896423,-0.05009094998240471
1788049440978678300,1.97467822265625,0.00427605677396059,0.08857546001672745,-0.07635815441608429
1788049440994623200,1.990623291015625,0.02076941914856434,0.060475658625364304,-0.08552113175392151
1788049441010808000,2.00680810546875,0.00366519158706069,0.1062905490398407,-0.03787364438176155
1788049441026479600,2.022479736328125,-0.018936822190880775,0.18081611394882202,0.01466076634824276
1788049441043200800,2.03920068359375,-0.02626720629632473,0.27122417092323303,0.10567969083786011
1788049441058664000,2.054663818359375,-0.007941247895359993,0.34513887763023376,0.2021963894367218
1788049441074433800,2.070433837890625,0.02076941914856434,0.3793473243713379,0.23945917189121246
1788049441090724600,2.086724609375,0.08002334833145142,0.3830125033855438,0.1966986060142517
1788049441106473700,2.1024736328125,0.13011430203914642,0.36163222789764404,0.10323622822761536
1788049441122485800,2.11848583984375,0.1618792861700058,0.35063666105270386,0.02321287989616394
1788049441138762200,2.13476220703125,0.17104226350784302,0.3335324227809906,-0.00427605677396059
1788049441154502700,2.150502685546875,0.15454891324043274,0.2938261926174164,-0.022602014243602753
1788049441170930000,2.166929931640625,0.13500121235847473,0.22540926933288574,-0.04398229718208313
1788049441186591500,2.182591552734375,0.11178833991289139,0.1508837193250656,-0.03726277872920036
1788049441202635800,2.1986357421875,0.08857546001672745,0.06963863968849182,0.019547687843441963
1788049441219035600,2.21503564453125,0.07635815441608429,-0.00366519158706069,0.08185594528913498
1788049441234655700,2.23065576171875,0.059864792972803116,-0.036041051149368286,0.10995574295520782
1788049441250994400,2.246994384765625,0.01038470957428217,-0.018936822190880775,0.0959058403968811
1788049441266790100,2.2627900390625,-0.056810468435287476,0.010995574295520782,0.0507018156349659
1788049441282805500,2.278805419921875,-0.11056660860776901,0.06291911751031876,-0.004886921960860491
1788049441299527400,2.29552734375,-0.1472185254096985,0.0959058403968811,-0.06108652427792549
1788049441314798000,2.310798095703125,-0.12339477986097336,0.07330382615327835,-0.08368854224681854
1788049441331222300,2.32722216796875,-0.06902777403593063,0.012217304669320583,-0.0757472887635231
1788049441347373600,2.34337353515625,0.005497787147760391,-0.05192354694008827,-0.054367005825042725
1788049441362898200,2.358898193359375,0.06230825558304787,-0.07635815441608429,-0.021991148591041565
1788049441379156200,2.37515625,0.09285151958465576,-0.08307767659425735,0.010995574295520782
1788049441394901500,2.390901611328125,0.11056660860776901,-0.08857546001672745,0.030543262138962746
1788049441411300600,2.407300537109375,0.12400564551353455,-0.10384709388017654,0.036651913076639175
1788049441426988000,2.422988037109375,0.13072516024112701,-0.1258382350206375,0.03298672288656235
1788049441442973000,2.438972900390625,0.1215621829032898,-0.14233160018920898,0.0403171069920063
1788049441459210000,2.4552099609375,0.1014036312699318,-0.1667662113904953,0.06230825558304787
1788049441474963500,2.47096337890625,0.07513642311096191,-0.1563815027475357,0.08491026610136032
1788049441491407400,2.487407470703125,0.04581489413976669,-0.15515977144241333,0.07880161702632904
1788049441507015200,2.50301513671875,0.03787364438176155,-0.19608774781227112,0.03726277872920036
1788049441523058200,2.51905810546875,0.036041051149368286,-0.25473082065582275,0.009773843921720982
1788049441539367700,2.53536767578125,0.016493361443281174,-0.27000242471694946,0.005497787147760391
1788049441555027200,2.551027099609375,-0.014049900695681572,-0.2724458873271942,-0.012828170321881771
1788049441571456500,2.56745654296875,-0.030543262138962746,-0.28038713335990906,-0.02932153269648552
1788049441587111700,2.583111572265625,-0.04398229718208313,-0.28955012559890747,-0.025656340643763542
1788049441603638000,2.599637939453125,-0.04642575979232788,-0.2736676335334778,-0.006108652334660292
1788049441619364900,2.61536474609375,-0.036041051149368286,-0.26145032048225403,0.009773843921720982
1788049441635193000,2.631193115234375,-0.006719517521560192,-0.25534167885780334,0.021991148591041565
1788049441651717600,2.647717529296875,0.051312681287527084,-0.2626720666885376,0.05192354694008827
1788049441667212300,2.66321240234375,0.09468411654233932,-0.23029619455337524,0.10506882518529892
1788049441683217700,2.6792177734375,0.12522737681865692,-0.20830504596233368,0.10323622822761536
1788049441699501800,2.695501708984375,0.10445795953273773,-0.2278527319431305,-0.018325956538319588
1788049441715368700,2.71136865234375,0.015271631069481373,-0.21319197118282318,-0.192422553896904
1788049441731560400,2.727560546875,-0.1820378452539444,-0.17531833052635193,-0.32009339332580566
1788049441747314000,2.74331396484375,-0.35124751925468445,-0.1612684279680252,-0.36590829491615295
1788049441763306000,2.759305908203125,-0.4795292317867279,-0.1814269721508026,-0.3176499307155609
1788049441779659500,2.775659423828125,-0.5229006409645081,-0.23457226157188416,-0.19608774781227112
1788049441795337000,2.7913369140625,-0.4862487316131592,-0.2528982162475586,-0.04092797264456749
1788049441811806500,2.807806396484375,-0.3854559659957886,-0.2541199326515198,0.14355333149433136
1788049441827583700,2.823583740234375,-0.25473082065582275,-0.26572638750076294,0.25595253705978394
1788049441843532300,2.8395322265625,-0.11545353382825851,-0.28038713335990906,0.27550023794174194
1788049441860243700,2.85624365234375,0.016493361443281174,-0.26022860407829285,0.22602014243602753
1788049441875375600,2.871375732421875,0.09346238523721695,-0.2816088795661926,0.15393804013729095
1788049441891725300,2.887725341796875,0.11056660860776901,-0.31459560990333557,0.09224065393209457
1788049441907455700,2.903455810546875,0.09224065393209457,-0.3604104816913605,-0.004886921960860491
1788049441923467500,2.919467529296875,0.05925392732024193,-0.40133845806121826,-0.08979719132184982
1788049441939733500,2.9357333984375,-0.021380282938480377,-0.37140607833862305,-0.09957103431224823
1788049441955510300,2.95151025390625,-0.11545353382825851,-0.2773328125476837,-0.030543262138962746
1788049441971949300,2.96794921875,-0.19425514340400696,-0.17043140530586243,0.051312681287527084
1788049441987610600,2.983610595703125,-0.18631389737129211,-0.13377949595451355,0.09712757170200348
1788049442003592400,2.999592529296875,-0.12950342893600464,-0.13866640627384186,0.13377949595451355
1788049442019850000,3.01585009765625,-0.06291911751031876,-0.10934487730264664,0.18081611394882202
1788049442035612400,3.0316123046875,-0.001832595793530345,-0.11545353382825851,0.16982053220272064
1788049442051906800,3.04790673828125,0.04703662544488907,-0.16432274878025055,0.11850785464048386
1788049442067678700,3.0636787109375,0.06230825558304787,-0.19975294172763824,0.04459316283464432
1788049442083720200,3.07972021484375,0.04581489413976669,-0.17592918872833252,-0.028099801391363144
1788049442099946500,3.095946533203125,0.01771509274840355,-0.1319468915462494,-0.09407325088977814
1788049442116279300,3.112279296875,-0.012828170321881771,-0.06352998316287994,-0.16004669666290283
1788049442132296700,3.128296630859375,-0.025656340643763542,-0.009773843921720982,-0.20463985204696655
1788049442147927000,3.143927001953125,-0.030543262138962746,0.012217304669320583,-0.2272418737411499
1788049442163958000,3.1599580078125,-0.02687807008624077,-0.004886921960860491,-0.21991148591041565
1788049442180741600,3.17674169921875,-0.016493361443281174,-0.04703662544488907,-0.15027284622192383
1788049442196011000,3.192010986328125,-0.013439035043120384,-0.05803219974040985,-0.028099801391363144
1788049442212285700,3.20828564453125,-0.016493361443281174,-0.0354301854968071,0.1258382350206375
1788049442228142800,3.224142822265625,-0.025656340643763542,0.0024434609804302454,0.24617868661880493
1788049442244191700,3.240191650390625,-0.056810468435287476,0.03176499158143997,0.3066543638706207
1788049442260427300,3.25642724609375,-0.08368854224681854,0.06475171446800232,0.2926044464111328
1788049442276152000,3.272152099609375,-0.1111774742603302,0.11239920556545258,0.21868975460529327
1788049442292644600,3.28864453125,-0.09834930300712585,0.12461651116609573,0.12095131725072861
1788049442308262100,3.30426220703125,-0.04948008432984352,0.1215621829032898,0.056810468435287476
1788049442324361500,3.320361572265625,0.019547687843441963,0.1368338167667389,0.025656340643763542
1788049442340498400,3.33649853515625,0.06963863968849182,0.16737708449363708,0.018936822190880775
1788049442356347400,3.352347412109375,0.08491026610136032,0.20402899384498596,0.039095375686883926
1788049442373076700,3.36907666015625,0.06841690838336945,0.25534167885780334,0.08429940044879913
1788049442388524300,3.384524169921875,0.039095375686883926,0.2718350291252136,0.13805554807186127
1788049442404470800,3.400470703125,0.015882495790719986,0.29565876722335815,0.20463985204696655
1788049442420772900,3.41677294921875,-0.024434609338641167,0.3292563557624817,0.2681698501110077
1788049442436423200,3.432423095703125,-0.0403171069920063,0.28527405858039856,0.17959438264369965
1788049442452870700,3.44887060546875,-0.02321287989616394,0.22846360504627228,-0.06230825558304787
1788049442468472300,3.464472412109375,-0.02321287989616394,0.1973094791173935,-0.28466320037841797
1788049442484494000,3.480494140625,0.004886921960860491,0.1508837193250656,-0.44165557622909546
1788049442500776400,3.4967763671875,0.04581489413976669,0.11056660860776901,-0.4764748811721802
1788049442516633600,3.512633544921875,0.06963863968849182,0.09896016865968704,-0.41722095012664795
1788049442533066000,3.52906591796875,0.1007927656173706,0.15393804013729095,-0.22907446324825287
1788049442548796400,3.54479638671875,0.17348572611808777,0.2064724564552307,0.022602014243602753
1788049442564750300,3.560750244140625,0.23090706765651703,0.2968805134296417,0.19425514340400696
1788049442580984000,3.576984130859375,0.2565633952617645,0.3744603991508484,0.22479841113090515
1788049442596843000,3.592843017578125,0.2767219543457031,0.37690386176109314,0.12767083942890167
1788049442613225700,3.609225830078125,0.27977627515792847,0.3445279896259308,0.05314527451992035
1788049442629394200,3.625394287109375,0.25534167885780334,0.30054569244384766,0.010995574295520782
1788049442645037300,3.641037353515625,0.21624629199504852,0.26572638750076294,-0.01771509274840355
1788049442661247000,3.6572470703125,0.19547687470912933,0.19303341209888458,-0.09529497474431992
1788049442677010200,3.67301025390625,0.1771509200334549,0.12461651116609573,-0.16004669666290283
1788049442693328400,3.689328369140625,0.12767083942890167,0.08735372871160507,-0.19364428520202637
1788049442709099300,3.705099365234375,0.06780604273080826,0.09957103431224823,-0.19303341209888458
1788049442725150000,3.72114990234375,0.025656340643763542,0.11362093687057495,-0.15027284622192383
1788049442741418500,3.73741845703125,0.012217304669320583,0.14966198801994324,-0.04459316283464432
1788049442757468400,3.753468505859375,0.015271631069481373,0.16004669666290283,0.05864306539297104
1788049442773671200,3.769671142578125,0.031154127791523933,0.15821409225463867,0.08429940044879913
1788049442789346800,3.785346923828125,0.0507018156349659,0.11545353382825851,0.0555887371301651
1788049442805309400,3.801309326171875,0.04948008432984352,0.07452555745840073,0.0024434609804302454
1788049442821558000,3.81755810546875,0.04092797264456749,0.03787364438176155,-0.03298672288656235
1788049442837323300,3.8333232421875,0.03481931984424591,-0.00733038317412138,-0.0555887371301651
1788049442853809000,3.849808837890625,0.03420845419168472,-0.04703662544488907,-0.03420845419168472
1788049442869622000,3.8656220703125,0.02687807008624077,-0.028099801391363144,0.033597588539123535
1788049442886145500,3.8821455078125,0.01710422709584236,0.003054326167330146,0.08857546001672745
1788049442901701600,3.89770166015625,0.031154127791523933,0.021380282938480377,0.10751228034496307
1788049442917449700,3.91344970703125,0.07819075137376785,0,0.09162978827953339
1788049442934189600,3.930189453125,0.11178833991289139,-0.019547687843441963,0.07147123664617538
1788049442949671200,3.945671142578125,0.1319468915462494,-0.02382374368607998,0.06352998316287994
1788049442965565000,3.96156494140625,0.1215621829032898,-0.018936822190880775,0.07757988572120667
1788049442982135600,3.978135498046875,0.08918632566928864,-0.00733038317412138,0.09834930300712585
1788049442997600000,3.99360009765625,0.07330382615327835,-0.03726277872920036,0.11789698898792267
1788049443013986800,4.00998681640625,0.08429940044879913,-0.1313360333442688,0.1007927656173706
1788049443029691600,4.025691650390625,0.09651670604944229,-0.19486601650714874,0.06963863968849182
1788049443045676500,4.041676513671875,0.1062905490398407,-0.24617868661880493,0.04459316283464432
1788049443062394600,4.05839453125,0.09896016865968704,-0.25473082065582275,0.05192354694008827
1788049443077761800,4.07376171875,0.0757472887635231,-0.2724458873271942,0.06475171446800232
1788049443094450700,4.09045068359375,0.03298672288656235,-0.26022860407829285,0.09346238523721695
1788049443109938700,4.105938720703125,-0.01710422709584236,-0.10567969083786011,0.1563815027475357
1788049443125924400,4.12192431640625,0.012217304669320583,-0.07330382615327835,0.09834930300712585
1788049443142381600,4.138381591796875,0.027488935738801956,-0.13439035415649414,-0.14477506279945374
1788049443158062300,4.154062255859375,-0.042760565876960754,-0.10751228034496307,-0.4599815309047699
1788049443174387500,4.170387451171875,-0.13866640627384186,-0.10323622822761536,-0.5760459303855896
1788049443190681000,4.18668115234375,-0.21624629199504852,-0.13988813757896423,-0.4789183437824249
1788049443206453500,4.20245361328125,-0.2736676335334778,-0.1472185254096985,-0.1771509200334549
1788049443222430200,4.21843017578125,-0.27550023794174194,-0.08796459436416626,0.18631389737129211
1788049443238399500,4.2343994140625,-0.2223549485206604,-0.05192354694008827,0.3995058834552765
1788049443254740000,4.250739990234375,-0.10323622822761536,-0.12461651116609573,0.4764748811721802
1788049443270449700,4.26644970703125,0.06475171446800232,-0.23396138846874237,0.4086688458919525
1788049443286431200,4.28243115234375,0.18997909128665924,-0.3237585723400116,0.2993239760398865
1788049443302729200,4.298729248046875,0.2174680233001709,-0.40256020426750183,0.21930062770843506
1788049443318676700,4.3146767578125,0.15393804013729095,-0.42638394236564636,0.14294247329235077
1788049443334724400,4.330724365234375,0.03726277872920036,-0.40683624148368835,0.03237585723400116
1788049443350578000,4.346577880859375,-0.08368854224681854,-0.3390302062034607,-0.060475658625364304
1788049443366448600,4.36244873046875,-0.20525072515010834,-0.20952677726745605,-0.1264491081237793
1788049443382725000,4.37872509765625,-0.2785545587539673,-0.09712757170200348,-0.10873401165008545
1788049443398495700,4.394495849609375,-0.26633724570274353,-0.042760565876960754,-0.06902777403593063
1788049443415007200,4.41100732421875,-0.2076941877603531,-0.004886921960860491,-0.025045474991202354
1788049443430828000,4.426828125,-0.12217304855585098,-0.018325956538319588,0.012828170321881771
1788049443447054600,4.4430546875,-0.05009094998240471,-0.05864306539297104,0.036041051149368286
1788049443462925300,4.45892529296875,0.00733038317412138,-0.1007927656173706,0.051312681287527084
1788049443478720000,4.474719970703125,0.01710422709584236,-0.10506882518529892,0.03726277872920036
1788049443494966300,4.49096630859375,0.02076941914856434,-0.0910189226269722,-0.00855211354792118
1788049443510784000,4.506783935546875,0.02871066704392433,-0.06230825558304787,-0.08918632566928864
1788049443526813000,4.52281298828125,0.0354301854968071,-0.031154127791523933,-0.13377949595451355
1788049443543122400,4.539122314453125,0.024434609338641167,0.025656340643763542,-0.12461651116609573
1788049443558845000,4.554844970703125,-0.004886921960860491,0.08918632566928864,-0.09712757170200348
1788049443575276000,4.571276123046875,-0.04886921867728233,0.16371189057826996,-0.06841690838336945
1788049443591027500,4.58702734375,-0.08429940044879913,0.19425514340400696,-0.04214970022439957
1788049443606857700,4.602857666015625,-0.09529497474431992,0.18448130786418915,-0.02932153269648552
1788049443623076000,4.619076171875,-0.07880161702632904,0.1459967941045761,-0.016493361443281174
1788049443638862000,4.634862060546875,-0.04337143152952194,0.08918632566928864,0.021991148591041565
1788049443655267800,4.651267822265625,-0.021991148591041565,0.10873401165008545,0.07819075137376785
1788049443671021800,4.667021728515625,-0.02871066704392433,0.1820378452539444,0.12278391420841217
1788049443687127800,4.6831279296875,-0.02932153269648552,0.24862214922904968,0.11178833991289139
1788049443703815400,4.6998154296875,-0.018325956538319588,0.28099802136421204,0.0910189226269722
1788049443719207200,4.715207275390625,0.01160643994808197,0.2480112910270691,0.06658431142568588
1788049443735798500,4.731798583984375,0.029932396486401558,0.13927727937698364,0.022602014243602753
1788049443751421200,4.747421142578125,0.013439035043120384,0.06230825558304787,-0.031154127791523933
1788049443767401000,4.76340087890625,-0.04214970022439957,0.036041051149368286,-0.06536258012056351
1788049443783740400,4.779740478515625,-0.1722639948129654,0.0910189226269722,-0.04459316283464432
1788049443799736800,4.79573681640625,-0.35613444447517395,0.2474004179239273,0.033597588539123535
1788049443815654700,4.811654541015625,-0.44226643443107605,0.32620203495025635,0.07391469180583954
1788049443831561200,4.827561279296875,-0.41111230850219727,0.22540926933288574,-0.0354301854968071
1788049443847528700,4.84352880859375,-0.31154128909111023,0.17898350954055786,-0.242513507604599
1788049443863817500,4.8598173828125,-0.23518311977386475,0.16859880089759827,-0.3536909818649292
1788049443879555800,4.875555908203125,-0.08918632566928864,0.14477506279945374,-0.3335324227809906
1788049443896015000,4.89201513671875,0.1264491081237793,0.03237585723400116,-0.21991148591041565
1788049443911697000,4.90769677734375,0.2981022298336029,-0.0354301854968071,-0.07269296050071716
1788049443927667500,4.92366748046875,0.3738495409488678,0.03848451003432274,0.1612684279680252
1788049443943976400,4.9399765625,0.34758231043815613,0.18325957655906677,0.37140607833862305
1788049443960373800,4.956373779296875,0.26572638750076294,0.30543261766433716,0.4392121136188507
1788049443976049200,4.972049072265625,0.2021963894367218,0.37140607833862305,0.39095374941825867
1788049443991905300,4.9879052734375,0.1459967941045761,0.3995058834552765,0.2974913716316223
1788049444007896600,5.003896484375,0.1215621829032898,0.3390302062034607,0.19364428520202637
1788049444024264200,5.02026416015625,0.12767083942890167,0.24190263450145721,0.09468411654233932
1788049444039985700,5.035985595703125,0.12522737681865692,0.1716531366109848,-0.025045474991202354
1788049444056429600,5.0524296875,0.10262536257505417,0.12278391420841217,-0.10262536257505417
1788049444072147700,5.068147705078125,0.08002334833145142,0.10873401165008545,-0.11667526513338089
1788049444088125200,5.084125244140625,0.06291911751031876,0.10384709388017654,-0.07635815441608429
1788049444104388900,5.100388916015625,0.08979719132184982,0.07757988572120667,-0.03176499158143997
1788049444120068900,5.11606884765625,0.14355333149433136,0.0708603709936142,-0.019547687843441963
1788049444136452600,5.13245263671875,0.18997909128665924,0.07452555745840073,-0.039095375686883926
1788049444152325000,5.1483251953125,0.2217440903186798,0.08735372871160507,-0.07880161702632904
1788049444168565000,5.16456494140625,0.2217440903186798,0.09957103431224823,-0.11362093687057495
1788049444184612400,5.1806123046875,0.19364428520202637,0.0910189226269722,-0.12034045159816742
1788049444200400400,5.196400390625,0.1618792861700058,0.039095375686883926,-0.08307767659425735
1788049444217138000,5.213137939453125,0.12217304855585098,0.0006108652451075613,-0.03298672288656235
1788049444232787500,5.228787353515625,0.08002334833145142,-0.012828170321881771,-0.033597588539123535
1788049444248566000,5.24456591796875,0.036041051149368286,-0.04764748737215996,-0.09040805697441101
1788049444265253000,5.261253173828125,-0.01038470957428217,-0.0659734457731247,-0.1472185254096985
1788049444280601000,5.27660107421875,-0.06230825558304787,-0.06536258012056351,-0.17348572611808777
1788049444296926500,5.292926513671875,-0.11545353382825851,-0.06291911751031876,-0.19058994948863983
1788049444312638500,5.308638427734375,-0.15271630883216858,-0.07391469180583954,-0.19425514340400696
1788049444328820500,5.324820556640625,-0.18448130786418915,-0.04153883829712868,-0.16065755486488342
1788049444344921300,5.34092138671875,-0.19608774781227112,0.036041051149368286,-0.1111774742603302
1788049444360697600,5.356697509765625,-0.15577064454555511,0.07147123664617538,-0.08246681094169617
1788049444377464800,5.37346484375,-0.03481931984424591,0.01771509274840355,-0.06352998316287994
1788049444400680700,5.3966806640625,0.1869247704744339,-0.14844025671482086,-0.025656340643763542
1788049444417074000,5.413073974609375,0.2718350291252136,-0.20525072515010834,0.021380282938480377
1788049444432781300,5.42878125,0.31093040108680725,-0.2070833146572113,0.08246681094169617
1788049444448885500,5.444885498046875,0.2730567753314972,-0.1563815027475357,0.1472185254096985
1788049444465040600,5.46104052734375,0.18631389737129211,-0.06841690838336945,0.21930062770843506
1788049444480855000,5.47685498046875,0.10018189996480942,0.021380282938480377,0.2889392673969269
1788049444497245400,5.493245361328125,0.09285151958465576,0.05192354694008827,0.26572638750076294
1788049444512958000,5.5089580078125,0.12767083942890167,-0.015882495790719986,0.018936822190880775
1788049444529024000,5.52502392578125,0.11362093687057495,0.0006108652451075613,-0.40133845806121826
1788049444545184800,5.541184814453125,-0.02626720629632473,0.04581489413976669,-0.6328563690185547
1788049444561054000,5.557053955078125,-0.2125810980796814,0.015882495790719986,-0.5229006409645081
1788049444577421600,5.573421630859375,-0.36102136969566345,-0.00366519158706069,-0.16554448008537292
1788049444593151700,5.58915185546875,-0.42088615894317627,-0.03237585723400116,0.3237585723400116
1788049444609145900,5.605145751953125,-0.3237585723400116,-0.0757472887635231,0.59803706407547
1788049444625902300,5.62190234375,-0.16554448008537292,-0.15271630883216858,0.6133087277412415
1788049444641320000,5.63731982421875,0.056810468435287476,-0.23335053026676178,0.4153883755207062
1788049444657642500,5.653642578125,0.2070833146572113,-0.25595253705978394,0.14538592100143433
1788049444673853200,5.669853271484375,0.24373523890972137,-0.26511552929878235,-0.02321287989616394
1788049444689436400,5.6854365234375,0.2168571650981903,-0.26939156651496887,-0.1319468915462494
1788049444705697300,5.701697265625,0.1618792861700058,-0.23335053026676178,-0.182648703455925
1788049444721476400,5.717476318359375,0.05314527451992035,-0.13072516024112701,-0.16493362188339233
1788049444737890300,5.733890380859375,-0.10445795953273773,0.07208210229873657,-0.0959058403968811
1788049444753606000,5.74960595703125,-0.21380282938480377,0.21991148591041565,-0.01710422709584236
1788049444769540900,5.765540771484375,-0.2321287989616394,0.21930062770843506,0.07819075137376785
1788049444785874400,5.78187451171875,-0.20097467303276062,0.15393804013729095,0.1319468915462494
1788049444801683000,5.797682861328125,-0.15393804013729095,0.0555887371301651,0.12522737681865692
1788049444818262000,5.814261962890625,-0.09651670604944229,-0.06719517707824707,0.0507018156349659
1788049444833754000,5.829754150390625,-0.05253441259264946,-0.16493362188339233,-0.02382374368607998
1788049444849774800,5.84577490234375,-0.02687807008624077,-0.24007004499435425,-0.09712757170200348
1788049444866293000,5.86229296875,-0.02015855349600315,-0.2632829248905182,-0.14416420459747314
1788049444881823500,5.877823486328125,-0.03176499158143997,-0.2565633952617645,-0.15943582355976105
1788049444898311400,5.8943115234375,-0.05253441259264946,-0.22052235901355743,-0.15577064454555511
1788049444913917200,5.909917236328125,-0.07147123664617538,-0.152105450630188,-0.13805554807186127
1788049444930538000,5.9265380859375,-0.08185594528913498,-0.08185594528913498,-0.10323622822761536
1788049444946478800,5.942478759765625,-0.07391469180583954,-0.02076941914856434,-0.06963863968849182
1788049444961936600,5.9579365234375,-0.056810468435287476,0.006719517521560192,-0.04886921867728233
1788049444978357800,5.974357666015625,-0.0354301854968071,0.030543262138962746,-0.03176499158143997
1788049444994113500,5.990113525390625,-0.016493361443281174,0.04092797264456749,-0.019547687843441963
1788049445010376400,6.00637646484375,-0.009162978269159794,0.07391469180583954,-0.00427605677396059
1788049445026722600,6.02272265625,-0.02321287989616394,0.11056660860776901,0.04581489413976669
1788049445042315500,6.0383154296875,-0.04764748737215996,0.14538592100143433,0.0757472887635231
1788049445058621200,6.05462109375,-0.08429940044879913,0.1765400618314743,0.09040805697441101
1788049445074488600,6.070488525390625,-0.1111774742603302,0.21135938167572021,0.09957103431224823
1788049445090574800,6.086574951171875,-0.11972958594560623,0.21807889640331268,0.10384709388017654
1788049445106570200,6.1025703125,-0.08307767659425735,0.21013765037059784,0.05253441259264946
1788049445122364400,6.118364501953125,-0.02076941914856434,0.19058994948863983,-0.045204028487205505
1788049445138731500,6.1347314453125,0.01038470957428217,0.15821409225463867,-0.10506882518529892
1788049445154508500,6.150508544921875,-0.012828170321881771,0.16859880089759827,-0.05864306539297104
1788049445170683600,6.16668359375,-0.0861319974064827,0.28527405858039856,0.13744467496871948
1788049445187203600,6.18320361328125,-0.12522737681865692,0.3500257730484009,0.303600013256073
1788049445202633200,6.19863330078125,-0.1062905490398407,0.3280346393585205,0.2272418737411499
1788049445218993000,6.214992919921875,-0.06902777403593063,0.29565876722335815,-0.015882495790719986
1788049445234725400,6.230725341796875,-0.007941247895359993,0.30604347586631775,-0.2528982162475586
1788049445250915600,6.24691552734375,0.06352998316287994,0.30604347586631775,-0.3585779070854187
1788049445266975000,6.26297509765625,0.15760323405265808,0.2718350291252136,-0.3023782968521118
1788049445282932000,6.278931884765625,0.19058994948863983,0.2968805134296417,-0.025656340643763542
1788049445299258600,6.295258544921875,0.17898350954055786,0.40683624148368835,0.25595253705978394
1788049445315106000,6.31110595703125,0.1466076523065567,0.5644394755363464,0.45142942667007446
1788049445331218400,6.327218505859375,0.14782938361167908,0.6145304441452026,0.4447098970413208
1788049445347088100,6.343088134765625,0.18020524084568024,0.5748242139816284,0.3781255781650543
1788049445363036000,6.359035888671875,0.19486601650714874,0.5583308339118958,0.3433062732219696
1788049445379470800,6.375470947265625,0.18997909128665924,0.5002986192703247,0.26572638750076294
1788049445395169300,6.391169189453125,0.20341812074184418,0.3640756905078888,0.1215621829032898
1788049445411271000,6.40727099609375,0.21319197118282318,0.22540926933288574,-0.00733038317412138
1788049445427433000,6.423432861328125,0.2015855312347412,0.08674286305904388,-0.12095131725072861
1788049445443624400,6.43962451171875,0.1722639948129654,0.0012217304902151227,-0.15393804013729095
1788049445459533300,6.455533203125,0.14355333149433136,-0.03848451003432274,-0.12278391420841217
1788049445475243500,6.471243408203125,0.10934487730264664,-0.05192354694008827,-0.051312681287527084
1788049445491241700,6.48724169921875,0.09957103431224823,-0.03176499158143997,0.030543262138962746
1788049445507557400,6.503557373046875,0.1014036312699318,0.012217304669320583,0.07696902006864548
1788049445523406800,6.51940673828125,0.10201449692249298,0.06108652427792549,0.08735372871160507
1788049445539762700,6.5357626953125,0.10567969083786011,0.11056660860776901,0.06169738993048668
1788049445555489300,6.5514892578125,0.09712757170200348,0.1313360333442688,0.01160643994808197
1788049445571668000,6.56766796875,0.09346238523721695,0.11362093687057495,-0.05009094998240471
1788049445587782100,6.5837822265625,0.08491026610136032,0.05375614017248154,-0.0910189226269722
1788049445603698700,6.59969873046875,0.0708603709936142,-0.04092797264456749,-0.11667526513338089
1788049445620098300,6.616098388671875,0.06291911751031876,-0.12034045159816742,-0.1215621829032898
1788049445635825700,6.63182568359375,0.04581489413976669,-0.16982053220272064,-0.10384709388017654
1788049445651678700,6.6476787109375,0.036041051149368286,-0.2028072625398636,-0.09285151958465576
1788049445667925000,6.663925048828125,0.025045474991202354,-0.2223549485206604,-0.09407325088977814
1788049445683697400,6.679697509765625,0.022602014243602753,-0.21319197118282318,-0.08429940044879913
1788049445700465000,6.69646484375,0.02871066704392433,-0.18448130786418915,-0.06780604273080826
1788049445715789000,6.7117890625,0.0507018156349659,-0.14844025671482086,-0.048258353024721146
1788049445731844000,6.727843994140625,0.0757472887635231,-0.12034045159816742,-0.02076941914856434
1788049445748140000,6.74414013671875,0.10995574295520782,-0.12828169763088226,0.02382374368607998
1788049445763859500,6.759859375,0.13561208546161652,-0.15821409225463867,0.06658431142568588
1788049445780337400,6.77633740234375,0.15454891324043274,-0.2217440903186798,0.09162978827953339
1788049445795999000,6.7919990234375,0.13439035415649414,-0.27061331272125244,0.08429940044879913
1788049445811883500,6.807883544921875,0.09224065393209457,-0.3029891550540924,0.06536258012056351
1788049445828220700,6.824220703125,0.048258353024721146,-0.3286454975605011,0.07452555745840073
1788049445843872800,6.839872802734375,-0.00427605677396059,-0.3072652220726013,0.10262536257505417
1788049445860268300,6.856268310546875,-0.03848451003432274,-0.17959438264369965,0.13439035415649414
1788049445875962000,6.871962158203125,-0.019547687843441963,-0.16493362188339233,0.06841690838336945
1788049445891971600,6.8879716796875,0.07024950534105301,-0.3536909818649292,-0.16737708449363708
1788049445908225300,6.904225341796875,0.03848451003432274,-0.46364670991897583,-0.38240164518356323
1788049445924027000,6.92002685546875,-0.0959058403968811,-0.4715879559516907,-0.5015203952789307
1788049445940392400,6.936392333984375,-0.2993239760398865,-0.37690386176109314,-0.48685958981513977
1788049445956602600,6.9526025390625,-0.4489859640598297,-0.21930062770843506,-0.2871066629886627
1788049445972134000,6.9681337890625,-0.45814892649650574,-0.15760323405265808,-0.06475171446800232
1788049445988394500,6.98439453125,-0.3017674386501312,-0.20525072515010834,0.16065755486488342
1788049446004720000,7.00072021484375,-0.0708603709936142,-0.2883284091949463,0.313373863697052
1788049446020630800,7.016630859375,0.13072516024112701,-0.34147366881370544,0.35674530267715454
1788049446036569600,7.032569580078125,0.2541199326515198,-0.3591887652873993,0.32620203495025635
1788049446052528000,7.048528076171875,0.323147714138031,-0.4178318381309509,0.2565633952617645
1788049446068856800,7.06485693359375,0.2828305959701538,-0.4691445231437683,0.17898350954055786
1788049446084575000,7.080574951171875,0.19914206862449646,-0.4917465150356293,0.10567969083786011
1788049446100953000,7.096953125,0.042760565876960754,-0.4489859640598297,0.01771509274840355
1788049446116912400,7.112912353515625,-0.1459967941045761,-0.35063666105270386,-0.06352998316287994
1788049446132763400,7.128763427734375,-0.28955012559890747,-0.23457226157188416,-0.1111774742603302
1788049446149035500,7.145035400390625,-0.3744603991508484,-0.1411098688840866,-0.12889257073402405
1788049446164772400,7.1607724609375,-0.3597996234893799,-0.0959058403968811,-0.10384709388017654
1788049446181271800,7.177271728515625,-0.304210901260376,-0.07880161702632904,-0.07452555745840073
1788049446196886000,7.192885986328125,-0.20463985204696655,-0.09651670604944229,-0.03420845419168472
1788049446213002500,7.20900244140625,-0.1111774742603302,-0.1270599663257599,0.003054326167330146
1788049446229241300,7.225241455078125,-0.04886921867728233,-0.11239920556545258,0.00733038317412138
1788049446244895700,7.240895751953125,-0.0403171069920063,-0.08674286305904388,-0.025045474991202354
1788049446261701000,7.257701171875,-0.04398229718208313,-0.05864306539297104,-0.0757472887635231
1788049446276971500,7.272971435546875,-0.05192354694008827,-0.02382374368607998,-0.10567969083786011
1788049446292937200,7.288937255859375,-0.06230825558304787,0.014049900695681572,-0.1160643994808197
1788049446309368000,7.3053681640625,-0.07208210229873657,0.05925392732024193,-0.10506882518529892
1788049446325027000,7.321027099609375,-0.08979719132184982,0.11545353382825851,-0.0959058403968811
1788049446341357300,7.337357421875,-0.1062905490398407,0.1466076523065567,-0.08918632566928864
1788049446357080300,7.353080322265625,-0.13011430203914642,0.16554448008537292,-0.07208210229873657
1788049446373064700,7.369064697265625,-0.14233160018920898,0.16798794269561768,-0.03848451003432274
1788049446389386200,7.38538623046875,-0.14233160018920898,0.18387043476104736,0.0006108652451075613
1788049446405206000,7.4012060546875,-0.1417207419872284,0.21441370248794556,0.03420845419168472
1788049446421578200,7.417578125,-0.11789698898792267,0.23396138846874237,0.06658431142568588
1788049446437494300,7.433494384765625,-0.0861319974064827,0.24129177629947662,0.08918632566928864
1788049446453327000,7.4493271484375,-0.04153883829712868,0.25961771607398987,0.11850785464048386
1788049446469660200,7.46566015625,0.00366519158706069,0.2816088795661926,0.13377949595451355
1788049446485401900,7.48140185546875,0.05253441259264946,0.313373863697052,0.13500121235847473
1788049446501912300,7.497912353515625,0.08918632566928864,0.31581732630729675,0.11911872029304504
1788049446518116600,7.51411669921875,0.11362093687057495,0.31520646810531616,0.11911872029304504
1788049446533536300,7.529536376953125,0.06475171446800232,0.3903428912162781,0.1771509200334549
1788049446549719000,7.545718994140625,-0.025656340643763542,0.49724429845809937,0.23945917189121246
1788049446573945600,7.569945556640625,-0.15515977144241333,0.608421802520752,0.2828305959701538
1788049446589811200,7.585811279296875,-0.17104226350784302,0.4899139404296875,0.11972958594560623
1788049446605638400,7.601638427734375,-0.17287486791610718,0.39095374941825867,-0.12889257073402405
1788049446622412800,7.618412841796875,-0.18814650177955627,0.36224308609962463,-0.2981022298336029
1788049446637726700,7.633726806640625,-0.16249015927314758,0.3732386529445648,-0.3579670190811157
1788049446653738500,7.649738525390625,-0.06230825558304787,0.3634648323059082,-0.28099802136421204
1788049446670532600,7.66653271484375,0.10812314599752426,0.28527405858039856,-0.07513642311096191
1788049446685926400,7.681926513671875,0.2431243658065796,0.2272418737411499,0.14844025671482086
1788049446702303200,7.69830322265625,0.33169981837272644,0.2773328125476837,0.3793473243713379
1788049446718103300,7.714103271484375,0.33658674359321594,0.4043927788734436,0.513126790523529
1788049446734141700,7.7301416015625,0.3341432809829712,0.4538728892803192,0.5210680365562439
1788049446750474000,7.746473876953125,0.34086281061172485,0.43737950921058655,0.4147774875164032
1788049446766572300,7.762572265625,0.33597588539123535,0.34086281061172485,0.2480112910270691
1788049446782569000,7.77856884765625,0.29993483424186707,0.26083946228027344,0.1270599663257599
1788049446798309400,7.794309326171875,0.22113321721553802,0.2168571650981903,0.02382374368607998
1788049446814352600,7.8103525390625,0.1313360333442688,0.19914206862449646,-0.05253441259264946
1788049446830541000,7.826541015625,0.06230825558304787,0.16310101747512817,-0.09773843735456467
1788049446846845000,7.842844970703125,0.02382374368607998,0.1160643994808197,-0.1313360333442688
1788049446862669800,7.858669921875,0.014049900695681572,0.06414084881544113,-0.14538592100143433
1788049446879029500,7.875029541015625,0.02076941914856434,0.0507018156349659,-0.10201449692249298
1788049446894428000,7.890427978515625,0.036651913076639175,0.0757472887635231,-0.03787364438176155
1788049446910663700,7.90666357421875,0.05925392732024193,0.10201449692249298,0.02932153269648552
1788049446927096300,7.923096435546875,0.07696902006864548,0.11239920556545258,0.04153883829712868
1788049446943050000,7.939050048828125,0.07330382615327835,0.10690141469240189,0.004886921960860491
1788049446958608100,7.954608154296875,0.06169738993048668,0.08674286305904388,-0.07147123664617538
1788049446974656800,7.97065673828125,0.05375614017248154,0.02382374368607998,-0.1472185254096985
1788049446991102000,7.98710205078125,0.04886921867728233,-0.042760565876960754,-0.17531833052635193
1788049447006657500,8.002657470703125,0.05009094998240471,-0.13561208546161652,-0.17287486791610718
1788049447023073800,8.01907373046875,0.05742133408784866,-0.21380282938480377,-0.1459967941045761
1788049447038740500,8.034740478515625,0.0555887371301651,-0.2382374405860901,-0.12889257073402405
1788049447054803700,8.0508037109375,0.0555887371301651,-0.22052235901355743,-0.12339477986097336
1788049447071090700,8.067090576171875,0.06169738993048668,-0.20341812074184418,-0.11545353382825851
1788049447086910200,8.08291015625,0.08979719132184982,-0.22968533635139465,-0.08979719132184982
1788049447103239000,8.099239013671875,0.13500121235847473,-0.2828305959701538,-0.02871066704392433
1788049447118923800,8.114923828125,0.17776179313659668,-0.30115658044815063,0.06352998316287994
1788049447134911200,8.1309111328125,0.19792033731937408,-0.2816088795661926,0.12217304855585098
1788049447151096800,8.147096923828125,0.2076941877603531,-0.2687807083129883,0.13561208546161652
1788049447166807000,8.16280712890625,0.21868975460529327,-0.2785545587539673,0.13255776464939117
1788049447183616500,8.179616455078126,0.20463985204696655,-0.3604104816913605,0.12339477986097336
1788049447198940700,8.194940673828125,0.1612684279680252,-0.42271876335144043,0.10873401165008545
1788049447214925000,8.210925048828125,0.07330382615327835,-0.39645153284072876,0.10201449692249298
1788049447231187500,8.2271875,-0.039095375686883926,-0.31093040108680725,0.11423180252313614
1788049447246959900,8.2429599609375,-0.13927727937698364,-0.22540926933288574,0.12278391420841217
1788049447263448300,8.2594482421875,-0.21319197118282318,-0.11423180252313614,0.12767083942890167
1788049447279113000,8.275113037109374,-0.17043140530586243,-0.11178833991289139,0.060475658625364304
1788049447295127300,8.291127197265626,-0.07147123664617538,-0.2840523421764374,-0.14844025671482086
1788049447311400200,8.307400146484374,-0.06902777403593063,-0.34574973583221436,-0.3127630054950714
1788049447327175700,8.32317578125,-0.1563815027475357,-0.3390302062034607,-0.384845107793808
1788049447343712800,8.339712646484376,-0.29016098380088806,-0.3139847218990326,-0.2871066629886627
1788049447359391500,8.3553916015625,-0.38728857040405273,-0.27550023794174194,-0.12034045159816742
1788049447375345400,8.371345458984376,-0.42210787534713745,-0.23090706765651703,0.11423180252313614
1788049447391950300,8.387950439453125,-0.37751471996307373,-0.22663100063800812,0.29504790902137756
1788049447407461600,8.403461669921874,-0.28588494658470154,-0.28466320037841797,0.38240164518356323
1788049447423804700,8.4198046875,-0.13988813757896423,-0.35185837745666504,0.403781920671463
1788049447439997000,8.435996826171875,0.0006108652451075613,-0.3378084897994995,0.3170390725135803
1788049447455645200,8.451645263671875,0.1062905490398407,-0.28955012559890747,0.2119702398777008
1788049447472048600,8.468048583984375,0.19792033731937408,-0.22296582162380219,0.12522737681865692
1788049447487623400,8.48362353515625,0.2583959996700287,-0.13744467496871948,0.09224065393209457
1788049447504146700,8.500146728515626,0.28955012559890747,-0.08002334833145142,0.04764748737215996
1788049447519685400,8.515685302734376,0.25961771607398987,-0.07330382615327835,0.014049900695681572
1788049447535703800,8.531703857421874,0.16065755486488342,-0.04398229718208313,-0.01160643994808197
1788049447552254500,8.54825439453125,0.014049900695681572,-0.01771509274840355,-0.01160643994808197
1788049447567774000,8.56377392578125,-0.0910189226269722,-0.04214970022439957,-0.014049900695681572
1788049447584265000,8.580264892578125,-0.1508837193250656,-0.0959058403968811,-0.02932153269648552
1788049447600002000,8.596001953125,-0.16065755486488342,-0.18081611394882202,-0.06230825558304787
1788049447615978200,8.611978271484375,-0.15271630883216858,-0.23518311977386475,-0.08246681094169617
1788049447632297200,8.628297119140624,-0.14966198801994324,-0.29138273000717163,-0.10384709388017654
1788049447648196400,8.6441962890625,-0.14966198801994324,-0.3378084897994995,-0.14477506279945374
1788049447664307200,8.66030712890625,-0.1514945775270462,-0.3701843321323395,-0.20952677726745605
1788049447680097500,8.67609765625,-0.15027284622192383,-0.38117989897727966,-0.2736676335334778
1788049447696736300,8.692736328125,-0.16371189057826996,-0.31093040108680725,-0.2767219543457031
1788049447712444400,8.7084443359375,-0.1918116807937622,-0.2028072625398636,-0.25534167885780334
1788049447728146000,8.72414599609375,-0.20097467303276062,-0.1264491081237793,-0.251676470041275
1788049447744880400,8.74088037109375,-0.18081611394882202,-0.07635815441608429,-0.242513507604599
1788049447760249600,8.75624951171875,-0.16432274878025055,-0.04459316283464432,-0.2168571650981903
1788049447776571600,8.772571533203125,-0.1466076523065567,-0.02626720629632473,-0.17409659922122955
1788049447792656100,8.78865625,-0.13011430203914642,-0.005497787147760391,-0.06963863968849182
1788049447808380200,8.804380126953125,-0.12522737681865692,0.036651913076639175,0.07391469180583954
1788049447824831700,8.820831787109375,-0.12278391420841217,0.060475658625364304,0.17043140530586243
1788049447840497400,8.836497314453124,-0.1264491081237793,0.11423180252313614,0.23335053026676178
1788049447856605200,8.852605224609375,-0.12095131725072861,0.16493362188339233,0.2565633952617645
1788049447872722000,8.868721923828126,-0.12400564551353455,0.21319197118282318,0.25045475363731384
1788049447888506000,8.884506103515625,-0.09896016865968704,0.28527405858039856,0.20830504596233368
1788049447904931600,8.900931640625,-0.022602014243602753,0.2889392673969269,0.10934487730264664
1788049447920645600,8.916645751953125,0.0757472887635231,0.23945917189121246,-0.04948008432984352
1788049447936550000,8.9325498046875,0.12339477986097336,0.18020524084568024,-0.14416420459747314
1788049447952881200,8.948881103515625,0.10873401165008545,0.18325957655906677,-0.09651670604944229
1788049447968621300,8.964621337890625,0.042760565876960754,0.2590068578720093,0.059864792972803116
1788049447984945200,8.980945068359375,-0.006719517521560192,0.31581732630729675,0.21135938167572021
1788049448001280800,8.99728076171875,-0.06475171446800232,0.34636059403419495,0.323147714138031
1788049448016734000,9.01273388671875,-0.10751228034496307,0.3225368559360504,0.24129177629947662
1788049448032998100,9.028998046875,-0.13744467496871948,0.3176499307155609,0.04886921867728233
1788049448048803000,9.044802978515625,-0.13255776464939117,0.2926044464111328,-0.16249015927314758
1788049448065275600,9.061275634765625,-0.06780604273080826,0.23640485107898712,-0.2370157092809677
1788049448081053700,9.0770537109375,-0.00427605677396059,0.17409659922122955,-0.1612684279680252
1788049448097016000,9.09301611328125,0.06963863968849182,0.1417207419872284,0.04214970022439957
1788049448113289500,9.10928955078125,0.09896016865968704,0.17287486791610718,0.2590068578720093
1788049448129112600,9.125112548828126,0.11484266817569733,0.19058994948863983,0.3384193480014801
1788049448145293000,9.14129296875,0.13377949595451355,0.17043140530586243,0.3029891550540924
1788049448161842000,9.157842041015625,0.15515977144241333,0.12950342893600464,0.24617868661880493
1788049448177087200,9.173087158203124,0.17348572611808777,0.10506882518529892,0.23273965716362
1788049448193347600,9.18934765625,0.17043140530586243,0.07452555745840073,0.2535090744495392
1788049448209120000,9.2051201171875,0.14538592100143433,0.07513642311096191,0.2791654169559479
1788049448225537300,9.221537353515625,0.06963863968849182,0.11667526513338089,0.252287358045578
1788049448241201700,9.23720166015625,0.007941247895359993,0.14477506279945374,0.1667662113904953
1788049448257727500,9.2537275390625,-0.012828170321881771,0.12217304855585098,0.02871066704392433
1788049448273480400,9.26948046875,0.006108652334660292,0.14416420459747314,-0.07513642311096191
1788049448289234700,9.285234619140626,0.039706241339445114,0.17531833052635193,-0.13927727937698364
1788049448305546000,9.3015458984375,0.10262536257505417,0.16920967400074005,-0.17959438264369965
1788049448321386800,9.31738671875,0.1722639948129654,0.1508837193250656,-0.15943582355976105
1788049448337528800,9.33352880859375,0.20463985204696655,0.11972958594560623,-0.1014036312699318
1788049448353762600,9.349762451171875,0.2076941877603531,0.08368854224681854,0.005497787147760391
1788049448369610000,9.36560986328125,0.16371189057826996,0.04764748737215996,0.09468411654233932
1788049448385840400,9.38184033203125,0.08796459436416626,0.024434609338641167,0.10506882518529892
1788049448401520000,9.39752001953125,0.018936822190880775,0.02321287989616394,0.05253441259264946
1788049448417521400,9.413521484375,-0.060475658625364304,0.027488935738801956,-0.01771509274840355
1788049448433788200,9.4297880859375,-0.1062905490398407,-0.015271631069481373,-0.07757988572120667
1788049448449663500,9.44566357421875,-0.12767083942890167,-0.04153883829712868,-0.12339477986097336
1788049448465878000,9.4618779296875,-0.12461651116609573,-0.07024950534105301,-0.19058994948863983
1788049448481996300,9.477996337890625,-0.08857546001672745,-0.08918632566928864,-0.2370157092809677
1788049448497775900,9.49377587890625,-0.03726277872920036,-0.11423180252313614,-0.23518311977386475
1788049448514547700,9.510547607421875,0.02932153269648552,-0.13377949595451355,-0.1820378452539444
1788049448529936400,9.525936279296875,0.09040805697441101,-0.16859880089759827,-0.1062905490398407
1788049448546320600,9.542320556640625,0.13439035415649414,-0.18570303916931152,-0.04948008432984352
1788049448562059300,9.558059326171875,0.16310101747512817,-0.24984388053417206,0.018325956538319588
1788049448578031000,9.574031005859375,0.15821409225463867,-0.28588494658470154,0.10873401165008545
1788049448594126600,9.590126708984375,0.10751228034496307,-0.28955012559890747,0.1875356286764145
1788049448609804800,9.6058046875,0.03726277872920036,-0.2730567753314972,0.21930062770843506
1788049448626482700,9.622482666015625,-0.04214970022439957,-0.24984388053417206,0.2015855312347412
1788049448642350600,9.6383505859375,-0.1007927656173706,-0.25961771607398987,0.15882496535778046
1788049448658003000,9.6540029296875,-0.13439035415649414,-0.2993239760398865,0.13500121235847473
1788049448674469400,9.670469482421876,-0.1514945775270462,-0.3433062732219696,0.1319468915462494
1788049448690040000,9.6860400390625,-0.1472185254096985,-0.37568211555480957,0.12461651116609573
1788049448706707700,9.702707763671874,-0.13316862285137177,-0.3952298164367676,0.10812314599752426
1788049448722587100,9.718587158203125,-0.1062905490398407,-0.42271876335144043,0.08185594528913498
1788049448738319400,9.7343193359375,-0.07513642311096191,-0.4550946056842804,0.04948008432984352
1788049448754520300,9.750520263671875,-0.04337143152952194,-0.4715879559516907,0.021991148591041565
1788049448770681600,9.766681640625,-0.019547687843441963,-0.48319441080093384,-0.003054326167330146
1788049448786600400,9.782600341796876,-0.00427605677396059,-0.4440990388393402,-0.03726277872920036
1788049448802399000,9.79839892578125,-0.02687807008624077,-0.4031710624694824,-0.09896016865968704
1788049448818477000,9.81447705078125,-0.06291911751031876,-0.3842342495918274,-0.15332718193531036
1788049448834759400,9.830759521484374,-0.12217304855585098,-0.35246923565864563,-0.19364428520202637
1788049448850828800,9.846828857421874,-0.18875735998153687,-0.29138273000717163,-0.25473082065582275
1788049448867024400,9.8630244140625,-0.21930062770843506,-0.2822197377681732,-0.3139847218990326
1788049448882632200,9.878632080078125,-0.22052235901355743,-0.2785545587539673,-0.2974913716316223
1788049448898866700,9.89486669921875,-0.19486601650714874,-0.26022860407829285,-0.17409659922122955
1788049448914996000,9.910995849609375,-0.1612684279680252,-0.2272418737411499,-0.03481931984424591
1788049448931103500,9.927103515625,-0.09834930300712585,-0.2174680233001709,0.06780604273080826
1788049448946994400,9.942994384765624,-0.036041051149368286,-0.23335053026676178,0.06780604273080826
1788049448962831600,9.95883154296875,-0.012217304669320583,-0.22418753802776337,0.024434609338641167
1788049448978851300,9.974851318359375,-0.014049900695681572,-0.2168571650981903,-0.04459316283464432
1788049448995137000,9.991136962890625,-0.042760565876960754,-0.21013765037059784,-0.09468411654233932
1788049449010915000,10.0069150390625,-0.08979719132184982,-0.17531833052635193,-0.10995574295520782
1788049449027620600,10.02362060546875,-0.12034045159816742,-0.15577064454555511,-0.10690141469240189
1788049449043227400,10.039227294921876,-0.12461651116609573,-0.13988813757896423,-0.08979719132184982
1788049449059204400,10.055204345703125,-0.0959058403968811,-0.15943582355976105,-0.06230825558304787
1788049449075769900,10.071769775390624,-0.0555887371301651,-0.18020524084568024,-0.0354301854968071
1788049449091155500,10.087155517578125,-0.0006108652451075613,-0.20586158335208893,-0.022602014243602753
1788049449107372500,10.10337255859375,0.048258353024721146,-0.20830504596233368,-0.028099801391363144
1788049449123428600,10.1194287109375,0.08002334833145142,-0.21013765037059784,-0.04398229718208313
1788049449139219500,10.135219482421874,0.10873401165008545,-0.20891591906547546,-0.05192354694008827
1788049449155522300,10.151522216796875,0.10812314599752426,-0.182648703455925,-0.06291911751031876
1788049449171207400,10.16720751953125,0.09468411654233932,-0.15454891324043274,-0.08491026610136032
1788049449187589000,10.183589111328125,0.06475171446800232,-0.11911872029304504,-0.11239920556545258
1788049449203296300,10.199296142578126,0.025656340643763542,-0.08552113175392151,-0.12950342893600464
1788049449219301600,10.215301513671875,-0.016493361443281174,-0.045204028487205505,-0.13316862285137177
1788049449235712300,10.231712158203125,-0.03237585723400116,-0.039706241339445114,-0.12522737681865692
1788049449251359700,10.24735986328125,-0.039095375686883926,-0.039095375686883926,-0.07757988572120667
1788049449267720200,10.26372021484375,-0.02932153269648552,-0.06230825558304787,-0.021991148591041565
1788049449283931600,10.279931640625,-0.025045474991202354,-0.07696902006864548,0.02382374368607998
1788049449299535000,10.29553515625,-0.025656340643763542,-0.09468411654233932,0.06414084881544113
1788049449315712000,10.3117119140625,-0.042760565876960754,-0.09773843735456467,0.08002334833145142
1788049449332125700,10.328125732421874,-0.05497787147760391,-0.1014036312699318,0.07024950534105301
1788049449348154400,10.344154296875,-0.051312681287527084,-0.0959058403968811,0.05925392732024193
1788049449363650000,10.359650146484375,-0.048258353024721146,-0.10567969083786011,0.054367005825042725
1788049449379710000,10.3757099609375,-0.03481931984424591,-0.11423180252313614,0.06719517707824707
1788049449395971600,10.3919716796875,-0.021991148591041565,-0.10262536257505417,0.09162978827953339
1788049449411918000,10.40791796875,-0.022602014243602753,-0.05253441259264946,0.07696902006864548
1788049449428266500,10.4242666015625,-0.00366519158706069,-0.045204028487205505,0.03298672288656235
1788049449443897300,10.4398974609375,0.018936822190880775,-0.06658431142568588,0.02932153269648552
1788049449459898600,10.455898681640624,0.04153883829712868,-0.10018189996480942,0.054367005825042725
1788049449476209400,10.47220947265625,0.04642575979232788,-0.11789698898792267,0.07819075137376785
1788049449492488000,10.488488037109375,0.03176499158143997,-0.13377949595451355,0.08796459436416626
1788049449508272600,10.504272705078124,0.013439035043120384,-0.13011430203914642,0.07819075137376785
1788049449523998500,10.51999853515625,-0.012828170321881771,-0.09773843735456467,0.048258353024721146
1788049449539914200,10.535914306640626,-0.028099801391363144,-0.08796459436416626,0.018325956538319588
1788049449556358400,10.5523583984375,-0.02687807008624077,-0.08185594528913498,-0.015882495790719986
1788049449571965700,10.567965576171876,-0.02871066704392433,-0.08735372871160507,-0.045204028487205505
1788049449588677400,10.584677490234375,-0.03420845419168472,-0.0806342139840126,-0.04459316283464432
1788049449604022300,10.600022216796875,-0.05009094998240471,-0.06169738993048668,-0.019547687843441963
1788049449620103700,10.616103759765625,-0.05619960278272629,-0.05375614017248154,0.003054326167330146
1788049449636317200,10.632317138671874,-0.05253441259264946,-0.05864306539297104,0.02076941914856434
1788049449652163800,10.648163818359375,-0.05803219974040985,-0.06536258012056351,0.036651913076639175
1788049449668544800,10.664544677734375,-0.06719517707824707,-0.08796459436416626,0.039706241339445114
1788049449684281300,10.68028125,-0.0806342139840126,-0.1111774742603302,0.04764748737215996
1788049449700412000,10.696411865234374,-0.0910189226269722,-0.12339477986097336,0.04214970022439957
1788049449716605200,10.712605224609375,-0.10506882518529892,-0.13316862285137177,0.02076941914856434
1788049449732285700,10.72828564453125,-0.10995574295520782,-0.14477506279945374,0.0024434609804302454
1788049449748799700,10.7447998046875,-0.11545353382825851,-0.15577064454555511,-0.007941247895359993
1788049449764432600,10.7604326171875,-0.11911872029304504,-0.16371189057826996,-0.025045474991202354
1788049449780456200,10.776456298828125,-0.12461651116609573,-0.15393804013729095,-0.02382374368607998
1788049449796828000,10.792827880859376,-0.11911872029304504,-0.15882496535778046,-0.006108652334660292
1788049449812708900,10.808708984375,-0.0861319974064827,-0.18997909128665924,0.0012217304902151227
1788049449829111000,10.825111083984375,-0.05253441259264946,-0.251676470041275,0.006108652334660292
1788049449845184000,10.84118408203125,-0.031154127791523933,-0.28466320037841797,0.007941247895359993
1788049449860761300,10.85676123046875,-0.02015855349600315,-0.3121521472930908,0.00855211354792118
1788049449876944400,10.8729443359375,-0.022602014243602753,-0.34513887763023376,0.012217304669320583
1788049449892751400,10.88875146484375,-0.033597588539123535,-0.39217549562454224,0.01771509274840355
1788049449909163300,10.905163330078125,-0.04642575979232788,-0.46364670991897583,0.018325956538319588
1788049449924825000,10.9208251953125,-0.0555887371301651,-0.5558874011039734,-0.005497787147760391
1788049449941076700,10.93707666015625,-0.06475171446800232,-0.6633996367454529,-0.04398229718208313
1788049449957404400,10.953404296875,-0.06719517707824707,-0.7605272531509399,-0.06108652427792549
1788049449972951600,10.96895166015625,-0.07635815441608429,-0.8381071090698242,-0.07513642311096191
1788049449989322500,10.985322509765625,-0.08918632566928864,-0.8991936445236206,-0.10873401165008545
1788049450005065700,11.001065673828125,-0.08918632566928864,-0.9584475755691528,-0.11301007121801376
1788049450020938000,11.01693798828125,-0.0806342139840126,-1.017701506614685,-0.0861319974064827
1788049450037241900,11.033241943359375,-0.07880161702632904,-1.0598511695861816,-0.06841690838336945
1788049450052993000,11.048992919921876,-0.07941248267889023,-1.0922271013259888,-0.07880161702632904
1788049450069434000,11.06543408203125,-0.09162978827953339,-1.151481032371521,-0.12095131725072861
1788049450085094400,11.081094482421875,-0.12339477986097336,-1.1966849565505981,-0.15393804013729095
1788049450101657900,11.097657958984374,-0.1459967941045761,-1.2235630750656128,-0.16554448008537292
1788049450117448200,11.1134482421875,-0.15760323405265808,-1.2907582521438599,-0.1508837193250656
1788049450133154000,11.129154052734375,-0.16065755486488342,-1.3683381080627441,-0.1270599663257599
1788049450149575200,11.1455751953125,-0.17898350954055786,-1.433700680732727,-0.13377949595451355
1788049450165349000,11.16134912109375,-0.20402899384498596,-1.4697418212890625,-0.15577064454555511
1788049450181293300,11.177293212890625,-0.24678955972194672,-1.5057828426361084,-0.18081611394882202
1788049450197496600,11.19349658203125,-0.2883284091949463,-1.5241087675094604,-0.19608774781227112
1788049450213600500,11.2096005859375,-0.3274237811565399,-1.5222761631011963,-0.2028072625398636
1788049450229621000,11.22562109375,-0.3646865487098694,-1.4679092168807983,-0.19608774781227112
1788049450245419000,11.2414189453125,-0.38179078698158264,-1.4110987186431885,-0.17776179313659668
1788049450261466000,11.257466064453125,-0.384845107793808,-1.3817771673202515,-0.15760323405265808
1788049450277824800,11.27382470703125,-0.3793473243713379,-1.356731653213501,-0.13500121235847473
1788049450293837300,11.28983740234375,-0.3732386529445648,-1.3359622955322266,-0.10506882518529892
1788049450310215000,11.30621484375,-0.3891211748123169,-1.3145819902420044,-0.08124507963657379
1788049450325625300,11.321625244140625,-0.4056145250797272,-1.3048081398010254,-0.054367005825042725
1788049450341776000,11.33777587890625,-0.4239404797554016,-1.3096951246261597,-0.029932396486401558
1788049450358390300,11.354390380859375,-0.4489859640598297,-1.3365731239318848,-0.01710422709584236
1788049450373671200,11.369671142578126,-0.4697553813457489,-1.3640620708465576,-0.0024434609804302454
1788049450390405400,11.3864052734375,-0.5015203952789307,-1.3903292417526245,0.014049900695681572
1788049450406436400,11.402436279296875,-0.5351179838180542,-1.4019356966018677,0.02687807008624077
1788049450421858000,11.417858154296875,-0.5650503635406494,-1.4031574726104736,0.03420845419168472
1788049450438623200,11.434623291015624,-0.5827654600143433,-1.3976596593856812,0.051312681287527084
1788049450453816600,11.449816650390625,-0.5778785347938538,-1.3933836221694946,0.06658431142568588
1788049450470380000,11.466380126953124,-0.5564982295036316,-1.3701707124710083,0.0806342139840126
1788049450486478800,11.482478759765625,-0.5247332453727722,-1.3420709371566772,0.11362093687057495
1788049450502091500,11.498091552734374,-0.48808133602142334,-1.3200798034667969,0.15393804013729095
1788049450518633200,11.51463330078125,-0.4746423065662384,-1.2883148193359375,0.18448130786418915
1788049450534489300,11.5304892578125,-0.46364670991897583,-1.2773191928863525,0.17043140530586243
1788049450550714000,11.546714111328125,-0.4648684561252594,-1.2809844017028809,0.030543262138962746
1788049450566801700,11.5628017578125,-0.475253164768219,-1.2681562900543213,-0.18814650177955627
1788049450582114800,11.57811474609375,-0.4893030524253845,-1.253495454788208,-0.2974913716316223
1788049450598667000,11.5946669921875,-0.5064072608947754,-1.2675453424453735,-0.2626720666885376
1788049450614346000,11.610345947265625,-0.5106833577156067,-1.2455542087554932,-0.09834930300712585
1788049450630869500,11.626869384765625,-0.49357911944389343,-1.1753047704696655,0.07513642311096191
1788049450646363000,11.64236279296875,-0.4245513379573822,-1.1533136367797852,0.19975294172763824
1788049450663037400,11.659037353515625,-0.323147714138031,-1.186300277709961,0.2015855312347412
1788049450678834400,11.67483447265625,-0.2376265823841095,-1.2095131874084473,0.14416420459747314
1788049450694414000,11.6904140625,-0.15882496535778046,-1.2510520219802856,0.056810468435287476
1788049450710816000,11.70681591796875,-0.11301007121801376,-1.2986994981765747,-0.045204028487205505
1788049450726621700,11.72262158203125,-0.13011430203914642,-1.3017538785934448,-0.10506882518529892
1788049450742601700,11.738601806640625,-0.17837265133857727,-1.2974777221679688,-0.12034045159816742
1788049450759099600,11.755099609375,-0.24678955972194672,-1.2608258724212646,-0.10323622822761536
1788049450774720000,11.770719970703125,-0.3176499307155609,-1.2510520219802856,-0.08368854224681854
1788049450791321300,11.7873212890625,-0.37140607833862305,-1.2510520219802856,-0.06902777403593063
1788049450806911500,11.802911376953125,-0.4282165467739105,-1.2418889999389648,-0.04764748737215996
1788049450822852000,11.81885205078125,-0.47280970215797424,-1.2223412990570068,-0.010995574295520782
1788049450839141400,11.835141357421875,-0.4899139404296875,-1.1997393369674683,0.014049900695681572
1788049450854853000,11.85085302734375,-0.4899139404296875,-1.1832460165023804,0.014049900695681572
1788049450871420400,11.86742041015625,-0.4813618063926697,-1.1496484279632568,-0.001832595793530345
1788049450886990300,11.882990234375,-0.46670106053352356,-1.1276572942733765,-0.021380282938480377
1788049450903284000,11.899283935546874,-0.44593164324760437,-1.0971139669418335,-0.0555887371301651
1788049450919779300,11.915779296875,-0.4196644127368927,-1.0616837739944458,-0.09468411654233932
1788049450935139000,11.93113916015625,-0.38117989897727966,-1.0409144163131714,-0.11972958594560623
1788049450951597800,11.947597900390624,-0.34147366881370544,-1.0378600358963013,-0.12400564551353455
1788049450967250000,11.96325,-0.2993239760398865,-1.017701506614685,-0.10506882518529892
1788049450983344400,11.979344482421874,-0.2632829248905182,-1.0305296182632446,-0.08002334833145142
1788049450999556000,11.99555615234375,-0.23884831368923187,-1.0616837739944458,-0.0757472887635231
1788049451015224600,12.011224609375,-0.2474004179239273,-1.0525208711624146,-0.0959058403968811
1788049451031659500,12.027659423828124,-0.28649580478668213,-1.0097602605819702,-0.1313360333442688
1788049451047785500,12.043785400390625,-0.32009339332580566,-0.959669291973114,-0.13561208546161652
1788049451063366000,12.059365966796875,-0.33536502718925476,-0.912021815776825,-0.12339477986097336
1788049451080076800,12.076076904296874,-0.32498031854629517,-0.8698720932006836,-0.09346238523721695
1788049451095426000,12.091426025390625,-0.2919935882091522,-0.8338310718536377,-0.04337143152952194
1788049451111832000,12.10783203125,-0.23029619455337524,-0.7782423496246338,0.015882495790719986
1788049451127598000,12.12359814453125,-0.15943582355976105,-0.720820963382721,0.03420845419168472
1788049451143526100,12.139526123046876,-0.08552113175392151,-0.6908885836601257,0.059864792972803116
1788049451159789800,12.155789794921875,-0.033597588539123535,-0.6591235995292664,0.10934487730264664
1788049451176027400,12.17202734375,0.005497787147760391,-0.6334672570228577,0.15515977144241333
1788049451192128000,12.1881279296875,0.03176499158143997,-0.6108652353286743,0.16371189057826996
1788049451207719700,12.2037197265625,0.04642575979232788,-0.5907067060470581,0.15760323405265808
1788049451223750000,12.21975,0.06414084881544113,-0.5705481171607971,0.12217304855585098
1788049451240156700,12.23615673828125,0.06475171446800232,-0.5821545720100403,0.04764748737215996
1788049451255778000,12.251778076171876,0.04886921867728233,-0.618195652961731,-0.05803219974040985
1788049451272369700,12.26836962890625,-0.04581489413976669,-0.6298020482063293,-0.21502456068992615
1788049451287914800,12.283914794921875,-0.1814269721508026,-0.6017022728919983,-0.29993483424186707
1788049451304078300,12.300078369140625,-0.2669481039047241,-0.5571091175079346,-0.26145032048225403
1788049451320081000,12.316080810546875,-0.2889392673969269,-0.49846604466438293,-0.12339477986097336
1788049451336063000,12.33206298828125,-0.20341812074184418,-0.4697553813457489,0.030543262138962746
1788049451352318700,12.348318603515626,-0.07452555745840073,-0.46670106053352356,0.11484266817569733
1788049451368139500,12.364139404296875,0.01466076634824276,-0.4288274049758911,0.12889257073402405
1788049451384416300,12.380416259765624,0.06169738993048668,-0.34025195240974426,0.0910189226269722
1788049451400406800,12.39640673828125,0.06169738993048668,-0.2480112910270691,0.04153883829712868
1788049451416159000,12.412158935546875,0.04153883829712868,-0.19425514340400696,-0.013439035043120384
1788049451432873200,12.428873291015625,0.012217304669320583,-0.13927727937698364,-0.07635815441608429
1788049451448183300,12.444183349609375,0.006719517521560192,-0.12095131725072861,-0.0806342139840126
1788049451464165600,12.46016552734375,0.025045474991202354,-0.12828169763088226,-0.03298672288656235
1788049451480425700,12.47642578125,0.06475171446800232,-0.13866640627384186,0.056810468435287476
1788049451496226600,12.4922265625,0.09162978827953339,-0.14782938361167908,0.13744467496871948
1788049451512554200,12.50855419921875,0.10567969083786011,-0.14294247329235077,0.16859880089759827
1788049451528575700,12.52457568359375,0.08552113175392151,-0.11667526513338089,0.16493362188339233
1788049451544457700,12.540457763671874,0.04642575979232788,-0.07330382615327835,0.1313360333442688
1788049451560691200,12.556691162109376,-0.007941247895359993,-0.015271631069481373,0.0861319974064827
1788049451576378400,12.57237841796875,-0.036041051149368286,-0.00733038317412138,0.042760565876960754
1788049451592857000,12.588857177734376,-0.039095375686883926,-0.027488935738801956,0.01160643994808197
1788049451608579000,12.6045791015625,-0.03726277872920036,-0.036651913076639175,0.01038470957428217
1788049451624657000,12.620656982421876,-0.036651913076639175,-0.04092797264456749,0.028099801391363144
1788049451640792000,12.6367919921875,-0.039706241339445114,-0.051312681287527084,0.06536258012056351
1788049451656648200,12.652648193359376,-0.05375614017248154,-0.08307767659425735,0.12217304855585098
1788049451672971500,12.668971435546876,-0.0806342139840126,-0.07147123664617538,0.15943582355976105
1788049451689180400,12.685180419921876,-0.11239920556545258,-0.010995574295520782,0.1563815027475357
1788049451704801500,12.700801513671875,-0.11056660860776901,0.01466076634824276,0.10323622822761536
1788049451721115000,12.717114990234375,-0.08918632566928864,-0.0012217304902151227,0.0708603709936142
1788049451737181200,12.73318115234375,-0.07269296050071716,-0.039706241339445114,0.07941248267889023
1788049451753169400,12.74916943359375,-0.08002334833145142,-0.05192354694008827,0.10995574295520782
1788049451768864300,12.7648642578125,-0.11728613078594208,-0.07024950534105301,0.11362093687057495
1788049451784963600,12.780963623046874,-0.1514945775270462,-0.0861319974064827,0.11056660860776901
1788049451801352700,12.797352783203126,-0.17470745742321014,-0.12034045159816742,0.09468411654233932
1788049451816951300,12.812951416015625,-0.18325957655906677,-0.14538592100143433,0.054367005825042725
1788049451833334000,12.829333984375,-0.18020524084568024,-0.15393804013729095,0.01160643994808197
1788049451849012500,12.845012451171876,-0.16859880089759827,-0.1508837193250656,-0.015882495790719986
1788049451865041000,12.861041015625,-0.15821409225463867,-0.09834930300712585,-0.024434609338641167
1788049451889070000,12.885070068359376,-0.13561208546161652,0.006719517521560192,-0.00855211354792118
1788049451905026000,12.901026123046876,-0.11423180252313614,0.05009094998240471,0.005497787147760391
1788049451921324800,12.91732470703125,-0.08307767659425735,0.08429940044879913,-0.01710422709584236
1788049451936997000,12.9329970703125,-0.04459316283464432,0.1319468915462494,-0.08918632566928864
1788049451953413400,12.949413330078125,-0.02932153269648552,0.16920967400074005,-0.15271630883216858
1788049451969128200,12.965128173828125,-0.012217304669320583,0.2028072625398636,-0.16004669666290283
1788049451985152500,12.981152587890625,0.021991148591041565,0.18631389737129211,-0.09407325088977814
1788049452001377500,12.99737744140625,0.06475171446800232,0.16798794269561768,-0.0012217304902151227
1788049452017232600,13.013232666015625,0.11972958594560623,0.13744467496871948,0.09040805697441101
1788049452033545000,13.029544921875,0.1569923609495163,0.07819075137376785,0.1362229436635971
1788049452049289000,13.0452890625,0.14966198801994324,0.005497787147760391,0.14905111491680145
1788049452065282300,13.0612822265625,0.10567969083786011,-0.07391469180583954,0.13316862285137177
1788049452081571000,13.077571044921875,0.02076941914856434,-0.1618792861700058,0.11667526513338089
1788049452097873400,13.093873291015624,-0.0861319974064827,-0.2168571650981903,0.10567969083786011
1788049452113854700,13.109854736328124,-0.17043140530586243,-0.242513507604599,0.07696902006864548
1788049452129501700,13.125501708984375,-0.23518311977386475,-0.22663100063800812,0.04459316283464432
1788049452145430800,13.1414306640625,-0.24190263450145721,-0.22907446324825287,0.01771509274840355
1788049452161710000,13.1577099609375,-0.19425514340400696,-0.2431243658065796,-0.005497787147760391
1788049452177610000,13.17360986328125,-0.13072516024112701,-0.242513507604599,-0.02076941914856434
1788049452194326000,13.190325927734374,-0.07269296050071716,-0.19914206862449646,-0.012217304669320583
1788049452209714000,13.2057138671875,-0.04092797264456749,-0.152105450630188,0.01710422709584236
1788049452225702100,13.2217021484375,-0.007941247895359993,-0.11972958594560623,0.051312681287527084
1788049452241973200,13.23797314453125,0.01710422709584236,-0.07941248267889023,0.08002334833145142
1788049452257831000,13.253830810546875,0.036041051149368286,-0.05009094998240471,0.06169738993048668
1788049452274459000,13.270458984375,0.05619960278272629,-0.056810468435287476,0.022602014243602753
1788049452290087000,13.2860869140625,0.08918632566928864,-0.08429940044879913,-0.010995574295520782
1788049452305908700,13.30190869140625,0.10995574295520782,-0.1313360333442688,-0.030543262138962746
1788049452322443300,13.318443359375,0.12217304855585098,-0.16432274878025055,-0.02932153269648552
1788049452338350600,13.3343505859375,0.12522737681865692,-0.20341812074184418,-0.039095375686883926
1788049452354410500,13.350410400390626,0.11484266817569733,-0.2064724564552307,-0.03420845419168472
1788049452370049800,13.3660498046875,0.07880161702632904,-0.16798794269561768,0.00733038317412138
1788049452386329300,13.382329345703125,0.04459316283464432,-0.13561208546161652,0.05253441259264946
1788049452402849500,13.398849609375,0.019547687843441963,-0.10262536257505417,0.0757472887635231
1788049452418061300,13.414061279296876,0.004886921960860491,-0.0708603709936142,0.0910189226269722
1788049452434512000,13.430511962890625,0.009162978269159794,-0.05619960278272629,0.09346238523721695
1788049452450433000,13.44643310546875,0.033597588539123535,-0.08857546001672745,0.05619960278272629
1788049452466500600,13.46250048828125,0.051312681287527084,-0.12828169763088226,-0.0012217304902151227
1788049452482669300,13.47866943359375,0.04642575979232788,-0.15577064454555511,-0.06963863968849182
1788049452498673700,13.494673583984374,0.016493361443281174,-0.1466076523065567,-0.11362093687057495
1788049452514669800,13.510669921875,-0.02076941914856434,-0.11362093687057495,-0.12828169763088226
1788049452530551000,13.526551025390624,-0.0507018156349659,-0.0861319974064827,-0.11911872029304504
1788049452546722300,13.542722412109375,-0.06536258012056351,-0.05925392732024193,-0.11056660860776901
1788049452562986800,13.55898681640625,-0.08185594528913498,-0.0403171069920063,-0.1007927656173706
1788049452578559000,13.57455908203125,-0.07452555745840073,-0.030543262138962746,-0.07757988572120667
1788049452594756900,13.5907568359375,-0.05192354694008827,-0.006719517521560192,-0.039706241339445114
1788049452610361300,13.606361328125,-0.018325956538319588,0.006108652334660292,-0.00366519158706069
1788049452626492400,13.622492431640625,0.029932396486401558,0.001832595793530345,0.029932396486401558
1788049452642748000,13.638747802734375,0.07819075137376785,-0.018325956538319588,0.06169738993048668
1788049452658999800,13.654999755859375,0.10567969083786011,-0.015882495790719986,0.06230825558304787
1788049452675322600,13.671322509765625,0.09773843735456467,-0.006108652334660292,0.039706241339445114
1788049452690912800,13.686912841796875,0.06658431142568588,0.02687807008624077,0.015271631069481373
1788049452706634500,13.702634521484375,0.01710422709584236,0.039706241339445114,0.006108652334660292
1788049452722945800,13.71894580078125,-0.019547687843441963,0.04398229718208313,-0.010995574295520782
1788049452738704400,13.734704345703125,-0.048258353024721146,0.05864306539297104,-0.025045474991202354
1788049452755096800,13.751096923828126,-0.07819075137376785,0.08185594528913498,-0.03481931984424591
1788049452770801000,13.76680078125,-0.09957103431224823,0.06475171446800232,-0.03237585723400116
1788049452787030300,13.7830302734375,-0.10445795953273773,0.0757472887635231,-0.013439035043120384
1788049452803152000,13.79915185546875,-0.11545353382825851,0.13744467496871948,0.01160643994808197
1788049452818973000,13.814972900390625,-0.10018189996480942,0.17531833052635193,0.00855211354792118
1788049452835282200,13.8312822265625,-0.06536258012056351,0.19303341209888458,0.018325956538319588
1788049452850916000,13.846916015625,-0.014049900695681572,0.23884831368923187,0.06291911751031876
1788049452866846000,13.862845947265624,0.0006108652451075613,0.3072652220726013,0.1014036312699318
1788049452883108000,13.879108154296874,0.04642575979232788,0.36529740691185,0.17959438264369965
1788049452898914300,13.894914306640626,0.11178833991289139,0.34208452701568604,0.30054569244384766
1788049452915785700,13.91178564453125,0.16859880089759827,0.28038713335990906,0.4343251883983612
1788049452931042000,13.9270419921875,0.19853121042251587,0.1820378452539444,0.5302310585975647
1788049452947006700,13.9430068359375,0.19853121042251587,0.10934487730264664,0.5345070958137512
1788049452963307800,13.959307861328124,0.2070833146572113,0.02871066704392433,0.38606682419776917
1788049452979102500,13.9751025390625,0.17104226350784302,0.00366519158706069,0.1508837193250656
1788049452995522600,13.9915224609375,0.12034045159816742,-0.01466076634824276,-0.07635815441608429
1788049453011253200,14.007253173828126,0.10201449692249298,-0.06108652427792549,-0.29626965522766113
1788049453027238100,14.023238037109374,0.0910189226269722,-0.13439035415649414,-0.35063666105270386
1788049453043573200,14.0395732421875,0.06169738993048668,-0.12095131725072861,-0.2480112910270691
1788049453059359700,14.05535986328125,-0.0012217304902151227,-0.036041051149368286,-0.06780604273080826
1788049453075854000,14.07185400390625,-0.04642575979232788,0.07757988572120667,0.1264491081237793
1788049453091607600,14.087607666015625,-0.0555887371301651,0.14233160018920898,0.24495697021484375
1788049453107547600,14.103547607421875,-0.03848451003432274,0.1313360333442688,0.28466320037841797
1788049453123734300,14.119734375,-0.028099801391363144,0.13072516024112701,0.23579397797584534
1788049453139568400,14.135568359375,-0.04581489413976669,0.15454891324043274,0.13988813757896423
1788049453156151800,14.15215185546875,-0.08796459436416626,0.16737708449363708,0.048258353024721146
1788049453172226000,14.16822607421875,-0.12095131725072861,0.13927727937698364,-0.06719517707824707
1788049453187756000,14.183756103515625,-0.12278391420841217,0.07513642311096191,-0.182648703455925
1788049453204346400,14.200346435546875,-0.1111774742603302,0.01466076634824276,-0.29077184200286865
1788049453220067300,14.2160673828125,-0.08429940044879913,-0.030543262138962746,-0.4184426963329315
1788049453236251100,14.232251220703125,-0.03420845419168472,-0.06780604273080826,-0.4899139404296875
1788049453251939800,14.24793994140625,0.0006108652451075613,-0.07513642311096191,-0.4398229718208313
1788049453267939000,14.26393896484375,0.01771509274840355,-0.06291911751031876,-0.2822197377681732
1788049453284260900,14.2802607421875,0.02626720629632473,-0.021380282938480377,-0.06841690838336945
1788049453299828200,14.295828125,0.00427605677396059,0.01771509274840355,0.07024950534105301
1788049453316197600,14.31219775390625,-0.03298672288656235,0.024434609338641167,0.09957103431224823
1788049453332036400,14.328036376953126,-0.05497787147760391,-0.014049900695681572,0.039095375686883926
1788049453348076000,14.344075927734375,-0.0659734457731247,-0.06780604273080826,-0.05253441259264946
1788049453364454100,14.3604541015625,-0.07513642311096191,-0.1014036312699318,-0.13988813757896423
1788049453380155000,14.37615478515625,-0.06963863968849182,-0.15943582355976105,-0.21624629199504852
1788049453396539400,14.392539306640625,-0.04153883829712868,-0.20952677726745605,-0.24923302233219147
1788049453412259600,14.408259521484375,-0.014049900695681572,-0.24007004499435425,-0.23090706765651703
1788049453428689000,14.42468896484375,0.001832595793530345,-0.2278527319431305,-0.19608774781227112
1788049453444583200,14.440583251953125,0.024434609338641167,-0.20341812074184418,-0.15393804013729095
1788049453460407000,14.456406982421875,0.0507018156349659,-0.18509216606616974,-0.10384709388017654
1788049453476918800,14.472918701171874,0.08002334833145142,-0.15760323405265808,-0.025045474991202354
1788049453492563200,14.488563232421875,0.1007927656173706,-0.12950342893600464,0.06414084881544113
1788049453508503300,14.50450341796875,0.10751228034496307,-0.10934487730264664,0.1258382350206375
1788049453524837400,14.52083740234375,0.1111774742603302,-0.13255776464939117,0.1661553531885147
1788049453540635100,14.53663525390625,0.10812314599752426,-0.13744467496871948,0.20586158335208893
1788049453557040000,14.5530400390625,0.08002334833145142,-0.1459967941045761,0.24007004499435425
1788049453572878800,14.56887890625,0.07391469180583954,-0.17104226350784302,0.24862214922904968
1788049453588891000,14.584890869140626,0.0757472887635231,-0.24617868661880493,0.21013765037059784
1788049453605169000,14.6011689453125,0.06658431142568588,-0.323147714138031,0.12400564551353455
1788049453620900400,14.616900390625,0.03481931984424591,-0.3378084897994995,0.045204028487205505
1788049453637461500,14.63346142578125,-0.02626720629632473,-0.34574973583221436,-0.028099801391363144
1788049453653171200,14.649171142578124,-0.06780604273080826,-0.35246923565864563,-0.04703662544488907
1788049453668902100,14.664902099609375,-0.09285151958465576,-0.32681289315223694,-0.024434609338641167
1788049453685182500,14.681182373046875,-0.09712757170200348,-0.26083946228027344,0.054367005825042725
1788049453700960500,14.69696044921875,-0.04948008432984352,-0.17898350954055786,0.18387043476104736
1788049453717455600,14.71345556640625,0.039095375686883926,-0.24984388053417206,0.17348572611808777
1788049453733613600,14.729613525390626,0.06414084881544113,-0.33108896017074585,0.00366519158706069
1788049453749442800,14.74544287109375,-0.04214970022439957,-0.3439171314239502,-0.2571742534637451
1788049453765733600,14.761733642578125,-0.20402899384498596,-0.3689626157283783,-0.475253164768219
1788049453781172200,14.777172119140625,-0.3170390725135803,-0.3885102868080139,-0.5338962078094482
1788049453797565400,14.7935654296875,-0.44287729263305664,-0.33719760179519653,-0.413555771112442
1788049453813319700,14.809319580078125,-0.4917465150356293,-0.21074850857257843,-0.17409659922122955
1788049453829550800,14.82555078125,-0.45875978469848633,-0.11972958594560623,0.018936822190880775
1788049453846122500,14.84212255859375,-0.3445279896259308,-0.07635815441608429,0.2168571650981903
1788049453861239000,14.857239013671874,-0.18387043476104736,-0.15882496535778046,0.3897320330142975
1788049453877694200,14.873694091796875,-0.048258353024721146,-0.29993483424186707,0.4550946056842804
1788049453893425200,14.889425048828125,0.07391469180583954,-0.43127086758613586,0.42577308416366577
1788049453909451300,14.905451171875,0.1313360333442688,-0.503963828086853,0.313373863697052
1788049453925744000,14.921744140625,0.14416420459747314,-0.48197266459465027,0.12278391420841217
1788049453941533700,14.93753369140625,0.0910189226269722,-0.45814892649650574,-0.059864792972803116
1788049453957959400,14.95395947265625,0.031154127791523933,-0.44715335965156555,-0.23518311977386475
1788049453973646000,14.96964599609375,-0.021380282938480377,-0.4300491213798523,-0.34086281061172485
1788049453990376400,14.98637646484375,-0.05497787147760391,-0.3878994286060333,-0.34147366881370544
1788049454006461700,15.002461669921875,-0.09773843735456467,-0.3078760802745819,-0.23457226157188416
1788049454021928200,15.01792822265625,-0.13011430203914642,-0.2272418737411499,-0.07269296050071716
1788049454038410200,15.03441015625,-0.1417207419872284,-0.17043140530586243,0.05375614017248154
1788049454053940700,15.049940673828125,-0.12095131725072861,-0.1563815027475357,0.15393804013729095
1788049454070060500,15.066060546875,-0.07696902006864548,-0.19914206862449646,0.17470745742321014
1788049454086481700,15.082481689453125,-0.021991148591041565,-0.24068090319633484,0.12339477986097336
1788049454102070500,15.098070556640625,0.006719517521560192,-0.23640485107898712,0.05803219974040985
1788049454118591000,15.114591064453125,0.012217304669320583,-0.2076941877603531,-0.003054326167330146
1788049454134388000,15.130387939453126,-0.004886921960860491,-0.16004669666290283,-0.029932396486401558
1788049454150574600,15.14657470703125,-0.0354301854968071,-0.13011430203914642,-0.021991148591041565
1788049454166766000,15.16276611328125,-0.07269296050071716,-0.0959058403968811,-0.015882495790719986
1788049454182469000,15.17846923828125,-0.10751228034496307,-0.07024950534105301,-0.0354301854968071
1788049454199064000,15.19506396484375,-0.1319468915462494,-0.060475658625364304,-0.07147123664617538
1788049454214536400,15.210536376953126,-0.15332718193531036,-0.02687807008624077,-0.10323622822761536
1788049454230868500,15.226868408203124,-0.17043140530586243,0.02321287989616394,-0.09957103431224823
1788049454247241700,15.24324169921875,-0.17837265133857727,0.09834930300712585,-0.05497787147760391
1788049454262538000,15.2585380859375,-0.18081611394882202,0.18631389737129211,0.025656340643763542
1788049454278918400,15.27491845703125,-0.15393804013729095,0.23457226157188416,0.10384709388017654
1788049454294732300,15.290732177734375,-0.09407325088977814,0.23884831368923187,0.15882496535778046
1788049454310570200,15.3065703125,-0.04398229718208313,0.23396138846874237,0.18509216606616974
1788049454326955300,15.322955322265624,0.015271631069481373,0.24617868661880493,0.19303341209888458
1788049454342644500,15.33864453125,0.06230825558304787,0.26572638750076294,0.18325957655906677
1788049454359171000,15.355171142578126,0.10018189996480942,0.26633724570274353,0.1661553531885147
1788049454374750000,15.37075,0.11545353382825851,0.2583959996700287,0.14538592100143433
1788049454390738400,15.386738525390625,0.11850785464048386,0.24007004499435425,0.12034045159816742
1788049454407516700,15.4035166015625,0.11484266817569733,0.19303341209888458,0.09285151958465576
1788049454422796300,15.41879638671875,0.08246681094169617,0.17776179313659668,0.07024950534105301
1788049454439449300,15.435449462890626,0.027488935738801956,0.19425514340400696,0.1215621829032898
1788049454455143200,15.45114306640625,-0.015271631069481373,0.2632829248905182,0.2272418737411499
1788049454470956300,15.466956298828125,-0.05925392732024193,0.3530801236629486,0.33108896017074585
1788049454487224600,15.483224609375,-0.0757472887635231,0.34697145223617554,0.21930062770843506
1788049454503466800,15.499466796875,-0.08124507963657379,0.33597588539123535,-0.03726277872920036
1788049454519516700,15.5155166015625,-0.0806342139840126,0.32559117674827576,-0.20525072515010834
1788049454535195100,15.531195068359375,-0.045204028487205505,0.2779437005519867,-0.304210901260376
1788049454551103500,15.547103515625,0.018325956538319588,0.20891591906547546,-0.31459560990333557
1788049454567367000,15.563366943359375,0.0708603709936142,0.17959438264369965,-0.26450464129447937
1788049454583238100,15.579238037109375,0.1062905490398407,0.17104226350784302,-0.14294247329235077
1788049454599632600,15.595632568359376,0.10262536257505417,0.2223549485206604,0.021991148591041565
1788049454615358700,15.611358642578125,0.07941248267889023,0.3182607889175415,0.20097467303276062
1788049454631604500,15.6276044921875,0.04703662544488907,0.43249258399009705,0.375071257352829
1788049454648128500,15.64412841796875,0.04398229718208313,0.4703662395477295,0.45204028487205505
1788049454663558100,15.65955810546875,0.07452555745840073,0.4453207552433014,0.44104471802711487
1788049454680199000,15.676198974609376,0.12828169763088226,0.3885102868080139,0.3488040566444397
1788049454695555600,15.6915556640625,0.18875735998153687,0.29504790902137756,0.21013765037059784
1788049454711643600,15.7076435546875,0.2669481039047241,0.14966198801994324,0.07208210229873657
1788049454727974700,15.723974609375,0.32620203495025635,0.04092797264456749,-0.030543262138962746
1788049454743798500,15.739798583984374,0.3677408695220947,-0.03481931984424591,-0.12034045159816742
1788049454760255000,15.7562548828125,0.37201693654060364,-0.06658431142568588,-0.17531833052635193
1788049454775954000,15.771953857421876,0.3341432809829712,-0.045204028487205505,-0.14844025671482086
1788049454791851300,15.787851318359374,0.26145032048225403,0,-0.04948008432984352
1788049454808558800,15.804558837890625,0.18814650177955627,-0.0024434609804302454,0.06963863968849182
1788049454823959800,15.819959716796875,0.15027284622192383,-0.0006108652451075613,0.13500121235847473
1788049454840381400,15.83638134765625,0.11301007121801376,0.0024434609804302454,0.13561208546161652
1788049454856116500,15.852116455078125,0.09468411654233932,-0.00366519158706069,0.07635815441608429
1788049454872036600,15.86803662109375,0.08735372871160507,-0.025045474991202354,0.016493361443281174
1788049454888195000,15.884195068359375,0.06658431142568588,-0.0806342139840126,-0.04459316283464432
1788049454904169700,15.900169677734375,0.03848451003432274,-0.13439035415649414,-0.09224065393209457
1788049454920386000,15.916385986328125,0.006108652334660292,-0.16065755486488342,-0.1417207419872284
1788049454936351000,15.93235107421875,-0.00855211354792118,-0.16737708449363708,-0.17959438264369965
1788049454952134700,15.948134765625,-0.025045474991202354,-0.16859880089759827,-0.1973094791173935
1788049454968340200,15.96434033203125,-0.028099801391363144,-0.16554448008537292,-0.19364428520202637
1788049454984198100,15.9801982421875,-0.013439035043120384,-0.1771509200334549,-0.17409659922122955
1788049455000586200,15.996586181640625,0.012217304669320583,-0.21013765037059784,-0.152105450630188
1788049455016279000,16.012279052734375,0.04581489413976669,-0.2528982162475586,-0.11545353382825851
1788049455032316700,16.028316650390625,0.06780604273080826,-0.2791654169559479,-0.04642575979232788
1788049455048587300,16.044587158203125,0.07513642311096191,-0.3072652220726013,0.01710422709584236
1788049455065007900,16.0610078125,0.0659734457731247,-0.37629300355911255,0.031154127791523933
1788049455080794400,16.07679443359375,0.05009094998240471,-0.44654250144958496,0.021380282938480377
1788049455096547300,16.09254736328125,0.02871066704392433,-0.513126790523529,-0.00366519158706069
1788049455112697000,16.108697021484375,0.0012217304902151227,-0.5626068711280823,-0.018325956538319588
1788049455128853200,16.124853271484376,-0.02382374368607998,-0.5717698931694031,-0.007941247895359993
1788049455144598000,16.140597900390624,-0.04092797264456749,-0.5589417219161987,0.021380282938480377
1788049455161028000,16.157028076171876,-0.03848451003432274,-0.5155702829360962,0.08185594528913498
1788049455176668700,16.172668701171876,0,-0.4703662395477295,0.12339477986097336
1788049455192631000,16.188631103515625,0.054367005825042725,-0.494189977645874,0.039706241339445114
1788049455208894700,16.204894775390624,0.06719517707824707,-0.5271766781806946,-0.182648703455925
1788049455224668000,16.22066796875,-0.06291911751031876,-0.4434881806373596,-0.3695734739303589
1788049455241065000,16.23706494140625,-0.22968533635139465,-0.3396410644054413,-0.4599815309047699
1788049455256865500,16.252865478515623,-0.39217549562454224,-0.2742784917354584,-0.4349360466003418
1788049455272908500,16.268908447265623,-0.47769662737846375,-0.24434609711170197,-0.33169981837272644
1788049455289207300,16.285207275390626,-0.455705463886261,-0.29504790902137756,-0.2217440903186798
1788049455305351700,16.3013515625,-0.384845107793808,-0.34574973583221436,-0.08796459436416626
1788049455321872400,16.317872314453126,-0.2968805134296417,-0.342695415019989,0.10506882518529892
1788049455337192400,16.3331923828125,-0.21807889640331268,-0.29565876722335815,0.2828305959701538
1788049455353209600,16.349209716796874,-0.1472185254096985,-0.28038713335990906,0.3891211748123169
1788049455369508000,16.365508056640625,-0.036041051149368286,-0.32009339332580566,0.4282165467739105
1788049455385364000,16.381364013671874,0.05253441259264946,-0.36529740691185,0.3481931984424591
1788049455401759000,16.397759033203126,0.07880161702632904,-0.3591887652873993,0.2223549485206604
1788049455417498600,16.41349853515625,0.04337143152952194,-0.3836233615875244,0.05375614017248154
1788049455433903400,16.4299033203125,-0.03787364438176155,-0.4043927788734436,-0.09651670604944229
1788049455449849000,16.44584912109375,-0.10934487730264664,-0.4331034719944,-0.2528982162475586
1788049455465527800,16.46152783203125,-0.1722639948129654,-0.42577308416366577,-0.3433062732219696
1788049455481863700,16.47786376953125,-0.242513507604599,-0.3842342495918274,-0.33719760179519653
1788049455497663700,16.493663818359376,-0.3066543638706207,-0.2877175211906433,-0.22296582162380219
1788049455513759700,16.509759765625,-0.3274237811565399,-0.21624629199504852,-0.09224065393209457
1788049455530023000,16.52602294921875,-0.2822197377681732,-0.16737708449363708,0.02626720629632473
1788049455545816600,16.541816650390626,-0.1918116807937622,-0.17959438264369965,0.07635815441608429
1788049455562341600,16.558341552734376,-0.12461651116609573,-0.18570303916931152,0.08979719132184982
1788049455578430000,16.574429931640626,-0.06230825558304787,-0.18875735998153687,0.07147123664617538
1788049455594502100,16.590502197265625,-0.02076941914856434,-0.18814650177955627,0.014049900695681572
1788049455610515000,16.606514892578126,-0.01160643994808197,-0.15760323405265808,-0.056810468435287476
1788049455626528500,16.622528564453123,-0.009773843921720982,-0.15882496535778046,-0.14966198801994324
1788049455642488800,16.63848876953125,-0.00733038317412138,-0.19120082259178162,-0.25106561183929443
1788049455658142500,16.654142578125,-0.02321287989616394,-0.19547687470912933,-0.2987131178379059
1788049455682765800,16.678765869140626,-0.06352998316287994,-0.17837265133857727,-0.2785545587539673
1788049455698836700,16.694836669921877,-0.07513642311096191,-0.17531833052635193,-0.22663100063800812
1788049455714436000,16.71043603515625,-0.06902777403593063,-0.16249015927314758,-0.15332718193531036
1788049455730986800,16.72698681640625,-0.07391469180583954,-0.12828169763088226,-0.07452555745840073
1788049455746502700,16.742502685546874,-0.07635815441608429,-0.0659734457731247,0.0012217304902151227
1788049455762984700,16.758984619140627,-0.06352998316287994,0.00427605677396059,0.08796459436416626
1788049455778284000,16.774283935546876,-0.03420845419168472,0.04886921867728233,0.1459967941045761
1788049455794603500,16.790603515625,0.001832595793530345,0.08246681094169617,0.14233160018920898
1788049455810624000,16.8066240234375,0.03787364438176155,0.10812314599752426,0.09224065393209457
1788049455826447000,16.822447021484376,0.05803219974040985,0.14049901068210602,0.03848451003432274
1788049455842880000,16.8388798828125,0.05925392732024193,0.18448130786418915,0.015271631069481373
1788049455858513000,16.854512939453127,0.060475658625364304,0.19853121042251587,0.015271631069481373
1788049455874563000,16.87056298828125,0.06108652427792549,0.2070833146572113,-0.006719517521560192
1788049455890896400,16.886896484375,0.036651913076639175,0.23640485107898712,-0.019547687843441963
1788049455906585600,16.902585693359374,-0.01710422709584236,0.23884831368923187,-0.02076941914856434
1788049455923029200,16.919029296875,-0.0910189226269722,0.2828305959701538,0.021991148591041565
1788049455938871800,16.934871826171875,-0.15943582355976105,0.3292563557624817,0.10995574295520782
1788049455954763000,16.950762939453124,-0.21013765037059784,0.4086688458919525,0.18997909128665924
1788049455971349200,16.967349365234377,-0.23090706765651703,0.43249258399009705,0.20097467303276062
1788049455987217200,16.983217041015624,-0.19914206862449646,0.394008070230484,0.039095375686883926
1788049456003349500,16.999349609375,-0.20036379992961884,0.39767327904701233,-0.12767083942890167
1788049456018890000,17.014889892578125,-0.21319197118282318,0.44165557622909546,-0.242513507604599
1788049456035020300,17.031020263671873,-0.18997909128665924,0.4948008358478546,-0.26022860407829285
1788049456051223600,17.0472236328125,-0.13744467496871948,0.5076290369033813,-0.18997909128665924
1788049456067107600,17.063107666015625,-0.05253441259264946,0.494189977645874,-0.05192354694008827
1788049456083587000,17.079587158203125,0.05742133408784866,0.4489859640598297,0.17104226350784302
1788049456099122200,17.0951220703125,0.1472185254096985,0.4398229718208313,0.384845107793808
1788049456115271700,17.111271728515625,0.18325957655906677,0.4599815309047699,0.4996877610683441
1788049456131505400,17.12750537109375,0.19914206862449646,0.43127086758613586,0.5558874011039734
1788049456147222800,17.143222900390626,0.19853121042251587,0.40133845806121826,0.5119050741195679
1788049456163537200,17.159537109375,0.1814269721508026,0.3701843321323395,0.3634648323059082
1788049456179495400,17.175495361328124,0.15393804013729095,0.3139847218990326,0.09957103431224823
1788049456195373600,17.19137353515625,0.14355333149433136,0.2119702398777008,-0.1368338167667389
1788049456211668500,17.20766845703125,0.15027284622192383,0.12400564551353455,-0.2834414839744568
1788049456227570000,17.22356982421875,0.15271630883216858,0.0708603709936142,-0.33536502718925476
1788049456244258800,17.2402587890625,0.1966986060142517,-0.04459316283464432,-0.34636059403419495
1788049456259650600,17.255650634765626,0.2675589919090271,-0.19364428520202637,-0.2687807083129883
1788049456275589400,17.27158935546875,0.29504790902137756,-0.2681698501110077,-0.12461651116609573
1788049456292318200,17.288318115234375,0.2767219543457031,-0.2681698501110077,0.05375614017248154
1788049456307651800,17.30365185546875,0.23640485107898712,-0.21135938167572021,0.16432274878025055
1788049456324008400,17.320008544921876,0.1918116807937622,-0.16554448008537292,0.18814650177955627
1788049456340111400,17.336111328125,0.1411098688840866,-0.12217304855585098,0.15271630883216858
1788049456355940900,17.35194091796875,0.10262536257505417,-0.11239920556545258,0.06291911751031876
1788049456372143000,17.36814306640625,0.06780604273080826,-0.10995574295520782,-0.03848451003432274
1788049456388086300,17.384086181640626,0.030543262138962746,-0.1368338167667389,-0.1618792861700058
1788049456404363000,17.400363037109376,0.010995574295520782,-0.18997909128665924,-0.24862214922904968
1788049456420193500,17.416193603515627,0.018325956538319588,-0.2015855312347412,-0.29077184200286865
1788049456436073200,17.4320732421875,0.033597588539123535,-0.20830504596233368,-0.2816088795661926
1788049456452366300,17.448366455078126,0.05192354694008827,-0.20952677726745605,-0.2223549485206604
1788049456468282000,17.4642822265625,0.0806342139840126,-0.19058994948863983,-0.16554448008537292
1788049456484594400,17.480594482421875,0.10934487730264664,-0.1722639948129654,-0.10690141469240189
1788049456500747300,17.496747314453124,0.14355333149433136,-0.1612684279680252,-0.01466076634824276
1788049456516610600,17.512610595703126,0.17959438264369965,-0.19792033731937408,0.09224065393209457
1788049456532801000,17.528801025390624,0.19853121042251587,-0.24862214922904968,0.1716531366109848
1788049456548787700,17.54478759765625,0.19120082259178162,-0.27061331272125244,0.24617868661880493
1788049456564827600,17.56082763671875,0.1814269721508026,-0.3127630054950714,0.2791654169559479
1788049456580499500,17.57649951171875,0.16920967400074005,-0.342695415019989,0.27061331272125244
1788049456596465200,17.592465087890623,0.14538592100143433,-0.39217549562454224,0.25045475363731384
1788049456612885000,17.608885009765626,0.10323622822761536,-0.4196644127368927,0.22479841113090515
1788049456628555800,17.6245556640625,0.0354301854968071,-0.4129449129104614,0.19547687470912933
1788049456644973300,17.640973388671874,-0.03176499158143997,-0.37201693654060364,0.16859880089759827
1788049456660794400,17.65679443359375,-0.09407325088977814,-0.33658674359321594,0.1417207419872284
1788049456676694800,17.67269482421875,-0.10812314599752426,-0.33292156457901,0.16004669666290283
1788049456693062100,17.689062255859376,-0.07880161702632904,-0.32681289315223694,0.2168571650981903
1788049456708780000,17.704780029296874,0.01710422709584236,-0.42699480056762695,0.22968533635139465
1788049456725137700,17.7211376953125,0.11362093687057495,-0.523511528968811,0.07391469180583954
1788049456740868000,17.7368681640625,0.12339477986097336,-0.5644394755363464,-0.12400564551353455
1788049456756802600,17.752802490234377,0.04948008432984352,-0.5931501388549805,-0.32009339332580566
1788049456773199600,17.76919970703125,-0.11728613078594208,-0.5265658497810364,-0.36590829491615295
1788049456788825000,17.7848251953125,-0.29016098380088806,-0.4147774875164032,-0.2278527319431305
1788049456805640000,17.801639892578127,-0.45142942667007446,-0.2822197377681732,0.04764748737215996
1788049456821090800,17.8170908203125,-0.5253441333770752,-0.19058994948863983,0.2773328125476837
1788049456837080000,17.833080078125,-0.5088507533073425,-0.17470745742321014,0.35185837745666504
1788049456853401300,17.8494013671875,-0.45692721009254456,-0.15577064454555511,0.3701843321323395
1788049456869246200,17.86524609375,-0.3445279896259308,-0.10812314599752426,0.3995058834552765
1788049456885565200,17.881565185546876,-0.19975294172763824,-0.14049901068210602,0.4001167416572571
1788049456901535200,17.89753515625,-0.05253441259264946,-0.19303341209888458,0.36651915311813354
1788049456917727000,17.91372705078125,0.05803219974040985,-0.2370157092809677,0.2577851414680481
1788049456933689000,17.929689208984374,0.11178833991289139,-0.2724458873271942,0.09896016865968704
1788049456949361400,17.945361328125,0.1160643994808197,-0.3121521472930908,-0.05742133408784866
1788049456966086700,17.962086669921874,0.10751228034496307,-0.3646865487098694,-0.22540926933288574
1788049456981427700,17.977427734375,0.10567969083786011,-0.455705463886261,-0.37079519033432007
1788049456997473800,17.993473876953125,0.04764748737215996,-0.48747047781944275,-0.394618958234787
1788049457013625300,18.009625244140626,-0.07147123664617538,-0.3836233615875244,-0.26572638750076294
1788049457029483800,18.02548388671875,-0.22052235901355743,-0.2015855312347412,-0.021991148591041565
1788049457045863200,18.04186328125,-0.26939156651496887,-0.11728613078594208,0.1319468915462494
1788049457062037000,18.058037109375,-0.23518311977386475,-0.11178833991289139,0.1362229436635971
1788049457077671200,18.073671142578124,-0.16004669666290283,-0.09346238523721695,0.0708603709936142
1788049457094092300,18.09009228515625,-0.0861319974064827,-0.05314527451992035,0.021380282938480377
1788049457109728500,18.105728515625,-0.029932396486401558,-0.01038470957428217,-0.005497787147760391
1788049457126369300,18.122369384765626,0.02321287989616394,0.028099801391363144,-0.013439035043120384
1788049457142380300,18.13838037109375,0.048258353024721146,0.05864306539297104,-0.021991148591041565
1788049457157947100,18.153947021484374,0.04642575979232788,0.08857546001672745,-0.03787364438176155
1788049457174282500,18.170282470703125,0.03298672288656235,0.10934487730264664,-0.09957103431224823
1788049457190395000,18.186394775390625,-0.0012217304902151227,0.0959058403968811,-0.18325957655906677
1788049457206401000,18.202401123046876,-0.06719517707824707,0.1062905490398407,-0.23151792585849762
1788049457222610200,18.218610107421874,-0.14049901068210602,0.15882496535778046,-0.24984388053417206
1788049457238107600,18.234107666015625,-0.22540926933288574,0.26572638750076294,-0.23518311977386475
1788049457254745600,18.25074560546875,-0.2932153046131134,0.3952298164367676,-0.1875356286764145
1788049457270110000,18.26610986328125,-0.3225368559360504,0.49235737323760986,-0.13439035415649414
1788049457286527500,18.282527587890623,-0.2968805134296417,0.5833762884140015,-0.05253441259264946
1788049457302755300,18.29875537109375,-0.2076941877603531,0.6707300543785095,0.04948008432984352
1788049457318776600,18.314776611328124,-0.10506882518529892,0.7214318513870239,0.11362093687057495
1788049457334597000,18.33059716796875,0.019547687843441963,0.7226535677909851,0.1508837193250656
1788049457350830800,18.346830810546876,0.13255776464939117,0.6805039048194885,0.18509216606616974
1788049457367178500,18.363178466796874,0.192422553896904,0.6261368989944458,0.19792033731937408
1788049457382632200,18.378632080078123,0.19792033731937408,0.6090326309204102,0.18509216606616974
1788049457398630000,18.3946298828125,0.16310101747512817,0.6096435189247131,0.17837265133857727
1788049457415041800,18.411041748046873,0.13255776464939117,0.6004805564880371,0.19547687470912933
1788049457430780200,18.4267802734375,0.12889257073402405,0.5803219676017761,0.20402899384498596
1788049457446979600,18.4429794921875,0.1319468915462494,0.5711590051651001,0.19547687470912933
1788049457462698800,18.45869873046875,0.13439035415649414,0.6023131608963013,0.18081611394882202
1788049457478947300,18.474947265625,0.13561208546161652,0.5907067060470581,0.14966198801994324
1788049457495074300,18.49107421875,0.1270599663257599,0.578489363193512,0.04642575979232788
1788049457510951700,18.50695166015625,0.10384709388017654,0.5943718552589417,-0.1362229436635971
1788049457527249700,18.523249755859375,0.07391469180583954,0.616973876953125,-0.27977627515792847
1788049457542916600,18.53891650390625,0.07880161702632904,0.6346889734268188,-0.3188716471195221
1788049457558931200,18.55493115234375,0.13927727937698364,0.6151412725448608,-0.18509216606616974
1788049457575630600,18.571630615234376,0.23640485107898712,0.5839871764183044,0.009162978269159794
1788049457591028500,18.587028564453124,0.2968805134296417,0.6261368989944458,0.1973094791173935
1788049457607286300,18.603286376953125,0.34574973583221436,0.6426302194595337,0.32986724376678467
1788049457623678700,18.6196787109375,0.40622538328170776,0.5613851547241211,0.3286454975605011
1788049457639127000,18.635126953125,0.44287729263305664,0.47708576917648315,0.27061331272125244
1788049457655386400,18.651386474609374,0.4343251883983612,0.394008070230484,0.20830504596233368
1788049457671344000,18.66734423828125,0.38117989897727966,0.35613444447517395,0.1514945775270462
1788049457687872500,18.68387255859375,0.303600013256073,0.3530801236629486,0.1062905490398407
1788049457703229400,18.6992294921875,0.19120082259178162,0.37201693654060364,0.059864792972803116
1788049457719293700,18.715293701171873,0.09468411654233932,0.3628539443016052,0.009773843921720982
1788049457735534600,18.73153466796875,0.045204028487205505,0.3396410644054413,-0.05192354694008827
1788049457751313000,18.74731298828125,0.016493361443281174,0.3084869384765625,-0.13072516024112701
1788049457767679500,18.763679443359376,-0.006719517521560192,0.3084869384765625,-0.17592918872833252
1788049457783588000,18.779588134765625,-0.03237585723400116,0.32498031854629517,-0.1875356286764145
1788049457799464000,18.7954638671875,-0.05192354694008827,0.3396410644054413,-0.13805554807186127
1788049457815864800,18.81186474609375,-0.05253441259264946,0.3585779070854187,-0.05375614017248154
1788049457831750000,18.82775,-0.01710422709584236,0.31581732630729675,0.01160643994808197
1788049457847885300,18.84388525390625,0.039706241339445114,0.24434609711170197,0.036041051149368286
1788049457863726300,18.859726318359375,0.10323622822761536,0.11789698898792267,0.028099801391363144
1788049457880051000,18.876051025390623,0.12889257073402405,0.042760565876960754,0.0024434609804302454
1788049457895789000,18.8917890625,0.1062905490398407,0.01710422709584236,-0.02932153269648552
1788049457911729700,18.907729736328125,0.05253441259264946,-0.006719517521560192,-0.05925392732024193
1788049457927944400,18.9239443359375,-0.00733038317412138,-0.03176499158143997,-0.06169738993048668
1788049457943709700,18.939709716796877,-0.06841690838336945,-0.005497787147760391,-0.05192354694008827
1788049457959716900,18.955716796875,-0.1270599663257599,0.010995574295520782,-0.07819075137376785
1788049457975974700,18.971974609375,-0.17409659922122955,0.04703662544488907,-0.14966198801994324
1788049457991726300,18.987726318359375,-0.2028072625398636,0.07696902006864548,-0.23518311977386475
1788049458008184300,19.004184326171874,-0.21319197118282318,0.09285151958465576,-0.30482175946235657
1788049458023934200,19.019934326171875,-0.2015855312347412,0.09162978827953339,-0.3274237811565399
1788049458039942100,19.035942138671874,-0.16920967400074005,0.06414084881544113,-0.2840523421764374
1788049458056146400,19.052146484375,-0.13805554807186127,0.04948008432984352,-0.21013765037059784
1788049458071902500,19.06790234375,-0.10384709388017654,0.027488935738801956,-0.10262536257505417
1788049458088275200,19.084275146484377,-0.07452555745840073,0.04214970022439957,-0.00427605677396059
1788049458104012800,19.1000126953125,-0.05009094998240471,0.0507018156349659,0.06108652427792549
1788049458120086000,19.1160859375,-0.0012217304902151227,0.05314527451992035,0.11056660860776901
1788049458136842800,19.1328427734375,0.04337143152952194,0.05192354694008827,0.1313360333442688
1788049458152110300,19.1481103515625,0.06230825558304787,0.05803219974040985,0.13561208546161652
1788049458168504300,19.16450439453125,0.06169738993048668,0.0708603709936142,0.11789698898792267
1788049458184234200,19.180234130859375,0.04092797264456749,0.07391469180583954,0.07757988572120667
1788049458200241200,19.1962412109375,0.013439035043120384,0.0861319974064827,0.05375614017248154
1788049458216495400,19.212495361328124,-0.006108652334660292,0.09407325088977814,0.030543262138962746
1788049458232321500,19.228321533203125,0.009773843921720982,0.0659734457731247,0.0024434609804302454
1788049458248632300,19.24463232421875,0.04886921867728233,0.024434609338641167,-0.04398229718208313
1788049458264524500,19.260524658203124,0.06475171446800232,0.016493361443281174,-0.08124507963657379
1788049458280516900,19.276516845703124,0.06658431142568588,0.015882495790719986,-0.08368854224681854
1788049458296848000,19.292847900390626,0.06291911751031876,0.012217304669320583,-0.02871066704392433
1788049458312678400,19.308678466796874,0.06902777403593063,0.00366519158706069,0.036651913076639175
1788049458329371600,19.32537158203125,0.06780604273080826,-0.003054326167330146,0.09957103431224823
1788049458344898600,19.340898681640624,0.054367005825042725,0.018325956538319588,0.12950342893600464
1788049458360929300,19.35692919921875,0.03848451003432274,0.03481931984424591,0.12400564551353455
1788049458377060600,19.373060546875,0.027488935738801956,0.06414084881544113,0.0861319974064827
1788049458393297700,19.389297607421874,0.03176499158143997,0.1007927656173706,0.03726277872920036
1788049458409201000,19.405200927734374,0.036651913076639175,0.15271630883216858,0.021380282938480377
1788049458424941300,19.42094140625,0.03726277872920036,0.22113321721553802,0.03787364438176155
1788049458440960500,19.43696044921875,0.05742133408784866,0.2981022298336029,0.03726277872920036
1788049458457279200,19.453279296875,0.09407325088977814,0.32986724376678467,0.05314527451992035
1788049458472921000,19.468921142578125,0.13377949595451355,0.36713001132011414,0.08796459436416626
1788049458489323300,19.4853232421875,0.19547687470912933,0.43127086758613586,0.10934487730264664
1788049458504984000,19.500984130859376,0.22540926933288574,0.48747047781944275,0.08979719132184982
1788049458520998100,19.516998046875,0.2571742534637451,0.53328537940979,0.05009094998240471
1788049458537231400,19.5332314453125,0.26511552929878235,0.5381723046302795,0.03176499158143997
1788049458553016800,19.549016845703125,0.2736676335334778,0.5497786998748779,0.05742133408784866
1788049458569519600,19.56551953125,0.26511552929878235,0.5760459303855896,0.10323622822761536
1788049458585181200,19.58118115234375,0.24556782841682434,0.6420193910598755,0.13439035415649414
1788049458601228300,19.597228271484376,0.22357667982578278,0.7134906053543091,0.09957103431224823
1788049458617471500,19.613471435546874,0.19425514340400696,0.7922922372817993,0.028099801391363144
1788049458633340700,19.629340576171874,0.16798794269561768,0.8741481900215149,-0.006719517521560192
1788049458649986800,19.64598681640625,0.13500121235847473,0.9669997096061707,0.010995574295520782
1788049458665405200,19.6614052734375,0.09957103431224823,1.06351637840271,0.09407325088977814
1788049458681741600,19.677741455078124,0.07819075137376785,1.1447614431381226,0.15943582355976105
1788049458698136000,19.694135986328124,0.09651670604944229,1.1826350688934326,0.1918116807937622
1788049458713416400,19.70941650390625,0.15882496535778046,1.19912850856781,0.18020524084568024
1788049458729898500,19.7258984375,0.21502456068992615,1.2308934926986694,0.19364428520202637
1788049458745743400,19.741743408203124,0.2687807083129883,1.281595230102539,0.22846360504627228
1788049458761572400,19.757572265625,0.25534167885780334,1.340238332748413,0.26511552929878235
1788049458777827600,19.77382763671875,0.21502456068992615,1.4049900770187378,0.2638937830924988
1788049458793641700,19.789641845703127,0.18387043476104736,1.4844025373458862,0.1820378452539444
1788049458810305000,19.806304931640625,0.17348572611808777,1.5613715648651123,0.04642575979232788
1788049458825897000,19.82189697265625,0.18936823308467865,1.6242907047271729,-0.03848451003432274
1788049458842042000,19.8380419921875,0.22418753802776337,1.7043139934539795,-0.07452555745840073
1788049458857983000,19.85398291015625,0.26939156651496887,1.803274154663086,-0.02871066704392433
1788049458873648400,19.8696484375,0.30543261766433716,1.8723019361495972,0.009773843921720982
1788049458890083600,19.88608349609375,0.3677408695220947,1.948660135269165,0.02015855349600315
1788049458906402300,19.90240234375,0.43799036741256714,2.0415115356445312,0.016493361443281174
1788049458922038500,19.91803857421875,0.5027421116828918,2.120924234390259,0.02321287989616394
1788049458938358500,19.934358642578125,0.5528330206871033,2.1820106506347656,0.056810468435287476
1788049458954600200,19.95060009765625,0.5845980644226074,2.225382089614868,0.11545353382825851
1788049458970698000,19.966697998046875,0.5943718552589417,2.2650883197784424,0.14294247329235077
1788049458986353400,19.982353515625,0.5864306092262268,2.3041837215423584,0.1062905490398407
1788049459002049500,19.998049560546875,0.5607742667198181,2.364659309387207,0.019547687843441963
1788049459018392600,20.014392578125,0.5192354321479797,2.434298038482666,-0.06414084881544113
1788049459034427400,20.030427490234374,0.4758640229701996,2.5002715587615967,-0.12034045159816742
1788049459050549000,20.046549072265623,0.4300491213798523,2.559525489807129,-0.1563815027475357
1788049459066423300,20.06242333984375,0.40622538328170776,2.6358835697174072,-0.18020524084568024
1788049459082345700,20.078345703125,0.3897320330142975,2.7421741485595703,-0.23090706765651703
1788049459098501600,20.094501708984374,0.39584067463874817,2.850297212600708,-0.29504790902137756
1788049459114305800,20.110305908203124,0.42638394236564636,2.959642171859741,-0.3701843321323395
1788049459130667500,20.12666748046875,0.4807509481906891,2.9859092235565186,-0.403781920671463
1788049459146399700,20.142399658203125,0.5369505286216736,2.903442621231079,-0.35185837745666504
1788049459162324000,20.158323974609374,0.5497786998748779,2.831360340118408,-0.18631389737129211
1788049459178784000,20.174783935546873,0.5143485069274902,2.8130345344543457,-0.03787364438176155
1788049459194334700,20.190334716796876,0.4807509481906891,2.8380799293518066,0.07635815441608429
1788049459211148800,20.207148681640625,0.4056145250797272,2.8625144958496094,0.18325957655906677
1788049459226534000,20.222533935546874,0.384845107793808,2.8460211753845215,0.2535090744495392
1788049459242523000,20.23852294921875,0.3640756905078888,2.8600711822509766,0.24678955972194672
1788049459258849300,20.254849365234374,0.3585779070854187,2.9071075916290283,0.13866640627384186
1788049459274589200,20.270589111328125,0.3982841372489929,2.9681942462921143,-0.018325956538319588
1788049459291053800,20.2870537109375,0.4642575979232788,2.986520290374756,-0.12889257073402405
1788049459306688300,20.302688232421875,0.5283984541893005,2.9462029933929443,-0.12950342893600464
1788049459322717700,20.3187177734375,0.5900958180427551,2.872288465499878,-0.02871066704392433
1788049459339006000,20.335005859375,0.6029239892959595,2.819143056869507,0.09407325088977814
1788049459354766000,20.35076611328125,0.5968153476715088,2.7562239170074463,0.13439035415649414
1788049459371119400,20.367119384765626,0.5974262356758118,2.6309967041015625,0.11728613078594208
1788049459386934000,20.38293408203125,0.5791002511978149,2.472782611846924,0.08368854224681854
1788049459403006000,20.399005859375,0.5650503635406494,2.349998712539673,0.06902777403593063
1788049459419203300,20.415203369140624,0.5424483418464661,2.2290472984313965,0.04642575979232788
1788049459434941700,20.430941650390626,0.5057964324951172,2.1649065017700195,-0.0012217304902151227
1788049459451386600,20.44738671875,0.45753806829452515,2.1545217037200928,-0.04337143152952194
1788049459467520300,20.463520263671874,0.3933972120285034,2.2046127319335938,-0.039706241339445114
1788049459483049700,20.4790498046875,0.33536502718925476,2.2479841709136963,0.013439035043120384
1788049459499332600,20.49533251953125,0.32009339332580566,2.252260208129883,0.0910189226269722
1788049459515105300,20.511105224609373,0.34636059403419495,2.213164806365967,0.13744467496871948
1788049459531425800,20.52742578125,0.3982841372489929,2.1252002716064453,0.13805554807186127
1788049459547200500,20.543200439453123,0.45326200127601624,2.0305161476135254,0.11789698898792267
1788049459563215000,20.559215087890625,0.48258355259895325,1.9547687768936157,0.10323622822761536
1788049459579449600,20.57544970703125,0.48747047781944275,1.909564733505249,0.07147123664617538
1788049459595227600,20.5912275390625,0.4593706727027893,1.8832975625991821,0.019547687843441963
1788049459611730700,20.607730712890625,0.4434881806373596,1.8686367273330688,-0.05497787147760391
1788049459627340800,20.6233408203125,0.43188172578811646,1.8277088403701782,-0.13927727937698364
1788049459643348700,20.6393486328125,0.4453207552433014,1.7733417749404907,-0.17348572611808777
1788049459659596000,20.655595947265624,0.4538728892803192,1.7592918872833252,-0.1411098688840866
1788049459675343000,20.671343017578124,0.44593164324760437,1.7611244916915894,-0.08857546001672745
1788049459691674400,20.68767431640625,0.4355469346046448,1.7806721925735474,-0.05375614017248154
1788049459707461600,20.703461669921875,0.413555771112442,1.8014415502548218,-0.03848451003432274
1788049459723939300,20.719939208984375,0.39584067463874817,1.7898352146148682,-0.03848451003432274
1788049459739723300,20.73572314453125,0.3903428912162781,1.7256942987442017,-0.04948008432984352
1788049459755486000,20.75148583984375,0.4001167416572571,1.6713273525238037,-0.04642575979232788
1788049459771920400,20.76792041015625,0.4092797040939331,1.6194037199020386,-0.036651913076639175
1788049459787617500,20.783617431640625,0.4392121136188507,1.5528194904327393,-0.00427605677396059
1788049459803606300,20.799606201171876,0.4807509481906891,1.4813482761383057,0.02932153269648552
1788049459819871700,20.815871826171875,0.5100724697113037,1.4233160018920898,0.048258353024721146
1788049459835639000,20.83163916015625,0.5186246037483215,1.2877039909362793,0.007941247895359993
1788049459852001000,20.8480009765625,0.4960225820541382,1.1753047704696655,-0.11972958594560623
1788049459867806700,20.863806640625,0.43249258399009705,1.1191051006317139,-0.24984388053417206
1788049459883840000,20.879840087890624,0.32498031854629517,1.0531316995620728,-0.32986724376678467
1788049459900043300,20.896043212890625,0.242513507604599,1.0030407905578613,-0.27611109614372253
1788049459915814000,20.91181396484375,0.18997909128665924,0.9639453291893005,-0.15515977144241333
1788049459932261600,20.92826171875,0.16310101747512817,0.902247965335846,-0.021380282938480377
1788049459947925500,20.943925537109376,0.152105450630188,0.8313875794410706,0.07391469180583954
1788049459963930400,20.959930419921875,0.13988813757896423,0.750142514705658,0.11728613078594208
1788049459980654600,20.976654541015623,0.11056660860776901,0.6921103000640869,0.10445795953273773
1788049459995959300,20.991959228515626,0.0708603709936142,0.6328563690185547,0.04214970022439957
1788049460012454000,21.008453857421873,0.039095375686883926,0.5473352670669556,-0.04581489413976669
1788049460028189700,21.024189697265626,0.024434609338641167,0.4447098970413208,-0.13255776464939117
1788049460044217600,21.040217529296875,0.02076941914856434,0.3237585723400116,-0.242513507604599
1788049460060550100,21.056550048828125,0.014049900695681572,0.2565633952617645,-0.30054569244384766
1788049460076539600,21.07253955078125,0.01710422709584236,0.23457226157188416,-0.2718350291252136
1788049460092682200,21.08868212890625,0.04948008432984352,0.20463985204696655,-0.1722639948129654
1788049460108341800,21.104341796875,0.12034045159816742,0.18387043476104736,-0.06169738993048668
1788049460124477400,21.1204775390625,0.21868975460529327,0.13988813757896423,0.015271631069481373
1788049460140644000,21.13664404296875,0.32131510972976685,0.11301007121801376,0.09468411654233932
1788049460156408800,21.152408935546877,0.39767327904701233,0.10323622822761536,0.13927727937698364
1788049460172774000,21.16877392578125,0.4398229718208313,0.04459316283464432,0.1417207419872284
1788049460188578000,21.184578125,0.4508185386657715,-0.018325956538319588,0.1264491081237793
1788049460204763600,21.200763671875,0.4178318381309509,-0.06414084881544113,0.1014036312699318
1788049460220970800,21.216970703125,0.3445279896259308,-0.05192354694008827,0.09529497474431992
1788049460236644600,21.23264453125,0.2736676335334778,-0.021991148591041565,0.09346238523721695
1788049460253184000,21.24918408203125,0.19303341209888458,0.02015855349600315,0.07757988572120667
1788049460268921300,21.26492138671875,0.12461651116609573,0.0006108652451075613,0.010995574295520782
1788049460285238000,21.281238037109375,0.09896016865968704,0.006108652334660292,-0.042760565876960754
1788049460301588200,21.297588134765626,0.06658431142568588,0.039095375686883926,-0.05864306539297104
1788049460316881200,21.312881103515625,0.06169738993048668,0.030543262138962746,-0.042760565876960754
1788049460333245200,21.3292451171875,0.07819075137376785,-0.005497787147760391,-0.018325956538319588
1788049460349148200,21.345148193359375,0.1007927656173706,-0.04948008432984352,0.00733038317412138
1788049460365042000,21.3610419921875,0.11239920556545258,-0.08368854224681854,0.027488935738801956
1788049460381296600,21.377296630859377,0.11423180252313614,-0.13377949595451355,0.059864792972803116
1788049460397070600,21.393070556640627,0.11178833991289139,-0.18875735998153687,0.09285151958465576
1788049460413670700,21.409670654296875,0.07513642311096191,-0.20036379992961884,0.12217304855585098
1788049460429354200,21.425354248046876,0.015882495790719986,-0.182648703455925,0.1111774742603302
1788049460445137000,21.441136962890624,-0.027488935738801956,-0.15943582355976105,0.07208210229873657
1788049460461411300,21.457411376953125,-0.06841690838336945,-0.13927727937698364,0.00733038317412138
1788049460477220900,21.473220947265624,-0.09224065393209457,-0.1062905490398407,-0.0403171069920063
1788049460493593900,21.48959375,-0.11667526513338089,-0.07391469180583954,-0.05253441259264946
1788049460509426400,21.505426513671875,-0.12828169763088226,-0.06169738993048668,-0.03726277872920036
1788049460525406000,21.521406005859376,-0.1215621829032898,-0.06352998316287994,-0.015271631069481373
1788049460542137000,21.53813720703125,-0.09162978827953339,-0.08918632566928864,-0.004886921960860491
1788049460557369600,21.55336962890625,-0.06536258012056351,-0.13255776464939117,0.0024434609804302454
1788049460573963000,21.569962890625,-0.04764748737215996,-0.1869247704744339,0.007941247895359993
1788049460589662200,21.585662109375,-0.05497787147760391,-0.23335053026676178,-0.00855211354792118
1788049460605485300,21.6014853515625,-0.07513642311096191,-0.251676470041275,-0.030543262138962746
1788049460621820000,21.61781982421875,-0.11301007121801376,-0.25534167885780334,-0.05925392732024193
1788049460637578000,21.633577880859374,-0.16065755486488342,-0.25595253705978394,-0.08918632566928864
1788049460653922000,21.649922119140626,-0.20463985204696655,-0.24190263450145721,-0.11789698898792267
1788049460669900000,21.665900146484375,-0.25473082065582275,-0.19547687470912933,-0.15943582355976105
1788049460685839600,21.681839599609376,-0.2724458873271942,-0.15027284622192383,-0.17837265133857727
1788049460702026500,21.698026611328125,-0.25961771607398987,-0.13255776464939117,-0.1716531366109848
1788049460718100000,21.714099853515624,-0.21319197118282318,-0.12767083942890167,-0.13866640627384186
1788049460734408000,21.730407958984376,-0.15332718193531036,-0.14233160018920898,-0.0861319974064827
1788049460750089500,21.74608935546875,-0.09651670604944229,-0.152105450630188,-0.04398229718208313
1788049460766656000,21.762656005859377,-0.04581489413976669,-0.152105450630188,-0.00733038317412138
1788049460782322700,21.77832275390625,-0.021380282938480377,-0.16798794269561768,0.012217304669320583
1788049460798589000,21.7945888671875,-0.01710422709584236,-0.18814650177955627,0.028099801391363144
1788049460814739200,21.8107392578125,-0.02015855349600315,-0.1869247704744339,0.05253441259264946
1788049460830495200,21.8264951171875,-0.045204028487205505,-0.16004669666290283,0.06963863968849182
1788049460846438000,21.84243798828125,-0.06841690838336945,-0.1563815027475357,0.039706241339445114
1788049460862959400,21.85895947265625,-0.0861319974064827,-0.1716531366109848,-0.003054326167330146
1788049460878407400,21.874407470703126,-0.1014036312699318,-0.17837265133857727,-0.025656340643763542
1788049460894675000,21.890675048828125,-0.12095131725072861,-0.18020524084568024,-0.0403171069920063
1788049460910777000,21.906777099609375,-0.13805554807186127,-0.18509216606616974,-0.05803219974040985
1788049460926395100,21.92239501953125,-0.1514945775270462,-0.18936823308467865,-0.06780604273080826
1788049460942722600,21.93872265625,-0.14905111491680145,-0.19792033731937408,-0.060475658625364304
1788049460958560500,21.954560546875,-0.13561208546161652,-0.20097467303276062,-0.05253441259264946
1788049460974738200,21.97073828125,-0.11667526513338089,-0.20402899384498596,-0.048258353024721146
1788049460990747400,21.986747314453126,-0.10201449692249298,-0.1869247704744339,-0.03848451003432274
1788049461007052800,22.003052734375,-0.0910189226269722,-0.16004669666290283,-0.025045474991202354
1788049461022962200,22.018962158203124,-0.08552113175392151,-0.10934487730264664,-0.001832595793530345
1788049461038567200,22.034567138671875,-0.07696902006864548,-0.07208210229873657,0.025045474991202354
1788049461055332000,22.05133203125,-0.04214970022439957,-0.07819075137376785,0.03848451003432274
1788049461070823200,22.0668232421875,-0.009162978269159794,-0.09285151958465576,0.04642575979232788
1788049461086956800,22.082956787109374,0.016493361443281174,-0.10262536257505417,0.0507018156349659
1788049461103129600,22.099129638671876,0.03237585723400116,-0.10567969083786011,0.04581489413976669
1788049461118896400,22.114896484375,0.025656340643763542,-0.10201449692249298,0.029932396486401558
1788049461135335700,22.131335693359375,0.0024434609804302454,-0.07208210229873657,0.015271631069481373
1788049461151376400,22.14737646484375,-0.02932153269648552,-0.05619960278272629,0.00427605677396059
1788049461166975200,22.162975341796876,-0.04886921867728233,-0.051312681287527084,0.001832595793530345
1788049461183242000,22.179241943359376,-0.06108652427792549,-0.059864792972803116,0.009162978269159794
1788049461199079200,22.1950791015625,-0.07024950534105301,-0.07024950534105301,0.018325956538319588
1788049461215530000,22.211530029296874,-0.0757472887635231,-0.06963863968849182,0.021380282938480377
1788049461231182300,22.227182373046876,-0.07391469180583954,-0.06658431142568588,0.019547687843441963
1788049461247254000,22.24325390625,-0.06536258012056351,-0.06658431142568588,0.007941247895359993
1788049461263567400,22.2595673828125,-0.05864306539297104,-0.06841690838336945,0
1788049461279167500,22.27516748046875,-0.0555887371301651,-0.05864306539297104,0.0012217304902151227
1788049461295621000,22.29162109375,-0.05375614017248154,-0.039706241339445114,0.001832595793530345
1788049461311859200,22.307859130859374,-0.042760565876960754,-0.03726277872920036,-0.0024434609804302454
1788049461327606300,22.323606201171874,-0.025656340643763542,-0.04764748737215996,-0.007941247895359993
1788049461343724500,22.339724609375,-0.00733038317412138,-0.05619960278272629,-0.013439035043120384
1788049461359906600,22.355906494140626,0.0006108652451075613,-0.0708603709936142,-0.02076941914856434
1788049461375867000,22.371866943359375,0.00427605677396059,-0.08918632566928864,-0.02382374368607998
1788049461391522300,22.387522216796874,0.0012217304902151227,-0.08491026610136032,-0.00366519158706069
1788049461407632000,22.4036318359375,-0.015271631069481373,-0.04886921867728233,-0.0024434609804302454
1788049461423879700,22.419879638671876,-0.02321287989616394,-0.05009094998240471,-0.03481931984424591
1788049461439595800,22.435595703125,-0.007941247895359993,-0.07941248267889023,-0.051312681287527084
1788049461456057900,22.452057861328125,-0.0024434609804302454,-0.09285151958465576,-0.04398229718208313
1788049461471828700,22.467828857421875,-0.006719517521560192,-0.07513642311096191,-0.027488935738801956
1788049461487885300,22.48388525390625,-0.00855211354792118,-0.06414084881544113,-0.019547687843441963
1788049461503978200,22.499978271484373,-0.006719517521560192,-0.07024950534105301,-0.02932153269648552
1788049461519781000,22.515781005859374,0.00733038317412138,-0.08674286305904388,-0.06414084881544113
1788049461536286500,22.532286376953124,0.025656340643763542,-0.10262536257505417,-0.08429940044879913
1788049461551893200,22.547893310546876,0.051312681287527084,-0.13255776464939117,-0.09529497474431992
1788049461567871500,22.56387158203125,0.06658431142568588,-0.16859880089759827,-0.08124507963657379
1788049461584171000,22.5801708984375,0.07635815441608429,-0.20830504596233368,-0.07147123664617538
1788049461599957000,22.59595703125,0.08002334833145142,-0.22479841113090515,-0.06658431142568588
1788049461616707600,22.61270751953125,0.08185594528913498,-0.2938261926174164,-0.10812314599752426
1788049461632427500,22.628427490234376,0.08552113175392151,-0.3549126982688904,-0.13255776464939117
1788049461648186400,22.644186279296875,0.06169738993048668,-0.33536502718925476,-0.11728613078594208
1788049461664468700,22.66046875,0.02687807008624077,-0.2638937830924988,-0.13255776464939117
1788049461680123000,22.676122802734376,-0.003054326167330146,-0.23090706765651703,-0.14416420459747314
1788049461696538000,22.6925380859375,-0.014049900695681572,-0.24495697021484375,-0.14416420459747314
1788049461712531200,22.70853125,-0.013439035043120384,-0.2840523421764374,-0.15393804013729095
1788049461728551000,22.724551025390625,-0.016493361443281174,-0.2840523421764374,-0.1618792861700058
1788049461744568600,22.740568603515626,-0.02687807008624077,-0.25595253705978394,-0.15393804013729095
1788049461760530200,22.7565302734375,-0.036651913076639175,-0.24129177629947662,-0.15332718193531036
1788049461776974300,22.772974365234376,-0.04153883829712868,-0.2816088795661926,-0.15454891324043274
1788049461792639000,22.788638916015625,-0.045204028487205505,-0.3194825351238251,-0.12767083942890167
1788049461808552200,22.80455224609375,-0.04398229718208313,-0.3591887652873993,-0.07269296050071716
1788049461824829200,22.8208291015625,-0.05375614017248154,-0.3732386529445648,-0.00733038317412138
1788049461840999400,22.83699951171875,-0.04948008432984352,-0.37262779474258423,0.06414084881544113
1788049461857167400,22.85316748046875,-0.05009094998240471,-0.36163222789764404,0.10873401165008545
1788049461873317600,22.869317626953126,-0.06536258012056351,-0.3433062732219696,0.13316862285137177
1788049461888949000,22.884948974609376,-0.08368854224681854,-0.30115658044815063,0.11239920556545258
1788049461904984800,22.90098486328125,-0.09712757170200348,-0.2681698501110077,0.06780604273080826
1788049461920849400,22.916849365234373,-0.1007927656173706,-0.2431243658065796,0.006719517521560192
1788049461937238000,22.933238037109376,-0.09040805697441101,-0.24068090319633484,-0.036651913076639175
1788049461952945400,22.9489453125,-0.08735372871160507,-0.2174680233001709,-0.039706241339445114
1788049461968916700,22.964916748046875,-0.08796459436416626,-0.15393804013729095,-0.03420845419168472
1788049461985210600,22.981210693359376,-0.08918632566928864,-0.07696902006864548,-0.05253441259264946
1788049462000879000,22.996879150390626,-0.06841690838336945,-0.03848451003432274,-0.07330382615327835
1788049462017368600,23.01336865234375,-0.03176499158143997,-0.021380282938480377,-0.07024950534105301
1788049462033137400,23.029137451171874,0.018325956538319588,-0.05314527451992035,-0.06108652427792549
1788049462049112300,23.0451123046875,0.054367005825042725,-0.08735372871160507,-0.036041051149368286
1788049462065720000,23.061719970703123,0.048258353024721146,-0.10018189996480942,-0.016493361443281174
1788049462081262600,23.0772626953125,0.016493361443281174,-0.06414084881544113,-0.01710422709584236
1788049462097580000,23.093580078125,-0.031154127791523933,-0.03726277872920036,-0.018325956538319588
1788049462113415700,23.109415771484375,-0.06658431142568588,-0.02321287989616394,-0.013439035043120384
1788049462129783800,23.12578369140625,-0.09712757170200348,-0.0024434609804302454,-0.001832595793530345
1788049462145658600,23.14165869140625,-0.11728613078594208,0.0555887371301651,0.010995574295520782
1788049462161390300,23.157390380859376,-0.14294247329235077,0.11484266817569733,0.039706241339445114
1788049462177853400,23.173853515625,-0.14538592100143433,0.10995574295520782,0.05803219974040985
1788049462193482200,23.189482177734376,-0.1319468915462494,0.09468411654233932,0.06963863968849182
1788049462209738800,23.20573876953125,-0.1264491081237793,0.1007927656173706,0.08246681094169617
1788049462225874200,23.221874267578126,-0.1215621829032898,0.10445795953273773,0.11789698898792267
1788049462241567200,23.237567138671874,-0.1014036312699318,0.11178833991289139,0.1508837193250656
1788049462258045000,23.254044921875,-0.07391469180583954,0.1160643994808197,0.17348572611808777
1788049462273766700,23.2697666015625,-0.0507018156349659,0.1215621829032898,0.17959438264369965
1788049462290389500,23.286389404296877,-0.033597588539123535,0.1362229436635971,0.17043140530586243
1788049462306471000,23.302470947265626,-0.030543262138962746,0.1661553531885147,0.1472185254096985
1788049462321761300,23.31776123046875,-0.04581489413976669,0.20036379992961884,0.13072516024112701
1788049462338485000,23.334485107421877,-0.06658431142568588,0.24862214922904968,0.10873401165008545
1788049462353867300,23.3498671875,-0.09040805697441101,0.2577851414680481,0.10445795953273773
1788049462369889800,23.365889892578124,-0.09346238523721695,0.242513507604599,0.10384709388017654
1788049462386584800,23.382584716796874,-0.07880161702632904,0.21135938167572021,0.07941248267889023
1788049462402021600,23.398021728515626,-0.06108652427792549,0.18997909128665924,0.019547687843441963
1788049462418565600,23.414565673828125,-0.06658431142568588,0.19120082259178162,-0.05803219974040985
1788049462434577400,23.430577392578126,-0.07696902006864548,0.2021963894367218,-0.13316862285137177
1788049462450081000,23.4460810546875,-0.09773843735456467,0.23396138846874237,-0.18570303916931152
1788049462466822100,23.462822265625,-0.10751228034496307,0.26511552929878235,-0.17776179313659668
1788049462482309600,23.4783095703125,-0.09834930300712585,0.27061331272125244,-0.12522737681865692
1788049462498858000,23.49485791015625,-0.05192354694008827,0.21135938167572021,-0.033597588539123535
1788049462514428000,23.510427978515626,0,0.16065755486488342,0.0757472887635231
1788049462530964500,23.526964599609375,0.03787364438176155,0.08307767659425735,0.1459967941045761
1788049462546507300,23.54250732421875,0.05009094998240471,0.09957103431224823,0.21013765037059784
1788049462562541800,23.558541748046874,0.021991148591041565,0.05192354694008827,0.17776179313659668
1788049462578724600,23.574724609375,-0.02015855349600315,0.03848451003432274,0.031154127791523933
1788049462594617000,23.5906171875,-0.07819075137376785,0.0861319974064827,-0.12400564551353455
1788049462610512400,23.606512451171874,-0.15882496535778046,0.16249015927314758,-0.2871066629886627
1788049462626748700,23.622748779296874,-0.19364428520202637,0.1459967941045761,-0.3885102868080139
1788049462642487300,23.6384873046875,-0.18631389737129211,0.08857546001672745,-0.44104471802711487
1788049462658964500,23.654964599609375,-0.13255776464939117,0.05742133408784866,-0.4948008358478546
1788049462674815000,23.67081494140625,-0.06475171446800232,0.0659734457731247,-0.4612032473087311
1788049462691352600,23.6873525390625,0.0006108652451075613,0.03787364438176155,-0.3378084897994995
1788049462706886100,23.70288623046875,0.06963863968849182,0.025656340643763542,-0.1270599663257599
1788049462722786800,23.718786865234375,0.10690141469240189,0.025045474991202354,0.09468411654233932
1788049462739147000,23.73514697265625,0.11911872029304504,0.06169738993048668,0.23579397797584534
1788049462755252500,23.75125244140625,0.1111774742603302,0.07941248267889023,0.2669481039047241
1788049462771113700,23.76711376953125,0.09712757170200348,0.08429940044879913,0.22418753802776337
1788049462787268600,23.7832685546875,0.08307767659425735,0.08124507963657379,0.14844025671482086
1788049462803020300,23.799020263671874,0.0910189226269722,0.04948008432984352,0.07330382615327835
1788049462819411200,23.8154111328125,0.12278391420841217,0.01160643994808197,-0.02871066704392433
1788049462835020000,23.83102001953125,0.1459967941045761,0.027488935738801956,-0.12461651116609573
1788049462851080700,23.847080810546874,0.14294247329235077,0.0659734457731247,-0.16859880089759827
1788049462867319300,23.8633193359375,0.12339477986097336,0.11484266817569733,-0.18936823308467865
1788049462883216100,23.879216064453125,0.11362093687057495,0.15332718193531036,-0.17898350954055786
1788049462899546600,23.895546630859375,0.1215621829032898,0.12217304855585098,-0.14905111491680145
1788049462915353000,23.91135302734375,0.14844025671482086,0.05009094998240471,-0.08429940044879913
1788049462931439600,23.927439697265626,0.15515977144241333,-0.018325956538319588,0.009773843921720982
1788049462947990500,23.943990478515627,0.12400564551353455,-0.03481931984424591,0.07513642311096191
1788049462963398700,23.959398681640625,0.08368854224681854,-0.028099801391363144,0.07941248267889023
1788049462980086300,23.976086181640625,0.04581489413976669,-0.04092797264456749,0.027488935738801956
1788049462995630800,23.991630859375,0.03420845419168472,-0.07696902006864548,-0.04642575979232788
1788049463011824400,24.007824462890625,0.030543262138962746,-0.10567969083786011,-0.1014036312699318
1788049463028063000,24.02406298828125,0.031154127791523933,-0.11239920556545258,-0.14049901068210602
1788049463043689500,24.039689453125,0.02626720629632473,-0.08674286305904388,-0.16493362188339233
1788049463060019500,24.05601953125,0.028099801391363144,-0.05925392732024193,-0.16554448008537292
1788049463076200200,24.0722001953125,0.04398229718208313,-0.06108652427792549,-0.13927727937698364
1788049463091968300,24.08796826171875,0.06291911751031876,-0.059864792972803116,-0.08491026610136032
1788049463108360200,24.104360107421876,0.06841690838336945,-0.05314527451992035,-0.04948008432984352
1788049463123852500,24.1198525390625,0.06841690838336945,-0.08246681094169617,-0.03420845419168472
1788049463140568000,24.136568115234375,0.06352998316287994,-0.11850785464048386,0.009773843921720982
1788049463156144400,24.152144287109376,0.0708603709936142,-0.16249015927314758,0.05253441259264946
1788049463172146200,24.168146240234375,0.05925392732024193,-0.21319197118282318,0.08857546001672745
1788049463188303400,24.184303466796877,0.042760565876960754,-0.23396138846874237,0.12767083942890167
1788049463204742700,24.20074267578125,0.02932153269648552,-0.25595253705978394,0.1661553531885147
1788049463220583700,24.216583740234373,0.030543262138962746,-0.28038713335990906,0.18387043476104736
1788049463236503600,24.232503662109377,0.042760565876960754,-0.3072652220726013,0.17348572611808777
1788049463252282600,24.24828271484375,0.04398229718208313,-0.32009339332580566,0.12400564551353455
1788049463268935000,24.264934814453124,0.039095375686883926,-0.3176499307155609,0.08429940044879913
1788049463284404700,24.28040478515625,0.03481931984424591,-0.31581732630729675,0.08124507963657379
1788049463300737300,24.2967373046875,0.036041051149368286,-0.32559117674827576,0.10567969083786011
1788049463316543500,24.31254345703125,0.0403171069920063,-0.33475416898727417,0.12034045159816742
1788049463332420400,24.32842041015625,0.059864792972803116,-0.32620203495025635,0.12889257073402405
1788049463348742100,24.3447421875,0.10873401165008545,-0.3176499307155609,0.15454891324043274
1788049463364795100,24.360795166015624,0.20097467303276062,-0.485027015209198,0.11484266817569733
1788049463380846600,24.3768466796875,0.2675589919090271,-0.6163630485534668,-0.01710422709584236
1788049463396911600,24.39291162109375,0.2119702398777008,-0.7379252314567566,-0.22663100063800812
1788049463412871700,24.40887158203125,0.018325956538319588,-0.7379252314567566,-0.3933972120285034
1788049463428974300,24.424974365234377,-0.2076941877603531,-0.59803706407547,-0.41172316670417786
1788049463444694000,24.440694091796875,-0.42271876335144043,-0.3585779070854187,-0.27061331272125244
1788049463461425400,24.45742529296875,-0.523511528968811,-0.22296582162380219,-0.07696902006864548
1788049463476817400,24.4728173828125,-0.47708576917648315,-0.23273965716362,0.02321287989616394
1788049463492809000,24.48880908203125,-0.32498031854629517,-0.2938261926174164,0.10506882518529892
1788049463509557200,24.50555712890625,-0.13072516024112701,-0.3787364661693573,0.22296582162380219
1788049463524890000,24.52089013671875,0.03176499158143997,-0.47280970215797424,0.35552358627319336
1788049463541224000,24.537223876953124,0.11911872029304504,-0.5259549617767334,0.40194934606552124
1788049463557108500,24.5531083984375,0.16371189057826996,-0.5876523852348328,0.34513887763023376
1788049463573053700,24.5690537109375,0.15943582355976105,-0.6426302194595337,0.21380282938480377
1788049463589259500,24.585259521484375,0.12461651116609573,-0.6982190012931824,0.06108652427792549
1788049463605037000,24.601037109375,0.05803219974040985,-0.759916365146637,-0.1466076523065567
1788049463621492500,24.617492431640624,-0.03848451003432274,-0.7605272531509399,-0.27550023794174194
1788049463637287700,24.63328759765625,-0.13561208546161652,-0.720820963382721,-0.29077184200286865
1788049463653191000,24.64919091796875,-0.2370157092809677,-0.6823364496231079,-0.21991148591041565
1788049463669459500,24.66545947265625,-0.294437050819397,-0.6096435189247131,-0.09834930300712585
1788049463685458700,24.681458740234376,-0.29504790902137756,-0.5497786998748779,-0.006719517521560192
1788049463701738200,24.69773828125,-0.23945917189121246,-0.5442809462547302,0.06352998316287994
1788049463717528000,24.713528076171876,-0.16737708449363708,-0.5894849896430969,0.08918632566928864
1788049463733571600,24.729571533203124,-0.1313360333442688,-0.6212499737739563,0.06230825558304787
1788049463749823200,24.7458232421875,-0.1319468915462494,-0.626747727394104,0.02321287989616394
1788049463765920500,24.76192041015625,-0.16371189057826996,-0.627358615398407,-0.039706241339445114
1788049463782084400,24.77808447265625,-0.2174680233001709,-0.6255260109901428,-0.13561208546161652
1788049463797634600,24.793634521484375,-0.2816088795661926,-0.6285803318023682,-0.2125810980796814
1788049463813667000,24.8096669921875,-0.3439171314239502,-0.6572909951210022,-0.2773328125476837
1788049463829862000,24.82586181640625,-0.39767327904701233,-0.6994407176971436,-0.2932153046131134
1788049463845635300,24.84163525390625,-0.42699480056762695,-0.7110471725463867,-0.27977627515792847
1788049463862388500,24.858388427734376,-0.4489859640598297,-0.7049384713172913,-0.2565633952617645
1788049463877782500,24.873782470703127,-0.45814892649650574,-0.656069278717041,-0.23273965716362
1788049463893797600,24.889797607421876,-0.4398229718208313,-0.6035348773002625,-0.2015855312347412
1788049463910443500,24.906443603515626,-0.4105014503002167,-0.5510004758834839,-0.15760323405265808
1788049463925831400,24.92183154296875,-0.37140607833862305,-0.4550946056842804,-0.07513642311096191
1788049463942371300,24.938371337890626,-0.32131510972976685,-0.3891211748123169,0.01710422709584236
1788049463958009600,24.954009521484377,-0.2816088795661926,-0.33719760179519653,0.06414084881544113
1788049463974288100,24.9702880859375,-0.23945917189121246,-0.31031954288482666,0.08185594528913498
1788049463990356200,24.986356201171876,-0.21074850857257843,-0.33108896017074585,0.07024950534105301
1788049464006477000,25.00247705078125,-0.2070833146572113,-0.35063666105270386,0.07391469180583954
1788049464022869800,25.018869873046874,-0.21563543379306793,-0.37262779474258423,0.06169738993048668
1788049464038722600,25.03472265625,-0.2272418737411499,-0.41722095012664795,0.039706241339445114
1788049464054362400,25.0503623046875,-0.24068090319633484,-0.4447098970413208,0.01771509274840355
1788049464070614300,25.0666142578125,-0.2620611786842346,-0.44654250144958496,0.015882495790719986
1788049464086300400,25.082300537109376,-0.28099802136421204,-0.4337143301963806,0.025045474991202354
1788049464102852400,25.098852294921876,-0.28649580478668213,-0.42577308416366577,0.03481931984424591
1788049464118505000,25.1145048828125,-0.28955012559890747,-0.41599923372268677,0.04459316283464432
1788049464134562300,25.130562255859374,-0.31093040108680725,-0.3830125033855438,0.06963863968849182
1788049464150802200,25.14680224609375,-0.3378084897994995,-0.3494149148464203,0.09468411654233932
1788049464166941000,25.16294091796875,-0.35674530267715454,-0.34086281061172485,0.09224065393209457
1788049464182966300,25.17896630859375,-0.3488040566444397,-0.3988949954509735,0.013439035043120384
1788049464198696200,25.1946962890625,-0.35185837745666504,-0.40622538328170776,-0.14905111491680145
1788049464214745000,25.2107451171875,-0.3830125033855438,-0.36102136969566345,-0.2834414839744568
1788049464231034600,25.22703466796875,-0.4056145250797272,-0.34208452701568604,-0.3280346393585205
1788049464246780200,25.2427802734375,-0.3805690407752991,-0.39156460762023926,-0.26083946228027344
1788049464263485400,25.2594853515625,-0.29993483424186707,-0.5027421116828918,-0.12095131725072861
1788049464279422700,25.275422607421874,-0.2174680233001709,-0.6004805564880371,0.039095375686883926
1788049464295079200,25.2910791015625,-0.12278391420841217,-0.6719517707824707,0.19608774781227112
1788049464311260700,25.3072607421875,-0.07452555745840073,-0.7312057018280029,0.25045475363731384
1788049464327071200,25.3230712890625,-0.08246681094169617,-0.750142514705658,0.24495697021484375
1788049464343332900,25.339332763671877,-0.15760323405265808,-0.7324274182319641,0.21502456068992615
1788049464359165000,25.3551650390625,-0.28038713335990906,-0.6664539575576782,0.16432274878025055
1788049464375131100,25.371131103515626,-0.3738495409488678,-0.6188064813613892,0.07208210229873657
1788049464391582500,25.38758251953125,-0.4080579876899719,-0.6151412725448608,-0.07757988572120667
1788049464407324000,25.403323974609375,-0.35063666105270386,-0.7098253965377808,-0.18997909128665924
1788049464423797200,25.41979736328125,-0.25961771607398987,-0.7898487448692322,-0.21868975460529327
1788049464439437600,25.4354375,-0.10567969083786011,-0.8582656979560852,-0.1417207419872284
1788049464455621600,25.45162158203125,0.00427605677396059,-0.8429940342903137,0.0659734457731247
1788049464471665700,25.467665771484373,0.0806342139840126,-0.7861835956573486,0.2590068578720093
1788049464487823000,25.483822998046875,0.12522737681865692,-0.7825183868408203,0.3439171314239502
1788049464503780900,25.49978076171875,0.15760323405265808,-0.8130616545677185,0.35185837745666504
1788049464519595300,25.51559521484375,0.1661553531885147,-0.8515461683273315,0.28466320037841797
1788049464535744000,25.531743896484375,0.14905111491680145,-0.8472700715065002,0.19792033731937408
1788049464552331300,25.548331298828124,0.10323622822761536,-0.8405506014823914,0.09407325088977814
1788049464567766800,25.563766845703125,0.031154127791523933,-0.8234463334083557,-0.0012217304902151227
1788049464584510000,25.580510009765625,-0.022602014243602753,-0.8124507665634155,-0.08674286305904388
1788049464599912000,25.595911865234374,-0.06719517707824707,-0.8063421249389648,-0.17348572611808777
1788049464616048000,25.612048095703123,-0.08735372871160507,-0.8118399381637573,-0.2174680233001709
1788049464632289500,25.62828955078125,-0.07452555745840073,-0.8258898258209229,-0.21868975460529327
1788049464647992600,25.64399267578125,-0.056810468435287476,-0.836885392665863,-0.19120082259178162
1788049464664429800,25.660429931640625,-0.039095375686883926,-0.8533787727355957,-0.15454891324043274
1788049464680801300,25.67680126953125,-0.045204028487205505,-0.8454375267028809,-0.11056660860776901
1788049464696323600,25.692323486328124,-0.06780604273080826,-0.8142833709716797,-0.06230825558304787
1788049464712496000,25.70849609375,-0.11545353382825851,-0.7721336483955383,-0.019547687843441963
1788049464728594200,25.72459423828125,-0.14905111491680145,-0.7562511563301086,0.003054326167330146
1788049464744637000,25.740636962890626,-0.17104226350784302,-0.7452555894851685,0.021991148591041565
1788049464760296000,25.7562958984375,-0.17776179313659668,-0.7562511563301086,0.02382374368607998
1788049464776301000,25.772301025390625,-0.14966198801994324,-0.8130616545677185,0.021991148591041565
1788049464792722000,25.788721923828124,-0.13500121235847473,-0.8442157506942749,0.0507018156349659
1788049464808573000,25.804572998046876,-0.17409659922122955,-0.8216137290000916,0.06841690838336945
1788049464824844500,25.820844482421876,-0.25473082065582275,-0.7611380815505981,0.0708603709936142
1788049464841163000,25.8371630859375,-0.3280346393585205,-0.7153232097625732,0.027488935738801956
1788049464856635000,25.852634765625,-0.3604104816913605,-0.6969972252845764,-0.025045474991202354
1788049464872857900,25.86885791015625,-0.323147714138031,-0.6994407176971436,-0.045204028487205505
1788049464888706000,25.8847060546875,-0.21807889640331268,-0.7257078886032104,0.021380282938480377
1788049464905411600,25.90141162109375,-0.09834930300712585,-0.7660250067710876,0.11056660860776901
1788049464920995000,25.9169951171875,0.028099801391363144,-0.8729264140129089,0.16982053220272064
1788049464936801300,25.93280126953125,0.07635815441608429,-0.9511171579360962,0.036041051149368286
1788049464953077200,25.9490771484375,0.02076941914856434,-0.9584475755691528,-0.2028072625398636
1788049464968806400,25.964806396484374,-0.09040805697441101,-0.9095783233642578,-0.3683517575263977
1788049464985220600,25.981220703125,-0.23945917189121246,-0.8142833709716797,-0.43737950921058655
1788049465000988000,25.99698779296875,-0.33475416898727417,-0.7672467231750488,-0.3640756905078888
1788049465017080300,26.013080322265626,-0.3836233615875244,-0.7623597979545593,-0.22663100063800812
1788049465033644500,26.02964453125,-0.4178318381309509,-0.7104362845420837,-0.012828170321881771
1788049465049119200,26.045119140625,-0.4141666293144226,-0.6133087277412415,0.13927727937698364
1788049465065717800,26.0617177734375,-0.37568211555480957,-0.5296201705932617,0.16371189057826996
1788049465081209300,26.077209228515624,-0.29565876722335815,-0.5791002511978149,0.1319468915462494
1788049465097921000,26.093921142578125,-0.19303341209888458,-0.6377432942390442,0.07147123664617538
1788049465113568500,26.109568603515626,-0.12278391420841217,-0.6963863968849182,-0.039095375686883926
1788049465129445600,26.125445556640624,-0.08124507963657379,-0.7715228199958801,-0.1966986060142517
1788049465145673700,26.141673828125,-0.03787364438176155,-0.9040805697441101,-0.2938261926174164
1788049465161440300,26.157440185546875,-0.07269296050071716,-0.9804387092590332,-0.252287358045578
1788049465177653500,26.173653564453126,-0.17104226350784302,-0.9749409556388855,-0.13377949595451355
1788049465193772000,26.18977197265625,-0.313373863697052,-0.8741481900215149,-0.0024434609804302454
1788049465209567000,26.20556689453125,-0.4550946056842804,-0.7476990818977356,0.06291911751031876
1788049465226252800,26.222252685546874,-0.46303585171699524,-0.6737843751907349,0.06352998316287994
1788049465241758700,26.2377587890625,-0.4331034719944,-0.6676757335662842,0.0354301854968071
1788049465257751800,26.253751708984375,-0.3390302062034607,-0.7043276429176331,0.015882495790719986
1788049465274070300,26.2700703125,-0.2474004179239273,-0.7305948138237,-0.00427605677396059
1788049465289687600,26.2856875,-0.19303341209888458,-0.6664539575576782,-0.009162978269159794
1788049465306429200,26.30242919921875,-0.17837265133857727,-0.5668829679489136,-0.04764748737215996
1788049465321830700,26.31783056640625,-0.19303341209888458,-0.5002986192703247,-0.12461651116609573
1788049465337810400,26.333810546875,-0.22540926933288574,-0.4746423065662384,-0.2125810980796814
1788049465354592800,26.3505927734375,-0.2620611786842346,-0.4294382631778717,-0.2541199326515198
1788049465369952500,26.365952392578127,-0.2816088795661926,-0.3952298164367676,-0.2590068578720093
1788049465386558500,26.382558349609376,-0.2779437005519867,-0.3683517575263977,-0.23884831368923187
1788049465402291700,26.398291748046876,-0.25473082065582275,-0.3799581825733185,-0.1918116807937622
1788049465418365400,26.414365478515624,-0.24007004499435425,-0.3488040566444397,-0.13744467496871948
1788049465434440400,26.4304404296875,-0.25106561183929443,-0.31154128909111023,-0.09224065393209457
1788049465450070500,26.446070556640624,-0.26633724570274353,-0.25595253705978394,-0.02382374368607998
1788049465466794500,26.46279443359375,-0.2785545587539673,-0.1973094791173935,0.04092797264456749
1788049465482115800,26.47811572265625,-0.2938261926174164,-0.12034045159816742,0.07696902006864548
1788049465498351900,26.494351806640626,-0.29993483424186707,-0.02871066704392433,0.08979719132184982
1788049465514610700,26.510610595703124,-0.2742784917354584,0.014049900695681572,0.0861319974064827
1788049465530407400,26.526407470703123,-0.22479841113090515,0.012828170321881771,0.10201449692249298
1788049465546957800,26.542957763671875,-0.1459967941045761,-0.025656340643763542,0.14538592100143433
1788049465562499600,26.55849951171875,-0.07696902006864548,-0.054367005825042725,0.20525072515010834
1788049465578759200,26.57475927734375,-0.02871066704392433,-0.048258353024721146,0.2632829248905182
1788049465594739700,26.59073974609375,0.00733038317412138,-0.05619960278272629,0.29565876722335815
1788049465610693400,26.606693359375,0.03481931984424591,-0.08552113175392151,0.31642818450927734
1788049465626907100,26.6229072265625,0.015882495790719986,-0.12095131725072861,0.3683517575263977
1788049465642648000,26.63864794921875,-0.04153883829712868,-0.07696902006864548,0.44715335965156555
1788049465659308300,26.655308349609374,-0.12217304855585098,-0.027488935738801956,0.4807509481906891
1788049465675015200,26.67101513671875,-0.14355333149433136,-0.07330382615327835,0.3017674386501312
1788049465690870000,26.6868701171875,-0.1514945775270462,-0.06169738993048668,0.02932153269648552
1788049465707432200,26.70343212890625,-0.18081611394882202,-0.05253441259264946,-0.3017674386501312
1788049465723003000,26.7190029296875,-0.2119702398777008,-0.004886921960860491,-0.5198463201522827
1788049465738815200,26.734815185546875,-0.2278527319431305,0.00427605677396059,-0.5461135506629944
1788049465755077000,26.7510771484375,-0.23396138846874237,0.00366519158706069,-0.3701843321323395
1788049465770911500,26.766911376953125,-0.18936823308467865,-0.024434609338641167,-0.05864306539297104
1788049465787214600,26.783214599609376,-0.13866640627384186,0.015882495790719986,0.25106561183929443
1788049465803435800,26.799435791015625,-0.0959058403968811,0.04581489413976669,0.394008070230484
1788049465819268900,26.815268798828125,-0.04459316283464432,0.02932153269648552,0.4306600093841553
1788049465835394000,26.83139404296875,0.009773843921720982,0.06352998316287994,0.40133845806121826
1788049465851226600,26.8472265625,0.04948008432984352,0.07269296050071716,0.32131510972976685
1788049465867713000,26.863713134765625,0.09529497474431992,0.04703662544488907,0.20097467303276062
1788049465883378000,26.8793779296875,0.14782938361167908,-0.00855211354792118,0.06841690838336945
1788049465899340000,26.895340087890624,0.18081611394882202,-0.07696902006864548,-0.045204028487205505
1788049465916117000,26.912116943359376,0.19547687470912933,-0.14477506279945374,-0.1368338167667389
1788049465931529500,26.927529541015623,0.20097467303276062,-0.18509216606616974,-0.1869247704744339
1788049465947736600,26.943736572265625,0.19547687470912933,-0.19914206862449646,-0.20586158335208893
1788049465963438800,26.95943896484375,0.18509216606616974,-0.19486601650714874,-0.1563815027475357
1788049465979482000,26.975482177734374,0.182648703455925,-0.14294247329235077,-0.021380282938480377
1788049465995671800,26.991671875,0.17959438264369965,-0.10567969083786011,0.1014036312699318
1788049466011539500,27.00753955078125,0.18448130786418915,-0.09346238523721695,0.11911872029304504
1788049466028157200,27.0241572265625,0.18387043476104736,-0.08368854224681854,0.06719517707824707
1788049466043676000,27.039676025390627,0.17348572611808777,-0.08735372871160507,0.013439035043120384
1788049466059683000,27.05568310546875,0.1667662113904953,-0.10445795953273773,-0.003054326167330146
1788049466076045600,27.072045654296875,0.15454891324043274,-0.14538592100143433,-0.007941247895359993
1788049466091818200,27.087818359375,0.13866640627384186,-0.17959438264369965,-0.00855211354792118
1788049466108430000,27.10443017578125,0.11728613078594208,-0.2028072625398636,-0.01160643994808197
1788049466123966000,27.119966064453124,0.0959058403968811,-0.22846360504627228,-0.009162978269159794
1788049466139939600,27.135939697265623,0.07452555745840073,-0.24129177629947662,0.0024434609804302454
1788049466156205300,27.152205322265626,0.060475658625364304,-0.24373523890972137,0.016493361443281174
1788049466172486100,27.168486083984376,0.04764748737215996,-0.24007004499435425,0.02382374368607998
1788049466188397800,27.184397705078126,0.04459316283464432,-0.24862214922904968,0.021380282938480377
1788049466204062700,27.200062744140624,0.05497787147760391,-0.2675589919090271,0.02015855349600315
1788049466220050700,27.21605078125,0.059864792972803116,-0.2883284091949463,0.048258353024721146
1788049466236440000,27.232440185546874,0.07635815441608429,-0.3127630054950714,0.11362093687057495
1788049466252173600,27.248173583984375,0.07513642311096191,-0.34208452701568604,0.16493362188339233
1788049466268498000,27.264497802734375,0.06352998316287994,-0.3591887652873993,0.17531833052635193
1788049466284272000,27.280272216796874,0.01710422709584236,-0.34513887763023376,0.15027284622192383
1788049466300313900,27.29631396484375,-0.03176499158143997,-0.3219259977340698,0.10384709388017654
1788049466316514000,27.31251416015625,-0.04886921867728233,-0.3090978264808655,0.0659734457731247
1788049466332617500,27.328617431640627,-0.048258353024721146,-0.2919935882091522,0.05742133408784866
1788049466348817000,27.34481689453125,-0.0403171069920063,-0.27122417092323303,0.05925392732024193
1788049466364462000,27.360462158203124,-0.03787364438176155,-0.26511552929878235,0.11911872029304504
1788049466380515600,27.376515625,-0.010995574295520782,-0.2687807083129883,0.15332718193531036
1788049466396792800,27.392792724609375,0.010995574295520782,-0.423329621553421,0.012217304669320583
1788049466412498400,27.40849853515625,-0.001832595793530345,-0.5155702829360962,-0.19792033731937408
1788049466429345500,27.425345458984374,-0.1362229436635971,-0.4996877610683441,-0.32559117674827576
1788049466444814800,27.44081494140625,-0.32009339332580566,-0.34574973583221436,-0.3585779070854187
1788049466469290500,27.46529052734375,-0.5155702829360962,-0.14782938361167908,-0.16920967400074005
1788049466484824000,27.480823974609375,-0.5112941861152649,-0.13500121235847473,0.031154127791523933
1788049466500915700,27.496915771484375,-0.4392121136188507,-0.18509216606616974,0.21807889640331268
1788049466517120300,27.513120361328124,-0.35124751925468445,-0.25045475363731384,0.35185837745666504
1788049466533013500,27.529013427734377,-0.2565633952617645,-0.2834414839744568,0.4660901725292206
1788049466549318400,27.545318359375,-0.17104226350784302,-0.31520646810531616,0.5015203952789307
1788049466565056500,27.561056396484375,-0.10934487730264664,-0.29993483424186707,0.44593164324760437
1788049466581565000,27.57756494140625,-0.05925392732024193,-0.2528982162475586,0.28955012559890747
1788049466597623000,27.593623046875,-0.04214970022439957,-0.2223549485206604,0.07208210229873657
1788049466613176300,27.60917626953125,-0.04642575979232788,-0.20097467303276062,-0.09712757170200348
1788049466629750500,27.62575048828125,-0.0708603709936142,-0.2015855312347412,-0.24373523890972137
1788049466645374200,27.641374267578126,-0.08368854224681854,-0.23396138846874237,-0.3182607889175415
1788049466661364000,27.657364013671874,-0.10751228034496307,-0.242513507604599,-0.27977627515792847
1788049466677529600,27.673529541015625,-0.17043140530586243,-0.19120082259178162,-0.11301007121801376
1788049466693657600,27.68965771484375,-0.20830504596233368,-0.13744467496871948,0.051312681287527084
1788049466709949000,27.705948974609374,-0.17959438264369965,-0.1362229436635971,0.09773843735456467
1788049466725494300,27.721494384765624,-0.12889257073402405,-0.14844025671482086,0.06841690838336945
1788049466741506600,27.737506591796876,-0.07147123664617538,-0.1368338167667389,0.02321287989616394
1788049466757767400,27.753767333984374,-0.021380282938480377,-0.0959058403968811,-0.019547687843441963
1788049466773676000,27.769676025390623,0.00366519158706069,-0.08307767659425735,-0.06230825558304787
1788049466790050000,27.786050048828123,0.02321287989616394,-0.07452555745840073,-0.13255776464939117
1788049466805816000,27.801816162109375,0.021991148591041565,-0.06780604273080826,-0.19547687470912933
1788049466821778400,27.8177783203125,0.00733038317412138,-0.06352998316287994,-0.25961771607398987
1788049466838541300,27.834541259765626,-0.028099801391363144,-0.03298672288656235,-0.34025195240974426
1788049466853951700,27.84995166015625,-0.07696902006864548,0.021991148591041565,-0.34086281061172485
1788049466870590700,27.8665908203125,-0.1062905490398407,0.02015855349600315,-0.2779437005519867
1788049466886375400,27.88237548828125,-0.10873401165008545,0.03481931984424591,-0.20341812074184418
1788049466901964500,27.897964599609374,-0.09407325088977814,0.05803219974040985,-0.08857546001672745
1788049466918430700,27.9144306640625,-0.0708603709936142,0.0861319974064827,0.042760565876960754
1788049466934068200,27.930068115234373,-0.03726277872920036,0.07941248267889023,0.12461651116609573
1788049466950574300,27.94657421875,-0.02321287989616394,0.16310101747512817,0.19975294172763824
1788049466966305300,27.96230517578125,-0.016493361443281174,0.27000242471694946,0.22296582162380219
1788049466982113500,27.978113525390626,0.025656340643763542,0.3121521472930908,0.18875735998153687
1788049466998366700,27.99436669921875,0.09896016865968704,0.313373863697052,0.16432274878025055
1788049467014259200,28.01025927734375,0.14782938361167908,0.3225368559360504,0.15760323405265808
1788049467030740500,28.026740478515624,0.15271630883216858,0.35735616087913513,0.1417207419872284
1788049467046379300,28.042379150390627,0.14966198801994324,0.34758231043815613,0.11911872029304504
1788049467062325200,28.0583251953125,0.1215621829032898,0.3543018400669098,0.13805554807186127
1788049467078709000,28.074708984375,0.06230825558304787,0.3799581825733185,0.2168571650981903
1788049467094491600,28.09049169921875,0.018936822190880775,0.4453207552433014,0.34147366881370544
1788049467110848000,28.106847900390626,-0.009773843921720982,0.4758640229701996,0.423329621553421
1788049467126477600,28.1224775390625,0.04092797264456749,0.4538728892803192,0.27977627515792847
1788049467142963500,28.13896337890625,0.10018189996480942,0.5174028873443604,0.04337143152952194
1788049467158647000,28.15464697265625,0.1820378452539444,0.5558874011039734,-0.20830504596233368
1788049467174481400,28.1704814453125,0.27611109614372253,0.5259549617767334,-0.2932153046131134
1788049467190852000,28.18685205078125,0.32498031854629517,0.5363397002220154,-0.19303341209888458
1788049467206645500,28.2026455078125,0.3286454975605011,0.5839871764183044,0.025656340643763542
1788049467222628400,28.21862841796875,0.27550023794174194,0.6688974499702454,0.19364428520202637
1788049467238914300,28.234914306640626,0.22296582162380219,0.759916365146637,0.23335053026676178
1788049467254731500,28.2507314453125,0.21563543379306793,0.827111542224884,0.23884831368923187
1788049467271159300,28.2671591796875,0.26633724570274353,0.8552113175392151,0.28588494658470154
1788049467286805500,28.282805419921875,0.3646865487098694,0.8454375267028809,0.30482175946235657
1788049467302850800,28.298850830078123,0.43615779280662537,0.807563841342926,0.2816088795661926
1788049467319120600,28.31512060546875,0.4911356568336487,0.7489207983016968,0.21135938167572021
1788049467334989300,28.3309892578125,0.5057964324951172,0.7098253965377808,0.07696902006864548
1788049467351454200,28.3474541015625,0.49846604466438293,0.655458390712738,-0.05314527451992035
1788049467367063300,28.363063232421876,0.4801400899887085,0.6206390857696533,-0.16249015927314758
1788049467383114800,28.37911474609375,0.4043927788734436,0.6817256212234497,-0.18875735998153687
1788049467399818800,28.39581884765625,0.32070425152778625,0.7489207983016968,-0.18814650177955627
1788049467415335200,28.411335205078124,0.2632829248905182,0.778853178024292,-0.19058994948863983
1788049467431598800,28.427598876953127,0.24129177629947662,0.8008443117141724,-0.14049901068210602
1788049467447349800,28.443349853515624,0.24007004499435425,0.8228355050086975,-0.056810468435287476
1788049467463791400,28.459791259765623,0.25534167885780334,0.8246681094169617,0.03237585723400116
1788049467479570000,28.47556982421875,0.2724458873271942,0.817337691783905,0.045204028487205505
1788049467495445200,28.4914453125,0.27122417092323303,0.8246681094169617,0.015271631069481373
1788049467511809800,28.507809814453125,0.2474004179239273,0.8613200187683105,-0.018936822190880775
1788049467527623400,28.52362353515625,0.21807889640331268,0.8827002644538879,-0.06230825558304787
1788049467543550200,28.53955029296875,0.2119702398777008,0.8631525635719299,-0.11545353382825851
1788049467559945500,28.555945556640626,0.23396138846874237,0.8045095205307007,-0.14355333149433136
1788049467575772700,28.571772705078125,0.2834414839744568,0.7195992469787598,-0.13500121235847473
1788049467592026000,28.588026123046873,0.32681289315223694,0.6670648455619812,-0.08674286305904388
1788049467607781600,28.60378173828125,0.3494149148464203,0.6646214127540588,-0.018936822190880775
1788049467623686700,28.619686767578123,0.35185837745666504,0.6707300543785095,0.06719517707824707
1788049467640000800,28.636000732421873,0.34574973583221436,0.6377432942390442,0.12034045159816742
1788049467656473600,28.6524736328125,0.34147366881370544,0.6114761233329773,0.1466076523065567
1788049467672544800,28.668544677734374,0.34147366881370544,0.5968153476715088,0.15577064454555511
1788049467687949800,28.68394970703125,0.34574973583221436,0.5742133259773254,0.15760323405265808
1788049467703978800,28.699978759765624,0.3396410644054413,0.5491678714752197,0.17959438264369965
1788049467720511000,28.716510986328124,0.31093040108680725,0.5357288122177124,0.20036379992961884
1788049467736230000,28.73222998046875,0.2669481039047241,0.485027015209198,0.19120082259178162
1788049467752545800,28.7485458984375,0.22846360504627228,0.46242499351501465,0.16737708449363708
1788049467768333300,28.764333251953126,0.20402899384498596,0.45631635189056396,0.13377949595451355
1788049467784250400,28.78025048828125,0.19792033731937408,0.4807509481906891,0.08368854224681854
1788049467800673800,28.796673828125,0.18020524084568024,0.5241223573684692,0.05742133408784866
1788049467816385300,28.81238525390625,0.1966986060142517,0.5613851547241211,0.05497787147760391
1788049467832694300,28.8286943359375,0.23273965716362,0.6352998614311218,0.07880161702632904
1788049467848522000,28.84452197265625,0.2816088795661926,0.7183775305747986,0.152105450630188
1788049467864612600,28.860612548828126,0.35613444447517395,0.720820963382721,0.1875356286764145
1788049467880707800,28.876707763671874,0.41233405470848083,0.6572909951210022,0.13377949595451355
1788049467896469500,28.892469482421873,0.413555771112442,0.5736024379730225,0.003054326167330146
1788049467913267700,28.909267822265626,0.31581732630729675,0.588263213634491,-0.18081611394882202
1788049467928499200,28.924499267578124,0.15882496535778046,0.6530149579048157,-0.32498031854629517
1788049467944507100,28.940507080078124,0.03298672288656235,0.7898487448692322,-0.37140607833862305
1788049467960773000,28.956773193359375,-0.015271631069481373,0.8552113175392151,-0.303600013256073
1788049467976640300,28.97264013671875,0.048258353024721146,0.7910705208778381,-0.16798794269561768
1788049467993087000,28.9890869140625,0.17592918872833252,0.6585127115249634,0.06414084881544113
1788049468008813800,29.004813720703126,0.2541199326515198,0.5760459303855896,0.31642818450927734
1788049468024793900,29.0207939453125,0.27000242471694946,0.5088507533073425,0.46547931432724
1788049468041107700,29.037107666015626,0.24617868661880493,0.4691445231437683,0.4703662395477295
1788049468056963800,29.0529638671875,0.19303341209888458,0.3927863538265228,0.3903428912162781
1788049468073298200,29.069298095703125,0.11667526513338089,0.36163222789764404,0.26083946228027344
1788049468088985900,29.08498583984375,0.018936822190880775,0.3995058834552765,0.08185594528913498
1788049468104967700,29.1009677734375,-0.1160643994808197,0.48747047781944275,-0.16920967400074005
1788049468121256000,29.117255859375,-0.2217440903186798,0.5668829679489136,-0.31520646810531616
1788049468137175800,29.13317578125,-0.2840523421764374,0.5919284224510193,-0.32986724376678467
1788049468153579500,29.14957958984375,-0.2981022298336029,0.6194173693656921,-0.28955012559890747
1788049468169305900,29.165305908203123,-0.26145032048225403,0.6163630485534668,-0.18448130786418915
1788049468185382400,29.18138232421875,-0.16493362188339233,0.5852088928222656,-0.022602014243602753
1788049468201792300,29.197792236328127,-0.07269296050071716,0.5369505286216736,0.10873401165008545
1788049468218000600,29.214000732421876,0.03481931984424591,0.4544837474822998,0.21013765037059784
1788049468233874000,29.2298740234375,0.10323622822761536,0.38240164518356323,0.2223549485206604
1788049468249840600,29.245840576171876,0.11545353382825851,0.3677408695220947,0.16249015927314758
1788049468265567700,29.261567626953124,0.08368854224681854,0.3677408695220947,0.028099801391363144
1788049468281881000,29.277881103515625,0.019547687843441963,0.3530801236629486,-0.1319468915462494
1788049468297879300,29.29387939453125,-0.04886921867728233,0.35124751925468445,-0.24068090319633484
1788049468314280200,29.3102802734375,-0.12950342893600464,0.32986724376678467,-0.2620611786842346
1788049468330110200,29.326110107421876,-0.1618792861700058,0.2779437005519867,-0.2021963894367218
1788049468345896000,29.34189599609375,-0.15760323405265808,0.23640485107898712,-0.1258382350206375
1788049468362129000,29.35812890625,-0.13744467496871948,0.19914206862449646,-0.054367005825042725
1788049468377938400,29.3739384765625,-0.10262536257505417,0.15943582355976105,-0.00855211354792118
1788049468394349800,29.390349853515627,-0.07941248267889023,0.14049901068210602,0.04153883829712868
1788049468410040300,29.406040283203126,-0.0757472887635231,0.14966198801994324,0.09040805697441101
1788049468426654200,29.422654296875,-0.08002334833145142,0.1514945775270462,0.11484266817569733
1788049468442465000,29.438465087890624,-0.0806342139840126,0.1417207419872284,0.09468411654233932
1788049468458586400,29.45458642578125,-0.08857546001672745,0.1264491081237793,0.06780604273080826
1788049468474895600,29.4708955078125,-0.11850785464048386,0.1466076523065567,0.048258353024721146
1788049468490347300,29.48634716796875,-0.15393804013729095,0.1820378452539444,0.04581489413976669
1788049468506546400,29.50254638671875,-0.1661553531885147,0.17959438264369965,0.036651913076639175
1788049468522510300,29.51851025390625,-0.15821409225463867,0.152105450630188,0.022602014243602753
1788049468538392600,29.534392578125,-0.1466076523065567,0.09957103431224823,0.02382374368607998
1788049468554663200,29.5506630859375,-0.13439035415649414,0.056810468435287476,0.04581489413976669
1788049468570873600,29.56687353515625,-0.15454891324043274,0.04764748737215996,0.11239920556545258
1788049468586600000,29.582599853515624,-0.20952677726745605,0.0861319974064827,0.22052235901355743
1788049468602705200,29.598705078125,-0.2938261926174164,0.17531833052635193,0.31459560990333557
1788049468618573600,29.614573486328126,-0.3341432809829712,0.1661553531885147,0.25595253705978394
1788049468634993700,29.63099365234375,-0.33597588539123535,0.06719517707824707,0.06291911751031876
1788049468650626300,29.646626220703126,-0.34697145223617554,-0.012828170321881771,-0.10690141469240189
1788049468666599400,29.662599365234374,-0.34086281061172485,-0.10690141469240189,-0.19914206862449646
1788049468682993700,29.67899365234375,-0.2883284091949463,-0.1618792861700058,-0.21930062770843506
1788049468698693600,29.694693603515624,-0.20036379992961884,-0.19853121042251587,-0.12828169763088226
1788049468715226000,29.71122607421875,-0.10506882518529892,-0.23884831368923187,-0.019547687843441963
1788049468731346200,29.72734619140625,-0.029932396486401558,-0.30115658044815063,0.04764748737215996
1788049468746873900,29.742873779296875,-0.0006108652451075613,-0.3793473243713379,0.03420845419168472
1788049468763114200,29.7591142578125,-0.03481931984424591,-0.39095374941825867,0.03298672288656235
1788049468778944000,29.774944091796876,-0.13072516024112701,-0.33658674359321594,0.10751228034496307
1788049468795308800,29.791308837890625,-0.26145032048225403,-0.2321287989616394,0.21868975460529327
1788049468811138300,29.80713818359375,-0.34574973583221436,-0.1765400618314743,0.24862214922904968
1788049468827138300,29.82313818359375,-0.3597996234893799,-0.21868975460529327,0.2223549485206604
1788049468843388400,29.839388427734374,-0.33047810196876526,-0.3090978264808655,0.15760323405265808
1788049468859051500,29.855051513671874,-0.2785545587539673,-0.37690386176109314,0.051312681287527084
1788049468875583200,29.871583251953126,-0.20586158335208893,-0.42638394236564636,-0.07696902006864548
1788049468891280600,29.88728076171875,-0.12950342893600464,-0.44776421785354614,-0.2168571650981903
1788049468907352300,29.903352294921874,-0.09407325088977814,-0.44715335965156555,-0.2736676335334778
1788049468923553800,29.9195537109375,-0.11362093687057495,-0.43615779280662537,-0.25045475363731384
1788049468939527000,29.93552685546875,-0.14355333149433136,-0.43615779280662537,-0.19120082259178162
1788049468955829200,29.951829345703125,-0.18448130786418915,-0.4795292317867279,-0.1062905490398407
1788049468971550500,29.967550537109375,-0.22846360504627228,-0.5393940210342407,-0.02015855349600315
1788049468988058000,29.98405810546875,-0.2791654169559479,-0.5723807215690613,0.02076941914856434
1788049469003805200,29.99980517578125,-0.3243694305419922,-0.6359107494354248,0.009773843921720982
1788049469019591200,30.015591064453126,-0.33536502718925476,-0.7061602473258972,-0.019547687843441963
1788049469036018400,30.032018310546874,-0.3390302062034607,-0.7617489695549011,-0.025656340643763542
1788049469051704300,30.047704345703124,-0.33658674359321594,-0.7935139536857605,-0.03726277872920036
1788049469067688700,30.063688720703126,-0.32681289315223694,-0.8356636762619019,-0.07757988572120667
1788049469083971300,30.079971435546874,-0.3084869384765625,-0.8509352803230286,-0.08979719132184982
1788049469099782400,30.095782470703124,-0.28527405858039856,-0.901637077331543,-0.07208210229873657
1788049469116158500,30.112158447265625,-0.251676470041275,-0.9474520087242126,-0.045204028487205505
1788049469132408000,30.128407958984376,-0.22357667982578278,-0.959669291973114,-0.03848451003432274
1788049469147906300,30.14390625,-0.19486601650714874,-0.9816604256629944,-0.012828170321881771
1788049469164165600,30.16016552734375,-0.1618792861700058,-1.0299187898635864,0.0507018156349659
1788049469180065300,30.176065185546875,-0.1466076523065567,-1.0714576244354248,0.13744467496871948
1788049469196606000,30.19260595703125,-0.15027284622192383,-1.112385630607605,0.21319197118282318
1788049469212174300,30.20817431640625,-0.1569923609495163,-1.140485405921936,0.27550023794174194
1788049469228512000,30.224511962890624,-0.18081611394882202,-1.1410962343215942,0.30482175946235657
1788049469244848600,30.2408486328125,-0.19486601650714874,-1.1643091440200806,0.28955012559890747
1788049469260194600,30.256194580078127,-0.2021963894367218,-1.217454433441162,0.2626720666885376
1788049469276532200,30.2725322265625,-0.1973094791173935,-1.2718214988708496,0.2541199326515198
1788049469292845000,30.288844970703124,-0.19914206862449646,-1.2944234609603882,0.2431243658065796
1788049469308590000,30.304590087890624,-0.21930062770843506,-1.2883148193359375,0.2321287989616394
1788049469324673800,30.320673828125,-0.25473082065582275,-1.2315043210983276,0.21807889640331268
1788049469340317700,30.336317626953125,-0.2785545587539673,-1.1527026891708374,0.19853121042251587
1788049469356792300,30.352792236328124,-0.28649580478668213,-1.1087204217910767,0.21563543379306793
1788049469372481000,30.36848095703125,-0.24617868661880493,-1.0690141916275024,0.2687807083129883
1788049469388538600,30.38453857421875,-0.18448130786418915,-1.0769554376602173,0.30970868468284607
1788049469404756200,30.400756103515626,-0.12095131725072861,-1.103833556175232,0.25534167885780334
1788049469420572700,30.41657275390625,-0.12034045159816742,-1.120937705039978,0.05742133408784866
1788049469437063200,30.433063232421876,-0.23273965716362,-1.0879509449005127,-0.20036379992961884
1788049469452898600,30.448898681640625,-0.3805690407752991,-1.0207557678222656,-0.2632829248905182
1788049469468764200,30.46476416015625,-0.5259549617767334,-0.9511171579360962,-0.1007927656173706
1788049469485090000,30.481090087890625,-0.5265658497810364,-0.8692612648010254,0.13988813757896423
1788049469500869400,30.496869384765624,-0.42638394236564636,-0.8717046976089478,0.2565633952617645
1788049469517522400,30.5135224609375,-0.252287358045578,-0.8949176073074341,0.31031954288482666
1788049469533018600,30.5290185546875,-0.08796459436416626,-0.9321803450584412,0.31642818450927734
1788049469549576000,30.545575927734376,0.03298672288656235,-0.9572258591651917,0.30054569244384766
1788049469565281000,30.561281005859374,0.08918632566928864,-0.9731083512306213,0.2883284091949463
1788049469581087500,30.57708740234375,0.10812314599752426,-0.9865473508834839,0.2791654169559479
1788049469597475000,30.59347509765625,0.10323622822761536,-0.979827880859375,0.2565633952617645
1788049469613513000,30.609512939453126,0.07391469180583954,-0.9523389339447021,0.23273965716362
1788049469629501000,30.6255009765625,0.012217304669320583,-0.8686503767967224,0.21563543379306793
1788049469645888500,30.641888427734376,-0.04764748737215996,-0.7727445363998413,0.17592918872833252
1788049469661419000,30.6574189453125,-0.08246681094169617,-0.7104362845420837,0.11423180252313614
1788049469677756000,30.673755859375,-0.10567969083786011,-0.6224716901779175,0.005497787147760391
1788049469693461000,30.6894609375,-0.12950342893600464,-0.5271766781806946,-0.10445795953273773
1788049469709653200,30.7056533203125,-0.13805554807186127,-0.43615779280662537,-0.1612684279680252
1788049469725882400,30.72188232421875,-0.1466076523065567,-0.3793473243713379,-0.16065755486488342
1788049469741564000,30.73756396484375,-0.15027284622192383,-0.2736676335334778,-0.13011430203914642
1788049469758095400,30.754095458984374,-0.13316862285137177,-0.22296582162380219,-0.09285151958465576
1788049469773747700,30.769747802734376,-0.07391469180583954,-0.19608774781227112,-0.05925392732024193
1788049469789842200,30.78584228515625,0.036041051149368286,-0.2932153046131134,-0.06108652427792549
1788049469806494200,30.802494140625,0.14355333149433136,-0.3732386529445648,-0.02871066704392433
1788049469821756000,30.817755859375,0.19120082259178162,-0.34513887763023376,0.0012217304902151227
1788049469838539500,30.83453955078125,0.18631389737129211,-0.28955012559890747,-0.010995574295520782
1788049469854011600,30.85001171875,0.2021963894367218,-0.252287358045578,-0.02871066704392433
1788049469870093800,30.86609375,0.19425514340400696,-0.24434609711170197,-0.003054326167330146
1788049469886656300,30.88265625,0.19853121042251587,-0.19058994948863983,0.03237585723400116
1788049469901949700,30.89794970703125,0.15882496535778046,-0.21502456068992615,0.07330382615327835
1788049469918411800,30.914411865234374,0.11178833991289139,-0.21319197118282318,0.11362093687057495
1788049469934046500,30.93004638671875,0.06963863968849182,-0.2174680233001709,0.14294247329235077
1788049469950562800,30.946562744140625,0.01466076634824276,-0.1973094791173935,0.1722639948129654
1788049469966458600,30.962458740234375,-0.014049900695681572,-0.1820378452539444,0.16249015927314758
1788049469982102800,30.978102783203123,-0.01771509274840355,-0.14905111491680145,0.1472185254096985
1788049469998615800,30.99461572265625,-0.006108652334660292,-0.09651670604944229,0.15271630883216858
1788049470014851300,31.010851318359375,0.010995574295520782,-0.02015855349600315,0.1716531366109848
1788049470030917600,31.026917724609376,0.039095375686883926,0.024434609338641167,0.15760323405265808
1788049470046483500,31.0424833984375,0.09529497474431992,0.036651913076639175,0.11239920556545258
1788049470062720300,31.05872021484375,0.12828169763088226,0.019547687843441963,0.08368854224681854
1788049470078680000,31.07468017578125,0.12889257073402405,-0.0012217304902151227,0.05925392732024193
1788049470094479400,31.090479248046876,0.10445795953273773,-0.009162978269159794,0.0012217304902151227
1788049470110497000,31.1064970703125,0.05925392732024193,0.02321287989616394,-0.06536258012056351
1788049470126717700,31.1227177734375,0.03726277872920036,0.06902777403593063,-0.06841690838336945
1788049470142691800,31.13869189453125,0.045204028487205505,0.0861319974064827,-0.009162978269159794
1788049470158888700,31.154888671875,0.06719517707824707,0.08002334833145142,0.0659734457731247
1788049470174741800,31.17074169921875,0.0861319974064827,0.060475658625364304,0.09773843735456467
1788049470190746400,31.186746337890625,0.08246681094169617,0.04459316283464432,0.10567969083786011
1788049470206940200,31.202940185546876,0.06169738993048668,0.001832595793530345,0.10323622822761536
1788049470222888700,31.218888671875,0.036651913076639175,-0.0354301854968071,0.07635815441608429
1788049470239072500,31.235072509765626,0.003054326167330146,-0.04948008432984352,0.05803219974040985
1788049470254765000,31.25076513671875,-0.033597588539123535,-0.04398229718208313,0.0403171069920063
1788049470270828800,31.266828857421874,-0.056810468435287476,-0.025656340643763542,0.03848451003432274
1788049470287119400,31.283119384765627,-0.07819075137376785,-0.02076941914856434,0.0555887371301651
1788049470302915300,31.298915283203126,-0.07757988572120667,-0.02382374368607998,0.05803219974040985
1788049470319332400,31.315332275390624,-0.06536258012056351,-0.025045474991202354,0.051312681287527084
1788049470335017500,31.331017578125,-0.04092797264456749,-0.025045474991202354,0.04948008432984352
1788049470351016700,31.3470166015625,-0.018936822190880775,-0.03237585723400116,0.05375614017248154
1788049470367771600,31.363771728515626,-0.006719517521560192,-0.05314527451992035,0.04398229718208313
1788049470383092000,31.379092041015625,-0.015271631069481373,-0.022602014243602753,0.04459316283464432
1788049470399521800,31.395521728515625,-0.039706241339445114,0.018936822190880775,0.02687807008624077
1788049470415216000,31.411216064453125,-0.05253441259264946,0.04092797264456749,-0.015882495790719986
1788049470431198000,31.427197998046875,-0.0507018156349659,0.024434609338641167,-0.036041051149368286
1788049470447471600,31.4434716796875,-0.039095375686883926,0.001832595793530345,-0.019547687843441963
1788049470463282200,31.4592822265625,-0.030543262138962746,-0.02015855349600315,-0.00855211354792118
1788049470479671800,31.475671875,-0.01771509274840355,-0.039706241339445114,0.005497787147760391
1788049470495421700,31.491421630859374,-0.013439035043120384,-0.04092797264456749,0.015271631069481373
1788049470511561500,31.5075615234375,-0.012828170321881771,-0.04214970022439957,-0.00427605677396059
1788049470527888000,31.523887939453125,-0.014049900695681572,-0.05497787147760391,-0.05192354694008827
1788049470543516200,31.53951611328125,-0.022602014243602753,-0.04886921867728233,-0.07696902006864548
1788049470559994000,31.555994140625,-0.03176499158143997,-0.04886921867728233,-0.08124507963657379
1788049470575679700,31.5716796875,-0.03726277872920036,-0.042760565876960754,-0.07819075137376785
1788049470591868000,31.587867919921877,-0.04642575979232788,-0.025045474991202354,-0.0708603709936142
1788049470608085500,31.60408544921875,-0.045204028487205505,-0.018936822190880775,-0.0757472887635231
1788049470624284200,31.6202841796875,-0.03787364438176155,-0.04092797264456749,-0.08124507963657379
1788049470640198400,31.636198486328126,-0.03237585723400116,-0.04214970022439957,-0.07269296050071716
1788049470656033800,31.65203369140625,-0.02932153269648552,-0.019547687843441963,-0.06169738993048668
1788049470672192800,31.66819287109375,-0.033597588539123535,-0.007941247895359993,-0.04214970022439957
1788049470688197000,31.684197021484376,-0.012828170321881771,-0.015882495790719986,-0.00427605677396059
1788049470704046800,31.700046875,0.006719517521560192,-0.03848451003432274,0.02687807008624077
1788049470720662500,31.71666259765625,0.022602014243602753,-0.05375614017248154,0.03787364438176155
1788049470736194600,31.732194580078126,0.02626720629632473,-0.05192354694008827,0.03726277872920036
1788049470752112600,31.748112548828125,0.02382374368607998,-0.05253441259264946,0.03420845419168472
1788049470768440800,31.76444091796875,0.015882495790719986,-0.05864306539297104,0.0403171069920063
1788049470784106800,31.780106689453124,-0.00427605677396059,-0.07757988572120667,0.036041051149368286
1788049470800575500,31.796575439453125,-0.02871066704392433,-0.08368854224681854,0.02626720629632473
1788049470816345600,31.812345703125,-0.04703662544488907,-0.08735372871160507,0.02687807008624077
1788049470832312300,31.828312255859377,-0.0555887371301651,-0.07757988572120667,0.02626720629632473
1788049470848684500,31.8446845703125,-0.0555887371301651,-0.06536258012056351,0.06536258012056351
1788049470864348700,31.8603486328125,-0.051312681287527084,-0.06414084881544113,0.08368854224681854
1788049470881162500,31.87716259765625,-0.039095375686883926,-0.05742133408784866,0.04214970022439957
1788049470896558600,31.89255859375,-0.03726277872920036,-0.04459316283464432,-0.0006108652451075613
1788049470912462300,31.90846240234375,-0.03298672288656235,-0.059864792972803116,-0.02932153269648552
1788049470928768000,31.92476806640625,-0.028099801391363144,-0.07330382615327835,-0.04214970022439957
1788049470944673500,31.940673583984374,-0.02687807008624077,-0.0806342139840126,-0.014049900695681572
