time,seconds_elapsed,z,y,x
1788650058749985000,0.138985107421875,8.760486602783203,4.391211986541748,-0.3761950731277466
1788650058766082800,0.155082763671875,8.788244247436523,4.338326930999756,-0.3406656086444855
1788650058782090800,0.1710908203125,8.813432693481445,4.285107612609863,-0.3628217279911041
1788650058798149000,0.187149169921875,8.834503173828125,4.2398271560668945,-0.381852388381958
1788650058814182400,0.203182373046875,8.83889102935791,4.230471134185791,-0.3840612471103668
1788650058830238000,0.219238037109375,8.832849502563477,4.243447303771973,-0.37988731265068054
1788650058846274300,0.2352744140625,8.818995475769043,4.272680759429932,-0.37404707074165344
1788650058862316500,0.251316650390625,8.820182800292969,4.271328926086426,-0.3612552583217621
1788650058878380500,0.267380615234375,8.831965446472168,4.24989652633667,-0.3242748975753784
1788650058894428200,0.28342822265625,8.843481063842773,4.22868537902832,-0.28540846705436707
1788650058910498600,0.29949853515625,8.855889320373535,4.205102443695068,-0.24643202126026154
1788650058926519600,0.31551953125,8.865377426147461,4.185804843902588,-0.23347912728786469
1788650058942538800,0.331538818359375,8.880643844604492,4.152526378631592,-0.247145876288414
1788650058958647000,0.34764697265625,8.89571762084961,4.1205267906188965,-0.2405572533607483
1788650058974660900,0.363660888671875,8.897494316101074,4.118859767913818,-0.19994400441646576
1788650058990751700,0.379751708984375,8.886918067932129,4.143584251403809,-0.15424521267414093
1788650059006770700,0.395770751953125,8.873956680297852,4.172163486480713,-0.12780746817588806
1788650059022804200,0.41180419921875,8.868812561035156,4.1836771965026855,-0.10674582421779633
1788650059038919000,0.4279189453125,8.870033264160156,4.18164587020874,-0.0820586159825325
1788650059054931500,0.443931396484375,8.870877265930176,4.179879665374756,-0.08079590648412704
1788650059071025400,0.460025390625,8.872541427612305,4.17629337310791,-0.08347341418266296
1788650059087044600,0.476044677734375,8.875054359436035,4.170858860015869,-0.08800467103719711
1788650059103063600,0.4920634765625,8.877196311950684,4.166183948516846,-0.09320274740457535
1788650059119130000,0.508130126953125,8.879709243774414,4.160720348358154,-0.09775390475988388
1788650059135155200,0.5241552734375,8.882599830627441,4.154514312744141,-0.09909264743328094
1788650059151260400,0.540260498046875,8.884482383728027,4.15051794052124,-0.09778324514627457
1788650059167277000,0.556277099609375,8.885573387145996,4.148187160491943,-0.09751520305871964
1788650059183312000,0.572311767578125,8.887702941894531,4.143631458282471,-0.09709325432777405
1788650059199378700,0.588378662109375,8.890585899353027,4.1374688148498535,-0.09606708586215973
1788650059215416000,0.604416015625,8.892581939697266,4.133205413818359,-0.0948009043931961
1788650059231481000,0.620481201171875,8.892875671386719,4.132626056671143,-0.09254147112369537
1788650059247499000,0.6364990234375,8.893181800842285,4.1319475173950195,-0.09337975084781647
1788650059263518200,0.652518310546875,8.895277976989746,4.127312183380127,-0.09857490658760071
1788650059279586800,0.6685869140625,8.898252487182617,4.120864391326904,-0.0998273566365242
1788650059295635000,0.684635009765625,8.899476051330566,4.118310451507568,-0.0961407721042633
1788650059311713800,0.7007138671875,8.898748397827148,4.1199631690979,-0.09250033646821976
1788650059327733500,0.7167333984375,8.898609161376953,4.120304584503174,-0.09075155854225159
1788650059343773700,0.732773681640625,8.898513793945312,4.1205267906188965,-0.08999704569578171
1788650059359841500,0.748841552734375,8.898215293884277,4.121159553527832,-0.0905202329158783
1788650059375896000,0.76489599609375,8.898100852966309,4.121505260467529,-0.08591993153095245
1788650059391949800,0.78094970703125,8.897204399108887,4.123534202575684,-0.0812569111585617
1788650059407972900,0.796972900390625,8.89715576171875,4.12357234954834,-0.08463950455188751
1788650059423993900,0.812993896484375,8.899442672729492,4.118395805358887,-0.09554488956928253
1788650059440064800,0.829064697265625,8.90257453918457,4.11126708984375,-0.10973934829235077
1788650059456126500,0.84512646484375,8.9048490524292,4.1060075759887695,-0.12149017304182053
1788650059472215800,0.8612158203125,8.905318260192871,4.1047139167785645,-0.13042141497135162
1788650059488233700,0.877233642578125,8.905035018920898,4.105138301849365,-0.13630250096321106
1788650059504267300,0.893267333984375,8.904391288757324,4.106388568878174,-0.1406247913837433
1788650059520336600,0.909336669921875,8.903956413269043,4.107242107391357,-0.1432262808084488
1788650059536360000,0.92535986328125,8.903090476989746,4.109097003936768,-0.14384619891643524
1788650059552457500,0.94145751953125,8.90149974822998,4.11259651184082,-0.14231467247009277
1788650059568483800,0.95748388671875,8.899413108825684,4.117170810699463,-0.14051084220409393
1788650059584504000,0.973504150390625,8.897514343261719,4.12134313583374,-0.13839253783226013
1788650059600575500,0.989575439453125,8.896345138549805,4.1238861083984375,-0.13778580725193024
1788650059616605700,1.005605712890625,8.895841598510742,4.124919414520264,-0.1393769085407257
1788650059632712700,1.021712646484375,8.896129608154297,4.124165058135986,-0.14326222240924835
1788650059648746500,1.03774658203125,8.896673202514648,4.122804164886475,-0.1485912799835205
1788650059664789500,1.05378955078125,8.897522926330566,4.120702266693115,-0.15584877133369446
1788650059680862500,1.069862548828125,8.899388313293457,4.1164751052856445,-0.16091661155223846
1788650059696905500,1.085905517578125,8.902323722839355,4.1101813316345215,-0.15944643318653107
1788650059712971000,1.101970947265625,8.904479026794434,4.105757236480713,-0.15296463668346405
1788650059729016300,1.118016357421875,8.904974937438965,4.10495138168335,-0.1455482840538025
1788650059745047300,1.13404736328125,8.904280662536621,4.106649875640869,-0.140028178691864
1788650059761117700,1.15011767578125,8.903799057006836,4.107726573944092,-0.13906174898147583
1788650059777164000,1.1661640625,8.904642105102539,4.105801105499268,-0.14193810522556305
1788650059793240600,1.182240478515625,8.907842636108398,4.098796844482422,-0.14349012076854706
1788650059809289200,1.198289306640625,8.911962509155273,4.089808464050293,-0.14412987232208252
1788650059825338600,1.214338623046875,8.915287971496582,4.08268404006958,-0.1404978334903717
1788650059841403600,1.230403564453125,8.91777515411377,4.077409744262695,-0.13565565645694733
1788650059857462000,1.2464619140625,8.920802116394043,4.070888042449951,-0.1324973851442337
1788650059873546500,1.26254638671875,8.924249649047852,4.06337308883667,-0.13099512457847595
1788650059889564400,1.278564453125,8.927286148071289,4.056730270385742,-0.12997856736183167
1788650059905582600,1.29458251953125,8.930109977722168,4.050572395324707,-0.12799659371376038
1788650059921696800,1.31069677734375,8.932326316833496,4.045746803283691,-0.12596315145492554
1788650059937708500,1.32670849609375,8.934568405151367,4.040849685668945,-0.12413444370031357
1788650059953807000,1.34280712890625,8.937078475952148,4.035382270812988,-0.12126623094081879
1788650059969827000,1.3588271484375,8.938394546508789,4.032552719116211,-0.11840875446796417
1788650059985864200,1.3748642578125,8.938124656677246,4.033249378204346,-0.1149253323674202
1788650060001934800,1.390934814453125,8.936968803405762,4.035915851593018,-0.11115677654743195
1788650060017964300,1.40696435546875,8.93599796295166,4.038177967071533,-0.10695888847112656
1788650060034074400,1.423074462890625,8.93626880645752,4.037702560424805,-0.10225202143192291
1788650060050092500,1.439092529296875,8.936944007873535,4.036308765411377,-0.09808682650327682
1788650060066107000,1.45510693359375,8.936990737915039,4.036268711090088,-0.09549031406641006
1788650060082172200,1.471172119140625,8.936540603637695,4.037297248840332,-0.09420439600944519
1788650060098201300,1.487201416015625,8.935730934143066,4.039158344268799,-0.09112875163555145
1788650060114307300,1.503307373046875,8.93493938446045,4.040984630584717,-0.08770688623189926
1788650060130321700,1.51932177734375,8.934708595275879,4.041542053222656,-0.0854576826095581
1788650060146351400,1.535351318359375,8.935534477233887,4.03973913192749,-0.08436543494462967
1788650060162419200,1.551419189453125,8.93692398071289,4.0366902351379395,-0.08318908512592316
1788650060178461200,1.567461181640625,8.938655853271484,4.032871246337891,-0.08236110955476761
1788650060194520300,1.583520263671875,8.940462112426758,4.028904914855957,-0.08039189130067825
1788650060210534000,1.599533935546875,8.942334175109863,4.0247673988342285,-0.07932809740304947
1788650060226546400,1.61554638671875,8.943721771240234,4.021686553955078,-0.07918383181095123
1788650060242609000,1.63160888671875,8.94357967376709,4.021963596343994,-0.081142857670784
1788650060258653400,1.6476533203125,8.941536903381348,4.026463985443115,-0.08302048593759537
1788650060274723600,1.6637236328125,8.939118385314941,4.031838417053223,-0.08264639228582382
1788650060290739000,1.679739013671875,8.936830520629883,4.036947727203369,-0.08064711093902588
1788650060306768000,1.695767822265625,8.934372901916504,4.04241943359375,-0.0788140818476677
1788650060322828000,1.711828125,8.931872367858887,4.047991752624512,-0.07611742615699768
1788650060338881500,1.727881591796875,8.931256294250488,4.049436092376709,-0.07143467664718628
1788650060354967000,1.743967041015625,8.932814598083496,4.04610013961792,-0.06540887802839279
1788650060370985000,1.75998486328125,8.935348510742188,4.040600776672363,-0.059120919555425644
1788650060386999600,1.77599951171875,8.937434196472168,4.036060333251953,-0.05364248901605606
1788650060403065600,1.792065673828125,8.938944816589355,4.032776832580566,-0.048660315573215485
1788650060419077600,1.80807763671875,8.940348625183105,4.0297369956970215,-0.04209774360060692
1788650060435170600,1.824170654296875,8.942007064819336,4.026125907897949,-0.03485069423913956
1788650060451186200,1.840186279296875,8.944462776184082,4.020707607269287,-0.029620792716741562
1788650060467222000,1.856221923828125,8.947559356689453,4.013826370239258,-0.02759469486773014
1788650060483288800,1.872288818359375,8.950867652893066,4.006450176239014,-0.026776911690831184
1788650060499315000,1.88831494140625,8.954018592834473,3.999422550201416,-0.02392360381782055
1788650060515414300,1.904414306640625,8.955930709838867,3.99515962600708,-0.019527707248926163
1788650060531428900,1.920428955078125,8.956490516662598,3.9939236640930176,-0.015497429296374321
1788650060547441000,1.93644091796875,8.956542015075684,3.99381947517395,-0.01253737322986126
1788650060563510000,1.952510009765625,8.956976890563965,3.9928503036499023,-0.010034706443548203
1788650060579542300,1.968542236328125,8.958341598510742,3.9897921085357666,-0.007949132472276688
1788650060595652000,1.984652099609375,8.960599899291992,3.984719753265381,-0.006413593422621489
1788650060611679700,2.0006796875,8.963404655456543,3.978408098220825,-0.006775887683033943
1788650060627714600,2.016714599609375,8.96701717376709,3.970254898071289,-0.008518091402947903
1788650060643781600,2.03278173828125,8.970760345458984,3.961784601211548,-0.010925518348813057
1788650060659817200,2.048817138671875,8.97390365600586,3.954648971557617,-0.013847981579601765
1788650060675887400,2.064887451171875,8.976639747619629,3.948422431945801,-0.0164329931139946
1788650060691931000,2.080930908203125,8.9796781539917,3.9415042400360107,-0.017535949125885963
1788650060707962400,2.09696240234375,8.983048439025879,3.9338223934173584,-0.01607983186841011
1788650060724031000,2.113031005859375,8.985563278198242,3.9280924797058105,-0.012062632478773594
1788650060740102700,2.1291025390625,8.986860275268555,3.925130605697632,-0.00933558214455843
1788650060756172000,2.145172119140625,8.987508773803711,3.923642635345459,-0.009973806329071522
1788650060772221700,2.1612216796875,8.987789154052734,3.9229888916015625,-0.01416077371686697
1788650060788276000,2.17727587890625,8.98756217956543,3.923487901687622,-0.01907561719417572
1788650060804343300,2.19334326171875,8.986703872680664,3.92543625831604,-0.021979447454214096
1788650060820356000,2.209356201171875,8.984806060791016,3.929793119430542,-0.019070684909820557
1788650060836446500,2.225446533203125,8.98193073272705,3.936392307281494,-0.011226619593799114
1788650060852462600,2.241462646484375,8.97944450378418,3.9420764446258545,-0.0011993658263236284
1788650060868474600,2.257474609375,8.977699279785156,3.946040153503418,0.008472790941596031
1788650060884539400,2.273539306640625,8.975438117980957,3.9511594772338867,0.015300664119422436
1788650060900555800,2.2895556640625,8.973271369934082,3.9560751914978027,0.016544198617339134
1788650060916657700,2.30565771484375,8.971024513244629,3.9611637592315674,0.017168795689940453
1788650060932677000,2.321677001953125,8.968222618103027,3.967493772506714,0.01897716149687767
1788650060948708600,2.33770849609375,8.964559555053711,3.9757537841796875,0.021264979615807533
1788650060964772000,2.353772216796875,8.96068286895752,3.9844484329223633,0.02690587192773819
1788650060980792600,2.36979248046875,8.956886291503906,3.9928762912750244,0.038959335535764694
1788650060996892400,2.385892333984375,8.950482368469238,4.007015228271484,0.055433500558137894
1788650061012910000,2.40191015625,8.940682411193848,4.028522491455078,0.07484123110771179
1788650061028931600,2.417931640625,8.927741050720215,4.056711673736572,0.09438304603099823
1788650061045001500,2.43400146484375,8.913277626037598,4.087798595428467,0.11740699410438538
1788650061061036500,2.45003662109375,8.900389671325684,4.114986896514893,0.14263027906417847
1788650061077102600,2.4661025390625,8.889314651489258,4.138014316558838,0.16531381011009216
1788650061093122000,2.4821220703125,8.878822326660156,4.159865379333496,0.1800752878189087
1788650061109156000,2.498156005859375,8.868770599365234,4.181049346923828,0.1847427487373352
1788650061125225200,2.51422509765625,8.85952091217041,4.200757026672363,0.18140344321727753
1788650061141259300,2.53025927734375,8.849509239196777,4.222053527832031,0.1756146252155304
1788650061157322800,2.54632275390625,8.836213111877441,4.250064373016357,0.169326052069664
1788650061173340000,2.56233984375,8.81851577758789,4.286876678466797,0.1638648509979248
1788650061189357300,2.578357421875,8.799467086791992,4.325989723205566,0.15989017486572266
1788650061205424000,2.594424072265625,8.781845092773438,4.361770153045654,0.15670466423034668
1788650061221469200,2.61046923828125,8.766105651855469,4.393413066864014,0.15397311747074127
1788650061237542100,2.626542236328125,8.750895500183105,4.423738479614258,0.15082760155200958
1788650061253562400,2.642562255859375,8.735206604003906,4.454714775085449,0.14851157367229462
1788650061269594600,2.6585947265625,8.71828842163086,4.487755298614502,0.1479230374097824
1788650061285664500,2.67466455078125,8.70094108581543,4.521162986755371,0.15195108950138092
1788650061301721900,2.690721923828125,8.684428215026855,4.5525054931640625,0.16058818995952606
1788650061317821200,2.7068212890625,8.668855667114258,4.58175802230835,0.16974714398384094
1788650061333843700,2.72284375,8.654115676879883,4.609271049499512,0.17689676582813263
1788650061349864000,2.738864013671875,8.640396118164062,4.634781837463379,0.18093183636665344
1788650061365931800,2.754931884765625,8.627151489257812,4.659298419952393,0.18326495587825775
1788650061381950000,2.770949951171875,8.614232063293457,4.683176040649414,0.18235570192337036
1788650061398035200,2.78703515625,8.602723121643066,4.704427242279053,0.17861947417259216
1788650061414055400,2.803055419921875,8.594341278076172,4.7200446128845215,0.1698841154575348
1788650061430091300,2.81909130859375,8.592652320861816,4.723586559295654,0.15634959936141968
1788650061446157600,2.835157470703125,8.598298072814941,4.713789939880371,0.1408909261226654
1788650061462181600,2.851181640625,8.604316711425781,4.703057765960693,0.1318085491657257
1788650061478285000,2.86728515625,8.607098579406738,4.697949409484863,0.13234226405620575
1788650061494307800,2.883307861328125,8.60473346710205,4.702183723449707,0.13572481274604797
1788650061510323200,2.8993232421875,8.598905563354492,4.712947845458984,0.13168865442276
1788650061526388500,2.915388427734375,8.59553050994873,4.719257354736328,0.12592348456382751
1788650061542420700,2.931420654296875,8.60063648223877,4.71010684967041,0.11970197409391403
1788650061558529000,2.947529052734375,8.618592262268066,4.677382946014404,0.11111505329608917
1788650061574563000,2.96356298828125,8.641464233398438,4.635249137878418,0.0997626930475235
1788650061590595000,2.979594970703125,8.664485931396484,4.592398166656494,0.08336104452610016
1788650061606641000,2.995640869140625,8.675904273986816,4.5710978507995605,0.06434625387191772
1788650061622664400,3.01166455078125,8.67004108428955,4.582399845123291,0.04876414313912392
1788650061638733300,3.0277333984375,8.646476745605469,4.626800537109375,0.03942424803972244
1788650061654782000,3.043781982421875,8.610980987548828,4.692470073699951,0.04588818550109863
1788650061670810400,3.059810302734375,8.578102111816406,4.752030849456787,0.06902001798152924
1788650061686865200,3.075865234375,8.55847454071045,4.786784648895264,0.09792707115411758
1788650061702896000,3.091896240234375,8.548566818237305,4.8037428855896,0.12826229631900787
1788650061718930200,3.10793017578125,8.546856880187988,4.80612850189209,0.15087565779685974
1788650061734972200,3.12397216796875,8.551634788513184,4.797240257263184,0.16249945759773254
1788650061751024400,3.1400244140625,8.561087608337402,4.780335426330566,0.16299550235271454
1788650061767129300,3.15612939453125,8.572630882263184,4.759853363037109,0.15551643073558807
1788650061783142400,3.172142333984375,8.582498550415039,4.742456912994385,0.14216004312038422
1788650061799234300,3.188234375,8.614522933959961,4.685047626495361,0.1034713014960289
1788650061815256300,3.20425634765625,8.637207984924316,4.643768787384033,0.06654716283082962
1788650061831272400,3.2202724609375,8.653190612792969,4.614282131195068,0.032770708203315735
1788650061847387600,3.2363876953125,8.6666259765625,4.589115619659424,0.0024259851779788733
1788650061863401700,3.252401611328125,8.678651809692383,4.566288471221924,-0.02002842351794243
1788650061879496200,3.26849609375,8.688894271850586,4.546695709228516,-0.032556407153606415
1788650061895515000,3.284514892578125,8.698139190673828,4.528980731964111,-0.033108051866292953
1788650061911553800,3.3005537109375,8.707679748535156,4.510667324066162,-0.024341976270079613
1788650061927626500,3.31662646484375,8.718863487243652,4.489066123962402,-0.009319617412984371
1788650061943655700,3.33265576171875,8.72990894317627,4.467550754547119,0.008760010823607445
1788650061959760600,3.3487607421875,8.738991737365723,4.449665069580078,0.029957551509141922
1788650061975779300,3.364779296875,8.745119094848633,4.4374165534973145,0.0510905385017395
1788650061991799600,3.380799560546875,8.748639106750488,4.430243492126465,0.06815784424543381
1788650062007865900,3.396865966796875,8.752288818359375,4.422896385192871,0.07626118510961533
1788650062023903200,3.4129033203125,8.758691787719727,4.410280704498291,0.07162705808877945
1788650062039966000,3.428966064453125,8.76803207397461,4.391897201538086,0.05694551020860672
1788650062055985400,3.4449853515625,8.7728271484375,4.382524013519287,0.037160724401474
1788650062071988700,3.46098876953125,8.772002220153809,4.384311199188232,0.012732348404824734
1788650062088054800,3.4770546875,8.771899223327637,4.3844804763793945,-0.022302798926830292
1788650062104095500,3.493095458984375,8.772244453430176,4.383636474609375,-0.04294358193874359
1788650062120156200,3.50915625,8.774704933166504,4.378729343414307,-0.040847048163414
1788650062136171300,3.525171142578125,8.776686668395996,4.374940872192383,-0.007628522347658873
1788650062152185000,3.54118505859375,8.777914047241211,4.372339725494385,0.03537672758102417
1788650062168251100,3.557251220703125,8.776129722595215,4.375412464141846,0.07550196349620819
1788650062184300300,3.57330029296875,8.771576881408691,4.383737087249756,0.11257190257310867
1788650062200382000,3.5893818359375,8.773569107055664,4.378252983093262,0.16052578389644623
1788650062216399000,3.605399169921875,8.790437698364258,4.342670440673828,0.19951149821281433
1788650062232433000,3.621432861328125,8.822598457336426,4.2761616706848145,0.2158365398645401
1788650062248478000,3.63747802734375,8.85854721069336,4.201951026916504,0.20037604868412018
1788650062264510500,3.653510498046875,8.881226539611816,4.155277729034424,0.1669275015592575
1788650062280582700,3.669582763671875,8.880288124084473,4.1586012840271,0.13000310957431793
1788650062296601900,3.685601806640625,8.853339195251465,4.216423988342285,0.10272526741027832
1788650062312619500,3.70161962890625,8.813210487365723,4.299924373626709,0.09145093709230423
1788650062328667000,3.7176669921875,8.773260116577148,4.380517959594727,0.10650774091482162
1788650062344716800,3.733716796875,8.746652603149414,4.432079315185547,0.15208163857460022
1788650062360813300,3.749813232421875,8.734673500061035,4.453159332275391,0.21272321045398712
1788650062376821000,3.765821044921875,8.733495712280273,4.452827453613281,0.26225748658180237
1788650062392851500,3.7818515625,8.736751556396484,4.445207595825195,0.2822868824005127
1788650062408919300,3.797919189453125,8.741539001464844,4.436733722686768,0.26697787642478943
1788650062424951000,3.813950927734375,8.74567985534668,4.430838584899902,0.22615502774715424
1788650062441045200,3.830045166015625,8.749670028686523,4.4254961013793945,0.1692555695772171
1788650062457067800,3.84606787109375,8.753567695617676,4.41980504989624,0.10378321260213852
1788650062473085700,3.862085693359375,8.756832122802734,4.414410591125488,0.03541092202067375
1788650062489154800,3.87815478515625,8.760425567626953,4.407341480255127,-0.02603076957166195
1788650062505188400,3.894188232421875,8.763580322265625,4.400600910186768,-0.06896036118268967
1788650062521293800,3.9102939453125,8.765628814697266,4.396127700805664,-0.09063410013914108
1788650062537325000,3.926324951171875,8.767848014831543,4.391720771789551,-0.08959189802408218
1788650062553354500,3.9423544921875,8.770167350769043,4.387340545654297,-0.07606448978185654
1788650062569419000,3.9584189453125,8.77283763885498,4.382211685180664,-0.06272373348474503
1788650062585460500,3.97446044921875,8.776317596435547,4.375303745269775,-0.0579996220767498
1788650062601525200,3.990525146484375,8.781671524047852,4.364442348480225,-0.06539221853017807
1788650062617561600,4.0065615234375,8.79011058807373,4.347182750701904,-0.07960512489080429
1788650062633590500,4.022590576171875,8.800366401672363,4.326155185699463,-0.09119600802659988
1788650062649657300,4.0386572265625,8.809347152709961,4.30771541595459,-0.09688808768987656
1788650062665707500,4.05470751953125,8.815865516662598,4.294397830963135,-0.095183365046978
1788650062681781500,4.070781494140625,8.819347381591797,4.287380218505859,-0.08880261331796646
1788650062697833000,4.0868330078125,8.817669868469238,4.2909369468688965,-0.08332045376300812
1788650062713867800,4.10286767578125,8.809030532836914,4.308689594268799,-0.08105123043060303
1788650062729976600,4.1189765625,8.796792984008789,4.333490371704102,-0.08767572790384293
1788650062745989600,4.13498974609375,8.78115463256836,4.364933013916016,-0.09521634876728058
1788650062762081000,4.1510810546875,8.760880470275879,4.405432224273682,-0.09760120511054993
1788650062778100700,4.167100830078125,8.745667457580566,4.435457229614258,-0.1020474061369896
1788650062794117600,4.18311767578125,8.740307807922363,4.4459075927734375,-0.10637038201093674
1788650062810187300,4.199187255859375,8.741110801696777,4.444371700286865,-0.10456479340791702
1788650062826210800,4.2152109375,8.739294052124023,4.448093414306641,-0.0979120209813118
1788650062842314500,4.231314453125,8.731393814086914,4.4636759757995605,-0.09351100772619247
1788650062858333700,4.247333740234375,8.717114448547363,4.49138879776001,-0.09867244958877563
1788650062874367000,4.263366943359375,8.69877815246582,4.526399612426758,-0.11559665948152542
1788650062890431200,4.27943115234375,8.68682861328125,4.548854827880859,-0.13159780204296112
1788650062906454500,4.29545458984375,8.690110206604004,4.542083740234375,-0.1477942019701004
1788650062922563000,4.31156298828125,8.703022003173828,4.517297267913818,-0.14771650731563568
1788650062938583000,4.3275830078125,8.718423843383789,4.4879984855651855,-0.1316751390695572
1788650062954601200,4.343601318359375,8.72787094116211,4.470427513122559,-0.099640853703022
1788650062970646500,4.359646484375,8.729253768920898,4.468453884124756,-0.05856924131512642
1788650062986683600,4.37568359375,8.725152969360352,4.476810455322266,-0.016466857865452766
1788650063002741000,4.391740966796875,8.720409393310547,4.4860310554504395,0.01961885578930378
1788650063018761000,4.407760986328125,8.715940475463867,4.494542121887207,0.043077729642391205
1788650063034939400,4.423939453125,8.71540641784668,4.4955220222473145,0.048627108335494995
1788650063050848300,4.43984814453125,8.719959259033203,4.486772060394287,0.03963533416390419
1788650063066907000,4.455906982421875,8.723258018493652,4.480477333068848,0.021939627826213837
1788650063082975200,4.471975341796875,8.730525970458984,4.466351509094238,-0.002926810644567013
1788650063098991600,4.48799169921875,8.738138198852539,4.451332092285156,-0.031237909570336342
1788650063115007200,4.50400732421875,8.763712882995605,4.40040397644043,-0.06460647284984589
1788650063131072000,4.520072021484375,8.784071922302246,4.359020233154297,-0.09700542688369751
1788650063147127800,4.5361279296875,8.799095153808594,4.3279266357421875,-0.12396258860826492
1788650063163227100,4.55222705078125,8.808303833007812,4.308581352233887,-0.14245811104774475
1788650063179247900,4.568247802734375,8.8125638961792,4.299609661102295,-0.1498463898897171
1788650063195281400,4.584281494140625,8.81568431854248,4.293285369873047,-0.14767400920391083
1788650063211351600,4.6003515625,8.820590019226074,4.283482074737549,-0.13913345336914062
1788650063227364400,4.6163642578125,8.82692813873291,4.270674705505371,-0.13062453269958496
1788650063243454000,4.632453857421875,8.83344554901123,4.25731897354126,-0.12594681978225708
1788650063259477800,4.648477783203125,8.840998649597168,4.241796493530273,-0.11956914514303207
1788650063275495700,4.66449560546875,8.848800659179688,4.225901126861572,-0.1042981818318367
1788650063291566300,4.68056640625,8.855770111083984,4.211811542510986,-0.07972827553749084
1788650063307582000,4.69658203125,8.862310409545898,4.198465824127197,-0.05222608149051666
1788650063323675100,4.712675048828125,8.869267463684082,4.183960914611816,-0.03097023442387581
1788650063339696400,4.7286962890625,8.876702308654785,4.168222427368164,-0.02167074754834175
1788650063355735600,4.744735595703125,8.883018493652344,4.154719352722168,-0.025998877361416817
1788650063371807700,4.760807861328125,8.885578155517578,4.149136066436768,-0.039524201303720474
1788650063387837000,4.7768369140625,8.882479667663574,4.155508518218994,-0.060763899236917496
1788650063403916000,4.792916015625,8.873604774475098,4.173973083496094,-0.08642108738422394
1788650063419948500,4.808948486328125,8.861259460449219,4.19952917098999,-0.11149974167346954
1788650063435970000,4.824969970703125,8.848963737487793,4.224949359893799,-0.12662242352962494
1788650063452039000,4.841038818359375,8.846410751342773,4.230752468109131,-0.11013532429933548
1788650063468075800,4.85707568359375,8.858905792236328,4.205677509307861,-0.04954568296670914
1788650063484134100,4.873134033203125,8.874736785888672,4.172399520874023,0.02257971651852131
1788650063500169500,4.88916943359375,8.889431953430176,4.140289783477783,0.07986713945865631
1788650063516215000,4.905215087890625,8.89910888671875,4.118901252746582,0.1043616384267807
1788650063532259600,4.921259521484375,8.900702476501465,4.1154255867004395,0.10567937046289444
1788650063548283600,4.93728369140625,8.894771575927734,4.127753734588623,0.12282419949769974
1788650063564351500,4.9533515625,8.889208793640137,4.137659549713135,0.1792224943637848
1788650063580394800,4.969394775390625,8.891146659851074,4.130611896514893,0.23653773963451385
1788650063596431000,4.98543115234375,8.901741027832031,4.106435775756836,0.2580268681049347
1788650063612491300,5.0014912109375,8.915279388427734,4.078736305236816,0.22822731733322144
1788650063628536600,5.01753662109375,8.922555923461914,4.066388130187988,0.1512877494096756
1788650063644624000,5.033623779296875,8.917048454284668,4.080646514892578,0.07047832757234573
1788650063660642800,5.049642822265625,8.899563789367676,4.119184494018555,0.021829957142472267
1788650063676676400,5.06567626953125,8.880636215209961,4.159836769104004,0.021367453038692474
1788650063692782300,5.0817822265625,8.871492385864258,4.179038047790527,0.05153181776404381
1788650063708808000,5.097807861328125,8.876823425292969,4.166965961456299,0.09375212341547012
1788650063724905000,5.113905029296875,8.894634246826172,4.128032207489014,0.12339520454406738
1788650063740927500,5.129927490234375,8.915956497192383,4.0815229415893555,0.13143672049045563
1788650063756949000,5.145948974609375,8.932937622070312,4.044642448425293,0.11778748035430908
1788650063773011000,5.162010986328125,8.943425178527832,4.022091865539551,0.0912528932094574
1788650063789022000,5.17802197265625,8.948485374450684,4.011441707611084,0.05765705928206444
1788650063805120000,5.1941201171875,8.949459075927734,4.009651184082031,0.016138868406414986
1788650063821140200,5.21014013671875,8.94584846496582,4.017584800720215,-0.03444130718708038
1788650063837176000,5.226176025390625,8.941622734069824,4.026102542877197,-0.09093772619962692
1788650063853244400,5.242244384765625,8.93785572052002,4.032698631286621,-0.149876207113266
1788650063869271800,5.258271728515625,8.935656547546387,4.0351362228393555,-0.20518065989017487
1788650063885384000,5.274384033203125,8.935946464538574,4.032058238983154,-0.24851292371749878
1788650063901405200,5.2904052734375,8.939756393432617,4.021493911743164,-0.280566930770874
1788650063917424000,5.306424072265625,8.947105407714844,4.003235816955566,-0.30625829100608826
1788650063933493200,5.3224931640625,8.956046104431152,3.981276750564575,-0.33023953437805176
1788650063949528000,5.338528076171875,8.963522911071777,3.9623734951019287,-0.3538993299007416
1788650063965589200,5.35458935546875,8.96701431274414,3.9522664546966553,-0.3776606619358063
1788650063981608000,5.37060791015625,8.967673301696777,3.9485583305358887,-0.40012437105178833
1788650063997645600,5.3866455078125,8.965666770935059,3.950566291809082,-0.42453473806381226
1788650064013716000,5.402716064453125,8.96096134185791,3.9583046436309814,-0.45098811388015747
1788650064029763800,5.418763916015625,8.954084396362305,3.9708237648010254,-0.47677746415138245
1788650064045848000,5.43484814453125,8.944758415222168,3.9891669750213623,-0.498218834400177
1788650064061868300,5.450868408203125,8.93165111541748,4.01671028137207,-0.5118882060050964
1788650064077887500,5.466887451171875,8.914239883422852,4.0543975830078125,-0.5182324647903442
1788650064093958000,5.4829580078125,8.893479347229004,4.099868297576904,-0.5172034502029419
1788650064110005800,5.499005859375,8.87315845489502,4.145111560821533,-0.5054758787155151
1788650064126082800,5.515082763671875,8.860397338867188,4.176314830780029,-0.47132202982902527
1788650064142099000,5.531098876953125,8.854094505310059,4.195441722869873,-0.4167187809944153
1788650064158130400,5.54713037109375,8.848885536193848,4.21184778213501,-0.3576803505420685
1788650064174171000,5.5631708984375,8.837804794311523,4.2381510734558105,-0.3188543915748596
1788650064198253000,5.587253173828125,8.807374000549316,4.301673412322998,-0.31009870767593384
1788650064214302200,5.60330224609375,8.79020881652832,4.336097240447998,-0.31761378049850464
1788650064230316000,5.61931591796875,8.786581039428711,4.342561721801758,-0.3294529318809509
1788650064246360600,5.635360595703125,8.794315338134766,4.326169013977051,-0.3386063873767853
1788650064262424600,5.651424560546875,8.804359436035156,4.306005954742432,-0.3345957398414612
1788650064278504400,5.66750439453125,8.804829597473145,4.306280612945557,-0.318292498588562
1788650064294534100,5.6835341796875,8.793695449829102,4.330554485321045,-0.2959877848625183
1788650064310551600,5.699551513671875,8.776176452636719,4.367906093597412,-0.265555739402771
1788650064326578200,5.715578125,8.76149845123291,4.399305820465088,-0.22943755984306335
1788650064342624500,5.73162451171875,8.756386756896973,4.411224842071533,-0.19278642535209656
1788650064358698000,5.747697998046875,8.77045726776123,4.383805751800537,-0.17804910242557526
1788650064374753500,5.76375341796875,8.80799388885498,4.307396411895752,-0.18966515362262726
1788650064390771200,5.779771240234375,8.822782516479492,4.277414798736572,-0.1806081384420395
1788650064406820400,5.7958203125,8.841854095458984,4.238052845001221,-0.17583134770393372
1788650064422868000,5.811867919921875,8.863037109375,4.193586826324463,-0.1754949539899826
1788650064438905300,5.8279052734375,8.88241958618164,4.152185440063477,-0.17990779876708984
1788650064454962700,5.843962646484375,8.91093921661377,4.0899786949157715,-0.1939641684293747
1788650064470980000,5.85997998046875,8.927971839904785,4.051851272583008,-0.2102411985397339
1788650064487004200,5.876004150390625,8.9349365234375,4.035575866699219,-0.22680523991584778
1788650064503050000,5.892050048828125,8.941057205200195,4.021222114562988,-0.2401198446750641
1788650064519099000,5.908098876953125,8.94994068145752,4.001033306121826,-0.24634230136871338
1788650064535177700,5.924177734375,8.962023735046387,3.973947763442993,-0.24547618627548218
1788650064551206700,5.94020654296875,8.976804733276367,3.940908193588257,-0.23794592916965485
1788650064567256300,5.95625634765625,8.993168830871582,3.9042165279388428,-0.22446948289871216
1788650064583330300,5.972330322265625,9.010838508605957,3.8642044067382812,-0.2075844705104828
1788650064599389000,5.988388916015625,9.027298927307129,3.826364517211914,-0.19283801317214966
1788650064615435800,6.004435791015625,9.03858470916748,3.7999842166900635,-0.18571503460407257
1788650064631446800,6.02044677734375,9.043130874633789,3.7891170978546143,-0.18642295897006989
1788650064647510500,6.036510498046875,9.042024612426758,3.7917768955230713,-0.18602322041988373
1788650064663552000,6.052552001953125,9.03873062133789,3.7997355461120605,-0.183692067861557
1788650064679635000,6.068635009765625,9.034021377563477,3.810732364654541,-0.18752090632915497
1788650064695683800,6.084683837890625,9.025948524475098,3.8291988372802734,-0.19972777366638184
1788650064711695400,6.1006953125,9.006743431091309,3.8723342418670654,-0.23236046731472015
1788650064727741400,6.116741455078125,8.983602523803711,3.924189329147339,-0.25692740082740784
1788650064743808500,6.13280859375,8.958118438720703,3.9813475608825684,-0.2671552896499634
1788650064759889000,6.148888916015625,8.946207046508789,4.009591579437256,-0.2427850365638733
1788650064775938000,6.16493798828125,8.952681541442871,3.998427391052246,-0.18017689883708954
1788650064791951000,6.180951171875,8.966130256652832,3.97096586227417,-0.10157770663499832
1788650064807988500,6.196988525390625,8.980228424072266,3.940218210220337,-0.023915201425552368
1788650064824018400,6.213018310546875,8.990255355834961,3.9171738624572754,0.0380542017519474
1788650064840061700,6.229061767578125,8.992901802062988,3.9105489253997803,0.07552453875541687
1788650064856080600,6.24508056640625,8.990188598632812,3.9157497882843018,0.11747969686985016
1788650064872084700,6.261084716796875,8.987924575805664,3.9193053245544434,0.16322393715381622
1788650064888118000,6.277117919921875,8.991775512695312,3.9092888832092285,0.189303919672966
1788650064904177700,6.293177734375,9.004481315612793,3.879952907562256,0.18888749182224274
1788650064920204000,6.3092041015625,9.020601272583008,3.8441317081451416,0.14764073491096497
1788650064936234200,6.325234130859375,9.028154373168945,3.8283824920654297,0.0794171616435051
1788650064952242400,6.341242431640625,9.021124839782715,3.845716953277588,0.012999182567000389
1788650064968294000,6.3572939453125,9.001429557800293,3.8915610313415527,-0.019999563694000244
1788650064984354600,6.3733544921875,8.978084564208984,3.945160388946533,-0.009824278764426708
1788650065000400400,6.389400390625,8.95880126953125,3.9885735511779785,0.03933342918753624
1788650065016438800,6.405438720703125,8.946086883544922,4.0157856941223145,0.10666311532258987
1788650065032449300,6.42144921875,8.938035011291504,4.031185150146484,0.17737649381160736
1788650065048483800,6.43748388671875,8.93236255645752,4.040642738342285,0.23766320943832397
1788650065064546300,6.45354638671875,8.931816101074219,4.039550304412842,0.27401846647262573
1788650065080598800,6.469598876953125,8.938308715820312,4.024378776550293,0.2853055000305176
1788650065096637700,6.4856376953125,8.947909355163574,4.003530979156494,0.27757787704467773
1788650065112648200,6.501648193359375,8.953590393066406,3.9926347732543945,0.2499556988477707
1788650065128667600,6.517667724609375,8.950502395629883,4.002187252044678,0.20344902575016022
1788650065144728800,6.533728759765625,8.944525718688965,4.017980575561523,0.1471921056509018
1788650065160786700,6.54978662109375,8.941855430603027,4.025727272033691,0.0844019278883934
1788650065176810000,6.56581005859375,8.945446968078613,4.018593788146973,0.016344839707016945
1788650065192823600,6.581823486328125,8.954764366149902,3.9974873065948486,-0.05182414874434471
1788650065208864500,6.597864501953125,8.968413352966309,3.965482234954834,-0.11357085406780243
1788650065224906000,6.613906005859375,8.98324966430664,3.9300248622894287,-0.16283383965492249
1788650065240973800,6.629973876953125,8.996463775634766,3.89800763130188,-0.19889570772647858
1788650065257022500,6.6460224609375,9.007257461547852,3.8716835975646973,-0.2231011986732483
1788650065273029600,6.662029541015625,9.01445484161377,3.854011297225952,-0.2379075437784195
1788650065289085400,6.67808544921875,9.01790714263916,3.8454031944274902,-0.24618232250213623
1788650065305137400,6.694137451171875,9.0169038772583,3.8478450775146484,-0.2447768747806549
1788650065321176000,6.710176025390625,9.011412620544434,3.861370086669922,-0.2337826043367386
1788650065337218800,6.72621875,9.003544807434082,3.880270481109619,-0.22373342514038086
1788650065353221000,6.74222119140625,8.99143123626709,3.90872859954834,-0.21536898612976074
1788650065369259000,6.758259033203125,8.975597381591797,3.9449944496154785,-0.21461357176303864
1788650065385312300,6.774312255859375,8.958456993103027,3.9833805561065674,-0.22161322832107544
1788650065401350000,6.790349853515625,8.936598777770996,4.032354831695557,-0.21839170157909393
1788650065417415700,6.806415771484375,8.921502113342285,4.066037178039551,-0.21102482080459595
1788650065433436700,6.822436767578125,8.916797637939453,4.077358722686768,-0.19037294387817383
1788650065449495800,6.838495849609375,8.917123794555664,4.077614784240723,-0.16834354400634766
1788650065465539800,6.854539794921875,8.914158821105957,4.084275245666504,-0.16385479271411896
1788650065481584600,6.870584716796875,8.903454780578613,4.107072830200195,-0.17555230855941772
1788650065497659000,6.886658935546875,8.891913414001465,4.1318359375,-0.17943668365478516
1788650065513689000,6.902689208984375,8.890176773071289,4.136147975921631,-0.16557671129703522
1788650065529729300,6.918729248046875,8.90170669555664,4.112459182739258,-0.13299444317817688
1788650065545760300,6.93476025390625,8.918540000915527,4.0770463943481445,-0.08786788582801819
1788650065561815600,6.950815673828125,8.926834106445312,4.059509754180908,-0.04892996326088905
1788650065577833700,6.966833740234375,8.919785499572754,4.075231075286865,-0.017430443316698074
1788650065593841200,6.982841064453125,8.898780822753906,4.120914936065674,0.012109175324440002
1788650065609876500,6.99887646484375,8.876849174499512,4.167699813842773,0.047092005610466
1788650065625904600,7.014904541015625,8.86286449432373,4.19684362411499,0.08073285222053528
1788650065641969200,7.03096923828125,8.86087703704834,4.2006611824035645,0.09849807620048523
1788650065657999600,7.04699951171875,8.865987777709961,4.1898512840271,0.09895101189613342
1788650065674004700,7.063004638671875,8.873605728149414,4.174102783203125,0.07982633262872696
1788650065690033700,7.07903369140625,8.8801908493042,4.160513877868652,0.052194882184267044
1788650065706081300,7.095081298828125,8.884684562683105,4.151148796081543,0.02697298303246498
1788650065722151700,7.111151611328125,8.887838363647461,4.144479274749756,0.0031286533921957016
1788650065738187500,7.1271875,8.89909553527832,4.120208740234375,-0.01921769231557846
1788650065754188300,7.143188232421875,8.906521797180176,4.104041576385498,-0.0331236869096756
1788650065770238700,7.15923876953125,8.909506797790527,4.097504138946533,-0.03915851190686226
1788650065786279400,7.175279541015625,8.909492492675781,4.097538471221924,-0.0389578714966774
1788650065802354200,7.191354248046875,8.907894134521484,4.101028919219971,-0.03685549274086952
1788650065818393600,7.2073935546875,8.906423568725586,4.10422945022583,-0.036106355488300323
1788650065834395600,7.223395751953125,8.906156539916992,4.104798316955566,-0.03724581003189087
1788650065850433800,7.239433837890625,8.907588958740234,4.1017069816589355,-0.035304028540849686
1788650065866484000,7.25548388671875,8.911358833312988,4.093565464019775,-0.02816913276910782
1788650065882514700,7.2715146484375,8.917450904846191,4.080348968505859,-0.014436156488955021
1788650065898556200,7.28755615234375,8.924600601196289,4.064711570739746,-0.0008713029674254358
1788650065914564900,7.30356494140625,8.932649612426758,4.0469841957092285,0.009155512787401676
1788650065930618600,7.31961865234375,8.9395170211792,4.031781196594238,0.013273980468511581
1788650065946678500,7.335678466796875,8.942893028259277,4.024301528930664,0.006696867290884256
1788650065962715400,7.35171533203125,8.94272232055664,4.024661540985107,-0.013952172361314297
1788650065978753800,7.36775390625,8.94031810760498,4.029795169830322,-0.04304097965359688
1788650065994760000,7.383760009765625,8.934404373168945,4.042439937591553,-0.07404555380344391
1788650066010793000,7.39979296875,8.924731254577637,4.063360691070557,-0.09300196170806885
1788650066026861600,7.415861572265625,8.919740676879883,4.074617385864258,-0.0781518965959549
1788650066042907600,7.43190771484375,8.919833183288574,4.07507848739624,-0.026319121941924095
1788650066066959400,7.45595947265625,8.924059867858887,4.065102577209473,0.0805441215634346
1788650066082961000,7.4719609375,8.92836856842041,4.054429054260254,0.1273876279592514
1788650066098998300,7.487998291015625,8.934270858764648,4.041193008422852,0.1339755654335022
1788650066115029800,7.50402978515625,8.941165924072266,4.025961399078369,0.13257168233394623
1788650066131126300,7.520126220703125,8.952012062072754,4.001099586486816,0.15183936059474945
1788650066147133400,7.536133544921875,8.97255802154541,3.9538955688476562,0.17405344545841217
1788650066163138300,7.55213818359375,8.998578071594238,3.894362211227417,0.1729438751935959
1788650066179172000,7.568172119140625,9.021531105041504,3.842085599899292,0.14403298497200012
1788650066195217400,7.584217529296875,9.035548210144043,3.8106987476348877,0.08852752298116684
1788650066211304200,7.60030419921875,9.03785514831543,3.806185007095337,0.022943872958421707
1788650066227317200,7.616317138671875,9.027254104614258,3.831155776977539,-0.03622289374470711
1788650066243344000,7.63234375,9.00553035736084,3.881526231765747,-0.06763020902872086
1788650066259391500,7.6483916015625,8.981328964233398,3.937302589416504,-0.061403367668390274
1788650066275395800,7.664395751953125,8.96277904510498,3.9797651767730713,-0.021307941526174545
1788650066291479000,7.68047900390625,8.951937675476074,4.003997325897217,0.03464731574058533
1788650066307495000,7.696494873046875,8.947722434997559,4.0125412940979,0.09032054245471954
1788650066323505000,7.7125048828125,8.94933795928955,4.007733345031738,0.13343016803264618
1788650066339564000,7.72856396484375,8.954769134521484,3.9948232173919678,0.15455614030361176
1788650066355595000,7.744594970703125,8.962096214294434,3.978785276412964,0.14311912655830383
1788650066371646000,7.76064599609375,8.969367980957031,3.96362042427063,0.1027018129825592
1788650066387673000,7.776673095703125,8.97525405883789,3.951366662979126,0.043712008744478226
1788650066403699500,7.792699462890625,8.978959083557129,3.943127155303955,-0.020577654242515564
1788650066419710700,7.808710693359375,8.981142044067383,3.9374611377716064,-0.07667889446020126
1788650066435751000,7.8247509765625,8.98303508758545,3.932161331176758,-0.11652414500713348
1788650066451842000,7.840842041015625,8.98493766784668,3.927093744277954,-0.13863953948020935
1788650066467878100,7.856878173828125,8.986804962158203,3.9223597049713135,-0.15105199813842773
1788650066483904000,7.872904052734375,8.988804817199707,3.91735577583313,-0.16157931089401245
1788650066500004600,7.889004638671875,8.991312980651855,3.910947799682617,-0.17650844156742096
1788650066516000800,7.905000732421875,8.995464324951172,3.9004743099212646,-0.19571635127067566
1788650066532081400,7.921081298828125,8.999320983886719,3.890674114227295,-0.21274514496326447
1788650066548091400,7.93709130859375,9.00057315826416,3.887169361114502,-0.22355638444423676
1788650066564113000,7.95311279296875,8.997870445251465,3.893103837966919,-0.2290450483560562
1788650066580210400,7.96921044921875,8.991287231445312,3.9082820415496826,-0.22905440628528595
1788650066596211200,7.985211181640625,8.981754302978516,3.9303624629974365,-0.22524909675121307
1788650066612298800,8.001298828125,8.96854305267334,3.9609062671661377,-0.21642091870307922
1788650066628301300,8.01730126953125,8.951204299926758,4.000451564788818,-0.20669177174568176
1788650066644305200,8.03330517578125,8.930366516113281,4.047004222869873,-0.2017608880996704
1788650066660356900,8.04935693359375,8.910038948059082,4.091385364532471,-0.20534861087799072
1788650066676375000,8.065375,8.895585060119629,4.122588634490967,-0.20789866149425507
1788650066692473300,8.081473388671874,8.887107849121094,4.141564846038818,-0.19273199141025543
1788650066708479000,8.09747900390625,8.880535125732422,4.157055377960205,-0.15931589901447296
1788650066724526800,8.11352685546875,8.874251365661621,4.171660423278809,-0.12371069937944412
1788650066740576300,8.129576171875,8.866957664489746,4.187534332275391,-0.10960165411233902
1788650066756589000,8.145589111328125,8.859543800354004,4.203157901763916,-0.11113332211971283
1788650066772681000,8.161680908203126,8.859343528747559,4.204092979431152,-0.0895312950015068
1788650066788677400,8.177677490234375,8.869216918945312,4.1839704513549805,-0.04205014184117317
1788650066804677600,8.193677734375,8.886612892150879,4.147046089172363,0.02236139588057995
1788650066820708600,8.20970849609375,8.904461860656738,4.107701778411865,0.08795139938592911
1788650066836710000,8.2257099609375,8.914386749267578,4.084535121917725,0.1437346637248993
1788650066852735000,8.24173486328125,8.911869049072266,4.0883708000183105,0.18493016064167023
1788650066868737500,8.257737548828125,8.897974967956543,4.116861820220947,0.2188243567943573
1788650066884758500,8.273758544921876,8.880772590637207,4.151626110076904,0.25744372606277466
1788650066900798700,8.289798828125,8.867303848266602,4.178213596343994,0.2895420789718628
1788650066916811500,8.3058115234375,8.861002922058105,4.190625190734863,0.3027819097042084
1788650066932832800,8.321832763671875,8.860679626464844,4.191946506500244,0.29383301734924316
1788650066948840200,8.337840087890624,8.861627578735352,4.191565036773682,0.2696830630302429
1788650066964846600,8.3538466796875,8.863771438598633,4.189235687255859,0.23291203379631042
1788650066980908300,8.369908203125,8.87087345123291,4.176371097564697,0.18952932953834534
1788650066996956000,8.385955810546875,8.884761810302734,4.148397445678711,0.14898301661014557
1788650067013028400,8.4020283203125,8.903987884521484,4.108063697814941,0.11487492173910141
1788650067029038600,8.41803857421875,8.923337936401367,4.066544532775879,0.08745821565389633
1788650067045065200,8.434065185546874,8.94802474975586,4.012247085571289,0.07146204262971878
1788650067061121000,8.45012109375,8.953484535217285,4.000104904174805,0.06828238815069199
1788650067077165000,8.4661650390625,8.95050048828125,4.006673336029053,0.07412848621606827
1788650067093206300,8.482206298828125,8.941378593444824,4.0269365310668945,0.07692242413759232
1788650067109214700,8.498214599609375,8.930062294006348,4.052204132080078,0.06345920264720917
1788650067125226500,8.5142265625,8.922268867492676,4.069703578948975,0.032035160809755325
1788650067141286400,8.530286376953125,8.919721603393555,4.075408458709717,-0.0035050855949521065
1788650067157300200,8.54630029296875,8.921163558959961,4.072152137756348,-0.028296412900090218
1788650067173392600,8.562392578125,8.923995971679688,4.065847396850586,-0.03964855894446373
1788650067189405700,8.57840576171875,8.92725658416748,4.058663368225098,-0.0415622852742672
1788650067205434000,8.59443408203125,8.92995548248291,4.052738189697266,-0.03988565504550934
1788650067221493200,8.6104931640625,8.932241439819336,4.047766208648682,-0.032219357788562775
1788650067237518800,8.626518798828124,8.933906555175781,4.044175148010254,-0.018393004313111305
1788650067253633000,8.642633056640625,8.933801651000977,4.0444488525390625,0.0027849546167999506
1788650067269657000,8.658656982421874,8.931093215942383,4.050259590148926,0.03689217194914818
1788650067285672700,8.674672607421876,8.926702499389648,4.059471607208252,0.0712079182267189
1788650067301735200,8.690735107421874,8.92068099975586,4.071918487548828,0.1063898503780365
1788650067317774000,8.706774169921875,8.910419464111328,4.0934157371521,0.13698585331439972
1788650067333842000,8.722842041015625,8.898041725158691,4.118030548095703,0.19253259897232056
1788650067349880600,8.738880615234375,8.884357452392578,4.144099712371826,0.2549892067909241
1788650067365923800,8.754923828125,8.872318267822266,4.165273189544678,0.32071608304977417
1788650067381988900,8.77098876953125,8.8662109375,4.174901008605957,0.3618085980415344
1788650067398035700,8.78703564453125,8.866186141967773,4.171994209289551,0.3944595754146576
1788650067414110200,8.803110107421874,8.876448631286621,4.148221492767334,0.4138776659965515
1788650067430154000,8.819154052734374,8.899596214294434,4.098502159118652,0.41211870312690735
1788650067446168000,8.83516796875,8.93566608428955,4.023674011230469,0.3664734661579132
1788650067462250200,8.851250244140624,8.975601196289062,3.93998122215271,0.29243266582489014
1788650067478254800,8.8672548828125,9.009374618530273,3.867577075958252,0.20832905173301697
1788650067494317300,8.8833173828125,9.025790214538574,3.832531213760376,0.13116255402565002
1788650067510332200,8.899332275390625,9.0238676071167,3.838552713394165,0.07564269006252289
1788650067526363000,8.91536279296875,9.002814292907715,3.8882999420166016,0.02930164523422718
1788650067542449400,8.931449462890624,8.965557098388672,3.973508834838867,-0.020199323073029518
1788650067558452700,8.94745263671875,8.917920112609863,4.078956604003906,-0.05667772889137268
1788650067574532400,8.963532470703125,8.877508163452148,4.166098117828369,-0.062190134078264236
1788650067590542800,8.97954296875,8.848362922668457,4.227996826171875,-0.03004552237689495
1788650067606554600,8.9955546875,8.830799102783203,4.264590263366699,0.0254324022680521
1788650067622614300,9.0116142578125,8.821857452392578,4.282238960266113,0.08745390176773071
1788650067638637300,9.02763720703125,8.818214416503906,4.288270950317383,0.14218805730342865
1788650067654742800,9.04374267578125,8.818009376525879,4.287166118621826,0.1824563592672348
1788650067670756600,9.059756591796875,8.819893836975098,4.282271385192871,0.2049524486064911
1788650067686782700,9.07578271484375,8.821518898010254,4.278514385223389,0.21334268152713776
1788650067702834400,9.09183447265625,8.820281982421875,4.281238555908203,0.20977821946144104
1788650067718855200,9.107855224609375,8.815704345703125,4.291709899902344,0.18700067698955536
1788650067734870800,9.123870849609375,8.809837341308594,4.305172443389893,0.1504879742860794
1788650067750880800,9.139880859375,8.805882453918457,4.31464147567749,0.10334654152393341
1788650067766889500,9.155889404296875,8.807368278503418,4.312574863433838,0.0485195554792881
1788650067782938600,9.171938720703125,8.814332008361816,4.298592567443848,-0.0065718526020646095
1788650067798973200,9.18797314453125,8.827244758605957,4.271661758422852,-0.05514240637421608
1788650067815049500,9.204049560546874,8.84515380859375,4.233787536621094,-0.09320040792226791
1788650067831060200,9.220060302734375,8.864816665649414,4.1915435791015625,-0.1280016005039215
1788650067847088400,9.23608837890625,8.884499549865723,4.148528575897217,-0.16053390502929688
1788650067863150800,9.25215087890625,8.903438568115234,4.107057571411133,-0.17675919830799103
1788650067879191600,9.268191650390625,8.920035362243652,4.070343017578125,-0.1888536959886551
1788650067895261700,9.28426171875,8.933073043823242,4.040838241577148,-0.20547640323638916
1788650067911277000,9.300277099609374,8.940478324890137,4.0229926109313965,-0.2318861186504364
1788650067927287600,9.31628759765625,8.938846588134766,4.0238356590271,-0.2759478986263275
1788650067943348200,9.33234814453125,8.933815002441406,4.032374382019043,-0.31193193793296814
1788650067959398000,9.34839794921875,8.92590045928955,4.047754287719727,-0.338180273771286
1788650067975483600,9.364483642578126,8.914381980895996,4.071657180786133,-0.3546791076660156
1788650067991497200,9.380497314453125,8.900577545166016,4.100710868835449,-0.3664558529853821
1788650068007526100,9.396526123046876,8.88647747039795,4.130156517028809,-0.37778717279434204
1788650068023588000,9.412588134765626,8.875269889831543,4.153443336486816,-0.3858599364757538
1788650068039599600,9.428599609375,8.86599063873291,4.172811985015869,-0.3901887536048889
1788650068055691000,9.44469091796875,8.855554580688477,4.1945600509643555,-0.3939531445503235
1788650068071709200,9.460709228515626,8.841859817504883,4.222546577453613,-0.40250200033187866
1788650068087723300,9.47672314453125,8.828246116638184,4.250210285186768,-0.4100917875766754
1788650068103785700,9.49278564453125,8.81825065612793,4.269443988800049,-0.4250800311565399
1788650068119812600,9.5088125,8.815423011779785,4.272681713104248,-0.45043885707855225
1788650068135916000,9.524916015625,8.820791244506836,4.258957862854004,-0.47467392683029175
1788650068151926000,9.540926025390625,8.83165168762207,4.234701156616211,-0.4895161986351013
1788650068167950000,9.5569501953125,8.842753410339355,4.211225509643555,-0.4916110336780548
1788650068183983600,9.572983642578125,8.848638534545898,4.199726581573486,-0.4840308129787445
1788650068199985000,9.58898486328125,8.847956657409668,4.202136516571045,-0.4754992723464966
1788650068216044800,9.605044921875,8.8408842086792,4.216588973999023,-0.4791024923324585
1788650068232062700,9.621062744140625,8.828032493591309,4.24149751663208,-0.495916485786438
1788650068248076500,9.63707666015625,8.809348106384277,4.277168273925781,-0.5211637616157532
1788650068264124000,9.6531240234375,8.787693977355957,4.317880630493164,-0.550215482711792
1788650068280144600,9.66914453125,8.763529777526855,4.363472938537598,-0.5753564238548279
1788650068296168700,9.685168701171875,8.737081527709961,4.4150919914245605,-0.583744466304779
1788650068312199200,9.70119921875,8.715315818786621,4.459525108337402,-0.5712130665779114
1788650068328240600,9.71724072265625,8.703310012817383,4.485579013824463,-0.5498846173286438
1788650068344307000,9.733306884765625,8.701704025268555,4.490752696990967,-0.5327895879745483
1788650068360348000,9.749347900390624,8.70848560333252,4.477809906005859,-0.5309144258499146
1788650068376424700,9.7654248046875,8.724533081054688,4.44551420211792,-0.5388067364692688
1788650068392438500,9.7814384765625,8.749265670776367,4.396884918212891,-0.5367835760116577
1788650068408454000,9.797453857421875,8.779745101928711,4.338284015655518,-0.5155191421508789
1788650068424550100,9.813550048828125,8.805585861206055,4.28948450088501,-0.4820455014705658
1788650068440561000,9.829560791015625,8.819936752319336,4.263158798217773,-0.45231086015701294
1788650068456646400,9.845646484375,8.823692321777344,4.256624698638916,-0.4404360055923462
1788650068472664300,9.861664306640625,8.823402404785156,4.257068634033203,-0.44196152687072754
1788650068488697900,9.87769775390625,8.82235336303711,4.258426189422607,-0.4497583210468292
1788650068504750300,9.893750244140625,8.822402954101562,4.257112503051758,-0.46108147501945496
1788650068520763400,9.909763427734376,8.830456733703613,4.239528179168701,-0.4688583016395569
1788650068536820200,9.9258203125,8.847895622253418,4.202783107757568,-0.4709036946296692
1788650068552837400,9.94183740234375,8.860504150390625,4.176846027374268,-0.46455827355384827
1788650068568854000,9.95785400390625,8.878966331481934,4.139345169067383,-0.44739919900894165
1788650068584917800,9.973917724609375,8.894538879394531,4.108513355255127,-0.42152139544487
1788650068600938200,9.989938232421874,8.896967887878418,4.105968952178955,-0.39417189359664917
1788650068617039000,10.0060390625,8.905618667602539,4.088551044464111,-0.3795923888683319
1788650068633056500,10.022056396484375,8.903129577636719,4.094421863555908,-0.3746781647205353
1788650068649090600,10.038090576171875,8.911919593811035,4.076083660125732,-0.36552754044532776
1788650068665158100,10.054158203125,8.916410446166992,4.068521499633789,-0.3393235206604004
1788650068681195000,10.070195068359375,8.912359237670898,4.080650329589844,-0.29754993319511414
1788650068697255000,10.0862548828125,8.89977741241455,4.111029148101807,-0.2525795102119446
1788650068713271800,10.102271728515625,8.883212089538574,4.148639678955078,-0.2184193879365921
1788650068729288000,10.118287841796874,8.871926307678223,4.173812389373779,-0.1964866667985916
1788650068745355500,10.13435546875,8.866819381713867,4.185427665710449,-0.17914573848247528
1788650068761426200,10.15042626953125,8.863351821899414,4.193497657775879,-0.1611107438802719
1788650068777499600,10.166499755859375,8.862997055053711,4.194851875305176,-0.1445089429616928
1788650068793517300,10.182517333984375,8.8637113571167,4.193726539611816,-0.13294796645641327
1788650068809553000,10.198552978515625,8.863130569458008,4.195061206817627,-0.1294718235731125
1788650068825619500,10.214619384765625,8.85904312133789,4.2032790184021,-0.14209303259849548
1788650068841663200,10.230663330078125,8.850523948669434,4.22020959854126,-0.16862580180168152
1788650068857739500,10.246739501953124,8.838987350463867,4.242671012878418,-0.20597872138023376
1788650068873760000,10.262760009765625,8.828103065490723,4.263216495513916,-0.24486732482910156
1788650068889779500,10.278779541015625,8.821589469909668,4.27457857131958,-0.2791370451450348
1788650068905848000,10.29484814453125,8.822196960449219,4.271099090576172,-0.3113628327846527
1788650068921901800,10.31090185546875,8.829955101013184,4.252753257751465,-0.34111592173576355
1788650068937991200,10.3269912109375,8.839042663574219,4.231489658355713,-0.3690485954284668
1788650068954013400,10.343013427734375,8.844366073608398,4.218072414398193,-0.39426901936531067
1788650068970050600,10.359050537109376,8.8425874710083,4.2196502685546875,-0.41664114594459534
1788650068986119000,10.375118896484375,8.834273338317871,4.236486911773682,-0.4221174716949463
1788650069002138000,10.39113818359375,8.822927474975586,4.261351585388184,-0.4089381694793701
1788650069018237700,10.40723779296875,8.813429832458496,4.282559394836426,-0.3918364942073822
1788650069034261800,10.42326171875,8.80189037322998,4.306694030761719,-0.3866528570652008
1788650069050284300,10.4392841796875,8.792292594909668,4.32692813873291,-0.3790320158004761
1788650069066357000,10.45535693359375,8.785052299499512,4.3423027992248535,-0.3710247874259949
1788650069082381000,10.471381103515625,8.785082817077637,4.342244625091553,-0.37098586559295654
1788650069098502700,10.487502685546875,8.792160034179688,4.327184200286865,-0.37919944524765015
1788650069114528500,10.503528564453125,8.792811393737793,4.326813220977783,-0.36816221475601196
1788650069130562600,10.5195625,8.797581672668457,4.318119525909424,-0.35608235001564026
1788650069146631200,10.535631103515625,8.80159854888916,4.311228275299072,-0.3399564027786255
1788650069162667500,10.55166748046875,8.801570892333984,4.313106536865234,-0.3159882426261902
1788650069178779000,10.56777880859375,8.796757698059082,4.324854373931885,-0.28825244307518005
1788650069194823700,10.58382373046875,8.78818130493164,4.342637062072754,-0.28242436051368713
1788650069210846000,10.599845947265624,8.779687881469727,4.360481262207031,-0.2714311182498932
1788650069226915000,10.6159150390625,8.771499633789062,4.378604888916016,-0.2428819239139557
1788650069242963700,10.631963623046875,8.766180992126465,4.390690803527832,-0.21518650650978088
1788650069259032300,10.6480322265625,8.764069557189941,4.396043300628662,-0.1904858648777008
1788650069275074600,10.664074462890625,8.765254974365234,4.394581317901611,-0.1683492809534073
1788650069291123700,10.680123779296874,8.76986026763916,4.386137008666992,-0.14746621251106262
1788650069307193300,10.696193359375,8.776564598083496,4.373321533203125,-0.12794341146945953
1788650069323246800,10.712246826171874,8.781725883483887,4.363565444946289,-0.10479187965393066
1788650069339336200,10.728336181640625,8.781448364257812,4.364598274230957,-0.08268829435110092
1788650069355356000,10.74435595703125,8.776716232299805,4.374466419219971,-0.06069032475352287
1788650069371374000,10.7603740234375,8.770402908325195,4.387419700622559,-0.031215332448482513
1788650069387484000,10.77648388671875,8.764702796936035,4.3989057540893555,-0.001059774775058031
1788650069403493400,10.792493408203125,8.763371467590332,4.401308536529541,0.046889323741197586
1788650069419581000,10.808580810546875,8.767670631408691,4.3914008140563965,0.11806412786245346
1788650069435600100,10.82460009765625,8.773911476135254,4.377321720123291,0.1671030968427658
1788650069451636500,10.840636474609376,8.779499053955078,4.364984035491943,0.19415925443172455
1788650069467752000,10.856751953125,8.784213066101074,4.354264259338379,0.2199685424566269
1788650069483768800,10.872768798828124,8.788562774658203,4.344144344329834,0.24485410749912262
1788650069499870000,10.888869873046875,8.793185234069824,4.333249568939209,0.2706173360347748
1788650069515891200,10.90489111328125,8.798476219177246,4.32077693939209,0.2967982292175293
1788650069531913500,10.92091357421875,8.80825138092041,4.297253131866455,0.34454935789108276
1788650069547986000,10.93698583984375,8.822609901428223,4.261735916137695,0.4117599129676819
1788650069564012300,10.95301220703125,8.838306427001953,4.221835136413574,0.48047134280204773
1788650069580123100,10.969123046875,8.854477882385254,4.178819179534912,0.553242027759552
1788650069596145400,10.9851455078125,8.868907928466797,4.137362480163574,0.6285714507102966
1788650069612184800,11.001184814453126,8.87884521484375,4.104300498962402,0.7008638978004456
1788650069628255200,11.017255126953126,8.882948875427246,4.083372116088867,0.7679029107093811
1788650069644292000,11.0332919921875,8.88155460357666,4.073843955993652,0.8319670557975769
1788650069660369000,11.049368896484374,8.87613296508789,4.072220802307129,0.8953598141670227
1788650069676386800,11.06538671875,8.869081497192383,4.070575714111328,0.9696449637413025
1788650069692405200,11.0814052734375,8.863636016845703,4.0629496574401855,1.0482299327850342
1788650069708475000,11.097474853515624,8.86224365234375,4.047107219696045,1.1189014911651611
1788650069724520700,11.113520751953125,8.86667537689209,4.025272369384766,1.1617376804351807
1788650069740595200,11.12959521484375,8.869889259338379,4.020549297332764,1.1535322666168213
1788650069756621000,11.14562109375,8.875914573669434,4.015604496002197,1.124027967453003
1788650069772661000,11.161660888671875,8.880077362060547,4.017736911773682,1.0827714204788208
1788650069788733000,11.17773291015625,8.878311157226562,4.032702922821045,1.0408138036727905
1788650069804789500,11.19378955078125,8.868788719177246,4.062511444091797,1.0054655075073242
1788650069820876300,11.209876220703125,8.852174758911133,4.1041579246521,0.9824814796447754
1788650069836898000,11.22589794921875,8.831685066223145,4.1508283615112305,0.970745861530304
1788650069852921600,11.241921630859375,8.810673713684082,4.196407794952393,0.9657019376754761
1788650069868994300,11.257994384765626,8.791998863220215,4.235886096954346,0.9635459184646606
1788650069885012000,11.274011962890626,8.78322982788086,4.259432792663574,0.9394147396087646
1788650069901107000,11.29010693359375,8.784215927124023,4.266573429107666,0.8968231081962585
1788650069917127200,11.306127197265624,8.788227081298828,4.266958236694336,0.8547055125236511
1788650069933162500,11.32216259765625,8.795136451721191,4.261049747467041,0.812048077583313
1788650069949228300,11.338228271484375,8.803349494934082,4.251272201538086,0.7733763456344604
1788650069965252400,11.35425244140625,8.810811996459961,4.241250991821289,0.7428150773048401
1788650069981353500,11.370353515625,8.816947937011719,4.231940746307373,0.7228302955627441
1788650069997379800,11.3863798828125,8.821328163146973,4.225489139556885,0.706960141658783
1788650070013403400,11.4024033203125,8.822548866271973,4.226257801055908,0.6868494153022766
1788650070029472500,11.418472412109375,8.820277214050293,4.234591007232666,0.6643415689468384
1788650070045499000,11.434498779296876,8.814875602722168,4.249955654144287,0.6373574137687683
1788650070061610800,11.45061083984375,8.809355735778809,4.265427112579346,0.6097270846366882
1788650070077639400,11.466639404296876,8.809831619262695,4.268276214599609,0.5822932720184326
1788650070093644300,11.482644287109375,8.820775985717773,4.249185085296631,0.5556278228759766
1788650070109708500,11.49870849609375,8.830669403076172,4.229551315307617,0.5482267141342163
1788650070125740800,11.51474072265625,8.840289115905762,4.2095770835876465,0.5469411015510559
1788650070141814300,11.530814208984374,8.848431587219238,4.194460391998291,0.5311734676361084
1788650070157854000,11.54685400390625,8.846896171569824,4.201076507568359,0.5037573575973511
1788650070173879300,11.56287939453125,8.832406044006348,4.234121799468994,0.48084187507629395
1788650070189949400,11.578949462890625,8.817536354064941,4.267623424530029,0.4569770395755768
1788650070205991000,11.594990966796875,8.805197715759277,4.295063018798828,0.43741220235824585
1788650070222024000,11.61102392578125,8.799543380737305,4.31141471862793,0.38746377825737
1788650070238075600,11.62707568359375,8.7989501953125,4.319185733795166,0.30577903985977173
1788650070254127600,11.643127685546874,8.795970916748047,4.3234968185424805,0.3296324908733368
1788650070270196200,11.6591962890625,8.796396255493164,4.320148944854736,0.360720157623291
1788650070286210000,11.6752099609375,8.800647735595703,4.3084282875061035,0.39551761746406555
1788650070302299400,11.69129931640625,8.810831069946289,4.286637783050537,0.40545931458473206
1788650070318324700,11.70732470703125,8.823319435119629,4.2618865966796875,0.39464259147644043
1788650070334345700,11.723345703125,8.8328218460083,4.243276596069336,0.3824329376220703
1788650070350462200,11.739462158203125,8.83675765991211,4.236429214477539,0.36710694432258606
1788650070366479400,11.755479248046875,8.835396766662598,4.241665363311768,0.3382815420627594
1788650070382580000,11.771580078125,8.832773208618164,4.250975608825684,0.28584977984428406
1788650070398602200,11.787602294921875,8.832048416137695,4.256620407104492,0.2156161069869995
1788650070414641000,11.803640869140626,8.833374977111816,4.257100582122803,0.1377536952495575
1788650070430714000,11.819714111328125,8.83471393585205,4.256092071533203,0.06243380531668663
1788650070446746000,11.83574609375,8.834202766418457,4.257607936859131,-0.004698094911873341
1788650070462853600,11.851853515625,8.831080436706543,4.26370096206665,-0.05702347308397293
1788650070478873900,11.867873779296875,8.826797485351562,4.271948337554932,-0.09219956398010254
1788650070494894600,11.88389453125,8.822657585144043,4.280003070831299,-0.11264263093471527
1788650070510964500,11.899964599609374,8.819463729858398,4.28638219833374,-0.11991174519062042
1788650070527001900,11.916001953125,8.817339897155762,4.290825843811035,-0.11713292449712753
1788650070543069000,11.93206884765625,8.816661834716797,4.292562007904053,-0.10379428416490555
1788650070559093000,11.948093017578126,8.81910228729248,4.286898136138916,-0.12777940928936005
1788650070575133000,11.9641328125,8.819093704223633,4.286352157592773,-0.1454860419034958
1788650070591205400,11.980205322265626,8.814599990844727,4.294667720794678,-0.17045944929122925
1788650070607244300,11.996244384765625,8.807785987854004,4.30707311630249,-0.2059554159641266
1788650070623318000,12.012318115234375,8.8019437789917,4.31680154800415,-0.24778804183006287
1788650070639338500,12.02833837890625,8.797736167907715,4.322898864746094,-0.2877114713191986
1788650070655359700,12.04435986328125,8.794864654541016,4.326310634613037,-0.3221345543861389
1788650070671428600,12.0604287109375,8.793244361877441,4.3273606300354,-0.35098421573638916
1788650070687475000,12.076474853515625,8.791589736938477,4.328226089477539,-0.38052403926849365
1788650070703555800,12.092555908203124,8.788288116455078,4.331911087036133,-0.4134361445903778
1788650070719577900,12.108577880859375,8.782499313354492,4.340149879455566,-0.44854384660720825
1788650070735610000,12.124610107421875,8.773857116699219,4.3534722328186035,-0.4869299829006195
1788650070751677700,12.140677734375,8.762799263000488,4.370751857757568,-0.5294033885002136
1788650070767732200,12.156732177734375,8.748627662658691,4.393338680267334,-0.5748787522315979
1788650070783819800,12.17281982421875,8.73007869720459,4.424672603607178,-0.6151328682899475
1788650070799839500,12.188839599609375,8.709867477416992,4.461044788360596,-0.6384987235069275
1788650070815856000,12.204856201171875,8.693413734436035,4.493253707885742,-0.6368786692619324
1788650070831919400,12.22091943359375,8.693532943725586,4.497123718261719,-0.6072492599487305
1788650070847934000,12.236933837890625,8.708000183105469,4.474376201629639,-0.5666441321372986
1788650070864015400,12.253015380859376,8.725320816040039,4.444528102874756,-0.5341601967811584
1788650070880037600,12.26903759765625,8.736101150512695,4.42480993270874,-0.5215170383453369
1788650070896073500,12.285073486328125,8.737414360046387,4.421631336212158,-0.5264550447463989
1788650070912140800,12.301140869140625,8.732258796691895,4.430253505706787,-0.5393427610397339
1788650070928162600,12.31716259765625,8.726104736328125,4.440460205078125,-0.5547943115234375
1788650070944263700,12.333263671875,8.722301483154297,4.445580005645752,-0.573279619216919
1788650070960286500,12.349286376953126,8.72012710571289,4.446193695068359,-0.6009501814842224
1788650070976305700,12.3653056640625,8.716925621032715,4.4482035636901855,-0.6317245364189148
1788650070992372500,12.38137255859375,8.704760551452637,4.474022388458252,-0.6169723868370056
1788650071008406000,12.397406005859375,8.692607879638672,4.5009894371032715,-0.5916562676429749
1788650071024510700,12.4135107421875,8.689491271972656,4.507434368133545,-0.5883573889732361
1788650071040545000,12.429544921875,8.689470291137695,4.508423805236816,-0.5810448527336121
1788650071056583700,12.445583740234374,8.691635131835938,4.505052089691162,-0.574767529964447
1788650071072648000,12.46164794921875,8.685661315917969,4.522690296173096,-0.5243525505065918
1788650071088685300,12.477685302734375,8.678088188171387,4.542999267578125,-0.47151467204093933
1788650071104757000,12.493757080078124,8.666703224182129,4.569964408874512,-0.41721829771995544
1788650071120803600,12.509803466796875,8.652486801147461,4.601675987243652,-0.35976243019104004
1788650071136834000,12.525833984375,8.636738777160645,4.635411739349365,-0.300168514251709
1788650071152901600,12.541901611328125,8.620704650878906,4.668324947357178,-0.2461215704679489
1788650071168951000,12.557950927734375,8.607348442077637,4.695113658905029,-0.19961319863796234
1788650071185027600,12.574027587890624,8.599258422851562,4.711339473724365,-0.16259367763996124
1788650071201079800,12.590079833984374,8.596338272094727,4.717583179473877,-0.13331818580627441
1788650071217136600,12.60613671875,8.594534873962402,4.721435546875,-0.11140213161706924
1788650071233253000,12.622253173828126,8.591347694396973,4.727545738220215,-0.0971812978386879
1788650071249264000,12.63826416015625,8.586515426635742,4.73648738861084,-0.08852262794971466
1788650071265355500,12.65435546875,8.581608772277832,4.745445251464844,-0.08440160006284714
1788650071281375200,12.670375244140626,8.577733039855957,4.752403259277344,-0.08689926564693451
1788650071297394700,12.686394775390625,8.57524585723877,4.756734371185303,-0.09501242637634277
1788650071313463300,12.70246337890625,8.57410717010498,4.758574485778809,-0.10510127246379852
1788650071329479400,12.7184794921875,8.574031829833984,4.758457660675049,-0.11589447408914566
1788650071345580800,12.734580810546875,8.574350357055664,4.757624626159668,-0.12615488469600677
1788650071361598000,12.750597900390625,8.573333740234375,4.759166717529297,-0.1366506963968277
1788650071377635000,12.766635009765626,8.56965160369873,4.765419960021973,-0.14910613000392914
1788650071393704200,12.7827041015625,8.564502716064453,4.774324417114258,-0.1597384363412857
1788650071409725200,12.79872509765625,8.560646057128906,4.78106689453125,-0.1646466702222824
1788650071425803000,12.814802978515624,8.5597505569458,4.782628536224365,-0.16587664186954498
1788650071441825800,12.83082568359375,8.562345504760742,4.778021812438965,-0.1647014617919922
1788650071457849300,12.846849365234375,8.56751537322998,4.7688212394714355,-0.16248686611652374
1788650071473918000,12.86291796875,8.573620796203613,4.757923603057861,-0.1599292904138565
1788650071489950200,12.8789501953125,8.580345153808594,4.745906352996826,-0.15630598366260529
1788650071506011100,12.89501123046875,8.587571144104004,4.732963562011719,-0.1518704742193222
1788650071522030300,12.9110302734375,8.595035552978516,4.719563007354736,-0.14656931161880493
1788650071538066700,12.927066650390625,8.603466033935547,4.7043681144714355,-0.14028336107730865
1788650071554133800,12.9431337890625,8.613794326782227,4.685616970062256,-0.13389775156974792
1788650071570177300,12.95917724609375,8.624434471130371,4.665991306304932,-0.13429945707321167
1788650071586248200,12.975248291015625,8.632944107055664,4.649862766265869,-0.1464070975780487
1788650071602264000,12.99126416015625,8.638551712036133,4.63867712020874,-0.16874182224273682
1788650071618279700,13.00727978515625,8.642523765563965,4.630291938781738,-0.1938582956790924
1788650071634346800,13.0233466796875,8.646553993225098,4.621853828430176,-0.2143568992614746
1788650071650400000,13.03939990234375,8.651418685913086,4.61222505569458,-0.22523747384548187
1788650071666480600,13.055480712890626,8.656746864318848,4.602157115936279,-0.22644788026809692
1788650071682500900,13.0715009765625,8.663787841796875,4.590209007263184,-0.1978892982006073
1788650071698539800,13.087539794921875,8.66847038269043,4.5826921463012695,-0.16416999697685242
1788650071714609000,13.10360888671875,8.669903755187988,4.580965042114258,-0.13385960459709167
1788650071730667300,13.119667236328125,8.6701078414917,4.58121395111084,-0.11002455651760101
1788650071746756600,13.135756591796875,8.672178268432617,4.577658653259277,-0.09352847188711166
1788650071762776000,13.151776123046876,8.676764488220215,4.5691328048706055,-0.08473755419254303
1788650071778794500,13.16779443359375,8.683613777160645,4.556143760681152,-0.08248217403888702
1788650071794866200,13.1838662109375,8.6954345703125,4.5332560539245605,-0.09697116166353226
1788650071810888000,13.199887939453125,8.704885482788086,4.514853000640869,-0.1070806160569191
1788650071826983400,13.2159833984375,8.711995124816895,4.501049518585205,-0.10995938628911972
1788650071843008000,13.232008056640625,8.719831466674805,4.4857869148254395,-0.11243702471256256
1788650071859048700,13.248048583984374,8.729833602905273,4.466274738311768,-0.11305501312017441
1788650071875121400,13.264121337890625,8.742161750793457,4.442188739776611,-0.10931742936372757
1788650071891151400,13.2801513671875,8.754618644714355,4.417812824249268,-0.09992329031229019
1788650071907251200,13.296251220703125,8.76352310180664,4.400391578674316,-0.08718012273311615
1788650071923274200,13.312274169921874,8.768062591552734,4.3915815353393555,-0.0741138681769371
1788650071939292700,13.328292724609375,8.76988410949707,4.3881354331970215,-0.061552200466394424
1788650071955360800,13.34436083984375,8.771206855773926,4.385634422302246,-0.05030000954866409
1788650071971393500,13.3603935546875,8.773295402526855,4.381564140319824,-0.0396362841129303
1788650071987457500,13.37645751953125,8.775897979736328,4.37641716003418,-0.031211715191602707
1788650072003492600,13.39249267578125,8.77738094329834,4.373480319976807,-0.025092503055930138
1788650072019525400,13.408525390625,8.776251792907715,4.375766754150391,-0.021447716280817986
1788650072035587300,13.42458740234375,8.772619247436523,4.383053779602051,-0.019447335973381996
1788650072051624700,13.440624755859375,8.767050743103027,4.394196510314941,-0.016109131276607513
1788650072067684600,13.4566845703125,8.760477066040039,4.407301902770996,-0.01103182788938284
1788650072083732700,13.472732666015625,8.754118919372559,4.419926166534424,-0.0071504563093185425
1788650072099766500,13.4887666015625,8.74942684173584,4.429188251495361,-0.014713731594383717
1788650072115833900,13.504833740234375,8.746277809143066,4.435309886932373,-0.03219005838036537
1788650072131888600,13.520888671875,8.743877410888672,4.439802646636963,-0.056137483566999435
1788650072147965000,13.53696484375,8.739481925964355,4.4481682777404785,-0.07518485933542252
1788650072164012500,13.553012451171876,8.731201171875,4.464260101318359,-0.08303732424974442
1788650072180050200,13.56905029296875,8.717630386352539,4.490689277648926,-0.08377251029014587
1788650072196164400,13.585164306640625,8.699867248535156,4.525115489959717,-0.07764379680156708
1788650072212180200,13.60118017578125,8.697124481201172,4.530612945556641,-0.06301219016313553
1788650072228267300,13.617267333984374,8.689628601074219,4.545177459716797,-0.04583148658275604
1788650072244285700,13.63328564453125,8.675889015197754,4.571483135223389,-0.02955649606883526
1788650072260303400,13.649303466796875,8.66128921508789,4.599130153656006,-0.0216257032006979
1788650072276419300,13.66541943359375,8.6446533203125,4.630312442779541,-0.023937486112117767
1788650072292436500,13.6814365234375,8.62673282623291,4.663539886474609,-0.03575754165649414
1788650072308529700,13.69752978515625,8.608601570129395,4.696788311004639,-0.05060731992125511
1788650072324551000,13.713551025390625,8.590790748596191,4.729172706604004,-0.060260552912950516
1788650072340587800,13.729587890625,8.57365894317627,4.760142803192139,-0.06160276383161545
1788650072356657000,13.745656982421876,8.559311866760254,4.785961627960205,-0.05609641969203949
1788650072372682000,13.761681884765625,8.549744606018066,4.803132057189941,-0.04670417681336403
1788650072388750300,13.777750244140625,8.541519165039062,4.817846298217773,-0.03463570028543472
1788650072404764200,13.79376416015625,8.532711029052734,4.833508491516113,-0.020591098815202713
1788650072420780800,13.80978076171875,8.523297309875488,4.850128173828125,-0.007196341175585985
1788650072436847600,13.82584765625,8.51389217376709,4.866621017456055,0.005332008935511112
1788650072452881400,13.84188134765625,8.504204750061035,4.883508205413818,0.01529416162520647
1788650072468947700,13.85794775390625,8.49323558807373,4.902512073516846,0.02676277421414852
1788650072484968700,13.87396875,8.4813232421875,4.922940254211426,0.046990446746349335
1788650072501004800,13.8900048828125,8.4688720703125,4.9439568519592285,0.07673808187246323
1788650072517079300,13.906079345703125,8.456411361694336,4.9646477699279785,0.10846110433340073
1788650072533123600,13.92212353515625,8.443191528320312,4.986537456512451,0.1317000836133957
1788650072549193700,13.93819384765625,8.432456970214844,5.004499912261963,0.13798369467258453
1788650072565211000,13.9542109375,8.426543235778809,5.014781951904297,0.12541940808296204
1788650072581228000,13.97022802734375,8.429555892944336,5.010290145874023,0.09983955323696136
1788650072597295000,13.986295166015625,8.433135032653809,5.004660129547119,0.07752396911382675
1788650072613343000,14.002343017578125,8.435574531555176,5.000803470611572,0.05859393626451492
1788650072629432600,14.0184326171875,8.436084747314453,5.000131607055664,0.039195116609334946
1788650072645452000,14.0344521484375,8.435272216796875,5.001644134521484,0.011538754217326641
1788650072661488400,14.05048828125,8.434148788452148,5.003544330596924,-0.008697100915014744
1788650072677559300,14.066559326171875,8.43507194519043,5.001984596252441,-0.009829027578234673
1788650072693615000,14.082614990234376,8.44094181060791,4.992072582244873,0.01033142488449812
1788650072709707300,14.098707275390625,8.452385902404785,4.972517490386963,0.04043722525238991
1788650072725730300,14.114730224609374,8.467306137084961,4.9467387199401855,0.06995002925395966
1788650072741749800,14.130749755859375,8.480209350585938,4.9242753982543945,0.08916150778532028
1788650072757796000,14.146796142578125,8.484495162963867,4.916659832000732,0.10095847398042679
1788650072773869600,14.16286962890625,8.47525691986084,4.932344913482666,0.11128931492567062
1788650072789971000,14.178970947265626,8.452241897583008,4.971384048461914,0.1238531768321991
1788650072805993200,14.1949931640625,8.423048973083496,5.020333290100098,0.13736455142498016
1788650072822028000,14.211028076171875,8.393495559692383,5.069295406341553,0.1478423923254013
1788650072838098200,14.22709814453125,8.369510650634766,5.108769416809082,0.14885376393795013
1788650072854126000,14.2431259765625,8.375268936157227,5.100002765655518,0.12342150509357452
1788650072870233600,14.259233642578126,8.408513069152832,5.045962333679199,0.07450024038553238
1788650072886261000,14.275260986328124,8.434101104736328,5.003485679626465,0.03801876679062843
1788650072902277000,14.291277099609376,8.43624496459961,4.9999308586120605,0.029224926605820656
1788650072918345000,14.307344970703125,8.442532539367676,4.989367961883545,0.015324994921684265
1788650072934384000,14.323384033203125,8.449790954589844,4.977084636688232,-0.0058569093234837055
1788650072950450000,14.339449951171876,8.460712432861328,4.958393573760986,-0.03272971883416176
1788650072966488600,14.355488525390625,8.46947193145752,4.9431962966918945,-0.05694996938109398
1788650072982524400,14.3715244140625,8.470531463623047,4.9411821365356445,-0.07208733260631561
1788650072998592000,14.387592041015624,8.471117973327637,4.940088748931885,-0.07793065160512924
1788650073014632700,14.4036328125,8.475953102111816,4.9317731857299805,-0.07882482558488846
1788650073030700000,14.419699951171875,8.484435081481934,4.917164325714111,-0.0790434330701828
1788650073046744000,14.435744140625,8.495365142822266,4.898233890533447,-0.08037585020065308
1788650073062773500,14.4517734375,8.507662773132324,4.876816749572754,-0.08204904943704605
1788650073078836200,14.467836181640624,8.519832611083984,4.855448246002197,-0.08644333481788635
1788650073094892000,14.48389208984375,8.53200912475586,4.8339433670043945,-0.09052783250808716
1788650073110965200,14.49996533203125,8.544740676879883,4.8114118576049805,-0.09010156989097595
1788650073126982400,14.515982421875,8.55742073059082,4.7888665199279785,-0.08771029114723206
1788650073143018000,14.53201806640625,8.569375991821289,4.7675089836120605,-0.08394961804151535
1788650073159129000,14.548129150390626,8.577947616577148,4.752100467681885,-0.08211655914783478
1788650073175140900,14.564140869140624,8.581287384033203,4.746007919311523,-0.08545637130737305
1788650073191230000,14.58022998046875,8.579691886901855,4.748636245727539,-0.09864684194326401
1788650073207244500,14.59624462890625,8.574796676635742,4.757180213928223,-0.11178279668092728
1788650073223257300,14.61225732421875,8.566179275512695,4.772744655609131,-0.10897387564182281
1788650073239321600,14.628321533203126,8.556334495544434,4.790579795837402,-0.0994049608707428
1788650073255337000,14.6443369140625,8.54377269744873,4.8134307861328125,-0.07222265005111694
1788650073271434200,14.660434326171876,8.530755043029785,4.836852550506592,-0.038316141813993454
1788650073287452700,14.67645263671875,8.521738052368164,4.852862358093262,-0.009647095575928688
1788650073303489500,14.692489501953125,8.518139839172363,4.8591837882995605,0.004908084403723478
1788650073319554800,14.708554931640625,8.520751953125,4.854599475860596,-0.006257014814764261
1788650073335584800,14.724584716796874,8.527244567871094,4.843048095703125,-0.03711377829313278
1788650073351691000,14.74069091796875,8.537952423095703,4.8238630294799805,-0.06410861015319824
1788650073367709000,14.756708984375,8.553725242614746,4.795620918273926,-0.07865457981824875
1788650073383728400,14.772728271484375,8.574920654296875,4.757451057434082,-0.0881665050983429
1788650073399797500,14.788797607421875,8.596734046936035,4.717754364013672,-0.0967152863740921
1788650073415809800,14.804809814453124,8.61117172241211,4.691161632537842,-0.10538389533758163
1788650073431861000,14.820861083984376,8.607635498046875,4.697443008422852,-0.11413243412971497
1788650073447880400,14.83688037109375,8.584263801574707,4.7399444580078125,-0.11718743294477463
1788650073463912700,14.85291259765625,8.547414779663086,4.806294918060303,-0.10777619481086731
1788650073479957800,14.868957763671874,8.513215065002441,4.867249488830566,-0.07367503643035889
1788650073495990300,14.884990234375,8.486223220825195,4.914654731750488,-0.024064620956778526
1788650073512041200,14.901041259765625,8.469395637512207,4.943605422973633,0.02210223488509655
1788650073528056000,14.91705615234375,8.467279434204102,4.946999549865723,0.05251198634505272
1788650073544072200,14.933072265625,8.479522705078125,4.9258623123168945,0.06293006241321564
1788650073560139000,14.949138916015626,8.5047025680542,4.882375717163086,0.05320215970277786
1788650073576175900,14.96517578125,8.536535263061523,4.826716423034668,0.02758607268333435
1788650073592239600,14.981239501953125,8.569052696228027,4.768825054168701,-0.005736059509217739
1788650073608254000,14.99725390625,8.597312927246094,4.717536926269531,-0.03807225078344345
1788650073624287700,15.013287841796876,8.617176055908203,4.6807942390441895,-0.069510318338871
1788650073640355000,15.02935498046875,8.624992370605469,4.6658244132995605,-0.09986995160579681
1788650073656406300,15.04540625,8.623883247375488,4.667240619659424,-0.12598668038845062
1788650073672489200,15.0614892578125,8.615776062011719,4.681577205657959,-0.1470366269350052
1788650073688505000,15.077505126953126,8.60469913482666,4.701248645782471,-0.16672420501708984
1788650073704521700,15.093521728515626,8.594600677490234,4.718877792358398,-0.1882246732711792
1788650073720577000,15.109576904296874,8.588244438171387,4.729333400726318,-0.2141336053609848
1788650073736598500,15.1255986328125,8.585508346557617,4.7327880859375,-0.24526260793209076
1788650073752702000,15.141701904296875,8.587264060974121,4.727960109710693,-0.2750803828239441
1788650073768717300,15.15771728515625,8.592477798461914,4.717291831970215,-0.29474297165870667
1788650073784748800,15.173748779296876,8.598297119140625,4.706388473510742,-0.2993193566799164
1788650073800814000,15.18981396484375,8.600940704345703,4.701901912689209,-0.2938236594200134
1788650073816834300,15.205834228515625,8.59963607788086,4.704719066619873,-0.2868424355983734
1788650073832933600,15.22193359375,8.595197677612305,4.713108062744141,-0.28208836913108826
1788650073848949800,15.23794970703125,8.587112426757812,4.72797155380249,-0.2795965373516083
1788650073864964400,15.25396435546875,8.575233459472656,4.749732971191406,-0.27533581852912903
1788650073881028600,15.270028564453124,8.561484336853027,4.774629592895508,-0.27253422141075134
1788650073897048300,15.28604833984375,8.547874450683594,4.799108028411865,-0.26981648802757263
1788650073913114000,15.302114013671876,8.535382270812988,4.821425437927246,-0.26738107204437256
1788650073929149000,15.31814892578125,8.527320861816406,4.835855007171631,-0.2639934718608856
1788650073945178600,15.3341787109375,8.520844459533691,4.846951961517334,-0.26955854892730713
1788650073961246700,15.350246826171874,8.50797176361084,4.868122100830078,-0.29359468817710876
1788650073977292800,15.366292724609375,8.490249633789062,4.897263526916504,-0.32072627544403076
1788650073993365000,15.382364990234375,8.475299835205078,4.921458721160889,-0.34486252069473267
1788650074009408000,15.398407958984375,8.472071647644043,4.925540447235107,-0.3653019368648529
1788650074025431000,15.41443115234375,8.480944633483887,4.910030841827393,-0.368190199136734
1788650074041470000,15.430469970703125,8.494619369506836,4.887383937835693,-0.35398396849632263
1788650074057494500,15.44649462890625,8.500871658325195,4.878011226654053,-0.3325407803058624
1788650074073552100,15.46255224609375,8.491301536560059,4.8957343101501465,-0.31618762016296387
1788650074089567500,15.4785673828125,8.468321800231934,4.935474395751953,-0.3146548569202423
1788650074105570000,15.494570068359375,8.44283390045166,4.978391647338867,-0.32333895564079285
1788650074121654000,15.510654052734376,8.42494010925293,5.007716655731201,-0.33696138858795166
1788650074137661000,15.526660888671875,8.41873836517334,5.016501426696777,-0.3604770004749298
1788650074153751600,15.54275146484375,8.420453071594238,5.011750221252441,-0.385633647441864
1788650074169780700,15.55878076171875,8.426820755004883,4.999597072601318,-0.4038705825805664
1788650074185794800,15.574794921875,8.4320650100708,4.990373611450195,-0.40844884514808655
1788650074201860400,15.5908603515625,8.44629955291748,4.965715408325195,-0.4148147404193878
1788650074217883000,15.6068828125,8.446304321289062,4.9681901931762695,-0.38395461440086365
1788650074233980700,15.622980712890625,8.447189331054688,4.969788551330566,-0.3414453864097595
1788650074249997800,15.638997802734375,8.450242042541504,4.96757698059082,-0.2949073612689972
1788650074266026000,15.65502587890625,8.455180168151855,4.961308479309082,-0.25636211037635803
1788650074282091300,15.67109130859375,8.460769653320312,4.952905178070068,-0.23344065248966217
1788650074298115000,15.687114990234376,8.468183517456055,4.940552234649658,-0.22626887261867523
1788650074314218500,15.703218505859375,8.480602264404297,4.919003486633301,-0.23057591915130615
1788650074330233600,15.719233642578125,8.50070571899414,4.883662223815918,-0.24128684401512146
1788650074346247200,15.7352470703125,8.52663516998291,4.837765693664551,-0.2507850229740143
1788650074362312400,15.7513125,8.554027557373047,4.789131164550781,-0.2514556348323822
1788650074378347500,15.767347412109375,8.579723358154297,4.743635654449463,-0.2380428910255432
1788650074394410500,15.783410400390625,8.597559928894043,4.712518215179443,-0.21102789044380188
1788650074410421500,15.79942138671875,8.601225852966309,4.7073235511779785,-0.17436668276786804
1788650074426448000,15.81544775390625,8.594451904296875,4.7209086418151855,-0.13713790476322174
1788650074442511000,15.831510986328125,8.582895278930664,4.742650032043457,-0.10759776830673218
1788650074458551000,15.847551025390626,8.573258399963379,4.760440349578857,-0.08850669860839844
1788650074474621400,15.863621337890624,8.568181991577148,4.769705772399902,-0.08100757747888565
1788650074490637000,15.879636962890626,8.562488555908203,4.779796600341797,-0.08781126141548157
1788650074506653200,15.895653076171875,8.551196098327637,4.799671173095703,-0.10283654183149338
1788650074522722600,15.91172265625,8.53370189666748,4.830248832702637,-0.1225217804312706
1788650074538777600,15.927777587890626,8.514238357543945,4.864238262176514,-0.13159677386283875
1788650074554863900,15.94386376953125,8.497333526611328,4.893748760223389,-0.13009104132652283
1788650074570884900,15.959884765625,8.490058898925781,4.906769752502441,-0.11357158422470093
1788650074586921000,15.9759208984375,8.490838050842285,4.905538082122803,-0.10841420292854309
1788650074602994000,15.991993896484376,8.495622634887695,4.896816253662109,-0.12636807560920715
1788650074619012600,16.0080126953125,8.500094413757324,4.888213157653809,-0.1554289013147354
1788650074635110100,16.024110107421876,8.50676441192627,4.875848293304443,-0.1773391216993332
1788650074651130000,16.040130126953127,8.52694034576416,4.840251445770264,-0.1834402084350586
1788650074667147000,16.05614697265625,8.56235122680664,4.7768378257751465,-0.19584128260612488
1788650074683191600,16.072191650390625,8.5994291305542,4.708186626434326,-0.23061975836753845
1788650074699242200,16.0882421875,8.623895645141602,4.660338878631592,-0.2829473316669464
1788650074715336200,16.104336181640626,8.630651473999023,4.644330978393555,-0.33530864119529724
1788650074731361800,16.12036181640625,8.62146282196045,4.658370018005371,-0.3746427297592163
1788650074747396600,16.136396728515624,8.601398468017578,4.693621635437012,-0.39526891708374023
1788650074763451100,16.152451171875,8.577656745910645,4.736073970794678,-0.40471988916397095
1788650074779461000,16.168461181640627,8.554798126220703,4.777046203613281,-0.4070001244544983
1788650074795549200,16.184549072265625,8.536688804626465,4.810608863830566,-0.3916308283805847
1788650074811576300,16.200576416015625,8.526612281799316,4.83134126663208,-0.3541153371334076
1788650074827595000,16.216594970703124,8.527863502502441,4.833220958709717,-0.2930908203125
1788650074843661300,16.232661376953125,8.543275833129883,4.810155391693115,-0.21266061067581177
1788650074859692000,16.248692138671874,8.569087982177734,4.766976356506348,-0.13060835003852844
1788650074875798300,16.26479833984375,8.598167419433594,4.715578556060791,-0.07221505045890808
1788650074891828500,16.280828369140625,8.624002456665039,4.668428421020508,-0.052408527582883835
1788650074907873000,16.296873046875,8.645439147949219,4.628339767456055,-0.07237885892391205
1788650074923943200,16.312943115234376,8.665162086486816,4.590608596801758,-0.10798969119787216
1788650074939986400,16.328986328125,8.682578086853027,4.5563859939575195,-0.15026523172855377
1788650074956053800,16.3450537109375,8.69356632232666,4.5335283279418945,-0.19851839542388916
1788650074972096800,16.3610966796875,8.694742202758789,4.528259754180908,-0.2582797706127167
1788650074988130600,16.377130615234375,8.687707901000977,4.537524223327637,-0.324022114276886
1788650075004198100,16.3931982421875,8.679091453552246,4.549367904663086,-0.3834161162376404
1788650075020210000,16.4092099609375,8.67360782623291,4.555792331695557,-0.4285629689693451
1788650075036260900,16.4252607421875,8.672476768493652,4.5553388595581055,-0.4554254114627838
1788650075052284700,16.44128466796875,8.674976348876953,4.549582004547119,-0.4652731418609619
1788650075068323800,16.45732373046875,8.681376457214355,4.53776216506958,-0.4613131582736969
1788650075084397000,16.47339697265625,8.690503120422363,4.521174430847168,-0.4522448778152466
1788650075100413200,16.4894130859375,8.701467514038086,4.501101493835449,-0.4415211081504822
1788650075116511700,16.50551171875,8.711634635925293,4.481988906860352,-0.4354064166545868
1788650075132536800,16.521536865234374,8.719719886779785,4.4668869972229,-0.4287203550338745
1788650075148559600,16.5375595703125,8.724251747131348,4.458809852600098,-0.4205072522163391
1788650075164630500,16.553630615234376,8.722518920898438,4.462911605834961,-0.41288521885871887
1788650075180655900,16.56965576171875,8.715356826782227,4.477381706237793,-0.4074268043041229
1788650075196759300,16.58575927734375,8.704601287841797,4.498721122741699,-0.4022502899169922
1788650075212779800,16.60177978515625,8.692008018493652,4.523815631866455,-0.39302858710289
1788650075228812300,16.617812255859373,8.677011489868164,4.554016590118408,-0.37521952390670776
1788650075244877000,16.633876953125,8.664082527160645,4.580511093139648,-0.35070714354515076
1788650075260905700,16.64990576171875,8.659996032714844,4.5902605056762695,-0.3230392336845398
1788650075276970800,16.665970703125,8.667612075805664,4.5777459144592285,-0.29520532488822937
1788650075292993300,16.6819931640625,8.681273460388184,4.552978515625,-0.2761686146259308
1788650075309011700,16.69801171875,8.69128704071045,4.533331394195557,-0.28431057929992676
1788650075325080300,16.714080322265627,8.69304370880127,4.527888298034668,-0.3156050145626068
1788650075341121800,16.730121826171874,8.691217422485352,4.528811454772949,-0.35072365403175354
1788650075357186300,16.746186279296875,8.69090747833252,4.526373863220215,-0.38789910078048706
1788650075373209300,16.762209228515626,8.696730613708496,4.511941909790039,-0.42385056614875793
1788650075389252000,16.778252197265626,8.708675384521484,4.485316753387451,-0.45967239141464233
1788650075405299500,16.794299560546875,8.72249984741211,4.454864025115967,-0.4925251603126526
1788650075421330700,16.81033056640625,8.732725143432617,4.4317240715026855,-0.5193345546722412
1788650075437408500,16.826408447265624,8.733053207397461,4.4288010597229,-0.5384149551391602
1788650075453429200,16.84242919921875,8.72065544128418,4.452183246612549,-0.5464597344398499
1788650075469452300,16.858452392578126,8.69478702545166,4.50307559967041,-0.5416602492332458
1788650075485501700,16.874501708984376,8.656715393066406,4.578662872314453,-0.5172204971313477
1788650075501549300,16.89054931640625,8.615530014038086,4.659595966339111,-0.48082873225212097
1788650075517620700,16.906620849609375,8.581204414367676,4.726222991943359,-0.44287383556365967
1788650075533643300,16.922643310546874,8.554770469665527,4.778056621551514,-0.395548015832901
1788650075549682400,16.938682373046873,8.538633346557617,4.8106255531311035,-0.34642407298088074
1788650075565750800,16.954750732421875,8.535652160644531,4.818585395812988,-0.3070391118526459
1788650075581806000,16.97080615234375,8.546860694885254,4.800096035003662,-0.28397828340530396
1788650075597904000,16.98690380859375,8.568106651306152,4.762616157531738,-0.27464476227760315
1788650075613925000,17.002925048828125,8.594034194946289,4.715852737426758,-0.2714703679084778
1788650075629938700,17.018938720703126,8.620512962341309,4.667463302612305,-0.2682315409183502
1788650075645987000,17.034987060546875,8.64179515838623,4.628392696380615,-0.26028409600257874
1788650075662004700,17.051004638671873,8.6524019241333,4.6091437339782715,-0.24925270676612854
1788650075678058500,17.06705859375,8.65572738647461,4.603532314300537,-0.23721374571323395
1788650075694074000,17.08307421875,8.653942108154297,4.60731315612793,-0.22877193987369537
1788650075710105900,17.09910595703125,8.651182174682617,4.612712383270264,-0.22431933879852295
1788650075726164700,17.115164794921874,8.653775215148926,4.607964992523193,-0.22185981273651123
1788650075742191000,17.131191162109374,8.659148216247559,4.597963333129883,-0.2197071760892868
1788650075758292000,17.1472919921875,8.664372444152832,4.588330268859863,-0.21509937942028046
1788650075774319400,17.1633193359375,8.670602798461914,4.577013969421387,-0.2048933357000351
1788650075790336300,17.179336181640625,8.67855167388916,4.562434196472168,-0.19317616522312164
1788650075806403000,17.195403076171875,8.688389778137207,4.544149398803711,-0.18160919845104218
1788650075822443800,17.21144384765625,8.698716163635254,4.524806976318359,-0.16986191272735596
1788650075838515000,17.227514892578125,8.708189010620117,4.506985187530518,-0.1578819900751114
1788650075854554000,17.24355419921875,8.714978218078613,4.494113445281982,-0.1499474048614502
1788650075870593300,17.25959326171875,8.716958045959473,4.490286827087402,-0.14949849247932434
1788650075886661400,17.275661376953124,8.713557243347168,4.496744155883789,-0.1536325216293335
1788650075902708500,17.29170849609375,8.705952644348145,4.511364936828613,-0.15611235797405243
1788650075918797000,17.307797119140623,8.695561408996582,4.531407356262207,-0.15475903451442719
1788650075934843600,17.32384375,8.683709144592285,4.554286003112793,-0.14850611984729767
1788650075950881500,17.339881591796875,8.671629905700684,4.577494144439697,-0.14057065546512604
1788650075966986500,17.355986572265625,8.659904479980469,4.599742889404297,-0.13710881769657135
1788650075982997200,17.371997314453125,8.649151802062988,4.619879245758057,-0.13883943855762482
1788650075999087000,17.388087158203124,8.639148712158203,4.6384782791137695,-0.14148001372814178
1788650076015103700,17.404103759765626,8.627470970153809,4.659971237182617,-0.14766426384449005
1788650076031138000,17.420137939453124,8.614413261413574,4.683618545532227,-0.16121040284633636
1788650076047201500,17.436201416015624,8.60090160369873,4.70765495300293,-0.18129371106624603
1788650076063211800,17.452211669921876,8.587844848632812,4.7309417724609375,-0.19364728033542633
1788650076079314700,17.468314697265626,8.577008247375488,4.7512335777282715,-0.17634236812591553
1788650076095330000,17.484330078125,8.582266807556152,4.743457794189453,-0.12122312188148499
1788650076111344400,17.500344482421873,8.599074363708496,4.714157581329346,-0.05499196797609329
1788650076127409200,17.5164091796875,8.627737998962402,4.661808967590332,-0.008232113905251026
1788650076143423500,17.532423583984375,8.662593841552734,4.596715450286865,-0.008352086879312992
1788650076159522000,17.54852197265625,8.695788383483887,4.533304691314697,-0.05290171504020691
1788650076175543800,17.564543701171875,8.71701431274414,4.491372585296631,-0.1078236848115921
1788650076191579100,17.5805791015625,8.723079681396484,4.478580951690674,-0.14349369704723358
1788650076207648800,17.596648681640627,8.714496612548828,4.494920253753662,-0.15370485186576843
1788650076223678200,17.61267822265625,8.693791389465332,4.535183429718018,-0.1431323140859604
1788650076239728600,17.628728759765625,8.667189598083496,4.586401462554932,-0.12300094217061996
1788650076255748600,17.64474853515625,8.639152526855469,4.639618396759033,-0.09682897478342056
1788650076271770600,17.6607705078125,8.617155075073242,4.680903434753418,-0.06460852175951004
1788650076287829000,17.6768291015625,8.605021476745605,4.703558444976807,-0.02326294779777527
1788650076303874000,17.6928740234375,8.604900360107422,4.703634262084961,0.043528761714696884
1788650076319928300,17.70892822265625,8.617225646972656,4.679084777832031,0.14134162664413452
1788650076335949000,17.724948974609376,8.641155242919922,4.630473613739014,0.24402649700641632
1788650076351981800,17.74098193359375,8.660195350646973,4.591166973114014,0.30427712202072144
1788650076368028000,17.75702783203125,8.667325973510742,4.577240943908691,0.3109966218471527
1788650076384052700,17.773052734375,8.664612770080566,4.584163188934326,0.2834126055240631
1788650076400109000,17.789109130859377,8.65942668914795,4.596110820770264,0.24591274559497833
1788650076416128500,17.80512841796875,8.65859317779541,4.599486351013184,0.2094814032316208
1788650076432147000,17.82114697265625,8.663445472717285,4.591723918914795,0.17655864357948303
1788650076448199400,17.837199462890624,8.672575950622559,4.575472354888916,0.1478722095489502
1788650076464246800,17.853246826171876,8.705994606018066,4.512386322021484,0.12006562203168869
1788650076480325600,17.86932568359375,8.730459213256836,4.465479373931885,0.09467647224664688
1788650076496339700,17.885339599609374,8.751764297485352,4.424071788787842,0.0678304061293602
1788650076512371000,17.901370849609375,8.770689010620117,4.386782646179199,0.03928469493985176
1788650076528437800,17.917437744140624,8.785551071166992,4.357110023498535,0.008748539723455906
1788650076544459500,17.93345947265625,8.794681549072266,4.338619232177734,-0.018735680729150772
1788650076560551700,17.9495517578125,8.801576614379883,4.324454307556152,-0.041493162512779236
1788650076576569000,17.965569091796876,8.812131881713867,4.30259895324707,-0.06610036641359329
1788650076592585700,17.981585693359374,8.828553199768066,4.268308162689209,-0.0926079973578453
1788650076608654300,17.997654296875,8.847219467163086,4.228753089904785,-0.12139014899730682
1788650076624681700,18.013681640625,8.863813400268555,4.192962646484375,-0.14919672906398773
1788650076640784400,18.029784423828126,8.871530532836914,4.175586223602295,-0.17553763091564178
1788650076656813300,18.045813232421875,8.867304801940918,4.183420181274414,-0.2007123976945877
1788650076672848400,18.061848388671876,8.854133605957031,4.210052967071533,-0.223968043923378
1788650076688922000,18.077922119140624,8.839323043823242,4.239810943603516,-0.24650399386882782
1788650076704952300,18.093952392578124,8.827722549438477,4.262584209442139,-0.2684694528579712
1788650076721075500,18.110075439453126,8.820108413696289,4.276896953582764,-0.29022419452667236
1788650076737110800,18.12611083984375,8.82198429107666,4.273003101348877,-0.2905624806880951
1788650076753126700,18.142126708984375,8.823344230651855,4.27108097076416,-0.27721038460731506
1788650076769192400,18.1581923828125,8.82232666015625,4.275076866149902,-0.2462942898273468
1788650076785251600,18.17425146484375,8.812322616577148,4.2970733642578125,-0.22027970850467682
1788650076801315600,18.190315673828124,8.803187370300293,4.316821575164795,-0.1983402669429779
1788650076817355800,18.206355712890623,8.796095848083496,4.332020282745361,-0.18078020215034485
1788650076833396200,18.222396240234374,8.792006492614746,4.341696739196777,-0.14381708204746246
1788650076849467600,18.238467529296877,8.781586647033691,4.363745212554932,-0.10884075611829758
1788650076865520400,18.254520263671875,8.767873764038086,4.391962051391602,-0.07370017468929291
1788650076881592000,18.270592041015625,8.758437156677246,4.411181449890137,-0.04061448201537132
1788650076897636400,18.28663623046875,8.758476257324219,4.411269187927246,-0.013345219194889069
1788650076913654300,18.302654296875,8.767304420471191,4.3937177658081055,-0.0040704645216465
1788650076929759500,18.318759521484374,8.774395942687988,4.379530429840088,-0.009264233522117138
1788650076945769700,18.334769775390626,8.774175643920898,4.379940509796143,-0.019015228375792503
1788650076961862700,18.350862548828125,8.764519691467285,4.399162292480469,-0.031023938208818436
1788650076977884200,18.36688427734375,8.749298095703125,4.429294586181641,-0.03902268037199974
1788650076993918200,18.382918212890626,8.73222541809082,4.462857246398926,-0.03907601907849312
1788650077010037800,18.399037841796876,8.717798233032227,4.491057872772217,-0.028156565502285957
1788650077026053600,18.4150537109375,8.709145545959473,4.5078911781311035,-0.009033055044710636
1788650077042152200,18.431152099609374,8.705972671508789,4.514003753662109,0.014267449267208576
1788650077058172200,18.447172119140625,8.707148551940918,4.511604309082031,0.03738996759057045
1788650077074192100,18.463192138671875,8.710148811340332,4.505706310272217,0.0480225645005703
1788650077090264300,18.479264404296874,8.711556434631348,4.5030131340026855,0.045261282473802567
1788650077106294500,18.49529443359375,8.714227676391602,4.497996807098389,0.025574732571840286
1788650077122401000,18.511401123046873,8.718204498291016,4.4903564453125,-0.000534545280970633
1788650077138419700,18.527419677734375,8.721671104431152,4.483567714691162,-0.021545184776186943
1788650077154455800,18.543455810546874,8.725458145141602,4.47607421875,-0.03908946365118027
1788650077170523600,18.559523681640623,8.728195190429688,4.470600605010986,-0.052036184817552567
1788650077186567000,18.57556689453125,8.728745460510254,4.469392776489258,-0.06259498745203018
1788650077202678300,18.59167822265625,8.727130889892578,4.472414016723633,-0.0713224858045578
1788650077218700300,18.6077001953125,8.723376274108887,4.47957181930542,-0.0808088406920433
1788650077234718700,18.62371875,8.718002319335938,4.4898247718811035,-0.09104834496974945
1788650077250785500,18.63978564453125,8.712661743164062,4.500003337860107,-0.0994148999452591
1788650077266824200,18.65582421875,8.708805084228516,4.507336139678955,-0.1049976721405983
1788650077282901800,18.67190185546875,8.707124710083008,4.510509490966797,-0.10806816071271896
1788650077298922000,18.687921875,8.707108497619629,4.510472297668457,-0.11083076149225235
1788650077314955800,18.703955810546876,8.708269119262695,4.508137226104736,-0.11460574716329575
1788650077331020000,18.72002001953125,8.708407402038574,4.507692337036133,-0.12146817892789841
1788650077347067400,18.7360673828125,8.706345558166504,4.511412620544434,-0.1307559460401535
1788650077363144400,18.75214453125,8.70289421081543,4.517760276794434,-0.1409706026315689
1788650077379166700,18.768166748046873,8.699101448059082,4.524781703948975,-0.14960633218288422
1788650077395188200,18.784188232421876,8.695205688476562,4.532076358795166,-0.1551397144794464
1788650077411260000,18.800260009765626,8.691376686096191,4.539330005645752,-0.15763722360134125
1788650077427321600,18.816321533203126,8.68785572052002,4.546027183532715,-0.15872414410114288
1788650077443414300,18.832414306640626,8.686022758483887,4.549412250518799,-0.1620018482208252
1788650077459438800,18.84843896484375,8.686501502990723,4.548253059387207,-0.1687299907207489
1788650077475479300,18.864479248046877,8.688281059265137,4.544503688812256,-0.17791399359703064
1788650077491550000,18.880550048828123,8.68976879119873,4.541222095489502,-0.1886807531118393
1788650077507574000,18.896573974609375,8.690876960754395,4.538546085357666,-0.20158042013645172
1788650077523668000,18.91266796875,8.692344665527344,4.535113334655762,-0.21510858833789825
1788650077539691800,18.92869189453125,8.695149421691895,4.528995037078857,-0.2301347404718399
1788650077555711700,18.944711669921876,8.698822975158691,4.521347522735596,-0.24139659106731415
1788650077571782100,18.9607822265625,8.702353477478027,4.514281749725342,-0.24635420739650726
1788650077587806000,18.976805908203126,8.704535484313965,4.510182857513428,-0.24435237050056458
1788650077603906800,18.99290673828125,8.70410442352295,4.511220932006836,-0.24048998951911926
1788650077619925200,19.00892529296875,8.701544761657715,4.5161261558532715,-0.2410973161458969
1788650077635957800,19.024957763671875,8.6990327835083,4.520528316497803,-0.24909210205078125
1788650077652023600,19.0410234375,8.698934555053711,4.519934177398682,-0.2628982365131378
1788650077668059600,19.0570595703125,8.700644493103027,4.515786647796631,-0.277204692363739
1788650077684172300,19.07317236328125,8.701383590698242,4.513562202453613,-0.28995558619499207
1788650077700199000,19.089198974609374,8.699427604675293,4.51663064956665,-0.3006543815135956
1788650077716215600,19.105215576171876,8.694676399230957,4.525322914123535,-0.3073062598705292
1788650077732283000,19.121282958984374,8.687795639038086,4.538273811340332,-0.31092020869255066
1788650077748329000,19.137328857421874,8.678633689880371,4.555421829223633,-0.3159579038619995
1788650077764406500,19.153406494140626,8.667264938354492,4.576155662536621,-0.32818594574928284
1788650077780448800,19.16944873046875,8.654106140136719,4.599456310272217,-0.3490598201751709
1788650077796493800,19.185493896484374,8.640729904174805,4.62224817276001,-0.3781551420688629
1788650077812564700,19.201564697265624,8.628629684448242,4.641783714294434,-0.41349151730537415
1788650077828622300,19.217622314453124,8.61858081817627,4.65683126449585,-0.4520854651927948
1788650077844709400,19.23370947265625,8.61432933807373,4.663869380950928,-0.46049439907073975
1788650077860737300,19.2497373046875,8.610499382019043,4.669872283935547,-0.47115257382392883
1788650077876763400,19.265763427734374,8.607660293579102,4.674420356750488,-0.47787177562713623
1788650077892880100,19.281880126953126,8.605541229248047,4.677837371826172,-0.4825831651687622
1788650077908893000,19.297892822265624,8.604124069213867,4.679763317108154,-0.4891299605369568
1788650077924980700,19.313980712890626,8.603647232055664,4.679654121398926,-0.4984786808490753
1788650077940995800,19.329995849609375,8.603297233581543,4.678808689117432,-0.5122625827789307
1788650077957029000,19.346029052734377,8.605172157287598,4.673600196838379,-0.5280620455741882
1788650077973091600,19.362091552734373,8.607828140258789,4.66666316986084,-0.5458418726921082
1788650077989104600,19.378104736328126,8.607937812805176,4.6625189781188965,-0.5785483717918396
1788650078005202700,19.39420263671875,8.60416030883789,4.6640424728393555,-0.6208963990211487
1788650078021218300,19.41021826171875,8.597162246704102,4.670785903930664,-0.665549635887146
1788650078037233000,19.42623291015625,8.588934898376465,4.679278373718262,-0.7105861902236938
1788650078053296000,19.442296142578126,8.581225395202637,4.6865434646606445,-0.7545042037963867
1788650078069318100,19.458318115234373,8.582058906555176,4.670629501342773,-0.8389727473258972
1788650078085431300,19.474431396484373,8.5895357131958,4.641472339630127,-0.920324444770813
1788650078101452000,19.4904521484375,8.605907440185547,4.594142913818359,-1.0013009309768677
1788650078117460200,19.506460205078124,8.616036415100098,4.570919036865234,-1.0202984809875488
1788650078133531400,19.522531494140626,8.630751609802246,4.536574840545654,-1.0488111972808838
1788650078149570000,19.538570068359373,8.645547866821289,4.5008087158203125,-1.080564022064209
1788650078165631000,19.554630859375,8.653181076049805,4.481115341186523,-1.1011080741882324
1788650078181645800,19.570645751953126,8.656978607177734,4.471251964569092,-1.1113125085830688
1788650078197663000,19.5866630859375,8.660386085510254,4.465757846832275,-1.1068485975265503
1788650078213731800,19.60273193359375,8.658987998962402,4.474667549133301,-1.0815109014511108
1788650078229779000,19.618779052734375,8.652360916137695,4.496613502502441,-1.0428344011306763
1788650078245851400,19.634851318359374,8.644698143005371,4.519908428192139,-1.004994511604309
1788650078261870000,19.6508701171875,8.64173412322998,4.531550884246826,-0.9776824116706848
1788650078277901600,19.666901611328125,8.643963813781738,4.5313825607299805,-0.9585676789283752
1788650078293966600,19.682966552734374,8.64669418334961,4.529476165771484,-0.9428197741508484
1788650078310013700,19.699013671875,8.650151252746582,4.525541305541992,-0.9299207329750061
1788650078326086700,19.715086669921874,8.653834342956543,4.520395755767822,-0.920632004737854
1788650078342103600,19.731103515625,8.656211853027344,4.517026901245117,-0.9147982001304626
1788650078358121700,19.747121826171874,8.656794548034668,4.51644229888916,-0.9121718406677246
1788650078374189300,19.763189208984375,8.656761169433594,4.516077518463135,-0.9142873883247375
1788650078390247000,19.779246826171875,8.657271385192871,4.513174057006836,-0.9237445592880249
1788650078406334200,19.795334228515625,8.659272193908691,4.506311416625977,-0.9383754730224609
1788650078422354000,19.81135400390625,8.66183090209961,4.498330116271973,-0.952941358089447
1788650078438387000,19.827386962890625,8.662930488586426,4.494389057159424,-0.9615028500556946
1788650078454454800,19.843454833984374,8.661362648010254,4.499322414398193,-0.9525134563446045
1788650078470468400,19.85946826171875,8.659213066101074,4.510207653045654,-0.920028567314148
1788650078486560300,19.875560302734375,8.663884162902832,4.511102199554443,-0.8703180551528931
1788650078502580500,19.89158056640625,8.673839569091797,4.500040054321289,-0.8273698687553406
1788650078518599000,19.907598876953124,8.68470287322998,4.483470439910889,-0.8030046224594116
1788650078534672600,19.923672607421874,8.693835258483887,4.467245578765869,-0.7945614457130432
1788650078550687700,19.939687744140624,8.691184997558594,4.471574783325195,-0.7991990447044373
1788650078566781000,19.955781005859375,8.674427032470703,4.502282619476318,-0.8088034391403198
1788650078582806300,19.97180615234375,8.65079402923584,4.545936584472656,-0.8176854848861694
1788650078598842400,19.98784228515625,8.625428199768066,4.592108249664307,-0.8275947570800781
1788650078614913800,20.003913818359376,8.597932815551758,4.64065408706665,-0.8427826762199402
1788650078630939100,20.019939208984376,8.569952964782715,4.688922882080078,-0.860403299331665
1788650078647036700,20.03603662109375,8.558466911315918,4.714081764221191,-0.8369418382644653
1788650078663065000,20.052065185546876,8.550168991088867,4.732675552368164,-0.8165686130523682
1788650078679083500,20.06808349609375,8.546442031860352,4.7388739585876465,-0.819633424282074
1788650078695152000,20.084152099609376,8.55465030670166,4.721821308135986,-0.832317054271698
1788650078711195000,20.10019482421875,8.57779598236084,4.67382287979126,-0.8643932938575745
1788650078727239200,20.1162392578125,8.615468978881836,4.596808433532715,-0.9019009470939636
1788650078751289300,20.140289306640625,8.659834861755371,4.502236843109131,-0.9526382088661194
1788650078767329000,20.1563291015625,8.663468360900879,4.493283748626709,-0.9618307948112488
1788650078783376600,20.172376708984373,8.641996383666992,4.536148548126221,-0.9537575244903564
1788650078799430100,20.18843017578125,8.601510047912598,4.617583751678467,-0.9286225438117981
1788650078815458300,20.204458251953124,8.560295104980469,4.7018842697143555,-0.8854542374610901
1788650078831476000,20.22047607421875,8.53481674194336,4.759730339050293,-0.8199155926704407
1788650078847553500,20.236553466796874,8.523609161376953,4.79232931137085,-0.743000328540802
1788650078863590400,20.25259033203125,8.51941204071045,4.811005592346191,-0.6665101647377014
1788650078879653600,20.268653564453125,8.522109985351562,4.816080093383789,-0.5910964012145996
1788650078895703800,20.284703857421874,8.52926254272461,4.811182022094727,-0.5240166783332825
1788650078911721200,20.30072119140625,8.538168907165527,4.800912857055664,-0.4704214632511139
1788650078927786200,20.3167861328125,8.570937156677246,4.749639511108398,-0.38775327801704407
1788650078943831600,20.33283154296875,8.580704689025879,4.733613014221191,-0.3671647906303406
1788650078959907600,20.348907470703125,8.587176322937012,4.722033500671387,-0.36495137214660645
1788650078975967500,20.364967529296877,8.589883804321289,4.715839862823486,-0.38096654415130615
1788650078991986200,20.380986083984375,8.588299751281738,4.715569972991943,-0.41821035742759705
1788650079008030200,20.3970302734375,8.581854820251465,4.722044467926025,-0.4737589359283447
1788650079024083700,20.413083740234374,8.571035385131836,4.7349324226379395,-0.5368046164512634
1788650079040169200,20.429169189453123,8.556108474731445,4.7541913986206055,-0.60088050365448
1788650079056181800,20.445181640625,8.536785125732422,4.781102657318115,-0.6593478918075562
1788650079072199700,20.46119970703125,8.531160354614258,4.785854816436768,-0.696626603603363
1788650079088270300,20.477270263671876,8.54383659362793,4.760576248168945,-0.7142572402954102
1788650079104328400,20.493328369140624,8.559954643249512,4.729663848876953,-0.7265263795852661
1788650079120382000,20.5093818359375,8.57819652557373,4.694981575012207,-0.7362589836120605
1788650079136435000,20.52543505859375,8.598515510559082,4.657875061035156,-0.7349321246147156
1788650079152452400,20.541452392578126,8.620583534240723,4.619582176208496,-0.7178976535797119
1788650079168503300,20.55750341796875,8.630025863647461,4.6029133796691895,-0.7114934921264648
1788650079184569300,20.5735693359375,8.630975723266602,4.600288391113281,-0.7169365882873535
1788650079200617200,20.5896171875,8.637897491455078,4.586592674255371,-0.7213103771209717
1788650079216670200,20.605670166015624,8.6464204788208,4.569061756134033,-0.7303919792175293
1788650079232690000,20.62168994140625,8.650959968566895,4.557552814483643,-0.7483296394348145
1788650079248756500,20.637756591796876,8.664019584655762,4.532689571380615,-0.7482571601867676
1788650079264829000,20.653828857421875,8.668438911437988,4.521722793579102,-0.7632626891136169
1788650079280881400,20.66988134765625,8.666618347167969,4.521413803100586,-0.7854506969451904
1788650079296933600,20.68593359375,8.649246215820312,4.547262191772461,-0.826633632183075
1788650079312950500,20.701950439453125,8.632536888122559,4.575214862823486,-0.8468191027641296
1788650079328999700,20.717999755859374,8.616931915283203,4.605170249938965,-0.8433769941329956
1788650079345083400,20.73408349609375,8.602752685546875,4.634150505065918,-0.8292630910873413
1788650079361148000,20.75014794921875,8.593092918395996,4.6547322273254395,-0.8140145540237427
1788650079377198800,20.76619873046875,8.589728355407715,4.66261100769043,-0.8043724298477173
1788650079393216500,20.782216552734376,8.588664054870605,4.665525913238525,-0.7988234162330627
1788650079409282600,20.798282470703125,8.585051536560059,4.672302722930908,-0.7980297803878784
1788650079425327900,20.814327880859373,8.576685905456543,4.68646764755249,-0.8049008250236511
1788650079441396000,20.83039599609375,8.566153526306152,4.703230857849121,-0.8191583156585693
1788650079457416000,20.846416015625,8.556869506835938,4.717287540435791,-0.8352009654045105
1788650079473435600,20.862435546875,8.55108642578125,4.73429536819458,-0.7973454594612122
1788650079489486300,20.878486328125,8.545265197753906,4.752205848693848,-0.7519124746322632
1788650079505544400,20.89454443359375,8.539101600646973,4.7711076736450195,-0.7004771828651428
1788650079521627400,20.91062744140625,8.537344932556152,4.776793003082275,-0.6829257011413574
1788650079537688300,20.926688232421874,8.536876678466797,4.7800421714782715,-0.6658180952072144
1788650079553702700,20.94270263671875,8.535453796386719,4.787167072296143,-0.6320140361785889
1788650079569769200,20.958769287109376,8.532038688659668,4.799784183502197,-0.5803202390670776
1788650079585831000,20.974830810546877,8.528543472290039,4.812095642089844,-0.5273116827011108
1788650079601870600,20.99087060546875,8.523635864257812,4.826198101043701,-0.47520387172698975
1788650079617939500,21.006939453125,8.516884803771973,4.842304706573486,-0.4302927255630493
1788650079633963800,21.0229638671875,8.509267807006836,4.858510494232178,-0.3970196843147278
1788650079650010000,21.039010009765626,8.502455711364746,4.8722100257873535,-0.3744514584541321
1788650079666084900,21.0550849609375,8.497389793395996,4.882171154022217,-0.35938379168510437
1788650079682132700,21.0711328125,8.494304656982422,4.888636112213135,-0.3441214859485626
1788650079698220500,21.087220458984376,8.492829322814941,4.892500400543213,-0.32507485151290894
1788650079714259000,21.103259033203123,8.492246627807617,4.894864559173584,-0.3040602505207062
1788650079730326300,21.119326171875,8.496315002441406,4.889078140258789,-0.28272390365600586
1788650079746368000,21.135367919921876,8.502774238586426,4.879209995269775,-0.25791239738464355
1788650079762432800,21.151432861328125,8.50541877746582,4.875856876373291,-0.23295696079730988
1788650079778482400,21.167482421875,8.506243705749512,4.875454902648926,-0.2101113647222519
1788650079794499000,21.1834990234375,8.509818077087402,4.870131969451904,-0.1876249611377716
1788650079810544000,21.199544189453125,8.517170906066895,4.858055114746094,-0.1658104509115219
1788650079826584800,21.215584716796876,8.525208473205566,4.8446760177612305,-0.14255553483963013
1788650079842657500,21.231657470703126,8.529900550842285,4.8370771408081055,-0.1177845224738121
1788650079858707700,21.247707763671876,8.529706001281738,4.838014602661133,-0.09013079106807709
1788650079874723600,21.2637236328125,8.527640342712402,4.842104434967041,-0.061368368566036224
1788650079890785500,21.27978564453125,8.527812957763672,4.842072010040283,-0.03373422101140022
1788650079906839800,21.29583984375,8.533636093139648,4.831909656524658,-0.00945128034800291
1788650079922921200,21.311921142578125,8.545682907104492,4.8105573654174805,0.015047200955450535
1788650079938974700,21.327974609375,8.563335418701172,4.778900146484375,0.04239756613969803
1788650079954989300,21.3439892578125,8.580578804016113,4.747578144073486,0.06753770262002945
1788650079971039500,21.36003955078125,8.592041969299316,4.726441860198975,0.08919321745634079
1788650079987099000,21.376098876953126,8.596484184265137,4.718026161193848,0.10522972047328949
1788650080003131400,21.39213134765625,8.59661865234375,4.717406272888184,0.12093611806631088
1788650080019180500,21.4081806640625,8.594586372375488,4.72051477432251,0.14214462041854858
1788650080035196000,21.42419580078125,8.589309692382812,4.729247093200684,0.16845044493675232
1788650080051251500,21.44025146484375,8.582900047302246,4.739809036254883,0.196021169424057
1788650080067318800,21.45631884765625,8.574715614318848,4.7535014152526855,0.22106078267097473
1788650080083361500,21.472361572265626,8.567212104797363,4.765839099884033,0.24503333866596222
1788650080099407600,21.48840771484375,8.561396598815918,4.774923324584961,0.2701645493507385
1788650080115422000,21.504421875,8.557901382446289,4.779722213745117,0.29491862654685974
1788650080131469300,21.52046923828125,8.557195663452148,4.779463291168213,0.3186255097389221
1788650080147548200,21.536548095703125,8.560559272766113,4.772134780883789,0.3375545144081116
1788650080163600100,21.55260009765625,8.568883895874023,4.756431579589844,0.34781771898269653
1788650080179647000,21.56864697265625,8.5784273147583,4.738966941833496,0.3509460687637329
1788650080195659500,21.584659423828125,8.585867881774902,4.725703716278076,0.34782105684280396
1788650080211720700,21.600720703125,8.59093952178955,4.717233180999756,0.3374263644218445
1788650080227801900,21.6168017578125,8.594536781311035,4.711968898773193,0.31888431310653687
1788650080243875300,21.632875244140624,8.597349166870117,4.708364009857178,0.29543957114219666
1788650080259923200,21.648923095703125,8.599447250366211,4.705836296081543,0.27386778593063354
1788650080275942100,21.664942138671876,8.600743293762207,4.704463481903076,0.25618791580200195
1788650080291991600,21.680991455078125,8.602304458618164,4.7024431228637695,0.24038097262382507
1788650080308034000,21.697033935546877,8.605818748474121,4.696791648864746,0.22451792657375336
1788650080324102000,21.713101806640626,8.61091423034668,4.6883015632629395,0.2058456689119339
1788650080340153300,21.7291533203125,8.6170015335083,4.678049087524414,0.1831120103597641
1788650080356171300,21.745171142578126,8.623598098754883,4.666786193847656,0.15825580060482025
1788650080372237800,21.76123779296875,8.629592895507812,4.656402587890625,0.13579846918582916
1788650080388290000,21.7772900390625,8.63387680053711,4.648753643035889,0.12514044344425201
1788650080404369700,21.79336962890625,8.635649681091309,4.645482540130615,0.12426131963729858
1788650080420425000,21.809425048828125,8.634873390197754,4.646775722503662,0.12971387803554535
1788650080436441300,21.82544140625,8.63093376159668,4.6538496017456055,0.1380285620689392
1788650080452487200,21.841487060546875,8.623187065124512,4.667966842651367,0.14531667530536652
1788650080468548000,21.857548095703127,8.612503051757812,4.6874613761901855,0.15125440061092377
1788650080484627200,21.873627197265623,8.599661827087402,4.7108612060546875,0.15492358803749084
1788650080500685800,21.889685791015626,8.586119651794434,4.73555326461792,0.15317893028259277
1788650080516696800,21.90569677734375,8.572904586791992,4.759714126586914,0.14426030218601227
1788650080532755700,21.921755615234375,8.560148239135742,4.783112525939941,0.12682005763053894
1788650080548824300,21.93782421875,8.5491943359375,4.803344249725342,0.09779518842697144
1788650080564865500,21.953865478515624,8.540509223937988,4.819364547729492,0.0618416853249073
1788650080580935700,21.969935791015626,8.533336639404297,4.832409858703613,0.01895487681031227
1788650080596964400,21.98596435546875,8.526979446411133,4.843578815460205,-0.027412761002779007
1788650080613012700,22.0020126953125,8.521690368652344,4.852377414703369,-0.07491510361433029
1788650080629087700,22.018087646484375,8.515393257141113,4.862526893615723,-0.11954671144485474
1788650080645136000,22.034135986328124,8.50656509399414,4.8769354820251465,-0.1557106375694275
1788650080661214500,22.05021435546875,8.49622917175293,4.894071102142334,-0.18038959801197052
1788650080677252600,22.066252685546875,8.485922813415527,4.911386966705322,-0.1943780779838562
1788650080693351200,22.08235107421875,8.475165367126465,4.929653644561768,-0.20118600130081177
1788650080709389600,22.0983896484375,8.463187217712402,4.9499101638793945,-0.20796149969100952
1788650080725458200,22.114458251953124,8.450130462646484,4.971816062927246,-0.21617300808429718
1788650080741513200,22.13051318359375,8.435371398925781,4.996376991271973,-0.22611629962921143
1788650080757533200,22.146533203125,8.417460441589355,5.025907516479492,-0.23876404762268066
1788650080773583000,22.1625830078125,8.396849632263184,5.05949068069458,-0.25469502806663513
1788650080789654800,22.17865478515625,8.374899864196777,5.094613552093506,-0.27633142471313477
1788650080805740500,22.194740478515627,8.354948997497559,5.126003742218018,-0.2988337576389313
1788650080821795000,22.210795166015625,8.339179039001465,5.150487422943115,-0.3177401125431061
1788650080837814000,22.22681396484375,8.32524299621582,5.171957969665527,-0.33402854204177856
1788650080853882600,22.242882568359374,8.308877944946289,5.197397232055664,-0.34640637040138245
1788650080869939200,22.258939208984376,8.286993980407715,5.231484413146973,-0.35733678936958313
1788650080886025200,22.275025146484374,8.261155128479004,5.271493911743164,-0.36749008297920227
1788650080902077700,22.29107763671875,8.23420524597168,5.3127312660217285,-0.3783458173274994
1788650080918094000,22.307093994140626,8.208611488342285,5.35178804397583,-0.3840048909187317
1788650080934144300,22.323144287109375,8.188190460205078,5.383294582366943,-0.37954995036125183
1788650080950205700,22.339205810546876,8.1792631149292,5.397678852081299,-0.36755526065826416
1788650080966245600,22.35524560546875,8.179778099060059,5.397426128387451,-0.35971683263778687
1788650080982300200,22.371300048828125,8.18285083770752,5.3925933837890625,-0.3623307943344116
1788650080998318800,22.38731884765625,8.182047843933105,5.393153190612793,-0.37199732661247253
1788650081014382000,22.403382080078124,8.172513008117676,5.406964302062988,-0.3809966444969177
1788650081030449000,22.419448974609374,8.158400535583496,5.4281392097473145,-0.382365882396698
1788650081046498300,22.435498291015627,8.155242919921875,5.433119773864746,-0.3789548873901367
1788650081062551800,22.4515517578125,8.143321990966797,5.450926303863525,-0.3796113133430481
1788650081078568200,22.467568115234375,8.164584159851074,5.418679237365723,-0.3845452666282654
1788650081094613000,22.483613037109375,8.188875198364258,5.381901264190674,-0.3845043480396271
1788650081110689000,22.49968896484375,8.213397979736328,5.345513343811035,-0.3687427043914795
1788650081126740000,22.515739990234376,8.22168254852295,5.334819316864014,-0.3376747965812683
1788650081142789400,22.531789306640626,8.21518611907959,5.346841812133789,-0.3039478659629822
1788650081158804000,22.547803955078123,8.213953018188477,5.350009918212891,-0.2806350886821747
1788650081174864100,22.563864013671875,8.220170021057129,5.3408637046813965,-0.2727171778678894
1788650081190947000,22.579947021484376,8.233359336853027,5.320319652557373,-0.2763575613498688
1788650081207004700,22.596004638671875,8.249272346496582,5.295367240905762,-0.2810109555721283
1788650081223056000,22.612055908203125,8.263916969299316,5.272526741027832,-0.28020021319389343
1788650081239068000,22.62806787109375,8.298335075378418,5.217946529388428,-0.28468993306159973
1788650081255113700,22.64411376953125,8.321183204650879,5.181785583496094,-0.2781964838504791
1788650081271152600,22.660152587890625,8.33101749420166,5.166778564453125,-0.26255670189857483
1788650081287219000,22.676218994140626,8.335747718811035,5.160022735595703,-0.2446630448102951
1788650081303264500,22.692264404296875,8.343801498413086,5.147700309753418,-0.22922493517398834
1788650081319275000,22.70827490234375,8.360462188720703,5.1209330558776855,-0.22162440419197083
1788650081335330800,22.724330810546874,8.381244659423828,5.086966514587402,-0.21887509524822235
1788650081351383000,22.740383056640624,8.399179458618164,5.057564735412598,-0.21263577044010162
1788650081367459600,22.75645947265625,8.410672187805176,5.038629055023193,-0.20786169171333313
1788650081383523600,22.772523681640624,8.41610336303711,5.029669284820557,-0.20499533414840698
1788650081399539200,22.788539306640626,8.41845417022705,5.025975704193115,-0.19896715879440308
1788650081415588000,22.804588134765623,8.419941902160645,5.023735046386719,-0.19250425696372986
1788650081431653400,22.8206533203125,8.422075271606445,5.0203962326049805,-0.18616525828838348
1788650081447741200,22.8367412109375,8.425337791442871,5.015124797821045,-0.18052871525287628
1788650081463814400,22.852814453125,8.42883586883545,5.009355068206787,-0.1774202287197113
1788650081479839700,22.86883984375,8.430197715759277,5.007061004638672,-0.17745909094810486
1788650081495907300,22.8849072265625,8.426936149597168,5.012557506561279,-0.17720644176006317
1788650081511984400,22.900984375,8.417534828186035,5.028416156768799,-0.17471608519554138
1788650081528036900,22.917036865234376,8.40419864654541,5.050837993621826,-0.16992183029651642
1788650081544123400,22.933123291015626,8.388946533203125,5.076229572296143,-0.16692893207073212
1788650081560162000,22.949162109375,8.37448787689209,5.0999755859375,-0.16903993487358093
1788650081576211200,22.965211181640626,8.361708641052246,5.120675086975098,-0.17581717669963837
1788650081592290000,22.9812900390625,8.350045204162598,5.139362812042236,-0.18463468551635742
1788650081608350700,22.997350830078126,8.337140083312988,5.159930229187012,-0.1939326822757721
1788650081624433400,23.013433349609375,8.326526641845703,5.176630973815918,-0.2045440822839737
1788650081640452000,23.0294521484375,8.322199821472168,5.183181285858154,-0.21450696885585785
1788650081656562000,23.04556201171875,8.325979232788086,5.176605224609375,-0.22632922232151031
1788650081672603600,23.061603759765624,8.332454681396484,5.165302753448486,-0.24541239440441132
1788650081688678000,23.077677978515624,8.338958740234375,5.153939247131348,-0.2628090977668762
1788650081704731600,23.093731689453126,8.34784984588623,5.1393232345581055,-0.2667376399040222
1788650081720750600,23.10975048828125,8.366947174072266,5.108595371246338,-0.2585575580596924
1788650081736842500,23.125842529296875,8.399463653564453,5.0551934242248535,-0.2538277506828308
1788650081752883500,23.141883544921875,8.442895889282227,4.982326030731201,-0.2536475658416748
1788650081768959200,23.157959228515626,8.486016273498535,4.90810489654541,-0.26157325506210327
1788650081785004000,23.174004150390626,8.515811920166016,4.8549604415893555,-0.2840728163719177
1788650081801028600,23.190028564453126,8.52770709991455,4.832182884216309,-0.31400924921035767
1788650081817062400,23.2060625,8.523542404174805,4.837399005889893,-0.3452329635620117
1788650081833117700,23.22211767578125,8.507176399230957,4.864041805267334,-0.37340471148490906
1788650081849204000,23.238203857421876,8.485167503356934,4.901205539703369,-0.387951135635376
1788650081865260000,23.254260009765623,8.461276054382324,4.942888259887695,-0.3808446526527405
1788650081881282600,23.270282470703126,8.440760612487793,4.980539321899414,-0.3437674045562744
1788650081897323000,23.286322998046874,8.428566932678223,5.005160331726074,-0.2792997658252716
1788650081913389000,23.30238916015625,8.431964874267578,5.0036139488220215,-0.1902545690536499
1788650081929432300,23.318432373046875,8.451111793518066,4.973944187164307,-0.09472133219242096
1788650081945484500,23.334484619140625,8.474332809448242,4.935133457183838,-0.02288958616554737
1788650081961500400,23.35050048828125,8.49125862121582,4.906008243560791,-0.0019999416545033455
1788650081977555700,23.3665556640625,8.501396179199219,4.888366222381592,-0.023081747815012932
1788650081993619200,23.382619140625,8.509958267211914,4.873106956481934,-0.06189955398440361
1788650082009657000,23.398656982421876,8.519501686096191,4.855707168579102,-0.10290171951055527
1788650082025708000,23.4147080078125,8.526349067687988,4.842650890350342,-0.1431640237569809
1788650082041724400,23.430724365234376,8.52684211730957,4.840481281280518,-0.1819404810667038
1788650082057772000,23.44677197265625,8.53630542755127,4.823462009429932,-0.18996377289295197
1788650082073842400,23.462842529296875,8.538649559020996,4.818701267242432,-0.20485447347164154
1788650082089902800,23.47890283203125,8.540139198303223,4.815124988555908,-0.22582301497459412
1788650082105953800,23.494953857421876,8.541792869567871,4.811044692993164,-0.24902737140655518
1788650082121971700,23.5109716796875,8.541858673095703,4.809767246246338,-0.2705291509628296
1788650082138009900,23.527009765625,8.539084434509277,4.813704490661621,-0.2875216603279114
1788650082154096600,23.5430966796875,8.53459644317627,4.8209099769592285,-0.2997983694076538
1788650082170157000,23.559156982421875,8.5309419631958,4.826509952545166,-0.3134060204029083
1788650082186214100,23.575214111328126,8.53133487701416,4.824563503265381,-0.3321307599544525
1788650082202237200,23.5912373046875,8.536892890930176,4.813169002532959,-0.35391369462013245
1788650082218290400,23.60729052734375,8.544530868530273,4.798313617706299,-0.3709060251712799
1788650082234330600,23.62333056640625,8.550980567932129,4.786069869995117,-0.3803356885910034
1788650082250398200,23.639398193359376,8.553257942199707,4.7815728187561035,-0.38567396998405457
1788650082266451500,23.655451416015627,8.551553726196289,4.783144950866699,-0.40354689955711365
1788650082282470000,23.671469970703125,8.543998718261719,4.793173789978027,-0.4426761269569397
1788650082298550800,23.68755078125,8.530486106872559,4.81087589263916,-0.5066254138946533
1788650082314602800,23.703602783203124,8.51402473449707,4.832977771759033,-0.569299042224884
1788650082330684700,23.7196845703125,8.49967098236084,4.851892948150635,-0.620572566986084
1788650082346744600,23.73574462890625,8.489611625671387,4.865627288818359,-0.6500447392463684
1788650082362764800,23.751764892578127,8.481264114379883,4.878556728363037,-0.6619922518730164
1788650082378816300,23.767816162109376,8.470820426940918,4.895757675170898,-0.668696403503418
1788650082394877200,23.783877197265625,8.457846641540527,4.916929244995117,-0.6775153875350952
1788650082410941200,23.799941162109373,8.450506210327148,4.928027153015137,-0.6883904337882996
1788650082427006500,23.81600634765625,8.45426082611084,4.919802188873291,-0.7010083198547363
1788650082443017700,23.832017822265627,8.466190338134766,4.8961405754089355,-0.7223673462867737
1788650082459055400,23.848055419921874,8.479228019714355,4.870433330535889,-0.7429336309432983
1788650082475099600,23.864099609375,8.482264518737793,4.863156318664551,-0.7558264136314392
1788650082491142000,23.880141845703125,8.46762752532959,4.887779235839844,-0.7611069679260254
1788650082507212500,23.896212646484376,8.436426162719727,4.9416584968566895,-0.7596858739852905
1788650082523233500,23.912233642578126,8.403351783752441,4.999301910400391,-0.7490291595458984
1788650082539267000,23.92826708984375,8.384709358215332,5.033255100250244,-0.7303259372711182
1788650082555324400,23.944324462890624,8.382266998291016,5.0400309562683105,-0.7113940119743347
1788650082571380200,23.960380126953126,8.389824867248535,5.028097629547119,-0.7067198753356934
1788650082587432400,23.976432373046876,8.403030395507812,5.004787921905518,-0.7152372002601624
1788650082603447600,23.992447509765626,8.418340682983398,4.9767937660217285,-0.7303783893585205
1788650082619563000,24.00856298828125,8.433307647705078,4.948798656463623,-0.7477300763130188
1788650082635604200,24.024604248046874,8.471193313598633,4.883091449737549,-0.751471996307373
1788650082651673900,24.040673828125,8.529891014099121,4.782649993896484,-0.7332115769386292
1788650082667729200,24.056729248046874,8.5650053024292,4.72362756729126,-0.7059887647628784
1788650082683747300,24.072747314453125,8.580289840698242,4.701023101806641,-0.6703683137893677
1788650082699843000,24.088843017578125,8.5950288772583,4.679935455322266,-0.6277500987052917
1788650082715887900,24.104887939453125,8.60753345489502,4.662387371063232,-0.585574209690094
1788650082731964000,24.1209638671875,8.616900444030762,4.649116039276123,-0.5523849129676819
1788650082748017400,24.137017333984375,8.635299682617188,4.618616580963135,-0.5199868679046631
1788650082764039000,24.153038818359374,8.65292739868164,4.58817720413208,-0.4958588480949402
1788650082780104200,24.169104248046875,8.674469947814941,4.549283981323242,-0.4774833619594574
1788650082796153900,24.18515380859375,8.698891639709473,4.504305839538574,-0.4592404365539551
1788650082812237300,24.2012373046875,8.72165298461914,4.461986064910889,-0.4402619004249573
1788650082828292400,24.217292236328124,8.737911224365234,4.4320197105407715,-0.42011019587516785
1788650082844313000,24.23331298828125,8.744107246398926,4.421874523162842,-0.39750558137893677
1788650082860358700,24.249358642578127,8.741772651672363,4.4289231300354,-0.3693801462650299
1788650082876412400,24.265412353515625,8.740082740783691,4.434487819671631,-0.3415566086769104
1788650082892452600,24.28145263671875,8.73975944519043,4.436933517456055,-0.3172163963317871
1788650082908504800,24.2975048828125,8.73786735534668,4.442127227783203,-0.29590749740600586
1788650082924522500,24.3135224609375,8.731762886047363,4.455364227294922,-0.276469349861145
1788650082940583400,24.32958349609375,8.720216751098633,4.478822708129883,-0.26144862174987793
1788650082956657000,24.345656982421875,8.705774307250977,4.507446765899658,-0.2505927085876465
1788650082972704800,24.361704833984376,8.692245483398438,4.533936023712158,-0.24226021766662598
1788650082988759300,24.37775927734375,8.682488441467285,4.553103923797607,-0.23240970075130463
1788650083004781600,24.393781494140626,8.676885604858398,4.5645623207092285,-0.2163800746202469
1788650083020836600,24.409836669921877,8.673614501953125,4.571940898895264,-0.19018881022930145
1788650083036915200,24.425915283203125,8.669132232666016,4.581606864929199,-0.1593947410583496
1788650083052974800,24.441974853515624,8.661567687988281,4.5966596603393555,-0.13550423085689545
1788650083069029000,24.458029052734375,8.651662826538086,4.615631103515625,-0.1227424368262291
1788650083085051000,24.47405078125,8.639325141906738,4.638765335083008,-0.11962883919477463
1788650083101109500,24.490109619140625,8.623772621154785,4.667774200439453,-0.11315255612134933
1788650083117185500,24.506185546875,8.611351013183594,4.691464424133301,-0.07205481827259064
1788650083133253000,24.522253173828126,8.624412536621094,4.667965412139893,-0.0015338584780693054
1788650083149298700,24.538298583984375,8.660038948059082,4.601236820220947,0.05233202502131462
1788650083165322800,24.55432275390625,8.705216407775879,4.5150556564331055,0.06217610463500023
1788650083181355000,24.57035498046875,8.741802215576172,4.444057464599609,0.040342386811971664
1788650083197427500,24.586427490234374,8.762828826904297,4.402620315551758,0.01294664852321148
1788650083213515300,24.602515380859376,8.7671537399292,4.394013404846191,-0.007034720852971077
1788650083229525500,24.618525390625,8.758201599121094,4.411768913269043,-0.024371348321437836
1788650083245549000,24.634549072265624,8.740705490112305,4.4461669921875,-0.045305121690034866
1788650083261605000,24.650605224609375,8.721918106079102,4.482749938964844,-0.05913323163986206
1788650083277653200,24.6666533203125,8.705920219421387,4.513768196105957,-0.05684446170926094
1788650083293739800,24.68273974609375,8.699210166931152,4.526947021484375,-0.029576808214187622
1788650083309761800,24.69876171875,8.699592590332031,4.526299476623535,0.009514336474239826
1788650083325780500,24.714780517578124,8.700660705566406,4.52400541305542,0.047634370625019073
1788650083341832400,24.73083251953125,8.698676109313965,4.527324676513672,0.08214811980724335
1788650083357897700,24.746897705078126,8.701929092407227,4.520249366760254,0.11897852271795273
1788650083373985500,24.762985595703125,8.711220741271973,4.5011444091796875,0.15724745392799377
1788650083390051800,24.7790517578125,8.719686508178711,4.4835309982299805,0.18818466365337372
1788650083406073300,24.7950732421875,8.72783088684082,4.466982364654541,0.2035229653120041
1788650083422144300,24.811144287109375,8.724017143249512,4.475232124328613,0.1849684864282608
1788650083438217700,24.8272177734375,8.719697952270508,4.485069751739502,0.1462910771369934
1788650083454265600,24.843265625,8.714574813842773,4.496284008026123,0.1000414714217186
1788650083470317600,24.859317626953125,8.709646224975586,4.50654935836792,0.058770351111888885
1788650083486350800,24.875350830078126,8.705764770507812,4.514339923858643,0.027825508266687393
1788650083502403800,24.89140380859375,8.701305389404297,4.523010730743408,0.006459916941821575
1788650083518487800,24.90748779296875,8.697324752807617,4.530653953552246,-0.009750518947839737
1788650083534557200,24.92355712890625,8.693906784057617,4.537130832672119,-0.028605222702026367
1788650083550610400,24.9396103515625,8.690707206726074,4.543015956878662,-0.05478939414024353
1788650083566631400,24.95563134765625,8.688971519470215,4.545860290527344,-0.08560739457607269
1788650083582700800,24.97170068359375,8.68962287902832,4.543990612030029,-0.1139993816614151
1788650083598750700,24.987750732421876,8.688796043395996,4.5449347496032715,-0.1370576024055481
1788650083614829600,25.00382958984375,8.682366371154785,4.5566582679748535,-0.1541510969400406
1788650083630885000,25.019885009765623,8.669321060180664,4.580927848815918,-0.16840441524982452
1788650083646903600,25.035903564453125,8.649984359741211,4.616708755493164,-0.18485531210899353
1788650083662955500,25.05195556640625,8.625200271606445,4.661698818206787,-0.21185755729675293
1788650083679004700,25.068004638671876,8.598209381103516,4.709268569946289,-0.2529407739639282
1788650083695064000,25.08406396484375,8.58665943145752,4.727280139923096,-0.3041439950466156
1788650083711117000,25.100116943359374,8.571775436401367,4.7518086433410645,-0.339641809463501
1788650083727137800,25.1161376953125,8.55709457397461,4.777256965637207,-0.3526195287704468
1788650083743208200,25.132208251953124,8.546646118164062,4.796726226806641,-0.3415186107158661
1788650083759270100,25.148270263671876,8.532157897949219,4.824420928955078,-0.3124596178531647
1788650083775360000,25.164360107421874,8.515263557434082,4.856210708618164,-0.27908408641815186
1788650083791414000,25.1804140625,8.496036529541016,4.890614032745361,-0.2638942003250122
1788650083807432400,25.196432373046875,8.476454734802246,4.924297332763672,-0.2672337293624878
1788650083823483600,25.212483642578125,8.46399211883545,4.945268154144287,-0.27486950159072876
1788650083839555300,25.228555419921875,8.467538833618164,4.938799858093262,-0.2818308472633362
1788650083855602000,25.244601806640624,8.492003440856934,4.896304130554199,-0.2871769666671753
1788650083871647000,25.26064697265625,8.5280122756958,4.832945346832275,-0.2933226227760315
1788650083887668500,25.27666845703125,8.562809944152832,4.770652770996094,-0.2992418706417084
1788650083903714300,25.29271435546875,8.580018043518066,4.739297866821289,-0.30452483892440796
1788650083919772700,25.308772705078123,8.574650764465332,4.748902797698975,-0.3060634732246399
1788650083935828700,25.324828857421874,8.552517890930176,4.789186000823975,-0.2975289821624756
1788650083951863600,25.340863525390624,8.526909828186035,4.835758209228516,-0.278653085231781
1788650083967888000,25.356887939453124,8.511151313781738,4.8644609451293945,-0.260226309299469
1788650083983929900,25.372929931640623,8.508505821228027,4.869400501251221,-0.2542946934700012
1788650084000019500,25.38901953125,8.514104843139648,4.85945463180542,-0.2571121156215668
1788650084016086500,25.40508642578125,8.523123741149902,4.843436241149902,-0.26052170991897583
1788650084032146000,25.42114599609375,8.532295227050781,4.827464580535889,-0.25672969222068787
1788650084048172300,25.43717236328125,8.54115104675293,4.812384605407715,-0.2451350837945938
1788650084064244700,25.45324462890625,8.568962097167969,4.762283802032471,-0.2528182864189148
1788650084080291300,25.469291259765626,8.592042922973633,4.720442771911621,-0.25418731570243835
1788650084096363000,25.485363037109376,8.60929012298584,4.688995838165283,-0.2526404559612274
1788650084112416000,25.501416015625,8.620834350585938,4.668024063110352,-0.24729685485363007
1788650084128437000,25.51743701171875,8.626392364501953,4.658310890197754,-0.23640619218349457
1788650084144487000,25.53348681640625,8.626550674438477,4.658819198608398,-0.2200414389371872
1788650084160538400,25.549538330078125,8.625861167907715,4.661154270172119,-0.19631603360176086
1788650084176618800,25.56561865234375,8.629691123962402,4.655068874359131,-0.17075112462043762
1788650084192676900,25.5816767578125,8.639395713806152,4.637825012207031,-0.14768479764461517
1788650084208699400,25.597699462890624,8.653120040893555,4.612646579742432,-0.13189393281936646
1788650084224769800,25.613769775390626,8.666258811950684,4.5881028175354,-0.12517821788787842
1788650084240834600,25.62983447265625,8.67443561553955,4.572597026824951,-0.12614522874355316
1788650084256923600,25.645923583984374,8.676445960998535,4.568638801574707,-0.13123415410518646
1788650084272996600,25.66199658203125,8.673627853393555,4.573782920837402,-0.13811960816383362
1788650084289021200,25.678021240234376,8.668819427490234,4.5825910568237305,-0.14770232141017914
1788650084305077200,25.6940771484375,8.663849830627441,4.591667175292969,-0.1571090817451477
1788650084321147600,25.710147705078125,8.657026290893555,4.604186058044434,-0.16662243008613586
1788650084337191400,25.72619140625,8.644835472106934,4.626608848571777,-0.17802366614341736
1788650084353269200,25.742269287109377,8.627362251281738,4.6585774421691895,-0.19146211445331573
1788650084369303300,25.75830322265625,8.606854438781738,4.695834636688232,-0.20390747487545013
1788650084385377300,25.774377197265625,8.588333129882812,4.72969913482666,-0.20218564569950104
1788650084401461200,25.790461181640627,8.576098442077637,4.752850532531738,-0.1769624650478363
1788650084417521700,25.806521728515627,8.566256523132324,4.771814823150635,-0.13937252759933472
1788650084433603300,25.822603271484375,8.554049491882324,4.794510841369629,-0.10622059553861618
1788650084449638000,25.838637939453125,8.538921356201172,4.821752548217773,-0.08895307034254074
1788650084465689300,25.854689453125,8.522921562194824,4.850152969360352,-0.07887203991413116
1788650084481729800,25.870729736328126,8.507494926452637,4.877287864685059,-0.07062284648418427
1788650084497788700,25.88678857421875,8.49488639831543,4.899460315704346,-0.05092237889766693
1788650084513839400,25.90283935546875,8.490545272827148,4.907241344451904,-0.0048639895394444466
1788650084529856500,25.9188564453125,8.502817153930664,4.885544300079346,0.06285756826400757
1788650084545917400,25.93491748046875,8.529541969299316,4.837871074676514,0.11090568453073502
1788650084561954000,25.9509541015625,8.56329345703125,4.77754020690918,0.12455316632986069
1788650084578028800,25.96702880859375,8.59365463256836,4.723317623138428,0.09873943775892258
1788650084594058000,25.98305810546875,8.610502243041992,4.69333553314209,0.0472651906311512
1788650084610078700,25.99907861328125,8.611701965332031,4.691372394561768,-0.001814776100218296
1788650084626129400,26.01512939453125,8.595793724060059,4.7203192710876465,-0.036246661096811295
1788650084642170600,26.031170654296876,8.568140029907227,4.770108222961426,-0.058584749698638916
1788650084658255000,26.047255126953125,8.534449577331543,4.830055236816406,-0.06414499133825302
1788650084674296800,26.063296875,8.500869750976562,4.889102458953857,-0.047759056091308594
1788650084690313700,26.079313720703126,8.475540161132812,4.933112144470215,0.004174125846475363
1788650084706381800,26.0953818359375,8.467355728149414,4.946454048156738,0.08286988735198975
1788650084722446300,26.1114462890625,8.473024368286133,4.934495449066162,0.17033708095550537
1788650084738485800,26.12748583984375,8.487859725952148,4.905888080596924,0.24264517426490784
1788650084754526500,26.1435263671875,8.508074760437012,4.869173526763916,0.2723965346813202
1788650084770546400,26.15954638671875,8.528249740600586,4.834872722625732,0.2516958713531494
1788650084786585900,26.1755859375,8.54135513305664,4.814168930053711,0.19853399693965912
1788650084802685200,26.191685302734374,8.547127723693848,4.805941104888916,0.14116954803466797
1788650084818737000,26.20773681640625,8.548315048217773,4.804917812347412,0.09722796827554703
1788650084834779600,26.223779541015624,8.544663429260254,4.811856746673584,0.07178590446710587
1788650084850796800,26.239796875,8.540714263916016,4.818972587585449,0.06398773938417435
1788650084866853600,26.255853515625,8.543619155883789,4.813845634460449,0.062112174928188324
1788650084882936300,26.271936279296874,8.553582191467285,4.796133518218994,0.0610317587852478
1788650084898992600,26.28799267578125,8.569750785827637,4.767295837402344,0.0515284538269043
1788650084915043600,26.304043701171874,8.586418151855469,4.737325668334961,0.039333101361989975
1788650084931063000,26.32006298828125,8.59815502166748,4.716047763824463,0.03190948814153671
1788650084947108900,26.33610888671875,8.60406494140625,4.705245494842529,0.033459968864917755
1788650084963188700,26.352188720703126,8.607784271240234,4.698378086090088,0.040937136858701706
1788650084979244000,26.368244140625,8.614874839782715,4.685283184051514,0.04937368631362915
1788650084995296000,26.3842958984375,8.62487506866455,4.667073726654053,0.018354279920458794
1788650085011314200,26.400314208984376,8.636908531188965,4.644784450531006,-0.013464169576764107
1788650085027381000,26.416381103515626,8.646788597106934,4.626162528991699,-0.045304540544748306
1788650085043472600,26.43247265625,8.652316093444824,4.615355014801025,-0.07941848039627075
1788650085059542000,26.4485419921875,8.651215553283691,4.61680269241333,-0.10957454890012741
1788650085075600000,26.464599853515626,8.646562576293945,4.624777793884277,-0.13704869151115417
1788650085091624200,26.480624267578126,8.642303466796875,4.631936073303223,-0.16171324253082275
1788650085107676200,26.49667626953125,8.63817024230957,4.6389594078063965,-0.180171936750412
1788650085123725000,26.51272509765625,8.63575267791748,4.642777442932129,-0.19693127274513245
1788650085139800600,26.528800537109376,8.637775421142578,4.638229846954346,-0.21456724405288696
1788650085155857400,26.544857421875,8.639400482177734,4.634472370147705,-0.2297871708869934
1788650085171887000,26.56088720703125,8.635354042053223,4.641197204589844,-0.24562771618366241
1788650085187954700,26.57695458984375,8.623931884765625,4.661405086517334,-0.26361915469169617
1788650085204011300,26.59301123046875,8.608320236206055,4.689178943634033,-0.2807258367538452
1788650085220098300,26.609098388671875,8.595355987548828,4.7127790451049805,-0.2827744483947754
1788650085236168200,26.625168212890625,8.593475341796875,4.71715784072876,-0.2664439380168915
1788650085252190700,26.641190673828124,8.603629112243652,4.699549674987793,-0.24939678609371185
1788650085268240100,26.657240234375,8.623452186584473,4.663483142852783,-0.24164968729019165
1788650085284279000,26.673279052734376,8.643912315368652,4.625404357910156,-0.24249255657196045
1788650085300364800,26.68936474609375,8.653746604919434,4.606898784637451,-0.24400120973587036
1788650085316413700,26.70541357421875,8.650487899780273,4.613024711608887,-0.24385201930999756
1788650085332436700,26.721436767578126,8.63815689086914,4.6362528800964355,-0.24039924144744873
1788650085348464400,26.73746435546875,8.622539520263672,4.665377140045166,-0.237613707780838
1788650085364535300,26.753535400390625,8.608105659484863,4.691596984863281,-0.24460063874721527
1788650085380584400,26.76958447265625,8.594182014465332,4.716047286987305,-0.2632927894592285
1788650085396663000,26.7856630859375,8.597319602966309,4.708042144775391,-0.3013617992401123
1788650085412694000,26.801694091796875,8.611869812011719,4.678563594818115,-0.3422340750694275
1788650085428780800,26.81778076171875,8.605680465698242,4.690494060516357,-0.33454629778862
1788650085444818400,26.833818359375,8.593093872070312,4.71623420715332,-0.2936982810497284
1788650085460884500,26.849884521484373,8.589305877685547,4.725257873535156,-0.25719285011291504
1788650085476937500,26.8659375,8.593724250793457,4.7184343338012695,-0.23381854593753815
1788650085492960000,26.8819599609375,8.603496551513672,4.701147079467773,-0.22235389053821564
1788650085509073400,26.898073486328126,8.614335060119629,4.681561470031738,-0.2158629149198532
1788650085525117400,26.914117431640626,8.623034477233887,4.6657185554504395,-0.2114998996257782
1788650085541191000,26.93019091796875,8.629246711730957,4.654251575469971,-0.2107870727777481
1788650085557248000,26.946248046875,8.634011268615723,4.645158767700195,-0.21617431938648224
1788650085573270300,26.962270263671876,8.638067245483398,4.636885643005371,-0.23124577105045319
1788650085589320700,26.97832080078125,8.642037391662598,4.628194332122803,-0.2557254135608673
1788650085605371100,26.99437109375,8.649513244628906,4.614077091217041,-0.2580503523349762
1788650085621452000,27.0104521484375,8.657769203186035,4.598002910614014,-0.2679592967033386
1788650085637505500,27.026505615234374,8.668469429016113,4.577267169952393,-0.2768576145172119
1788650085653524500,27.0425244140625,8.680007934570312,4.555202007293701,-0.2792743444442749
1788650085669591300,27.05859130859375,8.68944263458252,4.537759780883789,-0.26964259147644043
1788650085685647000,27.074647216796876,8.695372581481934,4.527115821838379,-0.2571200728416443
1788650085701688800,27.090688720703124,8.69575309753418,4.527185440063477,-0.24260728061199188
1788650085717744600,27.10674462890625,8.691404342651367,4.536564826965332,-0.22239582240581512
1788650085733768000,27.122767822265626,8.68589973449707,4.5481767654418945,-0.19904841482639313
1788650085749821400,27.138821533203124,8.682146072387695,4.5563859939575195,-0.17339038848876953
1788650085765893400,27.154893310546875,8.680984497070312,4.559527397155762,-0.14698022603988647
1788650085781943800,27.17094384765625,8.670353889465332,4.5808539390563965,-0.10549904406070709
1788650085797999900,27.186999755859375,8.657867431640625,4.605136394500732,-0.06671630591154099
1788650085814022700,27.203022705078126,8.655882835388184,4.609149932861328,-0.04252951964735985
1788650085830091300,27.21909130859375,8.635331153869629,4.64773416519165,-0.002785246819257736
1788650085846174200,27.23517431640625,8.613677978515625,4.687570571899414,0.04021276906132698
1788650085862233900,27.25123388671875,8.592374801635742,4.725818157196045,0.09010566025972366
1788650085878289400,27.267289306640624,8.574284553527832,4.757216930389404,0.14464111626148224
1788650085894314800,27.283314697265624,8.56079387664795,4.77970552444458,0.19392171502113342
1788650085910367000,27.299366943359374,8.5512056350708,4.795083522796631,0.23335765302181244
1788650085926411000,27.315410888671874,8.544707298278809,4.805258750915527,0.26048779487609863
1788650085942482000,27.33148193359375,8.540176391601562,4.812531471252441,0.2744802236557007
1788650085958539500,27.34753955078125,8.535714149475098,4.820335865020752,0.2762773334980011
1788650085974561800,27.363561767578126,8.530328750610352,4.830399513244629,0.26667627692222595
1788650085990632400,27.379632568359376,8.521978378295898,4.846131801605225,0.247566357254982
1788650086006682400,27.395682373046874,8.511285781860352,4.865069389343262,0.2439427673816681
1788650086022754600,27.411754638671876,8.505163192749023,4.8741559982299805,0.27422261238098145
1788650086038811000,27.427810791015624,8.513334274291992,4.857332229614258,0.3159770369529724
1788650086054835200,27.443835205078123,8.533341407775879,4.820104122161865,0.34505775570869446
1788650086070875400,27.45987548828125,8.56613540649414,4.761627674102783,0.34439095854759216
1788650086086960000,27.475960205078124,8.603044509887695,4.69727087020874,0.30604660511016846
1788650086103038500,27.49203857421875,8.630069732666016,4.650611877441406,0.25317367911338806
1788650086119071000,27.508071044921873,8.638693809509277,4.636784076690674,0.2087869793176651
1788650086135090700,27.524090576171876,8.631068229675293,4.652133941650391,0.18083412945270538
1788650086151091700,27.540091796875,8.612998962402344,4.686009883880615,0.16720585525035858
1788650086167138800,27.556138916015627,8.593867301940918,4.721164226531982,0.16261662542819977
1788650086183234000,27.572234130859375,8.578670501708984,4.748457908630371,0.17015373706817627
1788650086199291100,27.588291015625,8.568655014038086,4.766087532043457,0.18152634799480438
1788650086215311600,27.6043115234375,8.568222045898438,4.766373157501221,0.1940126121044159
1788650086231362300,27.6203623046875,8.58437728881836,4.7361836433410645,0.21776436269283295
1788650086247423200,27.63642333984375,8.616430282592773,4.676259994506836,0.2451842874288559
1788650086263512600,27.6525126953125,8.653726577758789,4.606168746948242,0.25810426473617554
1788650086279574800,27.66857470703125,8.684793472290039,4.548474311828613,0.23692922294139862
1788650086295604200,27.684604248046874,8.703108787536621,4.515608310699463,0.1886056363582611
1788650086311661800,27.700661865234373,8.70614242553711,4.511695861816406,0.13441023230552673
1788650086327734300,27.716734375,8.70009708404541,4.524348735809326,0.09472747147083282
1788650086343790600,27.73279052734375,8.689651489257812,4.544816970825195,0.07057444006204605
1788650086359865600,27.748865478515626,8.681352615356445,4.560827255249023,0.057984866201877594
1788650086375885300,27.76488525390625,8.683424949645996,4.556937217712402,0.05323211848735809
1788650086391965200,27.780965087890625,8.696556091308594,4.531769752502441,0.057989541441202164
1788650086408010000,27.797010009765625,8.714218139648438,4.497457027435303,0.07533230632543564
1788650086424085000,27.8130849609375,8.728792190551758,4.468555450439453,0.1029033288359642
1788650086440128300,27.829128173828124,8.733705520629883,4.458526611328125,0.11962752044200897
1788650086456147000,27.84514697265625,8.730822563171387,4.464180946350098,0.11926672607660294
1788650086472264200,27.86126416015625,8.72575855255127,4.474542140960693,0.10000979900360107
1788650086488308000,27.877307861328124,8.723325729370117,4.479799747467041,0.07319924235343933
1788650086504382000,27.8933818359375,8.722695350646973,4.481353282928467,0.04946209862828255
1788650086520435700,27.909435791015625,8.716629981994629,4.493282794952393,0.03406418114900589
1788650086536454000,27.925453857421875,8.70322036743164,4.519253730773926,0.02635273151099682
1788650086552502300,27.941502197265624,8.67620849609375,4.570960521697998,0.010441606864333153
1788650086568560400,27.957560302734375,8.644511222839355,4.630615234375,-0.0145743228495121
1788650086584649000,27.97364892578125,8.613908767700195,4.687056541442871,-0.0496748611330986
1788650086600705500,27.98970556640625,8.585654258728027,4.738159656524658,-0.08223141729831696
1788650086616731100,28.005731201171876,8.559863090515137,4.784144401550293,-0.10535583645105362
1788650086632802600,28.021802490234375,8.52549934387207,4.8451361656188965,-0.10440920293331146
1788650086648875500,28.03787548828125,8.485939025878906,4.914458274841309,-0.08554887026548386
1788650086664924700,28.053924560546875,8.443231582641602,4.98783540725708,-0.0612131804227829
1788650086680983300,28.0699833984375,8.402087211608887,5.057061195373535,-0.038017742335796356
1788650086697008000,28.086008056640626,8.364259719848633,5.119441509246826,-0.029513971880078316
1788650086713060600,28.102060546875,8.329047203063965,5.1764936447143555,-0.03571326658129692
1788650086729137400,28.118137451171876,8.299758911132812,5.223199844360352,-0.05085325986146927
1788650086745204500,28.13420458984375,8.281387329101562,5.252036094665527,-0.0716017410159111
1788650086761263900,28.150263916015625,8.276832580566406,5.2586774826049805,-0.10362447798252106
1788650086777290200,28.166290283203125,8.282755851745605,5.247964859008789,-0.15874943137168884
1788650086793363500,28.182363525390624,8.29206371307373,5.230282783508301,-0.2371012270450592
1788650086809452000,28.1984521484375,8.29929256439209,5.214608192443848,-0.31621962785720825
1788650086825517800,28.214517822265623,8.30445671081543,5.203007221221924,-0.36756306886672974
1788650086841575000,28.230574951171874,8.305619239807129,5.200355052947998,-0.3786630630493164
1788650086857597700,28.24659765625,8.296232223510742,5.21657657623291,-0.36089733242988586
1788650086873653000,28.262653076171876,8.273962020874023,5.253886699676514,-0.32957813143730164
1788650086889737500,28.278737548828126,8.24452018737793,5.301666736602783,-0.30098655819892883
1788650086905806300,28.294806396484375,8.219083786010742,5.342004776000977,-0.2829020321369171
1788650086921848300,28.310848388671875,8.206802368164062,5.361767768859863,-0.26501888036727905
1788650086937866200,28.3268662109375,8.214103698730469,5.351229190826416,-0.251468688249588
1788650086953931000,28.342930908203126,8.236523628234863,5.3168253898620605,-0.24787987768650055
1788650086970015500,28.359015380859375,8.262932777404785,5.275568962097168,-0.25041136145591736
1788650086986089700,28.37508984375,8.287676811218262,5.236307144165039,-0.2567131817340851
1788650087002133800,28.3911337890625,8.308819770812988,5.20222282409668,-0.26604315638542175
1788650087018151700,28.407151611328125,8.342517852783203,5.147508144378662,-0.2755719721317291
1788650087034202400,28.423202392578126,8.384016990661621,5.079547882080078,-0.27718913555145264
1788650087050261800,28.43926171875,8.417754173278809,5.023852348327637,-0.2696482837200165
1788650087066342000,28.455341796875,8.448230743408203,4.973230361938477,-0.2544719874858856
1788650087082410500,28.471410400390624,8.4767427444458,4.925502777099609,-0.23377887904644012
1788650087098432000,28.487431884765623,8.499237060546875,4.887578964233398,-0.21197138726711273
1788650087114504200,28.503504150390626,8.517632484436035,4.856218338012695,-0.1935569792985916
1788650087130570000,28.519570068359375,8.532132148742676,4.8312177658081055,-0.18010567128658295
1788650087146665500,28.53566552734375,8.542977333068848,4.812341690063477,-0.1711510866880417
1788650087162737700,28.551737548828125,8.550098419189453,4.799795150756836,-0.16783779859542847
1788650087178765000,28.56776513671875,8.55606746673584,4.789077281951904,-0.1698140650987625
1788650087194821400,28.5838212890625,8.561651229858398,4.7787933349609375,-0.17791560292243958
1788650087210903600,28.599903564453125,8.566041946411133,4.770357608795166,-0.19235877692699432
1788650087226956300,28.615956298828124,8.567503929138184,4.766925811767578,-0.2114027887582779
1788650087243039000,28.6320390625,8.567508697509766,4.766188144683838,-0.22723069787025452
1788650087259071000,28.648071044921874,8.567266464233398,4.766247272491455,-0.23499314486980438
1788650087275139300,28.664139404296876,8.568737030029297,4.76308536529541,-0.24525581300258636
1788650087291219500,28.680219482421876,8.574532508850098,4.752065658569336,-0.25622159242630005
1788650087307269600,28.69626953125,8.585135459899902,4.732442378997803,-0.2642679810523987
1788650087323321000,28.712321044921875,8.597068786621094,4.710834980010986,-0.2623654305934906
1788650087339339000,28.728339111328125,8.604352951049805,4.697712421417236,-0.258832722902298
1788650087355434000,28.74443408203125,8.605640411376953,4.695343017578125,-0.2590528726577759
1788650087371475500,28.760475341796877,8.602662086486816,4.700474262237549,-0.2648365795612335
1788650087387546000,28.776546142578123,8.598419189453125,4.708000659942627,-0.26889562606811523
1788650087403598300,28.792598388671873,8.59184455871582,4.720547199249268,-0.25892195105552673
1788650087419617500,28.808617431640624,8.583974838256836,4.736307144165039,-0.2305692732334137
1788650087435688700,28.824688720703126,8.57512378692627,4.7540669441223145,-0.19099771976470947
1788650087451732700,28.840732666015626,8.566642761230469,4.770749568939209,-0.1515783667564392
1788650087467811000,28.85681103515625,8.562193870544434,4.779774188995361,-0.1139225885272026
1788650087483836200,28.872836181640626,8.566408157348633,4.7728095054626465,-0.08561331778764725
1788650087499860500,28.888860595703125,8.579045295715332,4.750256538391113,-0.07375475764274597
1788650087515914800,28.904914794921876,8.593817710876465,4.723420143127441,-0.07745901495218277
1788650087531981600,28.920981689453125,8.603870391845703,4.704670429229736,-0.09939692914485931
1788650087548075000,28.937074951171876,8.604998588562012,4.70208740234375,-0.12154168635606766
1788650087564133400,28.95313330078125,8.595741271972656,4.718390464782715,-0.14288264513015747
1788650087580156700,28.96915673828125,8.579904556274414,4.746740818023682,-0.15517061948776245
1788650087596223200,28.98522314453125,8.562737464904785,4.777526378631592,-0.15861396491527557
1788650087612293000,29.001293212890626,8.546555519104004,4.806407451629639,-0.15883731842041016
1788650087628339000,29.0173388671875,8.531938552856445,4.8324432373046875,-0.15460969507694244
1788650087644396300,29.033396240234374,8.522692680358887,4.848902225494385,-0.14914792776107788
1788650087660416500,29.04941650390625,8.522087097167969,4.8499956130981445,-0.14817403256893158
1788650087676470300,29.06547021484375,8.525484085083008,4.844075679779053,-0.14640958607196808
1788650087692549600,29.081549560546875,8.52670955657959,4.841995716094971,-0.1438196450471878
1788650087708602000,29.09760205078125,8.525914192199707,4.843385219573975,-0.14421339333057404
1788650087724655600,29.113655517578124,8.524650573730469,4.845531463623047,-0.14674882590770721
1788650087740677400,29.129677490234375,8.523211479187012,4.8479905128479,-0.14911672472953796
1788650087756747000,29.1457470703125,8.521961212158203,4.8502583503723145,-0.14683358371257782
1788650087772832500,29.16183251953125,8.521801948547363,4.850785255432129,-0.13842742145061493
1788650087788889000,29.17788916015625,8.521347999572754,4.851994514465332,-0.12315927445888519
1788650087804945700,29.193945556640625,8.519157409667969,4.856227397918701,-0.10676387697458267
1788650087820967400,29.209967529296875,8.515054702758789,4.863677024841309,-0.09422273933887482
1788650087837020400,29.2260205078125,8.510396957397461,4.871951580047607,-0.08731873333454132
1788650087853106700,29.242106689453124,8.50856876373291,4.875198841094971,-0.08412293344736099
1788650087869189400,29.258189453125,8.509093284606934,4.8743414878845215,-0.08069434762001038
1788650087885245400,29.274245361328123,8.509902000427246,4.87296199798584,-0.0787258967757225
1788650087901265700,29.290265625,8.507099151611328,4.877785682678223,-0.08278561383485794
1788650087917336000,29.306336181640624,8.502890586853027,4.884936809539795,-0.09286057949066162
1788650087933391400,29.322391357421875,8.501585960388184,4.887065887451172,-0.09999985992908478
1788650087949464300,29.33846435546875,8.502267837524414,4.885875225067139,-0.1003134548664093
1788650087965521000,29.35452099609375,8.49987506866455,4.890153884887695,-0.09437405318021774
1788650087981544200,29.370544189453124,8.493481636047363,4.9014105796813965,-0.0856369137763977
1788650087997595600,29.386595703125,8.48452091217041,4.91704797744751,-0.07703004777431488
1788650088013653800,29.40265380859375,8.475098609924316,4.9333295822143555,-0.07316285371780396
1788650088029738200,29.41873828125,8.467499732971191,4.946340560913086,-0.0744931548833847
1788650088045805800,29.434805908203124,8.462264060974121,4.955249309539795,-0.07724025845527649
1788650088061828000,29.450828125,8.456615447998047,4.9648637771606445,-0.07864997535943985
1788650088077897200,29.466897216796873,8.449081420898438,4.977655410766602,-0.07970986515283585
1788650088093963000,29.482962890625,8.441412925720215,4.990628719329834,-0.08100078254938126
1788650088110005000,29.4990048828125,8.433636665344238,5.003712177276611,-0.08391644805669785
1788650088126080800,29.515080810546873,8.42772388458252,5.013642311096191,-0.08519114553928375
1788650088142112000,29.531112060546874,8.425722122192383,5.017014980316162,-0.08459697663784027
1788650088158163700,29.547163818359376,8.42502498626709,5.018235206604004,-0.08162234723567963
1788650088174239000,29.563239013671875,8.422194480895996,5.023052215576172,-0.07725691795349121
1788650088190291000,29.579291015625,8.418441772460938,5.029417991638184,-0.07196531444787979
1788650088206375700,29.595375732421875,8.416245460510254,5.033161640167236,-0.06710625439882278
1788650088222413300,29.611413330078125,8.417105674743652,5.031764984130859,-0.06379114091396332
1788650088238481700,29.627481689453123,8.420384407043457,5.026288032531738,-0.06283193826675415
1788650088254568700,29.643568603515625,8.423149108886719,5.0216522216796875,-0.0628470629453659
1788650088270639400,29.659639404296875,8.424100875854492,5.020072937011719,-0.06149367615580559
1788650088286699500,29.675699462890623,8.422913551330566,5.022099494934082,-0.058567631989717484
1788650088302723000,29.69172314453125,8.421499252319336,5.024507999420166,-0.05532952770590782
1788650088318824700,29.70782470703125,8.421313285827637,5.024842739105225,-0.053178269416093826
1788650088334869200,29.723869140625,8.421957015991211,5.02378511428833,-0.05112966522574425
1788650088350941400,29.73994140625,8.42279052734375,5.022402763366699,-0.049713440239429474
1788650088366996700,29.755996826171874,8.42281723022461,5.022356033325195,-0.049655720591545105
1788650088383020000,29.77202001953125,8.421951293945312,5.023794651031494,-0.05106186121702194
1788650088399091700,29.788091796875,8.420926094055176,5.025473117828369,-0.05479301139712334
1788650088415137800,29.8041376953125,8.42149543762207,5.024478912353516,-0.05838226526975632
1788650088431223800,29.820223876953126,8.422900199890137,5.022126197814941,-0.05818944796919823
1788650088447275500,29.836275634765624,8.424036979675293,5.020272731781006,-0.05338767170906067
1788650088463293400,29.85229345703125,8.42424488067627,5.019989013671875,-0.04683561995625496
1788650088479344600,29.8683447265625,8.424177169799805,5.020146369934082,-0.04200366884469986
1788650088495402200,29.88440234375,8.424407958984375,5.019776821136475,-0.03969743847846985
1788650088511441400,29.90044140625,8.425031661987305,5.018730163574219,-0.039462096989154816
1788650088527492900,29.916492919921875,8.425821304321289,5.017411708831787,-0.038749709725379944
1788650088543508500,29.932508544921873,8.426465034484863,5.016335487365723,-0.038188204169273376
1788650088559570200,29.948570068359373,8.4259614944458,5.0172038078308105,-0.035028569400310516
1788650088575632000,29.9646318359375,8.424135208129883,5.020298957824707,-0.03055339865386486
1788650088591675000,29.9806748046875,8.422511100769043,5.023043155670166,-0.026979485526680946
1788650088607725300,29.996725341796875,8.423208236694336,5.021883010864258,-0.025251492857933044
1788650088623739400,30.012739501953124,8.42540168762207,5.018199920654297,-0.025794658809900284
1788650088639790000,30.0287900390625,8.429624557495117,5.01107931137085,-0.02988331764936447
1788650088655867000,30.044866943359374,8.430183410644531,5.010007858276367,-0.04711655527353287
1788650088671924700,30.0609248046875,8.433231353759766,5.004732131958008,-0.060360874980688095
1788650088687978800,30.076978759765623,8.437694549560547,4.997103214263916,-0.06822583079338074
1788650088704001500,30.09300146484375,8.446755409240723,4.9816575050354,-0.07612024247646332
1788650088720068400,30.109068359375,8.457633018493652,4.962897777557373,-0.09211020171642303
1788650088736150300,30.125150390625,8.463053703308105,4.953289985656738,-0.10971015691757202
