time,seconds_elapsed,z,y,x
1788674681390467000,0.294467041015625,-3.4800000190734863,-4.739999771118164,32.15999984741211
1788674681406366700,0.31036669921875,-16.979999542236328,9.479999542236328,22.19999885559082
1788674681422296800,0.326296875,-30.239999771118164,22.979999542236328,12.239999771118164
1788674681438227200,0.342227294921875,-29.399999618530273,23.15999984741211,12.119999885559082
1788674681454157300,0.3581572265625,-29.099998474121094,24.119998931884766,12.179999351501465
1788674681470087400,0.37408740234375,-29.459999084472656,23.939998626708984,12.420000076293945
1788674681485926100,0.389926025390625,-29.579999923706055,24.059999465942383,12.059999465942383
1788674681501825800,0.40582568359375,-29.69999885559082,24.420000076293945,11.699999809265137
1788674681517695000,0.421695068359375,-30.17999839782715,23.760000228881836,11.880000114440918
1788674681533625000,0.437625,-30.899999618530273,23.279998779296875,11.639999389648438
1788674681549494300,0.453494384765625,-31.439998626708984,23.579999923706055,11.279999732971191
1788674681565302300,0.46930224609375,-31.3799991607666,23.579999923706055,11.579999923706055
1788674681581202000,0.485201904296875,-31.260000228881836,22.559999465942383,11.399999618530273
1788674681597071000,0.501071044921875,-31.079999923706055,22.139999389648438,11.460000038146973
1788674681612970800,0.516970703125,-31.3799991607666,22.739999771118164,11.039999961853027
1788674681628900900,0.53290087890625,-30.719999313354492,22.979999542236328,10.4399995803833
1788674681644739600,0.548739501953125,-29.760000228881836,22.920000076293945,10.019999504089355
1788674681660669700,0.564669677734375,-30,22.799999237060547,9.960000038146973
1788674681676569300,0.5805693359375,-30.35999870300293,22.85999870300293,10.4399995803833
1788674681692499500,0.59649951171875,-30.599998474121094,23.399999618530273,10.139999389648438
1788674681708429800,0.612429931640625,-29.639999389648438,24.18000030517578,10.979999542236328
1788674681724237800,0.62823779296875,-30.65999984741211,23.760000228881836,11.15999984741211
1788674681740107000,0.64410693359375,-31.85999870300293,22.3799991607666,9.960000038146973
1788674681755976200,0.65997607421875,-31.01999855041504,22.619998931884766,10.019999504089355
1788674681771906300,0.67590625,-30.299999237060547,23.51999855041504,10.619999885559082
1788674681787806000,0.691805908203125,-30.299999237060547,23.579999923706055,10.4399995803833
1788674681803644700,0.707644775390625,-30.719999313354492,23.579999923706055,9.779999732971191
1788674681819544300,0.72354443359375,-30.059999465942383,23.279998779296875,9.779999732971191
1788674681835413500,0.73941357421875,-29.399999618530273,23.69999885559082,10.260000228881836
1788674681851313200,0.755313232421875,-29.15999984741211,24,11.399999618530273
1788674681867212800,0.771212890625,-29.15999984741211,23.939998626708984,11.219999313354492
1788674681883081700,0.787081787109375,-28.979999542236328,24.420000076293945,9.84000015258789
1788674681898920400,0.80292041015625,-29.219999313354492,24.18000030517578,10.800000190734863
1788674681914850600,0.8188505859375,-30.17999839782715,24.299999237060547,11.460000038146973
1788674681930781000,0.834781005859375,-29.639999389648438,24.719999313354492,11.039999961853027
1788674681946711000,0.8507109375,-29.099998474121094,24.299999237060547,11.219999313354492
1788674681962519000,0.86651904296875,-28.979999542236328,24.059999465942383,11.34000015258789
1788674681986384000,0.8903837890625,-28.68000030517578,24.239999771118164,11.9399995803833
1788674682002253000,0.906253173828125,-28.439998626708984,24.84000015258789,12
1788674682018122200,0.922122314453125,-27.959999084472656,25.19999885559082,11.219999313354492
1788674682034022000,0.93802197265625,-28.3799991607666,24.35999870300293,10.739999771118164
1788674682057825500,0.961825439453125,-28.3799991607666,24.420000076293945,10.920000076293945
1788674682073725200,0.97772509765625,-29.81999969482422,24.119998931884766,10.559999465942383
1788674682097559300,1.001559326171875,-30.119998931884766,23.760000228881836,11.279999732971191
1788674682113428500,1.017428466796875,-30,23.81999969482422,11.34000015258789
1788674682129358600,1.033358642578125,-30.299999237060547,22.85999870300293,11.219999313354492
1788674682145227800,1.049227783203125,-29.939998626708984,22.3799991607666,11.460000038146973
1788674682161097000,1.065096923828125,-28.619998931884766,23.15999984741211,12.179999351501465
1788674682184931300,1.088931396484375,-28.439998626708984,23.03999900817871,12.359999656677246
1788674682200769800,1.104769775390625,-28.3799991607666,22.799999237060547,12.59999942779541
1788674682216669400,1.12066943359375,-28.979999542236328,22.260000228881836,13.199999809265137
1788674682232508200,1.136508056640625,-29.279998779296875,22.5,13.25999927520752
1788674682248407800,1.15240771484375,-28.799999237060547,22.439998626708984,13.199999809265137
1788674682264307500,1.168307373046875,-29.15999984741211,22.439998626708984,13.4399995803833
1788674682280207000,1.18420703125,-29.34000015258789,22.260000228881836,12.59999942779541
1788674682296106800,1.200106689453125,-29.69999885559082,22.619998931884766,12.359999656677246
1788674682311976000,1.215975830078125,-29.69999885559082,22.3799991607666,12.539999961853027
1788674682327875600,1.23187548828125,-29.34000015258789,20.81999969482422,12.239999771118164
1788674682343775200,1.247775146484375,-29.8799991607666,20.219999313354492,13.25999927520752
1788674682359614000,1.263614013671875,-29.8799991607666,20.399999618530273,13.739999771118164
1788674682375483000,1.27948291015625,-28.920000076293945,21.299999237060547,13.319999694824219
1788674682399378200,1.303378173828125,-29.219999313354492,20.939998626708984,12.719999313354492
1788674682415247400,1.319247314453125,-28.5,21.18000030517578,12.960000038146973
1788674682454950700,1.35895068359375,-30.35999870300293,21.119998931884766,12.539999961853027
1788674682470819800,1.37481982421875,-29.69999885559082,21.779998779296875,12.84000015258789
1788674682494623500,1.39862353515625,-29.51999855041504,21.059999465942383,13.679999351501465
1788674682510462200,1.414462158203125,-29.579999923706055,20.939998626708984,12.479999542236328
1788674682534296300,1.43829638671875,-29.639999389648438,20.69999885559082,12.420000076293945
1788674682550135000,1.454135009765625,-29.219999313354492,21.18000030517578,12.359999656677246
1788674682566065200,1.470065185546875,-29.459999084472656,21.899999618530273,12.420000076293945
1788674682581934300,1.485934326171875,-29.219999313354492,22.559999465942383,12.359999656677246
1788674682597803500,1.501803466796875,-28.619998931884766,22.3799991607666,12.239999771118164
1788674682613703200,1.517703125,-28.3799991607666,22.979999542236328,12.119999885559082
1788674682629572400,1.533572265625,-27.599998474121094,23.399999618530273,12.059999465942383
1788674682645502500,1.54950244140625,-27,23.939998626708984,12.719999313354492
1788674682661432600,1.5654326171875,-27,24.53999900817871,12.539999961853027
1788674682685205800,1.589205810546875,-27.779998779296875,23.399999618530273,11.639999389648438
1788674682701075000,1.605074951171875,-27.479999542236328,23.69999885559082,11.519999504089355
1788674682716883200,1.62088330078125,-28.079999923706055,23.399999618530273,11.15999984741211
1788674682732752400,1.63675244140625,-28.85999870300293,23.03999900817871,11.460000038146973
1788674682764582100,1.66858203125,-28.5,23.760000228881836,11.039999961853027
1788674682780481800,1.684481689453125,-28.3799991607666,22.920000076293945,11.09999942779541
1788674682804285400,1.708285400390625,-28.079999923706055,22.68000030517578,11.399999618530273
1788674682820185000,1.72418505859375,-27.65999984741211,23.34000015258789,12.300000190734863
1788674682836023800,1.74002392578125,-27.239999771118164,24,12.779999732971191
1788674682851954000,1.755953857421875,-27.239999771118164,23.81999969482422,13.019999504089355
1788674682867853600,1.771853515625,-26.760000228881836,23.279998779296875,13.859999656677246
1788674682891687700,1.795687744140625,-26.939998626708984,23.51999855041504,13.019999504089355
1788674682907526400,1.8115263671875,-27.059999465942383,23.81999969482422,12.719999313354492
1788674682931330000,1.835330078125,-27.18000030517578,23.459999084472656,13.019999504089355
1788674682947229700,1.851229736328125,-26.579999923706055,25.01999855041504,13.679999351501465
1788674682963129300,1.86712939453125,-25.85999870300293,25.799999237060547,13.619999885559082
1788674682979029000,1.883029052734375,-25.19999885559082,24.420000076293945,13.380000114440918
1788674682994867700,1.89886767578125,-26.760000228881836,23.279998779296875,13.739999771118164
1788674683010767400,1.914767333984375,-28.260000228881836,23.939998626708984,13.799999237060547
1788674683026636500,1.930636474609375,-27,24.53999900817871,13.559999465942383
1788674683042566700,1.946566650390625,-26.760000228881836,24.479999542236328,13.319999694824219
1788674683058435800,1.962435791015625,-28.01999855041504,24.18000030517578,13.619999885559082
1788674683074243800,1.978243896484375,-27.420000076293945,23.81999969482422,13.319999694824219
1788674683090143500,1.9941435546875,-26.8799991607666,23.8799991607666,12.899999618530273
1788674683106012700,2.0100126953125,-26.219999313354492,24.779998779296875,13.380000114440918
1788674683121943000,2.025943115234375,-25.739999771118164,25.260000228881836,14.15999984741211
1788674683137842700,2.0418427734375,-26.279998779296875,25.01999855041504,14.219999313354492
1788674683153650700,2.057650634765625,-26.34000015258789,24.53999900817871,13.979999542236328
1788674683169519900,2.073519775390625,-26.03999900817871,24.420000076293945,13.679999351501465
1788674683185419500,2.08941943359375,-25.920000076293945,25.559999465942383,13.199999809265137
1788674683201349600,2.105349609375,-25.31999969482422,25.739999771118164,13.859999656677246
1788674683217249300,2.121249267578125,-25.079999923706055,25.3799991607666,13.559999465942383
1788674683233088000,2.137087890625,-25.5,24.899999618530273,13.319999694824219
1788674683248926500,2.152926513671875,-26.279998779296875,24.239999771118164,14.09999942779541
1788674683264826000,2.168826171875,-26.03999900817871,24.53999900817871,14.09999942779541
1788674683280695300,2.1846953125,-25.5,25.079999923706055,13.920000076293945
1788674683296595000,2.200594970703125,-25.799999237060547,24.53999900817871,13.4399995803833
1788674683312494600,2.21649462890625,-26.279998779296875,23.8799991607666,13.619999885559082
1788674683328394200,2.232394287109375,-26.81999969482422,24.059999465942383,14.039999961853027
1788674683344233000,2.24823291015625,-27.119998931884766,24.18000030517578,13.799999237060547
1788674683360132600,2.264132568359375,-27.119998931884766,23.15999984741211,13.859999656677246
1788674683376032300,2.2800322265625,-27.059999465942383,22.920000076293945,13.799999237060547
1788674683391871000,2.29587109375,-27.119998931884766,23.51999855041504,13.859999656677246
1788674683407740200,2.311740234375,-26.34000015258789,24.119998931884766,14.399999618530273
1788674683423639800,2.327639892578125,-25.5,24.119998931884766,14.399999618530273
1788674683439570000,2.34356982421875,-26.099998474121094,23.760000228881836,14.34000015258789
1788674683455469600,2.359469482421875,-27.119998931884766,23.760000228881836,13.619999885559082
1788674683471369200,2.375369140625,-26.69999885559082,23.399999618530273,13.380000114440918
1788674683487208000,2.3912080078125,-26.34000015258789,23.219999313354492,14.34000015258789
1788674683503107600,2.407107666015625,-27.420000076293945,23.279998779296875,13.979999542236328
1788674683519037700,2.42303759765625,-27.719999313354492,23.51999855041504,13.25999927520752
1788674683534937300,2.438937255859375,-27.35999870300293,23.399999618530273,13.380000114440918
1788674683550806500,2.454806640625,-26.8799991607666,23.81999969482422,13.139999389648438
1788674683566675700,2.47067578125,-26.579999923706055,23.69999885559082,12.84000015258789
1788674683582575400,2.486575439453125,-27.35999870300293,22.68000030517578,12.960000038146973
1788674683598475000,2.50247509765625,-28.01999855041504,22.559999465942383,13.199999809265137
1788674683614435600,2.518435546875,-29.34000015258789,22.31999969482422,13.5
1788674683630396400,2.534396484375,-29.03999900817871,22.559999465942383,14.219999313354492
1788674683646265300,2.550265380859375,-27.84000015258789,22.619998931884766,14.34000015258789
1788674683670160600,2.57416064453125,-29.51999855041504,21.299999237060547,14.519999504089355
1788674683685999400,2.589999267578125,-29.8799991607666,20.8799991607666,14.579999923706055
1788674683701899000,2.60589892578125,-28.979999542236328,21.420000076293945,14.219999313354492
1788674683717859600,2.621859619140625,-28.3799991607666,22.079999923706055,14.34000015258789
1788674683733790000,2.6377900390625,-28.31999969482422,22.139999389648438,13.4399995803833
1788674683757563100,2.661563232421875,-27.959999084472656,22.079999923706055,13.319999694824219
1788674683773493200,2.6774931640625,-27.35999870300293,22.739999771118164,13.559999465942383
1788674683789332000,2.69333203125,-27.479999542236328,22.799999237060547,13.380000114440918
1788674683805201000,2.709200927734375,-28.079999923706055,22.559999465942383,13.25999927520752
1788674683821100500,2.7251005859375,-28.31999969482422,22.439998626708984,12.84000015258789
1788674683837031000,2.741031005859375,-28.439998626708984,22.3799991607666,13.079999923706055
1788674683852961000,2.7569609375,-28.439998626708984,22.5,13.25999927520752
1788674683868799700,2.7727998046875,-28.260000228881836,22.260000228881836,13.199999809265137
1788674683884699400,2.788699462890625,-27.959999084472656,22.3799991607666,13.679999351501465
1788674683900568300,2.804568359375,-27.420000076293945,23.34000015258789,13.5
1788674683916498700,2.820498779296875,-26.939998626708984,23.939998626708984,13.5
1788674683932398300,2.8363984375,-26.8799991607666,25.079999923706055,14.039999961853027
1788674683948236800,2.85223681640625,-25.799999237060547,25.559999465942383,13.619999885559082
1788674683964106000,2.86810595703125,-25.439998626708984,24.65999984741211,12.479999542236328
1788674683979975200,2.88397509765625,-26.579999923706055,24.420000076293945,12.479999542236328
1788674683995874800,2.899874755859375,-26.8799991607666,24.84000015258789,13.079999923706055
1788674684011713500,2.915713623046875,-26.760000228881836,25.439998626708984,12.84000015258789
1788674684027521500,2.931521484375,-27,25.31999969482422,12.779999732971191
1788674684043421200,2.947421142578125,-26.939998626708984,24,12.899999618530273
1788674684059290400,2.963290283203125,-27.18000030517578,24.119998931884766,12.65999984741211
1788674684075159600,2.97915966796875,-27.239999771118164,24.35999870300293,12.899999618530273
1788674684091059200,2.99505908203125,-26.760000228881836,23.760000228881836,12.539999961853027
1788674684106958800,3.010958740234375,-26.939998626708984,23.81999969482422,12
1788674684122828000,3.026828125,-27.18000030517578,23.459999084472656,12.300000190734863
1788674684138727700,3.042727783203125,-27,24.18000030517578,12.899999618530273
1788674684154657800,3.05865771484375,-26.8799991607666,24.53999900817871,13.079999923706055
1788674684170527000,3.07452685546875,-26.51999855041504,24.119998931884766,13.199999809265137
1788674684186365400,3.090365478515625,-26.8799991607666,23.760000228881836,12.899999618530273
1788674684202234600,3.106234619140625,-27.239999771118164,22.799999237060547,12.899999618530273
1788674684218103800,3.122103759765625,-27.719999313354492,22.5,13.019999504089355
1788674684234034000,3.138033935546875,-29.459999084472656,22.619998931884766,13.4399995803833
1788674684257807000,3.16180712890625,-30.53999900817871,21.959999084472656,12.59999942779541
1788674684273737500,3.177737548828125,-30.959999084472656,21.420000076293945,11.699999809265137
1788674684289606400,3.1936064453125,-30.299999237060547,22.020000457763672,11.699999809265137
1788674684305445000,3.209445068359375,-30,22.260000228881836,12.239999771118164
1788674684321344800,3.2253447265625,-30.479999542236328,22.31999969482422,12.420000076293945
1788674684337183500,3.24118359375,-30.899999618530273,22.19999885559082,12.300000190734863
1788674684353052700,3.257052734375,-31.01999855041504,22.260000228881836,11.75999927520752
1788674684368952300,3.272952392578125,-31.079999923706055,22.5,12.239999771118164
1788674684384790800,3.288790771484375,-30.479999542236328,21.959999084472656,12.779999732971191
1788674684400629500,3.30462939453125,-29.219999313354492,21.84000015258789,12.059999465942383
1788674684416559600,3.3205595703125,-29.760000228881836,21.84000015258789,12
1788674684432489700,3.33648974609375,-30.35999870300293,21.53999900817871,12.899999618530273
1788674684448389400,3.352389404296875,-30.53999900817871,21.479999542236328,12.719999313354492
1788674684464228000,3.36822802734375,-30.84000015258789,21.719999313354492,12.65999984741211
1788674684480127700,3.384127685546875,-30.17999839782715,20.939998626708984,13.079999923706055
1788674684495997000,3.399996826171875,-30.17999839782715,20.579999923706055,12.539999961853027
1788674684511896600,3.415896484375,-30.35999870300293,20.760000228881836,13.199999809265137
1788674684527796200,3.431796142578125,-30.479999542236328,20.69999885559082,13.4399995803833
1788674684543635000,3.447635009765625,-30.899999618530273,21.479999542236328,13.25999927520752
1788674684559565000,3.46356494140625,-31.139999389648438,22.020000457763672,13.380000114440918
1788674684575464700,3.479464599609375,-30.959999084472656,21.84000015258789,12.84000015258789
1788674684591364400,3.4953642578125,-31.5,21.479999542236328,12
1788674684607264000,3.511263916015625,-32.15999984741211,21.239999771118164,12.65999984741211
1788674684623072000,3.527072021484375,-31.67999839782715,20.69999885559082,12.539999961853027
1788674684638971600,3.5429716796875,-31.979999542236328,20.760000228881836,11.579999923706055
1788674684654810400,3.558810302734375,-31.979999542236328,20.639999389648438,12.359999656677246
1788674684670710000,3.5747099609375,-31.139999389648438,21,12.84000015258789
1788674684686548700,3.590548828125,-30.53999900817871,21.35999870300293,12.779999732971191
1788674684702417700,3.606417724609375,-30.17999839782715,21,11.699999809265137
1788674684718286800,3.622286865234375,-30.239999771118164,20.8799991607666,11.519999504089355
1788674684734156000,3.638156005859375,-30.959999084472656,21,12.300000190734863
1788674684750086100,3.654086181640625,-31.5,21,12.539999961853027
1788674684765955300,3.669955322265625,-31.260000228881836,21.53999900817871,13.5
1788674684781794000,3.6857939453125,-31.5,21.420000076293945,13.5
1788674684797724200,3.70172412109375,-32.459999084472656,19.619998931884766,12.960000038146973
1788674684813593300,3.71759326171875,-32.880001068115234,18.479999542236328,13.319999694824219
1788674684829493000,3.733492919921875,-32.15999984741211,18.35999870300293,14.399999618530273
1788674684845362200,3.749362060546875,-32.21999740600586,18,15.59999942779541
1788674684861231400,3.7652314453125,-32.7599983215332,17.8799991607666,14.9399995803833
1788674684877131000,3.781131103515625,-32.52000045776367,18.420000076293945,13.380000114440918
1788674684893030700,3.79703076171875,-32.52000045776367,18.65999984741211,14.039999961853027
1788674684908960800,3.812960693359375,-32.15999984741211,18.600000381469727,14.279999732971191
1788674684924799500,3.828799560546875,-31.559999465942383,18.84000015258789,13.139999389648438
1788674684940668400,3.84466845703125,-31.85999870300293,19.260000228881836,13.139999389648438
1788674684972437200,3.876437255859375,-32.81999969482422,19.020000457763672,14.880000114440918
1788674684988337000,3.8923369140625,-32.70000076293945,17.34000015258789,14.9399995803833
1788674685004206000,3.9082060546875,-31.5,16.979999542236328,14.819999694824219
1788674685020075300,3.9240751953125,-31.67999839782715,17.940000534057617,15.420000076293945
1788674685035975000,3.939974853515625,-32.099998474121094,18.53999900817871,16.139999389648438
1788674685051813600,3.955813720703125,-31.559999465942383,18.239999771118164,15.179999351501465
1788674685067743700,3.97174365234375,-31.619998931884766,18.18000030517578,14.699999809265137
1788674685083643400,3.987643310546875,-31.3799991607666,18.479999542236328,14.9399995803833
1788674685099512600,4.0035126953125,-31.739999771118164,18.239999771118164,14.699999809265137
1788674685115381800,4.0193818359375,-31.85999870300293,18.059999465942383,14.460000038146973
1788674685131250700,4.035250732421875,-31.85999870300293,18.779998779296875,14.9399995803833
1788674685147181000,4.05118115234375,-32.21999740600586,19.079999923706055,14.519999504089355
1788674685170954200,4.074954345703125,-31.799999237060547,18.779998779296875,13.4399995803833
1788674685186854000,4.09085400390625,-30.779998779296875,19.439998626708984,13.619999885559082
1788674685202723000,4.10672314453125,-31.559999465942383,19.68000030517578,13.079999923706055
1788674685218592000,4.122592041015625,-32.279998779296875,19.439998626708984,12.359999656677246
1788674685234461200,4.138461181640625,-32.279998779296875,19.68000030517578,11.880000114440918
1788674685250360800,4.15436083984375,-31.85999870300293,19.31999969482422,10.979999542236328
1788674685274195200,4.1781953125,-32.279998779296875,19.439998626708984,10.619999885559082
1788674685290064400,4.194064453125,-32.34000015258789,20.219999313354492,11.579999923706055
1788674685305964000,4.209964111328125,-33,20.639999389648438,11.579999923706055
1788674685321863700,4.22586376953125,-32.15999984741211,20.69999885559082,11.519999504089355
1788674685337702100,4.2417021484375,-30,21.059999465942383,11.460000038146973
1788674685353601800,4.257601806640625,-29.51999855041504,21.119998931884766,11.279999732971191
1788674685369471000,4.273470947265625,-29.81999969482422,20.760000228881836,11.399999618530273
1788674685385401000,4.289401123046875,-29.8799991607666,20.639999389648438,11.279999732971191
1788674685409174300,4.31317431640625,-30.53999900817871,20.760000228881836,11.880000114440918
1788674685425074000,4.329073974609375,-30.959999084472656,20.279998779296875,12.359999656677246
1788674685441004300,4.34500439453125,-30.65999984741211,19.799999237060547,12.300000190734863
1788674685456812300,4.360812255859375,-30.779998779296875,19.079999923706055,12.719999313354492
1788674685472712000,4.3767119140625,-30.959999084472656,19.19999885559082,12.539999961853027
1788674685488550700,4.392550537109375,-30.420000076293945,19.139999389648438,12.479999542236328
1788674685504450300,4.4084501953125,-30.719999313354492,19.139999389648438,12.899999618530273
1788674685520319500,4.424319580078125,-30.65999984741211,20.639999389648438,12.59999942779541
1788674685536158000,4.440157958984375,-30.239999771118164,21,12
1788674685552057600,4.4560576171875,-31.01999855041504,20.399999618530273,12.119999885559082
1788674685575953000,4.479952880859375,-29.8799991607666,20.520000457763672,13.139999389648438
1788674685591791600,4.49579150390625,-30.65999984741211,20.520000457763672,12.479999542236328
1788674685607691300,4.511691162109375,-30.53999900817871,20.219999313354492,13.019999504089355
1788674685623560400,4.527560546875,-30.35999870300293,20.34000015258789,12.65999984741211
1788674685639399000,4.54339892578125,-30,19.619998931884766,12.420000076293945
1788674685655237600,4.559237548828125,-30.119998931884766,19.920000076293945,12.899999618530273
1788674685671106800,4.57510693359375,-30.65999984741211,20.34000015258789,12.65999984741211
1788674685686976000,4.59097607421875,-29.81999969482422,20.8799991607666,12.719999313354492
1788674685702845000,4.606844970703125,-29.399999618530273,21.479999542236328,13.319999694824219
1788674685718714000,4.622714111328125,-29.15999984741211,21.600000381469727,12.899999618530273
1788674685742579000,4.646578857421875,-28.85999870300293,21.53999900817871,12.65999984741211
1788674685766352100,4.67035205078125,-29.099998474121094,22.139999389648438,13.079999923706055
1788674685782221300,4.68622119140625,-28.799999237060547,22.260000228881836,12.539999961853027
1788674685798151400,4.7021513671875,-28.920000076293945,22.19999885559082,12.059999465942383
1788674685814051000,4.718051025390625,-28.619998931884766,22.3799991607666,12
1788674685829950700,4.73395068359375,-28.85999870300293,22.85999870300293,12
1788674685845820000,4.74981982421875,-28.68000030517578,22.920000076293945,11.880000114440918
1788674685861719600,4.765719482421875,-28.739999771118164,22.619998931884766,12.300000190734863
1788674685877649700,4.781649658203125,-28.439998626708984,22.619998931884766,12
1788674685893488400,4.79748828125,-27.899999618530273,22.85999870300293,11.460000038146973
1788674685909357600,4.813357666015625,-27.959999084472656,23.8799991607666,11.15999984741211
1788674685925257200,4.82925732421875,-27.899999618530273,24.059999465942383,12
1788674685941217800,4.8452177734375,-27.779998779296875,23.279998779296875,12.479999542236328
1788674685957117400,4.861117431640625,-27.599998474121094,22.439998626708984,12.479999542236328
1788674685972986600,4.876986572265625,-27.299999237060547,23.15999984741211,12.300000190734863
1788674685988886300,4.89288623046875,-26.939998626708984,23.69999885559082,12.119999885559082
1788674686004755500,4.90875537109375,-26.099998474121094,23.639999389648438,12.479999542236328
1788674686020655000,4.924655029296875,-25.85999870300293,24.35999870300293,12.719999313354492
1788674686036585200,4.940585205078125,-27.059999465942383,24.35999870300293,12.359999656677246
1788674686052393500,4.9563935546875,-27.959999084472656,24.18000030517578,11.9399995803833
1788674686068232000,4.97223193359375,-27.239999771118164,24.119998931884766,11.9399995803833
1788674686084101000,4.98810107421875,-26.15999984741211,24.84000015258789,11.519999504089355
1788674686100000800,5.004000732421875,-25.619998931884766,24.899999618530273,12
1788674686115870000,5.019869873046875,-25.799999237060547,24.65999984741211,12.239999771118164
1788674686131678000,5.035677978515625,-26.8799991607666,25.19999885559082,11.34000015258789
1788674686147516700,5.0515166015625,-27.119998931884766,24.899999618530273,11.639999389648438
1788674686163385900,5.0673857421875,-26.81999969482422,24.53999900817871,12
1788674686179316000,5.08331591796875,-26.579999923706055,25.139999389648438,11.9399995803833
1788674686203058700,5.10705859375,-26.459999084472656,25.079999923706055,12.300000190734863
1788674686218927900,5.122927978515625,-26.34000015258789,26.15999984741211,12
1788674686234827500,5.13882763671875,-25.619998931884766,26.099998474121094,12.179999351501465
1788674686250666000,5.154666015625,-24.84000015258789,25.19999885559082,12.359999656677246
1788674686266535200,5.17053515625,-24.479999542236328,25.31999969482422,12.539999961853027
1788674686282374000,5.186373779296875,-24.299999237060547,26.279998779296875,13.139999389648438
1788674686298273500,5.2022734375,-25.260000228881836,26.51999855041504,13.739999771118164
1788674686314173200,5.218173095703125,-25.619998931884766,26.219999313354492,13.5
1788674686330012000,5.234011962890625,-25.260000228881836,26.03999900817871,13.25999927520752
1788674686345880800,5.249880859375,-25.439998626708984,25.619998931884766,13.739999771118164
1788674686361719600,5.265719482421875,-24.779998779296875,25.619998931884766,12.719999313354492
1788674686377588700,5.281588623046875,-24.059999465942383,25.68000030517578,12.420000076293945
1788674686393488400,5.29748828125,-24.18000030517578,25.01999855041504,13.139999389648438
1788674686409357600,5.313357666015625,-24.53999900817871,24.299999237060547,12.779999732971191
1788674686425257200,5.32925732421875,-25.5,25.260000228881836,12.84000015258789
1788674686441156900,5.345156982421875,-25.979999542236328,25.3799991607666,13.5
1788674686457087000,5.3610869140625,-25.31999969482422,24.899999618530273,13.5
1788674686472986600,5.376986572265625,-24.779998779296875,25.01999855041504,13.5
1788674686488886300,5.39288623046875,-25.5,24.420000076293945,13.019999504089355
1788674686504725000,5.40872509765625,-25.5,24.35999870300293,12.960000038146973
1788674686520655000,5.424655029296875,-25.31999969482422,25.079999923706055,12.899999618530273
1788674686544458800,5.448458740234375,-24.959999084472656,25.68000030517578,13.319999694824219
1788674686560267000,5.46426708984375,-25.01999855041504,26.279998779296875,13.25999927520752
1788674686576166700,5.480166748046875,-25.079999923706055,26.219999313354492,13.559999465942383
1788674686592096800,5.4960966796875,-24.600000381469727,26.459999084472656,13.619999885559082
1788674686607904800,5.51190478515625,-24.65999984741211,26.279998779296875,13.4399995803833
1788674686623679200,5.52767919921875,-24.479999542236328,26.399999618530273,12.420000076293945
1788674686639579000,5.543578857421875,-24.420000076293945,26.34000015258789,12.59999942779541
1788674686655478500,5.559478515625,-24.18000030517578,25.799999237060547,13.380000114440918
1788674686671378200,5.575378173828125,-24.479999542236328,25.619998931884766,12.420000076293945
1788674686687247400,5.591247314453125,-24.299999237060547,25.85999870300293,12.059999465942383
1788674686703116300,5.6071162109375,-23.939998626708984,26.939998626708984,12.59999942779541
1788674686718985500,5.6229853515625,-24.53999900817871,26.760000228881836,12.779999732971191
1788674686734885000,5.638885009765625,-24.899999618530273,26.399999618530273,12.300000190734863
1788674686750754300,5.65475439453125,-24.65999984741211,26.939998626708984,11.579999923706055
1788674686766562300,5.670562255859375,-24.65999984741211,27,11.880000114440918
1788674686782462000,5.6864619140625,-24,27,12
1788674686798331100,5.7023310546875,-23.459999084472656,26.939998626708984,11.639999389648438
1788674686814261500,5.718261474609375,-24.18000030517578,26.639999389648438,11.639999389648438
1788674686830161200,5.7341611328125,-23.760000228881836,26.579999923706055,12.239999771118164
1788674686845999600,5.74999951171875,-24,26.8799991607666,12.59999942779541
1788674686861868800,5.765868896484375,-23.939998626708984,27.420000076293945,12.179999351501465
1788674686877707500,5.78170751953125,-22.85999870300293,27.420000076293945,11.880000114440918
1788674686893637600,5.7976376953125,-23.459999084472656,27.18000030517578,12
1788674686909567700,5.813567626953125,-24.420000076293945,27.299999237060547,12.479999542236328
1788674686925406500,5.829406494140625,-24.420000076293945,27.779998779296875,11.9399995803833
1788674686941306000,5.84530615234375,-23.760000228881836,27.84000015258789,11.34000015258789
1788674686957205800,5.861205810546875,-23.399999618530273,27.779998779296875,12.479999542236328
1788674686973136000,5.877135986328125,-23.03999900817871,27.84000015258789,12.119999885559082
1788674686989035500,5.893035400390625,-22.85999870300293,27.420000076293945,11.279999732971191
1788674687004935200,5.90893505859375,-23.279998779296875,27.299999237060547,12.119999885559082
1788674687020743400,5.924743408203125,-23.8799991607666,27.420000076293945,12.539999961853027
1788674687036582000,5.940581787109375,-23.81999969482422,27.65999984741211,12.65999984741211
1788674687052451000,5.956451171875,-23.69999885559082,27.84000015258789,12.960000038146973
1788674687068350700,5.972350830078125,-24.299999237060547,27.420000076293945,12.899999618530273
1788674687084250400,5.98825048828125,-24,27.599998474121094,12.65999984741211
1788674687100089000,6.004089111328125,-23.279998779296875,27.719999313354492,12.479999542236328
1788674687115927600,6.019927490234375,-23.15999984741211,27.420000076293945,12.84000015258789
1788674687131827200,6.0358271484375,-23.100000381469727,27.479999542236328,12.539999961853027
1788674687147757600,6.051757568359375,-23.81999969482422,26.939998626708984,12.719999313354492
1788674687163535000,6.06753515625,-24.479999542236328,27.119998931884766,13.559999465942383
1788674687179404300,6.083404296875,-24,28.19999885559082,13.799999237060547
1788674687195273500,6.0992734375,-23.69999885559082,27.119998931884766,13.799999237060547
1788674687211173000,6.115173095703125,-23.399999618530273,26.099998474121094,13.739999771118164
1788674687227042000,6.1310419921875,-23.459999084472656,26.099998474121094,13.739999771118164
1788674687242850300,6.146850341796875,-23.939998626708984,25.799999237060547,13.5
1788674687258719500,6.162719482421875,-24.600000381469727,25.85999870300293,14.519999504089355
1788674687274619100,6.178619140625,-24.719999313354492,25.68000030517578,14.279999732971191
1788674687290549200,6.19454931640625,-24.53999900817871,25.739999771118164,13.139999389648438
1788674687306479400,6.210479248046875,-25.01999855041504,25.68000030517578,12.59999942779541
1788674687322287600,6.22628759765625,-25.01999855041504,24.719999313354492,12.420000076293945
1788674687338156500,6.242156494140625,-25.19999885559082,24.18000030517578,12.59999942779541
1788674687354025700,6.258025634765625,-25.85999870300293,24.35999870300293,13.25999927520752
1788674687369986600,6.273986572265625,-26.399999618530273,25.19999885559082,13.319999694824219
1788674687385886200,6.28988623046875,-26.459999084472656,24.53999900817871,12.779999732971191
1788674687401694200,6.305694091796875,-26.8799991607666,23.34000015258789,12.59999942779541
1788674687417593900,6.32159375,-26.579999923706055,23.8799991607666,12.479999542236328
1788674687433432600,6.3374326171875,-25.799999237060547,24.299999237060547,12.539999961853027
1788674687449332200,6.353332275390625,-25.619998931884766,24.420000076293945,12.539999961853027
1788674687465232000,6.36923193359375,-25.799999237060547,24.479999542236328,12.359999656677246
1788674687481070600,6.385070556640625,-25.920000076293945,24.479999542236328,12.300000190734863
1788674687496970200,6.40097021484375,-25.139999389648438,24.299999237060547,12.65999984741211
1788674687512839200,6.416839111328125,-24.84000015258789,24.719999313354492,12.539999961853027
1788674687528769500,6.43276953125,-25.68000030517578,25.31999969482422,12.84000015258789
1788674687544669200,6.448669189453125,-25.739999771118164,24.53999900817871,12.960000038146973
1788674687560507600,6.464507568359375,-25.799999237060547,23.69999885559082,13.319999694824219
1788674687576407300,6.4804072265625,-26.34000015258789,23.34000015258789,13.739999771118164
1788674687592276500,6.4962763671875,-25.920000076293945,23.15999984741211,13.739999771118164
1788674687608176000,6.512176025390625,-24.84000015258789,23.51999855041504,13.739999771118164
1788674687624075800,6.52807568359375,-24.779998779296875,24.059999465942383,13.559999465942383
1788674687640006100,6.544006103515625,-26.099998474121094,24.239999771118164,13.739999771118164
1788674687655844600,6.5598447265625,-25.619998931884766,23.760000228881836,13.920000076293945
1788674687671744300,6.575744140625,-25.979999542236328,23.8799991607666,14.15999984741211
1788674687687674400,6.59167431640625,-26.279998779296875,24.35999870300293,14.460000038146973
1788674687703574000,6.607573974609375,-25.5,24.059999465942383,14.279999732971191
1788674687719382300,6.62338232421875,-25.920000076293945,23.34000015258789,13.859999656677246
1788674687735251500,6.63925146484375,-25.3799991607666,23.279998779296875,14.219999313354492
1788674687751120600,6.65512060546875,-25.619998931884766,23.03999900817871,14.699999809265137
1788674687767020300,6.671020263671875,-26.15999984741211,22.979999542236328,14.219999313354492
1788674687782920000,6.686919921875,-25.559999465942383,23.34000015258789,13.25999927520752
1788674687798819600,6.702819580078125,-25.68000030517578,22.68000030517578,12.960000038146973
1788674687814627600,6.718627685546875,-26.15999984741211,21.479999542236328,13.559999465942383
1788674687830466300,6.73446630859375,-26.51999855041504,20.81999969482422,14.34000015258789
1788674687846366000,6.750365966796875,-27.119998931884766,21.299999237060547,14.639999389648438
1788674687862204400,6.766204345703125,-27.119998931884766,21.84000015258789,13.799999237060547
1788674687878012700,6.7820126953125,-26.459999084472656,21.959999084472656,12.960000038146973
1788674687893912300,6.797912353515625,-26.099998474121094,22.3799991607666,13.019999504089355
1788674687909750800,6.813750732421875,-26.51999855041504,22.079999923706055,12.359999656677246
1788674687925650400,6.829650390625,-25.920000076293945,22.3799991607666,11.699999809265137
1788674687941580800,6.845580810546875,-25.559999465942383,22.979999542236328,12
1788674687957358300,6.8613583984375,-26.279998779296875,22.619998931884766,12.420000076293945
1788674687973227500,6.8772275390625,-26.15999984741211,23.03999900817871,12.239999771118164
1788674687989127200,6.893127197265625,-25.68000030517578,23.639999389648438,12.119999885559082
1788674688005087700,6.909087646484375,-25.979999542236328,23.399999618530273,12.479999542236328
1788674688020987400,6.9249873046875,-26.15999984741211,22.5,12.960000038146973
1788674688036856600,6.940856689453125,-25.979999542236328,21.959999084472656,12.960000038146973
1788674688052695300,6.9566953125,-25.5,22.559999465942383,12.719999313354492
1788674688068595000,6.972594970703125,-25.3799991607666,23.219999313354492,12.420000076293945
1788674688084494600,6.98849462890625,-25.079999923706055,23.939998626708984,12.420000076293945
1788674688100363800,7.00436376953125,-24.899999618530273,23.69999885559082,12.899999618530273
1788674688116232700,7.020232666015625,-25.619998931884766,22.3799991607666,12.539999961853027
1788674688132102000,7.036101806640625,-25.01999855041504,21.899999618530273,12.420000076293945
1788674688148001500,7.05200146484375,-25.01999855041504,21.899999618530273,13.019999504089355
1788674688163932000,7.067931884765625,-26.219999313354492,21.84000015258789,12.899999618530273
1788674688179862000,7.083862060546875,-25.920000076293945,21.53999900817871,12.179999351501465
1788674688195731200,7.099731201171875,-25.3799991607666,22.020000457763672,12.420000076293945
1788674688211600400,7.115600341796875,-25.799999237060547,22.3799991607666,12.59999942779541
1788674688227500000,7.1315,-25.68000030517578,22.31999969482422,11.639999389648438
1788674688243399700,7.147399658203125,-24.719999313354492,21.959999084472656,11.699999809265137
1788674688259329800,7.163329833984375,-25.139999389648438,21.899999618530273,12.779999732971191
1788674688275199000,7.179198974609375,-25.799999237060547,21.84000015258789,12.960000038146973
1788674688291068200,7.195068115234375,-25.619998931884766,21.119998931884766,13.4399995803833
1788674688306967800,7.2109677734375,-25.979999542236328,21.420000076293945,14.219999313354492
1788674688322898000,7.22689794921875,-25.979999542236328,21.479999542236328,14.460000038146973
1788674688338828000,7.242828125,-25.31999969482422,21.84000015258789,14.399999618530273
1788674688354697200,7.258697265625,-24.479999542236328,21.84000015258789,14.34000015258789
1788674688370596900,7.274596923828125,-25.079999923706055,21.18000030517578,14.09999942779541
1788674688386496500,7.29049658203125,-25.619998931884766,21.479999542236328,13.739999771118164
1788674688402396200,7.306396240234375,-24.600000381469727,21.84000015258789,13.5
1788674688418295800,7.3222958984375,-23.8799991607666,21.53999900817871,13.559999465942383
1788674688434134500,7.338134521484375,-24.18000030517578,21.119998931884766,13.199999809265137
1788674688450034200,7.3540341796875,-24.35999870300293,21.600000381469727,13.139999389648438
1788674688465903400,7.3699033203125,-24.35999870300293,22.260000228881836,13.25999927520752
1788674688481803000,7.385802978515625,-24.959999084472656,22.439998626708984,13.199999809265137
1788674688497702700,7.40170263671875,-25.01999855041504,21.479999542236328,13.739999771118164
1788674688513541000,7.417541015625,-25.079999923706055,20.459999084472656,13.380000114440918
1788674688529410300,7.433410400390625,-25.559999465942383,20.81999969482422,13.319999694824219
1788674688545310000,7.44931005859375,-25.799999237060547,21,13.319999694824219
1788674688561240000,7.465239990234375,-25.739999771118164,20.939998626708984,12.779999732971191
1788674688577170400,7.48117041015625,-25.85999870300293,20.8799991607666,13.319999694824219
1788674688593009000,7.4970087890625,-25.559999465942383,20.520000457763672,13.139999389648438
1788674688608908500,7.512908447265625,-25.19999885559082,20.639999389648438,12.899999618530273
1788674688624808200,7.52880810546875,-25.260000228881836,21.719999313354492,13.559999465942383
1788674688640707800,7.544707763671875,-25.01999855041504,22.020000457763672,13.139999389648438
1788674688656607500,7.560607421875,-25.439998626708984,22.260000228881836,12.899999618530273
1788674688672446200,7.5764462890625,-25.439998626708984,22.19999885559082,13.4399995803833
1788674688688345900,7.592345947265625,-24.53999900817871,21.119998931884766,13.739999771118164
1788674688704215000,7.608215087890625,-23.8799991607666,21.059999465942383,13.979999542236328
1788674688720145200,7.624145263671875,-24.35999870300293,21.600000381469727,13.739999771118164
1788674688736044800,7.640044921875,-24.899999618530273,21.719999313354492,13.619999885559082
1788674688751944400,7.6559443359375,-24.600000381469727,21.899999618530273,13.619999885559082
1788674688767813600,7.671813720703125,-24.239999771118164,22.139999389648438,13.199999809265137
1788674688783713300,7.68771337890625,-24.119998931884766,21.899999618530273,13.25999927520752
1788674688799613000,7.703613037109375,-24.18000030517578,21.65999984741211,13.4399995803833
1788674688815482000,7.719482177734375,-24.479999542236328,21.779998779296875,13.979999542236328
1788674688831351300,7.735351318359375,-24.719999313354492,21.299999237060547,14.15999984741211
1788674688847251000,7.7512509765625,-24.719999313354492,21.479999542236328,13.559999465942383
1788674688863120100,7.7671201171875,-25.01999855041504,21.779998779296875,13.079999923706055
1788674688879050200,7.78305029296875,-24.779998779296875,21.53999900817871,12.779999732971191
1788674688894919400,7.79891943359375,-24.65999984741211,21.479999542236328,13.25999927520752
1788674688910758000,7.8147578125,-24.959999084472656,21.84000015258789,12.479999542236328
1788674688926627000,7.830626953125,-24.719999313354492,21.719999313354492,12.300000190734863
1788674688942526700,7.846526611328125,-24.65999984741211,21.959999084472656,12.960000038146973
1788674688958426400,7.86242626953125,-24.239999771118164,22.85999870300293,13.079999923706055
1788674688974295600,7.878295654296875,-24.65999984741211,21.84000015258789,13.380000114440918
1788674688990164700,7.894164794921875,-24.600000381469727,20.8799991607666,13.079999923706055
1788674689006064400,7.910064453125,-23.760000228881836,21.53999900817871,13.380000114440918
1788674689021964000,7.925964111328125,-23.81999969482422,22.559999465942383,13.4399995803833
1788674689037894100,7.94189404296875,-23.81999969482422,22.260000228881836,12.84000015258789
1788674689053793800,7.957793701171875,-23.51999855041504,22.3799991607666,13.079999923706055
1788674689069693400,7.973693359375,-23.760000228881836,22.559999465942383,13.019999504089355
1788674689085532200,7.9895322265625,-23.100000381469727,22.139999389648438,11.9399995803833
1788674689101401300,8.0054013671875,-22.739999771118164,22.799999237060547,12.479999542236328
1788674689117301000,8.021301025390626,-23.34000015258789,22.68000030517578,12.960000038146973
1788674689133139500,8.037139404296875,-23.279998779296875,22.3799991607666,12.359999656677246
1788674689148978200,8.052978271484376,-23.51999855041504,22.920000076293945,12.300000190734863
1788674689164847400,8.068847412109376,-23.639999389648438,22.85999870300293,12.59999942779541
1788674689180716500,8.084716552734376,-23.81999969482422,22.139999389648438,13.5
1788674689196585700,8.100585693359376,-23.03999900817871,22.19999885559082,13.25999927520752
1788674689212485400,8.1164853515625,-22.260000228881836,22.559999465942383,12.179999351501465
1788674689228354300,8.132354248046875,-23.15999984741211,22.5,12.119999885559082
1788674689244223500,8.148223388671875,-23.279998779296875,22.799999237060547,11.9399995803833
1788674689260123100,8.164123046875,-22.559999465942383,22.979999542236328,11.699999809265137
1788674689276053500,8.180053466796876,-22.619998931884766,23.219999313354492,11.579999923706055
1788674689291983600,8.195983642578126,-23.279998779296875,23.51999855041504,11.9399995803833
1788674689307822000,8.211822021484375,-23.279998779296875,23.579999923706055,12.479999542236328
1788674689323721700,8.2277216796875,-22.68000030517578,23.100000381469727,12.119999885559082
1788674689339591000,8.2435908203125,-23.34000015258789,22.559999465942383,12.65999984741211
1788674689355521300,8.259521240234376,-22.739999771118164,22.439998626708984,13.859999656677246
1788674689371421000,8.2754208984375,-22.19999885559082,22.920000076293945,13.799999237060547
1788674689387289900,8.291289794921875,-22.5,23.34000015258789,13.199999809265137
1788674689403159000,8.307158935546875,-22.260000228881836,23.03999900817871,12.59999942779541
1788674689419058700,8.32305859375,-22.68000030517578,22.5,12.300000190734863
1788674689434958300,8.338958251953125,-22.739999771118164,22.5,12.539999961853027
1788674689450858000,8.35485791015625,-22.260000228881836,23.219999313354492,13.079999923706055
1788674689466666200,8.370666259765626,-21.779998779296875,23.459999084472656,14.039999961853027
1788674689482535400,8.386535400390626,-21.65999984741211,23.399999618530273,14.34000015258789
1788674689498404400,8.402404296875,-21.779998779296875,23.639999389648438,14.039999961853027
1788674689514334700,8.418334716796876,-22.31999969482422,23.579999923706055,13.979999542236328
1788674689530234400,8.434234375,-21.959999084472656,23.34000015258789,14.15999984741211
1788674689546103600,8.450103515625,-21.65999984741211,22.68000030517578,13.979999542236328
1788674689562003200,8.466003173828126,-21.84000015258789,22.260000228881836,12.960000038146973
1788674689577841700,8.481841552734375,-21.299999237060547,22.260000228881836,12.300000190734863
1788674689593741300,8.4977412109375,-21.119998931884766,22.739999771118164,11.9399995803833
1788674689609671400,8.51367138671875,-20.760000228881836,22.979999542236328,12.300000190734863
1788674689625571300,8.5295712890625,-20.69999885559082,22.559999465942383,12.479999542236328
1788674689641409800,8.545409912109376,-21.65999984741211,23.03999900817871,12
1788674689657279000,8.561279052734376,-21.959999084472656,23.219999313354492,12.719999313354492
1788674689673178600,8.5771787109375,-20.69999885559082,23.100000381469727,13.619999885559082
1788674689689047800,8.5930478515625,-19.68000030517578,23.399999618530273,13.559999465942383
1788674689704886300,8.60888623046875,-19.260000228881836,23.459999084472656,13.380000114440918
1788674689720755500,8.62475537109375,-19.799999237060547,23.51999855041504,12.960000038146973
1788674689736624600,8.640624755859376,-20.219999313354492,24.299999237060547,13.380000114440918
1788674689752524300,8.656524169921875,-19.979999542236328,23.939998626708984,13.619999885559082
1788674689768393500,8.6723935546875,-19.799999237060547,23.279998779296875,12.779999732971191
1788674689784201500,8.688201416015625,-19.739999771118164,23.219999313354492,13.199999809265137
1788674689800101000,8.70410107421875,-19.920000076293945,23.34000015258789,13.199999809265137
1788674689816001000,8.7200009765625,-20.399999618530273,23.81999969482422,13.079999923706055
1788674689831900700,8.735900634765626,-20.399999618530273,23.15999984741211,13.799999237060547
1788674689847800300,8.75180029296875,-19.979999542236328,22.559999465942383,14.519999504089355
1788674689863638800,8.767638671875,-20.219999313354492,22.85999870300293,14.9399995803833
1788674689879508000,8.783508056640626,-20.15999984741211,23.459999084472656,14.699999809265137
1788674689895346700,8.7993466796875,-20.279998779296875,23.279998779296875,13.979999542236328
1788674689911246300,8.815246337890626,-21,22.260000228881836,13.619999885559082
1788674689927146000,8.83114599609375,-20.399999618530273,22.020000457763672,13.4399995803833
1788674689942954000,8.8469541015625,-21,22.079999923706055,12.899999618530273
1788674689958853600,8.862853515625,-21.53999900817871,21.84000015258789,12.65999984741211
1788674689974722800,8.878722900390626,-20.81999969482422,21.899999618530273,12.359999656677246
1788674689990653000,8.89465283203125,-21,21.84000015258789,11.9399995803833
1788674690006552600,8.910552490234375,-21.600000381469727,22.3799991607666,12.239999771118164
1788674690022421800,8.926421875,-20.81999969482422,23.34000015258789,12.84000015258789
1788674690038291000,8.942291015625,-19.739999771118164,23.03999900817871,12.420000076293945
1788674690054160100,8.95816015625,-20.15999984741211,22.799999237060547,12.059999465942383
1788674690070090200,8.97409033203125,-20.520000457763672,23.100000381469727,12.239999771118164
1788674690085990000,8.989989990234376,-20.399999618530273,22.979999542236328,12.479999542236328
1788674690101859000,9.005859130859376,-19.619998931884766,23.279998779296875,12.059999465942383
1788674690117758700,9.0217587890625,-19.85999870300293,22.979999542236328,11.279999732971191
1788674690133628000,9.0376279296875,-20.69999885559082,22.559999465942383,11.219999313354492
1788674690149527600,9.053527587890626,-20.520000457763672,23.459999084472656,11.699999809265137
1788674690165427200,9.06942724609375,-20.100000381469727,24.420000076293945,11.34000015258789
1788674690181296400,9.08529638671875,-20.279998779296875,24.299999237060547,11.15999984741211
1788674690197165600,9.10116552734375,-19.559999465942383,23.81999969482422,11.639999389648438
1788674690212973600,9.1169736328125,-19.31999969482422,24.479999542236328,11.460000038146973
1788674690228873200,9.132873291015626,-19.3799991607666,25.559999465942383,11.039999961853027
1788674690244742400,9.148742431640626,-18.600000381469727,24.719999313354492,10.739999771118164
1788674690260580900,9.164580810546875,-18.479999542236328,23.69999885559082,11.09999942779541
1788674690276480500,9.18048046875,-18.84000015258789,24.779998779296875,11.639999389648438
1788674690292349700,9.196349609375,-18.959999084472656,25.559999465942383,12
1788674690308280000,9.212280029296876,-18.600000381469727,24.899999618530273,11.219999313354492
1788674690324149000,9.22814892578125,-17.940000534057617,24.119998931884766,10.619999885559082
1788674690339987700,9.24398779296875,-17.69999885559082,23.34000015258789,11.039999961853027
1788674690355887400,9.259887451171876,-17.8799991607666,23.760000228881836,11.15999984741211
1788674690371756500,9.275756591796876,-18.299999237060547,24.65999984741211,11.219999313354492
1788674690387686700,9.291686767578126,-18.84000015258789,25.01999855041504,10.979999542236328
1788674690403555800,9.307555908203126,-18.600000381469727,24.779998779296875,11.219999313354492
1788674690419394600,9.32339453125,-18.719999313354492,24.479999542236328,11.34000015258789
1788674690435233000,9.33923291015625,-18.779998779296875,24.18000030517578,11.460000038146973
1788674690451102200,9.355102294921876,-18.600000381469727,24.059999465942383,11.460000038146973
1788674690467001900,9.371001953125,-17.8799991607666,24.059999465942383,11.399999618530273
1788674690482871000,9.38687109375,-18.059999465942383,23.69999885559082,12.119999885559082
1788674690498709800,9.402709716796876,-18.779998779296875,23.760000228881836,11.819999694824219
1788674690514548200,9.41854833984375,-19.079999923706055,23.939998626708984,11.460000038146973
1788674690530417400,9.43441748046875,-18.899999618530273,23.939998626708984,11.639999389648438
1788674690546347500,9.450347412109375,-18.600000381469727,23.939998626708984,11.579999923706055
1788674690562216700,9.466216796875,-18.959999084472656,24.059999465942383,12
1788674690578116400,9.482116455078126,-19.020000457763672,24.119998931884766,11.9399995803833
1788674690593955000,9.497955078125,-19.260000228881836,23.15999984741211,11.699999809265137
1788674690609854700,9.513854736328126,-19.020000457763672,22.5,11.9399995803833
1788674690625754400,9.52975439453125,-18.059999465942383,22.979999542236328,11.75999927520752
1788674690641654000,9.545654052734376,-17.81999969482422,24.35999870300293,11.34000015258789
1788674690657523200,9.561523193359376,-18,24.84000015258789,11.519999504089355
1788674690673392000,9.57739208984375,-17.760000228881836,25.079999923706055,12.359999656677246
1788674690689292000,9.5932919921875,-18.35999870300293,25.439998626708984,12.479999542236328
1788674690705191700,9.609191650390626,-18.479999542236328,24.959999084472656,12.539999961853027
1788674690721060600,9.625060546875,-16.920000076293945,24.84000015258789,13.199999809265137
1788674690736929800,9.6409296875,-16.739999771118164,24.420000076293945,12.65999984741211
1788674690752799000,9.656799072265626,-17.219999313354492,24.239999771118164,12.59999942779541
1788674690768698600,9.67269873046875,-17.100000381469727,24.059999465942383,13.4399995803833
1788674690784598300,9.688598388671876,-17.279998779296875,24,13.619999885559082
1788674690800498000,9.704497802734375,-17.940000534057617,24.299999237060547,13.920000076293945
1788674690816367000,9.7203671875,-17.34000015258789,24.299999237060547,14.75999927520752
1788674690832205800,9.736205810546876,-16.619998931884766,23.51999855041504,14.639999389648438
1788674690848074800,9.75207470703125,-16.5,23.100000381469727,14.399999618530273
1788674690864005000,9.768005126953126,-16.619998931884766,22.799999237060547,15.239999771118164
1788674690879904800,9.78390478515625,-16.68000030517578,23.51999855041504,14.880000114440918
1788674690895712800,9.799712646484375,-15.719999313354492,24.65999984741211,14.880000114440918
1788674690911582000,9.81558203125,-15.899999618530273,23.639999389648438,14.75999927520752
1788674690927542500,9.83154248046875,-16.440000534057617,23.15999984741211,14.09999942779541
1788674690943473000,9.847472900390626,-15.960000038146973,24.119998931884766,14.460000038146973
1788674690959403000,9.863403076171876,-15.960000038146973,24.779998779296875,14.219999313354492
1788674690975302700,9.879302734375,-15.899999618530273,24.65999984741211,13.920000076293945
1788674690991171800,9.895171875,-16.020000457763672,24.779998779296875,13.139999389648438
1788674691006979800,9.910979736328125,-16.440000534057617,24.600000381469727,12.359999656677246
1788674691022879500,9.92687939453125,-16.19999885559082,24.479999542236328,12.479999542236328
1788674691038779100,9.942779052734375,-15.65999984741211,24.899999618530273,12.960000038146973
1788674691054648300,9.9586484375,-15.719999313354492,24.84000015258789,12.84000015258789
1788674691070548000,9.9745478515625,-15.65999984741211,24.65999984741211,12
1788674691086386700,9.99038671875,-15,25.439998626708984,12
1788674691102286300,10.006286376953126,-15.65999984741211,25.739999771118164,12.719999313354492
1788674691118155500,10.022155517578126,-16.440000534057617,25.5,12.65999984741211
1788674691133994000,10.037993896484375,-16.139999389648438,24.719999313354492,11.819999694824219
1788674691149893600,10.0538935546875,-15.960000038146973,24.35999870300293,11.579999923706055
1788674691165824000,10.069823974609376,-15.719999313354492,24.84000015258789,12.65999984741211
1788674691181723600,10.0857236328125,-15.65999984741211,24.84000015258789,13.079999923706055
1788674691197623300,10.101623291015626,-14.519999504089355,25.799999237060547,12.539999961853027
1788674691213431300,10.117431396484376,-13.559999465942383,26.34000015258789,12.300000190734863
1788674691229300500,10.133300537109376,-13.979999542236328,26.399999618530273,12.479999542236328
1788674691245230600,10.149230712890626,-14.460000038146973,26.760000228881836,12.300000190734863
1788674691261160700,10.16516064453125,-14.519999504089355,26.15999984741211,11.519999504089355
1788674691277060400,10.181060302734375,-13.739999771118164,26.15999984741211,11.75999927520752
1788674691292929500,10.196929443359375,-13.199999809265137,26.69999885559082,12.059999465942383
1788674691308829200,10.2128291015625,-13.979999542236328,26.459999084472656,12.179999351501465
1788674691324668000,10.22866796875,-13.979999542236328,26.760000228881836,12.179999351501465
1788674691340567600,10.244567626953126,-13.559999465942383,26.81999969482422,11.15999984741211
1788674691356497700,10.26049755859375,-13.559999465942383,26.760000228881836,10.679999351501465
1788674691372427800,10.276427734375,-13.859999656677246,26.69999885559082,11.34000015258789
1788674691388297000,10.292296875,-14.699999809265137,26.639999389648438,11.9399995803833
1788674691404166100,10.308166259765626,-14.279999732971191,26.69999885559082,11.399999618530273
1788674691420065800,10.324065673828125,-13.679999351501465,26.34000015258789,11.699999809265137
1788674691435996000,10.339995849609375,-13.380000114440918,26.760000228881836,12.239999771118164
1788674691451804200,10.35580419921875,-13.4399995803833,27.420000076293945,12.059999465942383
1788674691467673300,10.37167333984375,-13.679999351501465,27.599998474121094,12.239999771118164
1788674691483542500,10.38754248046875,-13.559999465942383,27.239999771118164,12.239999771118164
1788674691499472600,10.40347265625,-13.5,26.639999389648438,12.779999732971191
1788674691515372300,10.419372314453126,-13.859999656677246,26.639999389648438,12.719999313354492
1788674691531272000,10.43527197265625,-13.799999237060547,27,12.059999465942383
1788674691547110400,10.4511103515625,-13.920000076293945,27,11.9399995803833
1788674691562949000,10.46694921875,-14.15999984741211,26.760000228881836,12.179999351501465
1788674691578848800,10.482848876953126,-13.619999885559082,26.579999923706055,12.719999313354492
1788674691594718000,10.498718017578126,-13.859999656677246,26.099998474121094,12.479999542236328
1788674691610556700,10.514556640625,-13.920000076293945,25.559999465942383,12.479999542236328
1788674691626456300,10.530456298828126,-13.679999351501465,25.559999465942383,13.019999504089355
1788674691650198800,10.55419873046875,-13.319999694824219,26.399999618530273,13.4399995803833
1788674691666098400,10.570098388671875,-12.65999984741211,26.69999885559082,13.319999694824219
1788674691681967600,10.585967529296875,-13.019999504089355,25.920000076293945,12.59999942779541
1788674691697867300,10.6018671875,-13.079999923706055,26.03999900817871,13.079999923706055
1788674691713797600,10.617797607421876,-13.079999923706055,26.51999855041504,13.619999885559082
1788674691729666600,10.63366650390625,-13.739999771118164,25.739999771118164,14.039999961853027
1788674691745566200,10.649566162109375,-13.739999771118164,25.619998931884766,14.519999504089355
1788674691761465900,10.6654658203125,-13.4399995803833,25.920000076293945,14.819999694824219
1788674691777365800,10.68136572265625,-13.319999694824219,25.3799991607666,14.9399995803833
1788674691793265400,10.697265380859376,-13.199999809265137,25.19999885559082,14.219999313354492
1788674691809134300,10.71313427734375,-12.84000015258789,25.920000076293945,14.819999694824219
1788674691825034000,10.729033935546875,-13.679999351501465,26.219999313354492,15.59999942779541
1788674691840872700,10.744872802734376,-14.039999961853027,26.099998474121094,15.719999313354492
1788674691856802800,10.760802734375,-13.859999656677246,25.559999465942383,16.3799991607666
1788674691872672000,10.776672119140626,-14.460000038146973,25.19999885559082,15.899999618530273
1788674691888510700,10.7925107421875,-14.579999923706055,26.34000015258789,15.179999351501465
1788674691904410400,10.808410400390626,-14.699999809265137,26.51999855041504,14.639999389648438
1788674691920279600,10.824279541015626,-13.4399995803833,26.459999084472656,15.059999465942383
1788674691936209700,10.840209716796876,-12.479999542236328,26.399999618530273,15.299999237060547
1788674691952078800,10.856078857421876,-12.899999618530273,25.619998931884766,14.9399995803833
1788674691967917300,10.871917236328125,-13.319999694824219,26.15999984741211,15.239999771118164
1788674691983847700,10.88784765625,-13.079999923706055,26.69999885559082,15.479999542236328
1788674691999747300,10.903747314453126,-12.779999732971191,26.639999389648438,15.119999885559082
1788674692015677400,10.919677490234376,-13.079999923706055,26.760000228881836,15.059999465942383
1788674692031577000,10.9355771484375,-13.079999923706055,26.81999969482422,15.179999351501465
1788674692047385000,10.951385009765625,-12.479999542236328,27,15.119999885559082
1788674692063284700,10.96728466796875,-12.420000076293945,27.479999542236328,15.59999942779541
1788674692079154000,10.98315380859375,-12.179999351501465,27.84000015258789,14.9399995803833
1788674692095084000,10.999083984375,-11.639999389648438,28.260000228881836,14.819999694824219
1788674692110983700,11.014983642578125,-11.460000038146973,28.739999771118164,15.539999961853027
1788674692126852900,11.030852783203125,-10.559999465942383,28.68000030517578,14.639999389648438
1788674692142722000,11.04672216796875,-10.260000228881836,28.619998931884766,13.859999656677246
1788674692158591200,11.06259130859375,-10.920000076293945,28.619998931884766,13.739999771118164
1788674692174521300,11.078521240234375,-11.219999313354492,28.799999237060547,14.279999732971191
1788674692190421000,11.0944208984375,-11.219999313354492,28.559999465942383,14.699999809265137
1788674692206259700,11.110259765625,-10.859999656677246,28.01999855041504,14.219999313354492
1788674692222159400,11.126159423828126,-10.619999885559082,28.979999542236328,14.15999984741211
1788674692238028500,11.142028564453126,-10.679999351501465,29.81999969482422,14.519999504089355
1788674692253928200,11.15792822265625,-10.380000114440918,29.69999885559082,13.739999771118164
1788674692269797400,11.17379736328125,-9.719999313354492,28.739999771118164,13.5
1788674692285666300,11.189666259765625,-10.319999694824219,28.85999870300293,14.039999961853027
1788674692301566200,11.205566162109376,-10.619999885559082,29.099998474121094,13.979999542236328
1788674692317435100,11.22143505859375,-10.920000076293945,29.760000228881836,13.319999694824219
1788674692333365500,11.237365478515626,-10.859999656677246,30,12.59999942779541
1788674692349265200,11.25326513671875,-11.34000015258789,29.219999313354492,12.960000038146973
1788674692365073200,11.2690732421875,-11.699999809265137,29.459999084472656,13.139999389648438
1788674692380942300,11.2849423828125,-10.800000190734863,30.059999465942383,12.59999942779541
1788674692396842000,11.300842041015626,-10.619999885559082,30.059999465942383,12.899999618530273
1788674692412711200,11.316711181640626,-11.039999961853027,29.760000228881836,13.799999237060547
1788674692428610800,11.33261083984375,-11.399999618530273,30.479999542236328,13.4399995803833
1788674692444449300,11.34844921875,-10.920000076293945,29.8799991607666,13.019999504089355
1788674692460349000,11.364348876953125,-10.559999465942383,29.219999313354492,13.139999389648438
1788674692476248600,11.38024853515625,-10.859999656677246,29.459999084472656,13.559999465942383
1788674692492179000,11.396178955078126,-11.519999504089355,29.459999084472656,13.380000114440918
1788674692508109000,11.412109130859376,-10.979999542236328,29.639999389648438,13.380000114440918
1788674692523917000,11.4279169921875,-10.5,29.639999389648438,13.979999542236328
1788674692539816700,11.443816650390625,-11.039999961853027,29.8799991607666,13.5
1788674692555716400,11.45971630859375,-11.579999923706055,30.420000076293945,12.479999542236328
1788674692571616300,11.4756162109375,-11.880000114440918,30.119998931884766,12.479999542236328
1788674692587485200,11.491485107421875,-11.34000015258789,29.8799991607666,12.960000038146973
1788674692603354400,11.507354248046875,-10.800000190734863,30.17999839782715,13.25999927520752
1788674692619223600,11.5232236328125,-10.859999656677246,29.81999969482422,13.679999351501465
1788674692635092700,11.5390927734375,-10.979999542236328,30.35999870300293,14.219999313354492
1788674692651053300,11.55505322265625,-11.34000015258789,30.53999900817871,14.460000038146973
1788674692666922500,11.570922607421876,-12.479999542236328,29.939998626708984,14.34000015258789
1788674692682761200,11.58676123046875,-13.619999885559082,29.219999313354492,14.15999984741211
1788674692698660900,11.602660888671876,-12.899999618530273,28.799999237060547,14.039999961853027
1788674692714530000,11.618530029296876,-11.519999504089355,28.31999969482422,13.559999465942383
1788674692730429700,11.6344296875,-11.519999504089355,29.219999313354492,13.319999694824219
1788674692746298600,11.650298583984375,-12.300000190734863,30,13.139999389648438
1788674692762167800,11.666167724609375,-12.359999656677246,29.459999084472656,13.139999389648438
1788674692778037000,11.682037109375,-12.59999942779541,28.920000076293945,14.519999504089355
1788674692793906200,11.69790625,-12.719999313354492,28.920000076293945,14.219999313354492
1788674692809805800,11.713805908203126,-11.519999504089355,29.34000015258789,13.5
1788674692825705500,11.72970556640625,-10.319999694824219,29.399999618530273,14.399999618530273
1788674692841574700,11.74557470703125,-10.319999694824219,29.34000015258789,14.880000114440918
1788674692857443800,11.76144384765625,-10.559999465942383,29.459999084472656,14.75999927520752
1788674692873313000,11.77731298828125,-10.679999351501465,29.579999923706055,15.59999942779541
1788674692889243100,11.7932431640625,-10.859999656677246,29.639999389648438,15.839999198913574
1788674692905142800,11.809142822265626,-11.279999732971191,29.219999313354492,15
1788674692921012000,11.825011962890626,-10.619999885559082,29.34000015258789,15
1788674692936942000,11.840942138671876,-10.319999694824219,30.65999984741211,14.9399995803833
1788674692952811300,11.856811279296876,-10.619999885559082,30.719999313354492,14.819999694824219
1788674692968741400,11.872741455078126,-10.4399995803833,30.299999237060547,15
1788674692984641000,11.88864111328125,-10.260000228881836,29.939998626708984,15.359999656677246
1788674693000510200,11.90451025390625,-10.260000228881836,29.760000228881836,15.420000076293945
1788674693016409900,11.920409912109376,-10.019999504089355,29.939998626708984,15.539999961853027
1788674693032279000,11.936279052734376,-9.119999885559082,29.939998626708984,15.299999237060547
1788674693048209200,11.952209228515626,-9.65999984741211,30.299999237060547,15
1788674693064108800,11.96810888671875,-10.5,30.479999542236328,15.179999351501465
1788674693079978000,11.98397802734375,-9.960000038146973,30.959999084472656,14.880000114440918
1788674693095847200,11.99984716796875,-9.420000076293945,30.84000015258789,15.059999465942383
1788674693111746800,12.015746826171876,-9.179999351501465,31.01999855041504,14.639999389648438
1788674693127646500,12.031646484375,-9.239999771118164,31.3799991607666,14.09999942779541
1788674693143515600,12.047515625,-9.239999771118164,30.84000015258789,13.979999542236328
1788674693159384600,12.063384521484375,-8.9399995803833,31.31999969482422,13.679999351501465
1788674693175253800,12.079253662109375,-9.300000190734863,31.739999771118164,13.799999237060547
1788674693191123000,12.095123046875,-10.260000228881836,31.139999389648438,13.019999504089355
1788674693207053000,12.111052978515625,-11.039999961853027,30.959999084472656,13.079999923706055
1788674693222952700,12.12695263671875,-11.279999732971191,30.779998779296875,13.799999237060547
1788674693238822000,12.14282177734375,-10.859999656677246,30.35999870300293,12.779999732971191
1788674693254691000,12.158691162109376,-9.960000038146973,31.079999923706055,11.819999694824219
1788674693270560300,12.174560302734376,-8.880000114440918,30.899999618530273,12.84000015258789
1788674693286490400,12.190490478515626,-9.420000076293945,30.599998474121094,13.199999809265137
1788674693302390000,12.20639013671875,-10.019999504089355,30.84000015258789,12.300000190734863
1788674693318259200,12.22225927734375,-8.9399995803833,30.599998474121094,13.019999504089355
1788674693334158800,12.238158935546876,-8.399999618530273,30.479999542236328,13.799999237060547
1788674693350058500,12.25405859375,-8.880000114440918,31.260000228881836,13.079999923706055
1788674693365927700,12.269927734375,-9.059999465942383,32.040000915527344,13.25999927520752
1788674693381827300,12.285827392578126,-9.65999984741211,31.920000076293945,12.960000038146973
1788674693397666000,12.301666015625,-9.719999313354492,31.31999969482422,12.359999656677246
1788674693413535000,12.317534912109375,-10.199999809265137,30.899999618530273,12.84000015258789
1788674693429434600,12.3334345703125,-10.800000190734863,31.3799991607666,12.779999732971191
1788674693445334300,12.349334228515625,-10.139999389648438,31.19999885559082,12.960000038146973
1788674693461234200,12.365234130859376,-9.65999984741211,31.3799991607666,12.84000015258789
1788674693477042200,12.381042236328126,-9.59999942779541,31.619998931884766,12.960000038146973
1788674693492941800,12.39694189453125,-10.380000114440918,30.959999084472656,13.4399995803833
1788674693508841500,12.412841552734376,-10.380000114440918,30.959999084472656,13.199999809265137
1788674693524741000,12.4287412109375,-10.079999923706055,31.139999389648438,13.979999542236328
1788674693540579800,12.444579833984376,-10.199999809265137,30.239999771118164,14.279999732971191
1788674693556479500,12.4604794921875,-9.960000038146973,30.17999839782715,14.34000015258789
1788674693572348700,12.4763486328125,-9.779999732971191,30.84000015258789,14.039999961853027
1788674693588278800,12.49227880859375,-9.779999732971191,30.53999900817871,13.679999351501465
1788674693604178400,12.508178466796876,-9.960000038146973,30.299999237060547,14.219999313354492
1788674693620078000,12.524078125,-10.319999694824219,29.579999923706055,14.880000114440918
1788674693635916500,12.53991650390625,-10.739999771118164,28.979999542236328,15.65999984741211
1788674693651785700,12.55578564453125,-10.800000190734863,29.15999984741211,15.479999542236328
1788674693667685400,12.571685302734375,-9.300000190734863,28.920000076293945,15.839999198913574
1788674693683585000,12.5875849609375,-9.359999656677246,29.279998779296875,16.739999771118164
1788674693699484700,12.603484619140625,-9.899999618530273,28.979999542236328,16.85999870300293
1788674693715353900,12.619353759765625,-9.479999542236328,28.439998626708984,17.100000381469727
1788674693731223000,12.63522314453125,-9.300000190734863,28.920000076293945,17.15999984741211
1788674693747061800,12.651061767578126,-8.9399995803833,28.68000030517578,17.399999618530273
1788674693762991900,12.666991943359376,-9.059999465942383,27.899999618530273,18.059999465942383
1788674693778891500,12.6828916015625,-8.639999389648438,27.65999984741211,18.18000030517578
1788674693794730200,12.698730224609376,-8.34000015258789,28.31999969482422,18.299999237060547
1788674693810599200,12.71459912109375,-8.15999984741211,28.079999923706055,18.899999618530273
1788674693826498800,12.730498779296875,-7.619999885559082,27.719999313354492,19.079999923706055
1788674693842429200,12.74642919921875,-7.079999923706055,28.19999885559082,18.18000030517578
1788674693858359300,12.762359375,-6.71999979019165,28.01999855041504,17.399999618530273
1788674693874198000,12.778197998046876,-6.71999979019165,27.84000015258789,18.18000030517578
1788674693890097700,12.79409765625,-7.319999694824219,27.84000015258789,19.079999923706055
1788674693905997300,12.809997314453126,-7.37999963760376,28.31999969482422,18.719999313354492
1788674693921927400,12.825927490234376,-7.079999923706055,28.920000076293945,18.779998779296875
1788674693937857500,12.841857421875,-7.199999809265137,28.31999969482422,19.31999969482422
1788674693953696300,12.8576962890625,-6.960000038146973,28.079999923706055,19.619998931884766
1788674693969565400,12.8735654296875,-7.019999980926514,27.65999984741211,19.3799991607666
1788674693985465000,12.889465087890626,-6.659999847412109,27.599998474121094,18.899999618530273
1788674694001395200,12.905395263671876,-5.87999963760376,28.31999969482422,18.779998779296875
1788674694017294800,12.921294921875,-5.940000057220459,28.5,18.959999084472656
1788674694033164000,12.9371640625,-6.239999771118164,27.719999313354492,18.479999542236328
1788674694049033200,12.953033203125,-6.119999885559082,27.599998474121094,18.53999900817871
1788674694064932900,12.968932861328126,-5.21999979019165,28.85999870300293,19.079999923706055
1788674694080832500,12.98483251953125,-5.039999961853027,28.979999542236328,19.020000457763672
1788674694096732200,13.000732177734376,-5.460000038146973,29.03999900817871,18.420000076293945
1788674694112540200,13.0165400390625,-5.699999809265137,29.219999313354492,17.579999923706055
1788674694128409300,13.032409423828126,-5.940000057220459,29.03999900817871,17.03999900817871
1788674694144309000,13.04830908203125,-6.71999979019165,29.34000015258789,17.399999618530273
1788674694160239000,13.064239013671875,-7.079999923706055,29.69999885559082,17.399999618530273
1788674694176169500,13.08016943359375,-6.119999885559082,29.69999885559082,16.739999771118164
1788674694191977500,13.0959775390625,-5.400000095367432,30.17999839782715,17.34000015258789
1788674694207846700,13.1118466796875,-5.099999904632568,30.239999771118164,17.579999923706055
1788674694223776800,13.12777685546875,-5.159999847412109,29.939998626708984,16.979999542236328
1788674694239707000,13.143706787109375,-5.639999866485596,30.479999542236328,16.559999465942383
1788674694255606500,13.1596064453125,-5.759999752044678,31.31999969482422,16.260000228881836
1788674694271445200,13.1754453125,-5.699999809265137,31.619998931884766,15.899999618530273
1788674694287314400,13.191314453125,-6.119999885559082,31.559999465942383,15.899999618530273
1788674694303214000,13.207214111328126,-5.639999866485596,32.099998474121094,15.179999351501465
1788674694319113700,13.22311376953125,-5.460000038146973,32.279998779296875,14.75999927520752
1788674694335043800,13.2390439453125,-5.159999847412109,32.279998779296875,14.699999809265137
1788674694350913000,13.2549130859375,-4.739999771118164,32.57999801635742,15.119999885559082
1788674694366782200,13.2707822265625,-4.380000114440918,32.52000045776367,15.420000076293945
1788674694382620700,13.28662060546875,-4.259999752044678,32.459999084472656,14.579999923706055
1788674694398551000,13.302551025390626,-4.319999694824219,32.39999771118164,14.279999732971191
1788674694414450700,13.31845068359375,-3.4800000190734863,32.459999084472656,15.119999885559082
1788674694430319600,13.334319580078125,-4.319999694824219,33.05999755859375,15
1788674694446219500,13.350219482421876,-4.619999885559082,33,14.75999927520752
1788674694462119200,13.366119140625,-4.199999809265137,32.63999938964844,14.75999927520752
1788674694478018800,13.382018798828126,-4.319999694824219,33.41999816894531,14.639999389648438
1788674694493887700,13.3978876953125,-4.319999694824219,33.959999084472656,14.639999389648438
1788674694509726500,13.4137265625,-4.259999752044678,34.07999801635742,14.15999984741211
1788674694525595600,13.429595703125,-4.079999923706055,33.84000015258789,15
1788674694541464800,13.44546484375,-4.440000057220459,33.65999984741211,15.59999942779541
1788674694557395000,13.46139501953125,-4.259999752044678,34.20000076293945,14.819999694824219
1788674694573294600,13.477294677734376,-4.079999923706055,33.71999740600586,14.09999942779541
1788674694589163800,13.493163818359376,-3.8399999141693115,33.36000061035156,14.519999504089355
1788674694605063400,13.5090634765625,-3.7200000286102295,34.07999801635742,15.059999465942383
1788674694620993500,13.52499365234375,-4.559999942779541,34.73999786376953,14.519999504089355
1788674694636923600,13.540923583984375,-4.920000076293945,34.73999786376953,15
1788674694652823300,13.5568232421875,-4.799999713897705,34.68000030517578,15.359999656677246
1788674694668662000,13.572662109375,-3.9599997997283936,34.73999786376953,15
1788674694684531200,13.58853125,-4.199999809265137,34.86000061035156,15.420000076293945
1788674694700400400,13.604400390625,-4.440000057220459,35.099998474121094,15.299999237060547
1788674694716330500,13.62033056640625,-3.6599998474121094,34.97999954223633,15.119999885559082
1788674694732230100,13.636230224609376,-4.559999942779541,35.34000015258789,15.719999313354492
1788674694748068900,13.65206884765625,-4.920000076293945,34.91999816894531,15.719999313354492
1788674694763907300,13.6679072265625,-4.619999885559082,34.2599983215332,15.539999961853027
1788674694779776500,13.683776611328126,-4.440000057220459,34.73999786376953,15.839999198913574
1788674694795706600,13.69970654296875,-5.039999961853027,35.70000076293945,15.960000038146973
1788674694811606300,13.715606201171875,-4.980000019073486,36,16.3799991607666
1788674694827445000,13.731445068359376,-4.739999771118164,34.73999786376953,16.31999969482422
1788674694843375000,13.747375,-5.039999961853027,33.89999771118164,16.5
1788674694859244300,13.763244384765626,-4.139999866485596,34.20000076293945,16.3799991607666
1788674694875144000,13.77914404296875,-4.619999885559082,34.79999923706055,16.260000228881836
1788674694891043600,13.795043701171876,-5.159999847412109,35.939998626708984,16.739999771118164
1788674694906912800,13.810912841796876,-4.739999771118164,36.23999786376953,17.15999984741211
1788674694922782000,13.826781982421876,-5.400000095367432,35.70000076293945,16.799999237060547
1788674694938651100,13.842651123046876,-6.239999771118164,35.81999969482422,16.619998931884766
1788674694954520000,13.85852001953125,-5.21999979019165,36.18000030517578,17.579999923706055
1788674694970420000,13.874419921875,-4.619999885559082,35.7599983215332,17.639999389648438
1788674694986215400,13.89021533203125,-5.699999809265137,35.880001068115234,17.579999923706055
1788674695002084600,13.906084716796874,-5.699999809265137,36.18000030517578,17.03999900817871
1788674695017923000,13.921923095703125,-4.980000019073486,35.939998626708984,16.799999237060547
1788674695033853400,13.937853515625,-4.980000019073486,35.21999740600586,17.940000534057617
1788674695049753000,13.953753173828124,-5.940000057220459,34.91999816894531,18
1788674695065530600,13.969530517578125,-5.87999963760376,35.52000045776367,17.399999618530273
1788674695081430300,13.98543017578125,-4.859999656677246,35.880001068115234,16.920000076293945
1788674695097330000,14.001329833984375,-4.5,36.47999954223633,16.559999465942383
1788674695113260000,14.017260009765625,-4.679999828338623,37.07999801635742,16.739999771118164
1788674695129159700,14.03315966796875,-6.179999828338623,37.13999938964844,16.19999885559082
1788674695145028900,14.04902880859375,-6.599999904632568,37.73999786376953,15.719999313354492
1788674695160898000,14.06489794921875,-6.659999847412109,38.099998474121094,15.960000038146973
1788674695176767200,14.080767333984374,-6.71999979019165,38.21999740600586,15.839999198913574
1788674695192697300,14.096697265625,-6.480000019073486,37.55999755859375,15.239999771118164
1788674695208597000,14.112596923828125,-6.659999847412109,37.68000030517578,14.519999504089355
1788674695224435700,14.128435791015624,-6.71999979019165,38.63999938964844,14.399999618530273
1788674695240304600,14.1443046875,-6.539999961853027,38.279998779296875,14.880000114440918
1788674695256173800,14.160173828125,-5.579999923706055,37.91999816894531,14.460000038146973
1788674695272073500,14.176073486328125,-5.759999752044678,38.81999969482422,14.399999618530273
1788674695287973000,14.19197314453125,-7.019999980926514,39.05999755859375,13.559999465942383
1788674695303811800,14.207811767578125,-6.599999904632568,38.7599983215332,12.179999351501465
1788674695319681000,14.223680908203125,-6.779999732971191,38.459999084472656,12.899999618530273
1788674695335550200,14.23955029296875,-7.019999980926514,38.040000915527344,13.5
1788674695351480300,14.255480224609375,-5.759999752044678,38.040000915527344,13.679999351501465
1788674695367349500,14.271349609375,-5.940000057220459,37.86000061035156,13.139999389648438
1788674695383218400,14.287218505859375,-6.599999904632568,38.63999938964844,12.65999984741211
1788674695399118300,14.303118408203124,-6.71999979019165,39.540000915527344,12.239999771118164
1788674695414987300,14.3189873046875,-6.960000038146973,38.939998626708984,12.059999465942383
1788674695430917600,14.334917724609374,-7.139999866485596,38.39999771118164,12.119999885559082
1788674695446817300,14.3508173828125,-7.199999809265137,39.540000915527344,12
1788674695462686200,14.366686279296875,-6.71999979019165,39.18000030517578,11.399999618530273
1788674695478555400,14.382555419921875,-6.119999885559082,38.81999969482422,10.979999542236328
1788674695494455000,14.398455078125,-6.239999771118164,39.119998931884766,11.519999504089355
1788674695510385400,14.414385498046874,-6.420000076293945,38.70000076293945,11.880000114440918
1788674695526285000,14.43028515625,-6.119999885559082,38.63999938964844,12.119999885559082
1788674695542154000,14.446154052734375,-6.420000076293945,38.939998626708984,12.059999465942383
1788674695558054000,14.462053955078124,-7.079999923706055,39,12.479999542236328
1788674695573922800,14.4779228515625,-7.199999809265137,39.119998931884766,12.59999942779541
1788674695589853200,14.493853271484374,-7.139999866485596,38.7599983215332,12.84000015258789
1788674695605722000,14.50972216796875,-6.899999618530273,38.15999984741211,13.5
1788674695621560800,14.525560791015625,-7.559999942779541,38.57999801635742,13.199999809265137
1788674695637460500,14.54146044921875,-8.34000015258789,38.279998779296875,13.139999389648438
1788674695653268500,14.5572685546875,-8.279999732971191,38.21999740600586,13.4399995803833
1788674695669198800,14.57319873046875,-9.179999351501465,38.15999984741211,13.559999465942383
1788674695685068000,14.589068115234374,-9.359999656677246,37.31999969482422,13.559999465942383
1788674695700937000,14.60493701171875,-8.699999809265137,37.619998931884766,13.5
1788674695716806100,14.62080615234375,-9,37.619998931884766,14.09999942779541
1788674695732675300,14.63667529296875,-9.119999885559082,37.31999969482422,14.219999313354492
1788674695748575000,14.652574951171875,-9.119999885559082,37.619998931884766,14.15999984741211
1788674695764474600,14.668474609375,-8.760000228881836,37.31999969482422,13.619999885559082
1788674695780313300,14.684313232421875,-8.34000015258789,37.439998626708984,13.979999542236328
1788674695796182500,14.7001826171875,-8.399999618530273,36.84000015258789,15.239999771118164
1788674695812051500,14.716051513671875,-8.34000015258789,36.779998779296875,15.59999942779541
1788674695827981800,14.73198193359375,-8.34000015258789,36.959999084472656,15.65999984741211
1788674695843881500,14.747881591796874,-8.699999809265137,36.36000061035156,15.119999885559082
1788674695859720000,14.763719970703125,-8.579999923706055,36.89999771118164,15
1788674695875589000,14.779589111328125,-8.039999961853027,36.599998474121094,15.839999198913574
1788674695891458300,14.795458251953125,-7.739999771118164,35.7599983215332,16.079999923706055
1788674695907358000,14.81135791015625,-7.199999809265137,36.119998931884766,16.440000534057617
1788674695923288000,14.8272880859375,-7.019999980926514,36.599998474121094,16.19999885559082
1788674695939096300,14.843096435546874,-6.599999904632568,36.41999816894531,15.960000038146973
1788674695954996000,14.858995849609375,-6.899999618530273,36.18000030517578,16.31999969482422
1788674695970926000,14.874926025390625,-7.199999809265137,36.05999755859375,15.059999465942383
1788674695986825700,14.89082568359375,-6.71999979019165,36.23999786376953,15.359999656677246
1788674696002755800,14.906755859375,-6.539999961853027,36.47999954223633,15.59999942779541
1788674696018564000,14.922564208984374,-6.480000019073486,36.65999984741211,15.779999732971191
1788674696034433300,14.938433349609374,-6.059999942779541,36.959999084472656,16.260000228881836
1788674696050333000,14.9543330078125,-5.279999732971191,36.65999984741211,15.479999542236328
1788674696066201900,14.970201904296875,-6.179999828338623,36.47999954223633,15.179999351501465
1788674696082101500,14.9861015625,-7.139999866485596,35.880001068115234,15.239999771118164
1788674696097940200,15.001940185546875,-6.539999961853027,35.57999801635742,15.719999313354492
1788674696113870300,15.017870361328125,-6.960000038146973,36.41999816894531,15.359999656677246
1788674696129739500,15.033739501953125,-7.139999866485596,36.29999923706055,14.699999809265137
1788674696145669600,15.049669677734375,-7.019999980926514,36.18000030517578,14.699999809265137
1788674696161569300,15.0655693359375,-7.559999942779541,36.119998931884766,14.039999961853027
1788674696177438500,15.0814384765625,-8.15999984741211,36.05999755859375,14.219999313354492
1788674696193307600,15.0973076171875,-8.699999809265137,36.18000030517578,13.859999656677246
1788674696209176800,15.1131767578125,-8.15999984741211,36.18000030517578,13.380000114440918
1788674696225076500,15.129076416015625,-7.679999828338623,36.47999954223633,13.859999656677246
1788674696240945700,15.144945556640625,-7.559999942779541,36.959999084472656,13.019999504089355
1788674696256814800,15.16081494140625,-6.960000038146973,36.959999084472656,12
1788674696272683800,15.176683837890625,-7.199999809265137,37.02000045776367,12.119999885559082
1788674696288553000,15.192552978515625,-7.37999963760376,36.779998779296875,11.75999927520752
1788674696304483300,15.2084833984375,-7.37999963760376,36.18000030517578,11.639999389648438
1788674696320352300,15.224352294921875,-8.279999732971191,37.07999801635742,12
1788674696336221400,15.240221435546875,-8.15999984741211,37.31999969482422,11.460000038146973
1788674696352121000,15.25612109375,-7.739999771118164,36.29999923706055,11.460000038146973
1788674696367990300,15.271990234375,-7.980000019073486,35.099998474121094,11.399999618530273
1788674696383920400,15.28792041015625,-7.199999809265137,35.39999771118164,10.920000076293945
1788674696399850800,15.303850830078124,-6.71999979019165,35.81999969482422,10.019999504089355
1788674696415658800,15.31965869140625,-6.480000019073486,36,9.59999942779541
1788674696431528000,15.33552783203125,-5.940000057220459,36.41999816894531,10.319999694824219
1788674696447427600,15.351427490234375,-6,36,10.679999351501465
1788674696463296800,15.367296875,-6.659999847412109,36.29999923706055,10.319999694824219
1788674696479196400,15.383196533203124,-7.5,36.18000030517578,9.719999313354492
1788674696495065600,15.399065673828124,-7.319999694824219,35.279998779296875,9.899999618530273
1788674696510965200,15.41496533203125,-7.319999694824219,35.099998474121094,10.619999885559082
1788674696526834200,15.430834228515625,-7.559999942779541,34.97999954223633,10.679999351501465
1788674696542703400,15.446703369140625,-7.019999980926514,34.86000061035156,10.380000114440918
1788674696558603000,15.46260302734375,-6.779999732971191,35.040000915527344,10.380000114440918
1788674696574502700,15.478502685546875,-7.440000057220459,34.91999816894531,9.960000038146973
1788674696590402300,15.49440234375,-7.440000057220459,35.63999938964844,10.079999923706055
1788674696606271500,15.510271484375,-7.739999771118164,35.34000015258789,10.619999885559082
1788674696622201600,15.52620166015625,-7.859999656677246,34.380001068115234,10.739999771118164
1788674696638070800,15.54207080078125,-7.440000057220459,34.380001068115234,10.739999771118164
1788674696653909500,15.557909423828125,-7.919999599456787,34.619998931884766,10.619999885559082
1788674696669809200,15.57380908203125,-7.919999599456787,35.15999984741211,10.5
1788674696685739300,15.5897392578125,-8.34000015258789,35.279998779296875,10.4399995803833
1788674696701639000,15.605638916015625,-8.220000267028809,35.459999084472656,10.920000076293945
1788674696717508000,15.621508056640625,-7.859999656677246,34.5,11.75999927520752
1788674696733316000,15.637316162109375,-8.15999984741211,33.89999771118164,11.579999923706055
1788674696749185300,15.653185302734375,-8.34000015258789,34.619998931884766,10.979999542236328
1788674696765054500,15.669054443359375,-7.919999599456787,34.439998626708984,10.920000076293945
1788674696780984600,15.684984619140625,-7.139999866485596,34.13999938964844,11.579999923706055
1788674696796884200,15.70088427734375,-8.09999942779541,34.439998626708984,12.059999465942383
1788674696812723000,15.716722900390625,-7.859999656677246,34.55999755859375,11.519999504089355
1788674696828592000,15.732592041015625,-7.37999963760376,34.2599983215332,11.639999389648438
1788674696844461300,15.74846142578125,-8.880000114440918,33.05999755859375,12.300000190734863
1788674696860330500,15.76433056640625,-8.9399995803833,33.47999954223633,12.359999656677246
1788674696876230100,15.780230224609374,-8.460000038146973,34.13999938964844,12.059999465942383
1788674696892129800,15.7961298828125,-8.819999694824219,33.959999084472656,12.359999656677246
1788674696907998700,15.811998779296875,-9,33.959999084472656,12.960000038146973
1788674696923868000,15.827867919921875,-7.919999599456787,34.02000045776367,12.899999618530273
1788674696939767600,15.843767578125,-6.960000038146973,33.41999816894531,13.019999504089355
1788674696955698000,15.859697998046874,-7.859999656677246,32.939998626708984,13.319999694824219
1788674696971597600,15.87559765625,-8.819999694824219,33.23999786376953,13.199999809265137
1788674696987497200,15.891497314453124,-8.880000114440918,33.29999923706055,12.539999961853027
1788674697003366100,15.9073662109375,-8.34000015258789,33.84000015258789,11.75999927520752
1788674697019296500,15.923296630859374,-8.399999618530273,34.55999755859375,12.059999465942383
1788674697035196200,15.939196044921875,-8.09999942779541,34.380001068115234,12.300000190734863
1788674697051034600,15.95503466796875,-7.980000019073486,34.13999938964844,12.420000076293945
1788674697066934300,15.970934326171875,-7.619999885559082,34.02000045776367,12.719999313354492
1788674697082834000,15.986833984375,-7.440000057220459,33.71999740600586,12.420000076293945
1788674697098733600,16.002733642578125,-8.34000015258789,34.02000045776367,12.539999961853027
1788674697114633500,16.018633544921876,-8.880000114440918,34.79999923706055,12.300000190734863
1788674697130441500,16.03444140625,-9.119999885559082,34.86000061035156,12.420000076293945
1788674697146341000,16.050341064453125,-8.579999923706055,34.2599983215332,12.59999942779541
1788674697162240800,16.06624072265625,-8.34000015258789,34.20000076293945,12.719999313354492
1788674697178140400,16.082140380859375,-9.420000076293945,33.959999084472656,12.359999656677246
1788674697194070500,16.098070556640625,-10.679999351501465,33.71999740600586,11.699999809265137
1788674697209939700,16.113939697265625,-10.679999351501465,33.65999984741211,12.059999465942383
1788674697225839400,16.12983935546875,-10.079999923706055,33.89999771118164,12.059999465942383
1788674697241708500,16.14570849609375,-9.84000015258789,34.31999969482422,11.460000038146973
1788674697257577700,16.16157763671875,-10.139999389648438,34.31999969482422,11.219999313354492
1788674697273477400,16.177477294921875,-9.719999313354492,34.2599983215332,10.800000190734863
1788674697289346600,16.1933466796875,-9,34.55999755859375,10.619999885559082
1788674697305246200,16.20924609375,-8.639999389648438,35.040000915527344,10.619999885559082
1788674697321115400,16.225115478515626,-8.880000114440918,35.040000915527344,10.5
1788674697337045500,16.24104541015625,-10.019999504089355,34.55999755859375,10.319999694824219
1788674697352945200,16.256945068359375,-10.619999885559082,34.55999755859375,10.079999923706055
1788674697368783600,16.27278369140625,-10.920000076293945,35.040000915527344,9.960000038146973
1788674697384652800,16.28865283203125,-10.800000190734863,35.459999084472656,9.479999542236328
1788674697400522000,16.30452197265625,-10.739999771118164,34.91999816894531,9.539999961853027
1788674697416421600,16.320421630859375,-10.139999389648438,35.099998474121094,9.59999942779541
1788674697432321300,16.3363212890625,-9.420000076293945,35.81999969482422,9.239999771118164
1788674697448160000,16.352159912109375,-9.899999618530273,36.23999786376953,9
1788674697464059600,16.3680595703125,-9.65999984741211,36.47999954223633,8.519999504089355
1788674697479928800,16.3839287109375,-9.420000076293945,36.65999984741211,7.859999656677246
1788674697495859000,16.39985888671875,-9.65999984741211,36.29999923706055,8.279999732971191
1788674697511789000,16.4157890625,-9.479999542236328,35.63999938964844,8.579999923706055
1788674697527566600,16.431566650390625,-9.119999885559082,35.880001068115234,8.519999504089355
1788674697543435800,16.447435791015625,-9.779999732971191,36.65999984741211,7.799999713897705
1788674697559366100,16.4633662109375,-9.960000038146973,37.31999969482422,7.019999980926514
1788674697575296300,16.479296142578125,-8.880000114440918,37.13999938964844,7.199999809265137
1788674697591196000,16.49519580078125,-8.819999694824219,36.540000915527344,7.199999809265137
1788674697614969000,16.518968994140625,-9.300000190734863,36.599998474121094,7.739999771118164
1788674697630868700,16.53486865234375,-9.539999961853027,36.71999740600586,7.980000019073486
1788674697646738000,16.550738037109376,-10.739999771118164,36.65999984741211,8.279999732971191
1788674697662607000,16.566607177734376,-10.559999465942383,36.41999816894531,8.519999504089355
1788674697678537200,16.582537109375,-10.5,36.65999984741211,8.699999809265137
1788674697694406400,16.598406494140626,-10.800000190734863,37.02000045776367,8.760000228881836
1788674697710306000,16.61430615234375,-10.380000114440918,36.18000030517578,8.460000038146973
1788674697726144500,16.63014453125,-10.920000076293945,35.880001068115234,8.699999809265137
1788674697742013700,16.646013671875,-11.699999809265137,36.05999755859375,8.9399995803833
1788674697757943800,16.66194384765625,-11.699999809265137,35.7599983215332,9.059999465942383
1788674697773874200,16.677874267578126,-12,35.63999938964844,9.65999984741211
1788674697789773800,16.69377392578125,-12.059999465942383,36.41999816894531,9.420000076293945
1788674697805642800,16.709642822265625,-12.179999351501465,37.02000045776367,9.359999656677246
1788674697821512000,16.725511962890625,-11.34000015258789,37.380001068115234,8.699999809265137
1788674697837411600,16.74141162109375,-11.34000015258789,37.20000076293945,7.980000019073486
1788674697861215500,16.765215576171876,-11.819999694824219,36.05999755859375,9.059999465942383
1788674697877115100,16.781115234375,-11.75999927520752,35.880001068115234,9.239999771118164
1788674697893045200,16.797045166015625,-11.9399995803833,35.939998626708984,9.359999656677246
1788674697908945000,16.81294482421875,-12.65999984741211,35.70000076293945,9.779999732971191
1788674697924783600,16.82878369140625,-12.539999961853027,35.70000076293945,9.539999961853027
1788674697940683300,16.844683349609376,-11.279999732971191,36.119998931884766,9.059999465942383
1788674697956552200,16.86055224609375,-11.09999942779541,35.880001068115234,9.239999771118164
1788674697972451800,16.876451904296875,-11.519999504089355,35.7599983215332,10.019999504089355
1788674697988351500,16.8923515625,-11.519999504089355,35.279998779296875,10.679999351501465
1788674698004220700,16.908220703125,-11.75999927520752,35.880001068115234,10.5
1788674698020089900,16.92408984375,-12.420000076293945,36.29999923706055,10.260000228881836
1788674698035959000,16.939958984375,-11.880000114440918,35.7599983215332,9.84000015258789
1788674698051858700,16.955858642578125,-11.039999961853027,36.71999740600586,9.420000076293945
1788674698067758300,16.97175830078125,-11.219999313354492,36.89999771118164,9.420000076293945
1788674698083597000,16.98759716796875,-12.059999465942383,36.41999816894531,9.719999313354492
1788674698099496700,17.00349658203125,-12,36.41999816894531,9.539999961853027
1788674698115366000,17.019365966796876,-12.300000190734863,36.36000061035156,9
1788674698131265500,17.035265625,-12.539999961853027,36.29999923706055,9.119999885559082
1788674698147195600,17.051195556640625,-11.639999389648438,36,9.420000076293945
1788674698163003600,17.067003662109375,-12.059999465942383,35.63999938964844,9.359999656677246
1788674698178872800,17.082872802734375,-12.420000076293945,36.119998931884766,9.479999542236328
1788674698194772500,17.0987724609375,-12.300000190734863,36.36000061035156,9.539999961853027
1788674698210702600,17.11470263671875,-12.59999942779541,36.119998931884766,9.539999961853027
1788674698226602200,17.130602294921875,-13.019999504089355,36.18000030517578,8.880000114440918
1788674698242441000,17.14644091796875,-14.15999984741211,35.939998626708984,9
1788674698258340600,17.162340576171875,-14.579999923706055,35.52000045776367,9.59999942779541
1788674698274209800,17.178209716796875,-14.219999313354492,35.81999969482422,9.239999771118164
1788674698290140000,17.194139892578125,-14.34000015258789,35.7599983215332,9.179999351501465
1788674698306039600,17.21003955078125,-14.699999809265137,35.459999084472656,9
1788674698321908700,17.22590869140625,-15.059999465942383,35.15999984741211,8.34000015258789
1788674698337808400,17.241808349609375,-15.059999465942383,35.040000915527344,7.980000019073486
1788674698353677600,17.257677490234375,-14.039999961853027,34.97999954223633,7.859999656677246
1788674698369577200,17.2735771484375,-13.979999542236328,35.39999771118164,7.679999828338623
1788674698385476900,17.289476806640625,-14.279999732971191,36.119998931884766,7.619999885559082
1788674698401315600,17.305315673828126,-13.679999351501465,36.23999786376953,8.220000267028809
1788674698417184500,17.3211845703125,-13.739999771118164,35.880001068115234,8.34000015258789
1788674698433053700,17.3370537109375,-13.619999885559082,35.34000015258789,7.5
1788674698448984000,17.352984130859376,-14.09999942779541,35.459999084472656,7.619999885559082
1788674698464883700,17.3688837890625,-14.15999984741211,35.57999801635742,7.319999694824219
1788674698480722200,17.38472216796875,-13.25999927520752,35.7599983215332,6.480000019073486
1788674698496591400,17.40059130859375,-13.920000076293945,36,6.539999961853027
1788674698512460500,17.41646044921875,-13.920000076293945,36,6.599999904632568
1788674698528360200,17.432360107421875,-13.859999656677246,36,6.659999847412109
1788674698544290300,17.448290283203125,-14.09999942779541,36.47999954223633,6.059999942779541
1788674698560129000,17.46412890625,-14.219999313354492,36.47999954223633,5.460000038146973
1788674698575998200,17.479998291015626,-13.559999465942383,36,6.119999885559082
1788674698591836700,17.495836669921875,-12.420000076293945,35.21999740600586,6.839999675750732
1788674698607766800,17.511766845703125,-12.899999618530273,35.39999771118164,7.019999980926514
1788674698623666400,17.52766650390625,-13.859999656677246,35.7599983215332,6.420000076293945
1788674698639505200,17.543505126953125,-13.679999351501465,35.21999740600586,5.940000057220459
1788674698655404800,17.55940478515625,-12.960000038146973,35.459999084472656,5.940000057220459
1788674698671243500,17.575243408203125,-12.779999732971191,35.880001068115234,5.400000095367432
1788674698687143200,17.59114306640625,-12.479999542236328,36.540000915527344,5.759999752044678
1788674698703073300,17.6070732421875,-13.4399995803833,36.119998931884766,6.179999828338623
1788674698718881300,17.62288134765625,-13.920000076293945,34.619998931884766,6.239999771118164
1788674698734750500,17.63875048828125,-13.799999237060547,35.040000915527344,6.599999904632568
1788674698750619600,17.65461962890625,-14.460000038146973,35.52000045776367,6.779999732971191
1788674698766519300,17.670519287109375,-14.399999618530273,34.97999954223633,6.71999979019165
1788674698782449400,17.686449462890625,-13.739999771118164,34.73999786376953,6.420000076293945
1788674698798227200,17.702227294921876,-14.34000015258789,34.68000030517578,6.71999979019165
1788674698814096100,17.71809619140625,-15.239999771118164,34.619998931884766,7.199999809265137
1788674698829965300,17.73396533203125,-15.779999732971191,34.5,8.09999942779541
1788674698845895700,17.749895751953126,-15.839999198913574,34.380001068115234,8.579999923706055
1788674698861795300,17.76579541015625,-15.119999885559082,34.07999801635742,8.34000015258789
1788674698877664300,17.781664306640625,-15.059999465942383,34.13999938964844,7.980000019073486
1788674698893533400,17.797533447265625,-15.239999771118164,34.439998626708984,8.09999942779541
1788674698909372200,17.8133720703125,-15.420000076293945,34.380001068115234,8.09999942779541
1788674698925302300,17.82930224609375,-15.65999984741211,33.65999984741211,7.799999713897705
1788674698941202000,17.845201904296875,-16.440000534057617,33.71999740600586,7.859999656677246
1788674698957071000,17.861071044921875,-16.68000030517578,33.779998779296875,8.34000015258789
1788674698972970800,17.876970703125,-15.420000076293945,33.05999755859375,8.819999694824219
1788674698988840000,17.89283984375,-14.819999694824219,33.18000030517578,8.819999694824219
1788674699004739600,17.908739501953125,-15.539999961853027,33.29999923706055,8.819999694824219
1788674699020639200,17.92463916015625,-15.960000038146973,32.939998626708984,8.819999694824219
1788674699036508400,17.94050830078125,-15.059999465942383,33.29999923706055,9.059999465942383
1788674699052377600,17.956377685546876,-14.699999809265137,33,8.9399995803833
1788674699068216000,17.972216064453125,-15.119999885559082,32.459999084472656,8.699999809265137
1788674699084146200,17.988146240234375,-14.819999694824219,33.119998931884766,8.699999809265137
1788674699100045800,18.0040458984375,-14.460000038146973,33.71999740600586,8.639999389648438
1788674699115915000,18.0199150390625,-15.119999885559082,33.18000030517578,8.15999984741211
1788674699131784200,18.0357841796875,-15.779999732971191,33.29999923706055,8.15999984741211
1788674699147653400,18.0516533203125,-15.420000076293945,33.47999954223633,8.639999389648438
1788674699163583500,18.06758349609375,-14.819999694824219,33.41999816894531,8.760000228881836
1788674699179452700,18.08345263671875,-15.299999237060547,33.599998474121094,8.9399995803833
1788674699195291400,18.09929150390625,-15.65999984741211,33,8.279999732971191
1788674699211191000,18.11519091796875,-15.719999313354492,32.63999938964844,8.279999732971191
1788674699227090700,18.131090576171875,-15.420000076293945,32.21999740600586,8.9399995803833
1788674699242990300,18.146990234375,-14.9399995803833,32.099998474121094,8.819999694824219
1788674699258890000,18.162889892578125,-14.880000114440918,33.23999786376953,8.220000267028809
1788674699274667500,18.17866748046875,-14.279999732971191,33.47999954223633,8.34000015258789
1788674699290536700,18.19453662109375,-14.819999694824219,32.21999740600586,8.760000228881836
1788674699306406000,18.210406005859376,-16.19999885559082,32.15999984741211,9.420000076293945
1788674699322336000,18.2263359375,-15.479999542236328,32.57999801635742,9.59999942779541
1788674699338235600,18.242235595703125,-15.65999984741211,31.67999839782715,8.760000228881836
1788674699354043600,18.258043701171875,-16.85999870300293,32.040000915527344,8.460000038146973
1788674699369974000,18.27397412109375,-16.440000534057617,32.52000045776367,8.9399995803833
1788674699385843000,18.289843017578125,-16.739999771118164,32.040000915527344,8.819999694824219
1788674699401742800,18.305742919921876,-17.03999900817871,31.619998931884766,8.399999618530273
1788674699417581300,18.321581298828125,-15.899999618530273,31.739999771118164,8.279999732971191
1788674699433450500,18.337450439453125,-14.9399995803833,32.57999801635742,8.220000267028809
1788674699449319700,18.353319580078125,-14.519999504089355,32.34000015258789,8.34000015258789
1788674699465188900,18.36918896484375,-14.9399995803833,32.7599983215332,8.15999984741211
1788674699481119000,18.385118896484375,-15.779999732971191,33.41999816894531,7.679999828338623
1788674699497018600,18.4010185546875,-15.59999942779541,32.459999084472656,7.139999866485596
1788674699512857300,18.416857421875,-15.119999885559082,31.920000076293945,7.259999752044678
1788674699528726300,18.432726318359375,-14.519999504089355,31.799999237060547,7.259999752044678
1788674699544595500,18.448595458984375,-14.9399995803833,31.920000076293945,6.420000076293945
1788674699560525600,18.464525634765625,-15.719999313354492,32.52000045776367,6.599999904632568
1788674699576456000,18.4804560546875,-15.299999237060547,32.939998626708984,6.659999847412109
1788674699592294400,18.49629443359375,-14.579999923706055,33.18000030517578,6.839999675750732
1788674699608194000,18.512194091796875,-14.519999504089355,33.36000061035156,7.079999923706055
1788674699624032800,18.52803271484375,-14.519999504089355,33,6.119999885559082
1788674699639932400,18.543932373046875,-14.519999504089355,32.57999801635742,5.759999752044678
1788674699655832000,18.55983203125,-15.119999885559082,32.279998779296875,6.179999828338623
1788674699671701200,18.575701171875,-15,32.34000015258789,6.420000076293945
1788674699687601000,18.591600830078125,-14.519999504089355,32.7599983215332,6.119999885559082
1788674699703439600,18.607439697265626,-14.15999984741211,32.880001068115234,5.940000057220459
1788674699719339300,18.62333935546875,-13.920000076293945,32.939998626708984,6.71999979019165
1788674699735208200,18.639208251953125,-13.920000076293945,32.15999984741211,6.539999961853027
1788674699758981400,18.6629814453125,-14.34000015258789,32.21999740600586,5.940000057220459
1788674699774942200,18.678942138671875,-14.34000015258789,31.920000076293945,6.599999904632568
1788674699790750200,18.694750244140625,-14.579999923706055,32.63999938964844,6.539999961853027
1788674699806649900,18.71064990234375,-14.279999732971191,32.52000045776367,6.480000019073486
1788674699822519000,18.72651904296875,-14.34000015258789,31.979999542236328,6.599999904632568
1788674699838418700,18.742418701171875,-14.219999313354492,31.67999839782715,6.659999847412109
1788674699854379500,18.758379638671876,-13.859999656677246,30.479999542236328,6.899999618530273
1788674699878122200,18.782122314453126,-14.579999923706055,30.779998779296875,7.079999923706055
1788674699894022000,18.79802197265625,-15.539999961853027,30.53999900817871,7.37999963760376
1788674699909860400,18.8138603515625,-15.839999198913574,30.53999900817871,7.799999713897705
1788674699933725200,18.83772509765625,-15.960000038146973,31.01999855041504,8.039999961853027
1788674699949533200,18.853533203125,-16.68000030517578,30.719999313354492,8.279999732971191
1788674699965432800,18.869432861328125,-17.15999984741211,29.69999885559082,8.639999389648438
1788674699981302000,18.885302001953125,-16.68000030517578,30.059999465942383,8.34000015258789
1788674699997201700,18.90120166015625,-15.899999618530273,30.84000015258789,9
1788674700013040400,18.917040283203125,-16.85999870300293,30.65999984741211,9.239999771118164
1788674700028909600,18.93290966796875,-16.559999465942383,30.899999618530273,9.420000076293945
1788674700044748000,18.948748046875,-16.19999885559082,30.65999984741211,10.079999923706055
1788674700060617200,18.9646171875,-16.139999389648438,29.939998626708984,10.139999389648438
1788674700076547300,18.98054736328125,-15.960000038146973,30.65999984741211,10.079999923706055
1788674700092447000,18.996447021484375,-15.899999618530273,31.079999923706055,9.719999313354492
1788674700108255200,19.012255126953125,-15.059999465942383,30.53999900817871,9.300000190734863
1788674700124155000,19.02815478515625,-15.119999885559082,30.35999870300293,9.300000190734863
1788674700140024000,19.044024169921876,-15.899999618530273,30.239999771118164,9.359999656677246
1788674700155923700,19.059923828125,-16.559999465942383,29.760000228881836,9.719999313354492
1788674700171823400,19.0758232421875,-15.899999618530273,29.8799991607666,9.59999942779541
1788674700187661800,19.091661865234375,-15.899999618530273,30.53999900817871,9.239999771118164
1788674700203561500,19.1075615234375,-16.139999389648438,30.420000076293945,9.719999313354492
1788674700219430700,19.1234306640625,-15.59999942779541,30.119998931884766,10.319999694824219
1788674700235360800,19.13936083984375,-15.719999313354492,30.17999839782715,10.319999694824219
1788674700251230000,19.15522998046875,-16.619998931884766,30.059999465942383,10.199999809265137
1788674700275003100,19.179003173828125,-15.719999313354492,30.35999870300293,10.4399995803833
1788674700290902800,19.19490283203125,-15.359999656677246,29.399999618530273,10.139999389648438
1788674700306711000,19.2107109375,-15.719999313354492,28.85999870300293,10.800000190734863
1788674700322580200,19.226580322265626,-16.020000457763672,28.799999237060547,10.920000076293945
1788674700346414300,19.250414306640625,-16.979999542236328,28.619998931884766,10.859999656677246
1788674700370247000,19.274246826171876,-17.03999900817871,28.3799991607666,11.15999984741211
1788674700386085600,19.290085693359377,-16.68000030517578,28.85999870300293,10.4399995803833
1788674700401985300,19.3059853515625,-15.539999961853027,29.03999900817871,9.65999984741211
1788674700417854500,19.3218544921875,-15.59999942779541,30.059999465942383,10.319999694824219
1788674700433754000,19.337754150390627,-16.020000457763672,30.959999084472656,10.260000228881836
1788674700449684200,19.353684326171877,-16.559999465942383,30,10.079999923706055
1788674700465492200,19.3694921875,-16.079999923706055,29.81999969482422,10.380000114440918
1788674700481361400,19.385361328125,-14.880000114440918,29.8799991607666,10.260000228881836
1788674700497230600,19.401230712890627,-14.9399995803833,29.760000228881836,9.960000038146973
1788674700513130200,19.417130126953126,-14.819999694824219,29.760000228881836,9.65999984741211
1788674700529030000,19.43302978515625,-14.399999618530273,29.579999923706055,9.59999942779541
1788674700544899000,19.448899169921877,-15.839999198913574,29.81999969482422,9.239999771118164
1788674700560768300,19.464768310546877,-16.260000228881836,30.059999465942383,8.880000114440918
1788674700576668000,19.48066796875,-15.539999961853027,29.69999885559082,9.059999465942383
1788674700592598000,19.496597900390626,-16.079999923706055,28.979999542236328,9.420000076293945
1788674700608497700,19.51249755859375,-16.3799991607666,29.219999313354492,9.479999542236328
1788674700624366800,19.528366943359377,-16.19999885559082,29.81999969482422,8.519999504089355
1788674700640205300,19.544205322265626,-16.260000228881836,30.17999839782715,8.279999732971191
1788674700656074500,19.560074462890626,-15.299999237060547,30.84000015258789,8.880000114440918
1788674700671974100,19.57597412109375,-14.699999809265137,30.779998779296875,9.119999885559082
1788674700687843300,19.59184326171875,-15.359999656677246,29.8799991607666,8.519999504089355
1788674700703712500,19.60771240234375,-15.479999542236328,30.059999465942383,8.220000267028809
1788674700719612200,19.623612060546876,-15.059999465942383,29.8799991607666,8.819999694824219
1788674700735481300,19.6394814453125,-14.699999809265137,29.8799991607666,8.579999923706055
1788674700751381000,19.655381103515627,-14.819999694824219,30.420000076293945,8.399999618530273
1788674700767280600,19.67128076171875,-15,30.17999839782715,8.460000038146973
1788674700783149800,19.68714990234375,-15.119999885559082,30.35999870300293,8.09999942779541
1788674700799019000,19.70301904296875,-14.460000038146973,31.079999923706055,8.220000267028809
1788674700814918700,19.718918701171877,-13.920000076293945,31.139999389648438,8.039999961853027
1788674700830848800,19.734848876953127,-14.279999732971191,30.599998474121094,7.859999656677246
1788674700846718000,19.750718017578127,-14.75999927520752,30.239999771118164,8.220000267028809
1788674700862587100,19.766587158203127,-13.979999542236328,29.8799991607666,8.15999984741211
1788674700878486800,19.78248681640625,-13.739999771118164,30,8.34000015258789
1788674700894386400,19.798386474609377,-14.460000038146973,30.959999084472656,8.760000228881836
1788674700910316500,19.814316650390627,-15.119999885559082,31.079999923706055,9.119999885559082
1788674700926216200,19.83021630859375,-15.59999942779541,30.65999984741211,9.239999771118164
1788674700942055000,19.846054931640627,-14.219999313354492,30.35999870300293,10.380000114440918
1788674700965919500,19.86991943359375,-14.699999809265137,29.15999984741211,10.5
1788674700981758200,19.88575830078125,-14.880000114440918,29.51999855041504,10.199999809265137
1788674700997688300,19.901688232421876,-15.420000076293945,29.51999855041504,10.019999504089355
1788674701013527000,19.917527099609377,-15.960000038146973,29.099998474121094,10.380000114440918
1788674701029457200,19.93345703125,-15.359999656677246,28.68000030517578,10.859999656677246
1788674701045387300,19.94938720703125,-16.139999389648438,29.279998779296875,10.979999542236328
1788674701061226000,19.96522607421875,-15.65999984741211,29.639999389648438,11.09999942779541
1788674701077125600,19.981125732421877,-14.819999694824219,29.03999900817871,10.800000190734863
1788674701092994800,19.996994873046877,-15.059999465942383,28.979999542236328,10.260000228881836
1788674701108864000,20.012864013671877,-15,28.920000076293945,10.619999885559082
1788674701124763600,20.028763671875,-15.059999465942383,28.31999969482422,11.579999923706055
1788674701148567300,20.0525673828125,-15.839999198913574,27.959999084472656,11.9399995803833
1788674701164467000,20.068467041015627,-15.479999542236328,28.799999237060547,11.9399995803833
1788674701180275000,20.08427490234375,-15.179999351501465,29.279998779296875,11.699999809265137
1788674701196113700,20.10011376953125,-15.119999885559082,29.099998474121094,11.880000114440918
1788674701211982800,20.11598291015625,-15.359999656677246,29.03999900817871,11.880000114440918
1788674701227882500,20.131882568359377,-16.079999923706055,28.85999870300293,11.75999927520752
1788674701243782100,20.1477822265625,-15.59999942779541,28.31999969482422,12.059999465942383
1788674701259590100,20.163590087890626,-15.119999885559082,28.920000076293945,12.359999656677246
1788674701275489800,20.17948974609375,-15.420000076293945,29.279998779296875,12.239999771118164
1788674701291328500,20.19532861328125,-15.59999942779541,29.099998474121094,12.239999771118164
1788674701307228200,20.211228271484377,-15.059999465942383,29.15999984741211,11.9399995803833
1788674701323127800,20.2271279296875,-14.460000038146973,28.979999542236328,11.34000015258789
1788674701338935800,20.242935791015626,-15.299999237060547,28.799999237060547,11.519999504089355
1788674701354805000,20.258804931640626,-15.359999656677246,29.15999984741211,11.819999694824219
1788674701370674200,20.274674072265626,-14.579999923706055,29.69999885559082,11.9399995803833
1788674701386573800,20.29057373046875,-15.059999465942383,29.639999389648438,12.779999732971191
1788674701402473500,20.306473388671876,-15,28.979999542236328,12.899999618530273
1788674701418312200,20.322312255859377,-14.880000114440918,28.619998931884766,12.179999351501465
1788674701434181400,20.338181396484377,-15.299999237060547,28.799999237060547,11.819999694824219
1788674701450050300,20.35405029296875,-15.420000076293945,29.15999984741211,12.65999984741211
1788674701465980700,20.369980712890627,-15.420000076293945,28.559999465942383,12.539999961853027
1788674701481880300,20.38588037109375,-15.119999885559082,28.559999465942383,11.75999927520752
1788674701497780000,20.401780029296877,-15,29.15999984741211,11.579999923706055
1788674701513649200,20.417649169921877,-14.819999694824219,29.219999313354492,11.699999809265137
1788674701529518000,20.43351806640625,-14.75999927520752,28.739999771118164,11.519999504089355
1788674701545417700,20.449417724609376,-15.239999771118164,28.68000030517578,11.399999618530273
1788674701561256400,20.46525634765625,-14.819999694824219,29.15999984741211,11.880000114440918
1788674701577125600,20.481125732421877,-14.460000038146973,28.85999870300293,11.519999504089355
1788674701593025300,20.497025390625,-15.059999465942383,29.15999984741211,11.699999809265137
1788674701608894500,20.51289453125,-15.239999771118164,29.34000015258789,11.639999389648438
1788674701624794000,20.528794189453127,-15.719999313354492,28.979999542236328,11.399999618530273
1788674701640693800,20.54469384765625,-15.899999618530273,29.03999900817871,11.09999942779541
1788674701656532200,20.5605322265625,-16.19999885559082,28.920000076293945,10.859999656677246
1788674701672371000,20.576370849609376,-16.5,28.68000030517578,12.059999465942383
1788674701688270600,20.5922705078125,-16.619998931884766,28.619998931884766,12
1788674701704170200,20.608170166015626,-16.19999885559082,28.799999237060547,11.460000038146973
1788674701720100400,20.624100341796876,-15.479999542236328,29.219999313354492,11.519999504089355
1788674701735969500,20.639969482421876,-15.839999198913574,28.68000030517578,10.679999351501465
1788674701751838700,20.655838623046876,-15.539999961853027,28.5,10.4399995803833
1788674701767677400,20.671677490234377,-15.179999351501465,28.920000076293945,10.800000190734863
1788674701783607600,20.687607666015627,-15.539999961853027,28.439998626708984,10.979999542236328
1788674701799476700,20.703476806640627,-15.65999984741211,28.559999465942383,10.920000076293945
1788674701815346000,20.719345947265627,-15.539999961853027,28.739999771118164,11.15999984741211
1788674701831245600,20.73524560546875,-15.539999961853027,29.03999900817871,11.399999618530273
1788674701847114500,20.751114501953126,-14.819999694824219,29.219999313354492,10.800000190734863
1788674701863014400,20.767014404296877,-14.399999618530273,29.219999313354492,10.5
1788674701878883300,20.78288330078125,-15.179999351501465,29.279998779296875,10.920000076293945
1788674701894722000,20.79872216796875,-15.59999942779541,28.920000076293945,11.34000015258789
1788674701910591200,20.81459130859375,-15.299999237060547,28.85999870300293,11.039999961853027
1788674701926491000,20.830490966796877,-14.880000114440918,29.34000015258789,10.380000114440918
1788674701942421000,20.8464208984375,-15.179999351501465,30.119998931884766,10.920000076293945
1788674701958351000,20.86235107421875,-15.839999198913574,29.760000228881836,12.179999351501465
1788674701974159400,20.878159423828127,-15.899999618530273,28.799999237060547,11.9399995803833
1788674701990059000,20.89405908203125,-15.539999961853027,27.899999618530273,11.219999313354492
1788674702005958700,20.909958740234377,-15.059999465942383,27.479999542236328,11.039999961853027
1788674702021888800,20.925888671875,-15.65999984741211,27.53999900817871,11.34000015258789
1788674702037788400,20.941788330078126,-16.799999237060547,27.899999618530273,12.059999465942383
1788674702053657600,20.95765771484375,-16.5,27.84000015258789,12.479999542236328
1788674702069557200,20.97355712890625,-16.19999885559082,27.299999237060547,12.239999771118164
1788674702085426400,20.989426513671877,-16.440000534057617,27,12.359999656677246
1788674702101326000,21.005326171875,-16.260000228881836,26.939998626708984,12.65999984741211
1788674702117225700,21.021225830078127,-16.5,27.420000076293945,12
1788674702133064400,21.037064453125,-16.260000228881836,27.65999984741211,12
1788674702148933400,21.052933349609376,-15.899999618530273,27.119998931884766,12
1788674702164802600,21.068802490234376,-15.779999732971191,27.299999237060547,12.179999351501465
1788674702180702200,21.0847021484375,-15.960000038146973,27.84000015258789,12.539999961853027
1788674702196601900,21.100601806640626,-16.5,27.059999465942383,12.300000190734863
1788674702212440600,21.116440673828127,-16.68000030517578,26.399999618530273,13.199999809265137
1788674702228340200,21.13234033203125,-16.079999923706055,27.18000030517578,14.15999984741211
1788674702244179000,21.148178955078127,-16.5,26.8799991607666,13.679999351501465
1788674702260048000,21.1640478515625,-17.219999313354492,26.34000015258789,13.25999927520752
1788674702275947500,21.179947509765626,-16.68000030517578,26.69999885559082,13.559999465942383
1788674702291816700,21.195816650390626,-16.619998931884766,27.18000030517578,13.920000076293945
1788674702307716400,21.21171630859375,-16.68000030517578,27.059999465942383,14.039999961853027
1788674702323585500,21.22758544921875,-15.839999198913574,26.579999923706055,13.799999237060547
1788674702339515600,21.243515625,-15.539999961853027,26.939998626708984,13.920000076293945
1788674702355384800,21.259384765625,-16.139999389648438,26.760000228881836,14.699999809265137
1788674702371254000,21.27525390625,-15.839999198913574,26.760000228881836,14.880000114440918
1788674702387123200,21.291123291015627,-15.899999618530273,27.059999465942383,14.75999927520752
1788674702402992400,21.306992431640627,-15.779999732971191,26.459999084472656,15.119999885559082
1788674702418892000,21.32289208984375,-15,26.099998474121094,15
1788674702434761200,21.33876123046875,-15.539999961853027,26.81999969482422,14.75999927520752
1788674702450538800,21.354538818359377,-15.65999984741211,26.939998626708984,15.179999351501465
1788674702466438400,21.3704384765625,-15.239999771118164,26.51999855041504,15.239999771118164
1788674702482276900,21.38627685546875,-15.779999732971191,26.51999855041504,14.9399995803833
1788674702498207200,21.402207275390627,-16.619998931884766,26.579999923706055,15.239999771118164
1788674702514076200,21.418076171875,-16.3799991607666,26.51999855041504,15.299999237060547
1788674702530037000,21.434037109375,-15.239999771118164,26.81999969482422,15.299999237060547
1788674702545906200,21.44990625,-14.9399995803833,26.8799991607666,15.539999961853027
1788674702561775400,21.465775390625,-15.359999656677246,27.059999465942383,15.119999885559082
1788674702577705500,21.48170556640625,-15.239999771118164,26.81999969482422,14.519999504089355
1788674702593605000,21.497605224609377,-15.65999984741211,26.51999855041504,14.399999618530273
1788674702609443800,21.51344384765625,-16.260000228881836,27,15
1788674702625374000,21.5293740234375,-16.139999389648438,26.8799991607666,15.179999351501465
1788674702641243100,21.5452431640625,-16.139999389648438,26.34000015258789,14.9399995803833
1788674702657173200,21.56117333984375,-15.779999732971191,25.68000030517578,14.639999389648438
1788674702673073000,21.577072998046877,-15.839999198913574,26.81999969482422,14.519999504089355
1788674702688942000,21.592942138671877,-16.3799991607666,27.779998779296875,14.519999504089355
1788674702704841700,21.608841796875,-16.139999389648438,26.51999855041504,14.819999694824219
1788674702720711000,21.6247109375,-15.479999542236328,26.03999900817871,15.479999542236328
1788674702736641000,21.64064111328125,-15.539999961853027,25.979999542236328,15.299999237060547
1788674702752540700,21.656540771484377,-16.440000534057617,25.439998626708984,14.699999809265137
1788674702768379400,21.67237939453125,-17.399999618530273,25.139999389648438,14.279999732971191
1788674702784279000,21.688279052734377,-17.100000381469727,25.439998626708984,14.460000038146973
1788674702800178700,21.7041787109375,-16.739999771118164,25.739999771118164,14.819999694824219
1788674702816078300,21.720078369140627,-17.34000015258789,25.559999465942383,14.519999504089355
1788674702831978000,21.73597802734375,-16.979999542236328,24.84000015258789,14.15999984741211
1788674702847816400,21.75181640625,-16.68000030517578,25.079999923706055,14.399999618530273
1788674702863685600,21.767685546875,-16.559999465942383,25.920000076293945,14.75999927520752
1788674702879524400,21.7835244140625,-16.739999771118164,26.15999984741211,15.359999656677246
1788674702895454500,21.799454345703126,-16.68000030517578,26.34000015258789,15.479999542236328
1788674702911323600,21.81532373046875,-16.19999885559082,25.979999542236328,15.359999656677246
1788674702927162000,21.831162109375,-16.920000076293945,26.15999984741211,15.059999465942383
1788674702943031300,21.84703125,-16.559999465942383,25.559999465942383,14.819999694824219
1788674702958900500,21.862900390625,-16.3799991607666,24.53999900817871,15.359999656677246
1788674702974800100,21.878800048828126,-16.31999969482422,25.079999923706055,15.960000038146973
1788674702990669300,21.89466943359375,-15.65999984741211,25.01999855041504,15.359999656677246
1788674703006508000,21.910508056640627,-16.440000534057617,25.01999855041504,14.9399995803833
1788674703022407700,21.92640771484375,-16.920000076293945,25.3799991607666,15.420000076293945
1788674703038276600,21.942276611328126,-16.559999465942383,25.68000030517578,14.819999694824219
1788674703054176300,21.95817626953125,-16.19999885559082,25.68000030517578,14.880000114440918
1788674703070106600,21.974106689453127,-16.19999885559082,25.01999855041504,16.19999885559082
1788674703085945000,21.989945068359376,-16.68000030517578,25.079999923706055,16.799999237060547
1788674703101814300,22.005814208984376,-16.139999389648438,25.439998626708984,16.559999465942383
1788674703117683500,22.021683349609376,-15.479999542236328,25.079999923706055,16.5
1788674703133613600,22.037613525390626,-16.020000457763672,24.65999984741211,17.15999984741211
1788674703149544000,22.0535439453125,-16.139999389648438,24.84000015258789,16.920000076293945
1788674703165321500,22.069321533203127,-16.260000228881836,25.01999855041504,16.440000534057617
1788674703181221000,22.08522119140625,-16.920000076293945,24.600000381469727,17.219999313354492
1788674703197090300,22.10109033203125,-16.19999885559082,24.35999870300293,17.399999618530273
1788674703212990000,22.116989990234377,-15.65999984741211,25.139999389648438,16.979999542236328
1788674703228859000,22.13285888671875,-15.479999542236328,25.19999885559082,17.459999084472656
1788674703244697600,22.148697509765626,-15.420000076293945,24.53999900817871,17.760000228881836
1788674703260566800,22.16456689453125,-16.440000534057617,24.18000030517578,17.760000228881836
1788674703276436000,22.18043603515625,-16.260000228881836,24.719999313354492,17.8799991607666
1788674703292335600,22.196335693359377,-15.899999618530273,24.899999618530273,17.8799991607666
1788674703308235300,22.2122353515625,-16.559999465942383,24.059999465942383,18.600000381469727
1788674703324073700,22.22807373046875,-16.68000030517578,24.18000030517578,19.020000457763672
1788674703339882000,22.243882080078127,-15.65999984741211,24.53999900817871,18.18000030517578
1788674703355751200,22.259751220703127,-15.719999313354492,24.719999313354492,18
1788674703371650800,22.27565087890625,-16.19999885559082,24.059999465942383,18.35999870300293
1788674703387550500,22.291550537109377,-15.239999771118164,23.8799991607666,18.239999771118164
1788674703403419600,22.307419677734377,-15.299999237060547,24.119998931884766,18.959999084472656
1788674703419319300,22.3233193359375,-16.559999465942383,24.299999237060547,19.739999771118164
1788674703443061800,22.347061767578126,-15.719999313354492,24.059999465942383,18.899999618530273
1788674703458931000,22.362930908203126,-15.539999961853027,24.35999870300293,19.079999923706055
1788674703474830600,22.37883056640625,-15.479999542236328,24.959999084472656,19.619998931884766
1788674703490761000,22.394760986328127,-15.299999237060547,24.84000015258789,19.260000228881836
1788674703506660600,22.41066064453125,-15,24.479999542236328,19.559999465942383
1788674703522560300,22.426560302734377,-15,24.600000381469727,20.15999984741211
1788674703538398700,22.442398681640626,-15.359999656677246,25.139999389648438,20.15999984741211
1788674703554298400,22.45829833984375,-15.059999465942383,24.779998779296875,20.03999900817871
1788674703570167600,22.47416748046875,-15.359999656677246,24.53999900817871,19.799999237060547
1788674703593940700,22.497940673828126,-14.399999618530273,25.68000030517578,20.459999084472656
1788674703609870800,22.513870849609376,-13.199999809265137,25.439998626708984,20.279998779296875
1788674703625770500,22.5297705078125,-12.899999618530273,25.3799991607666,19.799999237060547
1788674703641639700,22.5456396484375,-13.4399995803833,25.619998931884766,20.399999618530273
1788674703657508900,22.5615087890625,-13.5,26.15999984741211,21.18000030517578
1788674703673408500,22.577408447265626,-14.34000015258789,26.03999900817871,21.119998931884766
1788674703689338600,22.593338623046876,-15.119999885559082,25.3799991607666,20.399999618530273
1788674703705207800,22.609207763671876,-15.119999885559082,25.5,20.03999900817871
1788674703721077000,22.625076904296876,-15.239999771118164,25.559999465942383,20.15999984741211
1788674703736946200,22.6409462890625,-14.699999809265137,25.079999923706055,20.8799991607666
1788674703752815400,22.6568154296875,-14.699999809265137,25.079999923706055,21.18000030517578
1788674703784584200,22.688584228515627,-15.65999984741211,24.84000015258789,20.8799991607666
1788674703800453000,22.704453125,-16.079999923706055,24.959999084472656,20.69999885559082
1788674703816383500,22.720383544921877,-16.19999885559082,24.959999084472656,20.459999084472656
1788674703832252700,22.736252685546877,-15.65999984741211,24.779998779296875,20.579999923706055
1788674703848152300,22.75215234375,-15.59999942779541,24.779998779296875,20.69999885559082
1788674703864052000,22.768052001953127,-16.020000457763672,24.65999984741211,20.03999900817871
1788674703879921000,22.7839208984375,-15.299999237060547,24.35999870300293,20.100000381469727
1788674703895790000,22.7997900390625,-15.179999351501465,24.84000015258789,20.279998779296875
1788674703911689700,22.815689697265626,-15.059999465942383,25.5,20.15999984741211
1788674703927620000,22.8316201171875,-14.09999942779541,26.279998779296875,20.81999969482422
1788674703943489000,22.847489013671876,-13.739999771118164,26.099998474121094,21.18000030517578
1788674703959358200,22.863358154296876,-13.5,25.799999237060547,20.69999885559082
1788674703975197000,22.879197021484377,-13.380000114440918,26.760000228881836,20.100000381469727
1788674703991096600,22.8950966796875,-13.559999465942383,26.8799991607666,20.520000457763672
1788674704007026700,22.911026611328126,-13.380000114440918,26.34000015258789,21
1788674704022926300,22.92692626953125,-13.380000114440918,25.979999542236328,20.639999389648438
1788674704038703900,22.942703857421876,-13.5,26.15999984741211,20.520000457763672
1788674704054603500,22.958603515625,-13.139999389648438,25.979999542236328,20.69999885559082
1788674704070472700,22.97447265625,-13.979999542236328,25.85999870300293,20.639999389648438
1788674704086403000,22.990403076171877,-14.9399995803833,26.34000015258789,20.69999885559082
1788674704110206700,23.014206787109377,-14.09999942779541,27,21.53999900817871
1788674704126106400,23.0301064453125,-14.639999389648438,26.81999969482422,21.84000015258789
1788674704142006000,23.046006103515627,-14.75999927520752,25.920000076293945,20.939998626708984
1788674704157814000,23.06181396484375,-15,25.85999870300293,20.8799991607666
1788674704173713700,23.077713623046876,-16.19999885559082,25.619998931884766,20.639999389648438
1788674704189582800,23.093582763671876,-16.139999389648438,25.5,20.639999389648438
1788674704205452000,23.1094521484375,-15.359999656677246,25.559999465942383,21.420000076293945
1788674704221382100,23.125382080078126,-15.899999618530273,25.3799991607666,21.53999900817871
1788674704237220900,23.141220947265627,-16.739999771118164,24.899999618530273,21.600000381469727
1788674704253090000,23.157090087890627,-16.85999870300293,24.65999984741211,21.959999084472656
1788674704268928500,23.172928466796876,-16.440000534057617,24.53999900817871,22.31999969482422
1788674704284828200,23.188828125,-15.960000038146973,24.299999237060547,21.899999618530273
1788674704300667000,23.2046669921875,-15.420000076293945,24.479999542236328,22.19999885559082
1788674704316536000,23.2205361328125,-15.59999942779541,24.600000381469727,23.100000381469727
1788674704333534200,23.2375341796875,-15.899999618530273,24.119998931884766,23.69999885559082
1788674704348335400,23.25233544921875,-15.479999542236328,23.69999885559082,23.639999389648438
1788674704364326700,23.26832666015625,-15.179999351501465,23.639999389648438,23.81999969482422
1788674704380226300,23.284226318359377,-14.819999694824219,24.119998931884766,23.81999969482422
1788674704396095200,23.30009521484375,-14.639999389648438,23.34000015258789,24.239999771118164
1788674704411964400,23.31596435546875,-14.579999923706055,22.5,24.65999984741211
1788674704427894500,23.33189453125,-14.15999984741211,22.559999465942383,24.959999084472656
1788674704443916300,23.347916259765626,-14.579999923706055,22.619998931884766,25.559999465942383
1788674704459816000,23.36381591796875,-14.9399995803833,22.619998931884766,25.139999389648438
1788674704475654700,23.379654541015626,-14.639999389648438,22.739999771118164,24.959999084472656
1788674704491584800,23.395584716796876,-14.09999942779541,23.939998626708984,25.439998626708984
1788674704507454000,23.411453857421876,-13.739999771118164,23.81999969482422,25.979999542236328
1788674704523384000,23.427384033203126,-12.65999984741211,23.459999084472656,26.219999313354492
1788674704539283700,23.44328369140625,-12.239999771118164,23.34000015258789,25.3799991607666
1788674704555122400,23.459122314453126,-13.380000114440918,22.85999870300293,25.3799991607666
1788674704570991600,23.47499169921875,-13.5,23.15999984741211,26.219999313354492
1788674704586830000,23.490830078125,-13.25999927520752,23.399999618530273,26.639999389648438
1788674704602760400,23.506760498046877,-12.300000190734863,23.279998779296875,26.459999084472656
1788674704618629600,23.522629638671877,-11.699999809265137,23.15999984741211,26.15999984741211
1788674704634498600,23.53849853515625,-12.359999656677246,23.03999900817871,26.639999389648438
1788674704650367700,23.55436767578125,-13.199999809265137,23.459999084472656,26.760000228881836
1788674704666297900,23.5702978515625,-12.779999732971191,24.119998931884766,26.579999923706055
1788674704682228200,23.586228271484377,-12,23.8799991607666,26.69999885559082
1788674704698097400,23.602097412109377,-11.819999694824219,23.760000228881836,26.760000228881836
1788674704713936000,23.617935791015626,-11.819999694824219,24.239999771118164,26.219999313354492
1788674704729805000,23.63380517578125,-11.880000114440918,23.459999084472656,25.68000030517578
1788674704745735200,23.649735107421876,-12.179999351501465,22.979999542236328,25.3799991607666
1788674704761665300,23.665665283203126,-12.420000076293945,22.920000076293945,25.260000228881836
1788674704777595600,23.681595703125,-12.539999961853027,23.34000015258789,24.779998779296875
1788674704793434000,23.69743408203125,-12.719999313354492,24.239999771118164,24.719999313354492
1788674704809303300,23.71330322265625,-12.960000038146973,24,25.260000228881836
1788674704825172500,23.72917236328125,-13.679999351501465,24.18000030517578,25.19999885559082
1788674704841102600,23.7451025390625,-13.319999694824219,24.18000030517578,25.260000228881836
1788674704857002200,23.761002197265626,-12.359999656677246,23.639999389648438,25.260000228881836
1788674704872902000,23.77690185546875,-12.719999313354492,24.059999465942383,24.65999984741211
1788674704888771000,23.79277099609375,-13.619999885559082,24.959999084472656,24.35999870300293
1788674704904640300,23.80864013671875,-13.619999885559082,25.3799991607666,24.420000076293945
1788674704920570400,23.8245703125,-13.199999809265137,24.84000015258789,24
1788674704936470000,23.840469970703126,-13.559999465942383,24.35999870300293,24.18000030517578
1788674704952369700,23.85636962890625,-14.09999942779541,24.53999900817871,24
1788674704968269300,23.872269287109376,-14.15999984741211,24.299999237060547,23.459999084472656
1788674704984169000,23.8881689453125,-14.219999313354492,24.119998931884766,24
1788674705000099300,23.904099365234377,-14.699999809265137,23.760000228881836,23.51999855041504
1788674705016029400,23.920029541015627,-14.399999618530273,24.059999465942383,22.920000076293945
1788674705031807000,23.935806884765626,-13.739999771118164,24.18000030517578,23.219999313354492
1788674705047706600,23.95170654296875,-13.979999542236328,24.420000076293945,23.279998779296875
1788674705063575800,23.967575927734377,-14.219999313354492,24.899999618530273,23.579999923706055
1788674705079475500,23.983475341796876,-13.4399995803833,24.84000015258789,23.51999855041504
1788674705095344600,23.9993447265625,-13.079999923706055,25.139999389648438,22.920000076293945
1788674705111213800,24.0152138671875,-13.4399995803833,24.84000015258789,22.139999389648438
1788674705127082800,24.031082763671876,-13.739999771118164,24.239999771118164,22.5
1788674705143013000,24.04701318359375,-13.979999542236328,24.84000015258789,22.920000076293945
1788674705158912800,24.062912841796877,-14.34000015258789,25.439998626708984,23.639999389648438
1788674705174812400,24.0788125,-14.819999694824219,25.3799991607666,23.8799991607666
1788674705190620400,24.094620361328126,-15.179999351501465,24.899999618530273,23.459999084472656
1788674705206520000,24.11052001953125,-15.479999542236328,24.479999542236328,22.920000076293945
1788674705222419700,24.126419677734376,-15.119999885559082,24.18000030517578,22.739999771118164
1788674705238350000,24.14235009765625,-14.819999694824219,24.119998931884766,22.260000228881836
1788674705254219000,24.158218994140626,-14.09999942779541,24.719999313354492,21.959999084472656
1788674705270027300,24.17402734375,-14.75999927520752,25.079999923706055,22.559999465942383
1788674705285927000,24.189927001953127,-15.359999656677246,24.899999618530273,22.439998626708984
1788674705301796000,24.205796142578127,-14.279999732971191,24.420000076293945,22.85999870300293
1788674705317695700,24.22169580078125,-14.09999942779541,24.35999870300293,23.34000015258789
1788674705333565000,24.23756494140625,-14.519999504089355,24.779998779296875,22.68000030517578
1788674705349403400,24.2534033203125,-15.179999351501465,24.35999870300293,22.260000228881836
1788674705365303000,24.269302978515626,-15,23.81999969482422,22.020000457763672
1788674705381172200,24.285172119140626,-14.519999504089355,24.18000030517578,22.3799991607666
1788674705397072000,24.30107177734375,-14.579999923706055,24.119998931884766,23.34000015258789
1788674705413002000,24.317001953125,-14.880000114440918,24.119998931884766,23.639999389648438
1788674705428871200,24.33287109375,-15.59999942779541,23.579999923706055,23.03999900817871
1788674705444770800,24.348770751953126,-15.960000038146973,22.920000076293945,23.219999313354492
1788674705460609500,24.364609619140627,-15,23.219999313354492,23.81999969482422
1788674705476509200,24.38050927734375,-14.399999618530273,23.279998779296875,24.119998931884766
1788674705492408800,24.396408935546877,-15.59999942779541,23.15999984741211,24.18000030517578
1788674705508278000,24.412278076171877,-15.899999618530273,22.979999542236328,24.18000030517578
1788674705524147200,24.428147216796877,-15.539999961853027,22.85999870300293,24.18000030517578
1788674705540046800,24.444046875,-15.299999237060547,22.3799991607666,24.119998931884766
1788674705555915800,24.459915771484376,-15,22.619998931884766,24.299999237060547
1788674705571815400,24.4758154296875,-14.9399995803833,22.920000076293945,24.059999465942383
1788674705587684600,24.4916845703125,-14.880000114440918,22.439998626708984,24
1788674705603584300,24.507584228515626,-15.119999885559082,22.439998626708984,23.579999923706055
1788674705619453400,24.523453369140626,-15.899999618530273,22.079999923706055,23.399999618530273
1788674705635353000,24.53935302734375,-16.799999237060547,21.18000030517578,23.34000015258789
1788674705651252700,24.555252685546876,-17.34000015258789,20.760000228881836,23.51999855041504
1788674705667061000,24.57106103515625,-16.3799991607666,21.119998931884766,24.059999465942383
1788674705682930000,24.586929931640626,-16.260000228881836,20.520000457763672,23.34000015258789
1788674705698799000,24.602799072265626,-16.85999870300293,20.459999084472656,23.34000015258789
1788674705714729500,24.6187294921875,-16.19999885559082,21.719999313354492,23.760000228881836
1788674705730659600,24.63465966796875,-16.619998931884766,21.719999313354492,23.399999618530273
1788674705754463200,24.658463134765626,-17.03999900817871,21.420000076293945,23.03999900817871
1788674705770363000,24.67436279296875,-16.85999870300293,21.35999870300293,22.619998931884766
1788674705786232600,24.690232666015625,-16.260000228881836,21.779998779296875,22.439998626708984
1788674705810066700,24.714066650390624,-16.3799991607666,21.899999618530273,22.439998626708984
1788674705825905400,24.729905517578125,-16.920000076293945,21.899999618530273,22.559999465942383
1788674705841805000,24.74580517578125,-17.459999084472656,21.65999984741211,22.799999237060547
1788674705857674200,24.76167431640625,-17.399999618530273,21.35999870300293,22.31999969482422
1788674705873574000,24.777573974609375,-17.03999900817871,21.299999237060547,21.420000076293945
1788674705889504000,24.79350390625,-16.920000076293945,22.139999389648438,21.35999870300293
1788674705921242400,24.825242431640625,-16.979999542236328,23.579999923706055,21.65999984741211
1788674705937111300,24.841111328125,-16.920000076293945,23.219999313354492,21.600000381469727
1788674705953041700,24.857041748046875,-17.03999900817871,22.619998931884766,21.479999542236328
1788674705968941300,24.87294140625,-16.68000030517578,22.85999870300293,21
1788674705984749300,24.888749267578124,-17.03999900817871,24,20.81999969482422
1788674706000649000,24.90464892578125,-17.579999923706055,23.51999855041504,20.579999923706055
1788674706016518100,24.92051806640625,-17.219999313354492,23.15999984741211,20.639999389648438
1788674706032448300,24.9364482421875,-16.85999870300293,23.219999313354492,20.520000457763672
1788674706048348000,24.952347900390624,-16.920000076293945,23.459999084472656,20.03999900817871
1788674706064217000,24.968217041015624,-16.31999969482422,24.53999900817871,20.15999984741211
1788674706080086300,24.984086181640624,-16.020000457763672,25.68000030517578,20.69999885559082
1788674706095925000,24.999925048828125,-15.420000076293945,25.68000030517578,19.979999542236328
1788674706111824600,25.01582470703125,-14.699999809265137,24.899999618530273,19.439998626708984
1788674706127754800,25.031754638671874,-15.65999984741211,24.959999084472656,20.100000381469727
1788674706143562800,25.047562744140624,-16.3799991607666,24.899999618530273,20.100000381469727
1788674706159462400,25.06346240234375,-16.079999923706055,25.079999923706055,19.559999465942383
1788674706175301000,25.079301025390624,-16.31999969482422,25.68000030517578,19.85999870300293
1788674706191231200,25.095231201171874,-16.440000534057617,25.619998931884766,19.619998931884766
1788674706207131000,25.111130859375,-15.899999618530273,25.979999542236328,19.5
1788674706222969600,25.126969482421874,-15.719999313354492,26.579999923706055,19.68000030517578
1788674706238838800,25.1428388671875,-15.65999984741211,26.81999969482422,19.139999389648438
1788674706254708000,25.1587080078125,-15.839999198913574,26.69999885559082,19.139999389648438
1788674706270668500,25.17466845703125,-15.359999656677246,26.8799991607666,18.719999313354492
1788674706286568200,25.190568115234374,-14.880000114440918,27,18.18000030517578
1788674706302437400,25.206437255859374,-15,26.34000015258789,18.600000381469727
1788674706318337000,25.2223369140625,-15.359999656677246,26.219999313354492,19.079999923706055
1788674706334175700,25.23817578125,-15.420000076293945,27,18.899999618530273
1788674706350105900,25.25410595703125,-15.59999942779541,27.420000076293945,19.619998931884766
1788674706366005500,25.270005615234375,-15.839999198913574,27.719999313354492,19.739999771118164
1788674706381905200,25.2859052734375,-15.59999942779541,27.18000030517578,19.260000228881836
1788674706397774300,25.3017744140625,-15.59999942779541,26.51999855041504,19.19999885559082
1788674706413674000,25.317674072265625,-15.119999885559082,26.459999084472656,18.779998779296875
1788674706429573600,25.33357373046875,-14.880000114440918,26.579999923706055,18.719999313354492
1788674706445442800,25.34944287109375,-15.299999237060547,26.939998626708984,19.020000457763672
1788674706461281300,25.36528125,-15.779999732971191,26.939998626708984,19.079999923706055
1788674706477150500,25.381150390625,-15.899999618530273,26.8799991607666,18.959999084472656
1788674706492989200,25.3969892578125,-16.139999389648438,26.459999084472656,19.020000457763672
1788674706508888800,25.412888916015625,-16.85999870300293,26.15999984741211,18.719999313354492
1788674706524819000,25.42881884765625,-16.440000534057617,26.51999855041504,18.959999084472656
1788674706540688100,25.444688232421875,-16.19999885559082,26.099998474121094,19.3799991607666
1788674706556618200,25.4606181640625,-15.960000038146973,25.3799991607666,19.19999885559082
1788674706572457000,25.47645703125,-15.839999198913574,26.15999984741211,19.619998931884766
1788674706588387000,25.492386962890624,-16.260000228881836,26.69999885559082,19.979999542236328
1788674706604286700,25.50828662109375,-15.65999984741211,26.099998474121094,20.279998779296875
1788674706620094700,25.5240947265625,-16.079999923706055,25.920000076293945,20.279998779296875
1788674706635964000,25.5399638671875,-17.279998779296875,26.579999923706055,20.100000381469727
1788674706651833000,25.5558330078125,-16.920000076293945,26.69999885559082,20.15999984741211
1788674706667763200,25.57176318359375,-16.5,25.619998931884766,19.85999870300293
1788674706683662800,25.587662841796874,-16.920000076293945,24.84000015258789,19.85999870300293
1788674706699532000,25.603531982421874,-17.34000015258789,24.65999984741211,20.100000381469727
1788674706715401200,25.619401123046874,-17.520000457763672,24.53999900817871,20.81999969482422
1788674706731300900,25.63530078125,-17.399999618530273,24.65999984741211,21.18000030517578
1788674706747200500,25.651200439453124,-16.68000030517578,24.65999984741211,20.520000457763672
1788674706763100200,25.66710009765625,-16.979999542236328,24.35999870300293,20.34000015258789
1788674706778939000,25.68293896484375,-17.459999084472656,24.65999984741211,21
1788674706794838500,25.698838623046875,-16.559999465942383,25.439998626708984,22.020000457763672
1788674706810707700,25.714707763671875,-15.779999732971191,25.85999870300293,21.959999084472656
1788674706826637800,25.730637939453125,-15.65999984741211,25.739999771118164,21.53999900817871
1788674706842537500,25.746537353515624,-15.899999618530273,25.559999465942383,21.18000030517578
1788674706858376000,25.7623759765625,-16.260000228881836,25.439998626708984,21.059999465942383
1788674706874275800,25.77827587890625,-15.960000038146973,25.3799991607666,21.420000076293945
1788674706890114300,25.7941142578125,-16.260000228881836,25.19999885559082,21.18000030517578
1788674706906014000,25.810013916015624,-16.979999542236328,25.31999969482422,20.8799991607666
1788674706921913600,25.82591357421875,-16.619998931884766,26.279998779296875,20.760000228881836
1788674706937813200,25.841813232421874,-15.839999198913574,26.34000015258789,21
1788674706953713000,25.857712890625,-16.020000457763672,26.099998474121094,21.059999465942383
1788674706969582000,25.87358203125,-16.139999389648438,26.34000015258789,21
1788674706985512200,25.88951220703125,-15.719999313354492,26.219999313354492,20.100000381469727
1788674707001411800,25.905411865234374,-15.539999961853027,27,20.03999900817871
1788674707017281000,25.921281005859374,-15.960000038146973,27.35999870300293,20.69999885559082
1788674707033150200,25.937150146484374,-16.85999870300293,27.299999237060547,20.279998779296875
1788674707049049900,25.9530498046875,-16.559999465942383,27.65999984741211,20.03999900817871
1788674707064949500,25.968949462890624,-15.59999942779541,26.760000228881836,20.100000381469727
1788674707080849200,25.98484912109375,-16.68000030517578,26.03999900817871,20.639999389648438
1788674707096718300,26.00071826171875,-16.979999542236328,26.15999984741211,20.81999969482422
1788674707112587500,26.01658740234375,-16.31999969482422,26.579999923706055,20.03999900817871
1788674707128426000,26.032426025390624,-16.739999771118164,26.69999885559082,19.68000030517578
1788674707144356400,26.0483564453125,-16.85999870300293,26.939998626708984,19.920000076293945
1788674707160256000,26.064256103515625,-15.899999618530273,26.639999389648438,19.559999465942383
1788674707176125200,26.080125244140625,-16.079999923706055,25.920000076293945,19.31999969482422
1788674707192024800,26.09602490234375,-16.5,26.34000015258789,19.260000228881836
1788674707207955000,26.111954833984374,-16.19999885559082,26.579999923706055,19.68000030517578
1788674707223854600,26.1278544921875,-16.739999771118164,27.059999465942383,19.19999885559082
1788674707239784700,26.14378466796875,-17.219999313354492,27.719999313354492,18.779998779296875
1788674707255562200,26.159562255859374,-17.34000015258789,27.84000015258789,19.079999923706055
1788674707271462000,26.1754619140625,-17.459999084472656,27.779998779296875,18.479999542236328
1788674707287361500,26.191361572265624,-17.8799991607666,27.84000015258789,18.779998779296875
1788674707303261400,26.207261474609375,-17.8799991607666,27.719999313354492,18.53999900817871
1788674707319161000,26.2231611328125,-17.03999900817871,27.299999237060547,17.760000228881836
1788674707334999600,26.23899951171875,-16.139999389648438,27.420000076293945,18.53999900817871
1788674707350868700,26.25486865234375,-15.839999198913574,27.959999084472656,18.899999618530273
1788674707366768400,26.270768310546874,-15.65999984741211,27.719999313354492,18.959999084472656
1788674707382698500,26.286698486328124,-15.899999618530273,28.079999923706055,19.079999923706055
1788674707398567700,26.302567626953124,-16.079999923706055,28.559999465942383,18.84000015258789
1788674707414376000,26.3183759765625,-15.960000038146973,28.31999969482422,18.899999618530273
1788674707430214400,26.33421435546875,-17.279998779296875,27.959999084472656,18.84000015258789
1788674707446083600,26.35008349609375,-16.979999542236328,27.959999084472656,18.479999542236328
1788674707462013700,26.366013671875,-16.139999389648438,28.979999542236328,18.299999237060547
1788674707477943800,26.38194384765625,-16.31999969482422,28.979999542236328,18.53999900817871
1788674707493752000,26.397751953125,-16.260000228881836,28.559999465942383,18.35999870300293
1788674707509621200,26.413621337890625,-16.619998931884766,28.5,17.760000228881836
1788674707525521000,26.42952099609375,-16.440000534057617,28.559999465942383,17.520000457763672
1788674707541390000,26.44539013671875,-15.960000038146973,28.31999969482422,18
1788674707557289700,26.461289794921875,-16.619998931884766,27.779998779296875,18.479999542236328
1788674707573189400,26.477189453125,-17.15999984741211,27.899999618530273,18.899999618530273
1788674707589058600,26.49305859375,-17.34000015258789,28.01999855041504,18.959999084472656
1788674707604897000,26.50889697265625,-17.579999923706055,28.31999969482422,18.65999984741211
1788674707620827100,26.5248271484375,-17.279998779296875,28.559999465942383,18.779998779296875
1788674707636696300,26.5406962890625,-17.279998779296875,27.959999084472656,18.959999084472656
1788674707652565500,26.5565654296875,-16.920000076293945,28.079999923706055,18.53999900817871
1788674707668434700,26.5724345703125,-16.559999465942383,28.19999885559082,18.18000030517578
1788674707684304000,26.588303955078125,-16.799999237060547,28.139999389648438,18.600000381469727
1788674707700234000,26.60423388671875,-17.520000457763672,28.139999389648438,18.84000015258789
1788674707716133600,26.620133544921874,-17.34000015258789,27.719999313354492,18.119998931884766
1788674707732002800,26.6360029296875,-16.979999542236328,27.779998779296875,18.35999870300293
1788674707747902500,26.65190234375,-17.69999885559082,28.139999389648438,19.559999465942383
1788674707763741000,26.667740966796874,-18.239999771118164,27.84000015258789,19.799999237060547
1788674707779671300,26.68367138671875,-18.059999465942383,27.420000076293945,19.85999870300293
1788674707795571000,26.699571044921875,-18,27.53999900817871,19.559999465942383
1788674707811470600,26.715470703125,-17.520000457763672,27.65999984741211,18.959999084472656
1788674707827278600,26.731278564453124,-17.100000381469727,27.420000076293945,18.600000381469727
1788674707843147800,26.747147705078124,-17.399999618530273,27.779998779296875,18.959999084472656
1788674707859078000,26.763077880859374,-17.639999389648438,27.959999084472656,19.31999969482422
1788674707874947000,26.778947021484374,-17.279998779296875,27.599998474121094,19.139999389648438
1788674707890816300,26.794816162109374,-16.19999885559082,27.53999900817871,18.899999618530273
1788674707906685400,26.810685546875,-16.440000534057617,27.959999084472656,18.65999984741211
1788674707922615600,26.826615478515624,-17.520000457763672,28.079999923706055,18.420000076293945
1788674707938515200,26.84251513671875,-18.119998931884766,27.899999618530273,18.059999465942383
1788674707954384400,26.85838427734375,-17.639999389648438,28.139999389648438,18.53999900817871
1788674707970253600,26.874253662109375,-17.579999923706055,28.01999855041504,18.53999900817871
1788674707986122800,26.890122802734375,-17.940000534057617,28.559999465942383,17.639999389648438
1788674708001991700,26.90599169921875,-18.119998931884766,29.34000015258789,17.520000457763672
1788674708017922000,26.921922119140625,-18,28.68000030517578,17.100000381469727
1788674708033852200,26.93785205078125,-17.579999923706055,28.3799991607666,17.279998779296875
1788674708049691000,26.95369091796875,-17.639999389648438,29.579999923706055,17.69999885559082
1788674708065590500,26.969590576171875,-18.059999465942383,30,17.399999618530273
1788674708081459500,26.98545947265625,-18.479999542236328,29.51999855041504,17.279998779296875
1788674708097328600,27.00132861328125,-18.119998931884766,29.399999618530273,17.279998779296875
1788674708113228300,27.017228271484374,-18.059999465942383,29.399999618530273,16.920000076293945
1788674708129036500,27.03303662109375,-18.719999313354492,29.34000015258789,16.739999771118164
1788674708144905700,27.04890576171875,-19.260000228881836,29.8799991607666,17.15999984741211
1788674708160805400,27.064805419921875,-19.68000030517578,30.059999465942383,17.34000015258789
1788674708176705000,27.080705078125,-19.3799991607666,30.299999237060547,16.799999237060547
1788674708192604700,27.096604736328125,-19.079999923706055,30.239999771118164,16.31999969482422
1788674708208443100,27.112443115234374,-19.68000030517578,29.459999084472656,16.079999923706055
1788674708224312300,27.128312255859374,-20.100000381469727,30,15.719999313354492
1788674708240212000,27.1442119140625,-20.520000457763672,30.479999542236328,15.59999942779541
1788674708256142000,27.16014208984375,-20.03999900817871,30.719999313354492,14.9399995803833
1788674708279946000,27.183946044921875,-19.260000228881836,30.719999313354492,14.75999927520752
1788674708295845600,27.199845703125,-19.85999870300293,31.01999855041504,14.579999923706055
1788674708311745300,27.215745361328125,-20.939998626708984,30.65999984741211,15
1788674708327614500,27.231614501953125,-21.18000030517578,29.939998626708984,15.299999237060547
1788674708343453000,27.247452880859374,-20.100000381469727,30.420000076293945,15.299999237060547
1788674708359322000,27.263322021484374,-19.3799991607666,30.719999313354492,14.699999809265137
1788674708375221800,27.2792216796875,-19.3799991607666,30.53999900817871,14.34000015258789
1788674708391091000,27.295091064453125,-18.959999084472656,30.899999618530273,14.639999389648438
1788674708406929400,27.310929443359374,-18.479999542236328,32.34000015258789,14.579999923706055
1788674708422829300,27.326829345703125,-19.079999923706055,32.57999801635742,14.399999618530273
1788674708438729000,27.34272900390625,-20.520000457763672,31.67999839782715,13.920000076293945
1788674708454628600,27.358628662109375,-20.15999984741211,31.799999237060547,14.039999961853027
1788674708470528300,27.3745283203125,-19.079999923706055,32.279998779296875,14.219999313354492
1788674708486366700,27.39036669921875,-19.31999969482422,32.7599983215332,13.319999694824219
1788674708502236000,27.40623583984375,-19.68000030517578,32.15999984741211,12.719999313354492
1788674708518227200,27.422227294921875,-19.739999771118164,31.799999237060547,12.65999984741211
1788674708534126800,27.438126953125,-19.85999870300293,32.459999084472656,12.539999961853027
1788674708550026500,27.454026611328125,-20.100000381469727,32.459999084472656,12.479999542236328
1788674708565895700,27.469895751953125,-20.639999389648438,32.099998474121094,12.84000015258789
1788674708581795300,27.48579541015625,-20.939998626708984,33.05999755859375,12.719999313354492
1788674708597664500,27.50166455078125,-20.8799991607666,33.779998779296875,12.65999984741211
1788674708613564200,27.517564208984375,-21.18000030517578,32.459999084472656,13.5
1788674708629433000,27.53343310546875,-20.939998626708984,31.67999839782715,13.319999694824219
1788674708645302300,27.54930224609375,-20.81999969482422,32.39999771118164,12.539999961853027
1788674708661202000,27.565201904296874,-21.299999237060547,33.119998931884766,12.539999961853027
1788674708677071000,27.581071044921874,-21.479999542236328,32.099998474121094,12.960000038146973
1788674708693001200,27.597001220703124,-21.779998779296875,31.31999969482422,12.479999542236328
1788674708708870400,27.612870361328124,-22.3799991607666,31.920000076293945,12.779999732971191
1788674708724739600,27.628739501953124,-23.51999855041504,32.21999740600586,12.899999618530273
1788674708740608800,27.64460888671875,-22.799999237060547,32.040000915527344,12.059999465942383
1788674708756508400,27.66050830078125,-22.559999465942383,31.5,12.239999771118164
1788674708772377600,27.676377685546875,-22.68000030517578,31.739999771118164,13.019999504089355
1788674708788277200,27.69227734375,-21.059999465942383,32.81999969482422,12.779999732971191
1788674708804115700,27.70811572265625,-20.69999885559082,32.880001068115234,12.239999771118164
1788674708820046000,27.724046142578125,-21.600000381469727,31.920000076293945,12.539999961853027
1788674708835915000,27.7399150390625,-22.139999389648438,32.39999771118164,13.5
1788674708851814700,27.755814697265624,-22.439998626708984,32.880001068115234,13.380000114440918
1788674708867745000,27.7717451171875,-22.19999885559082,32.459999084472656,13.319999694824219
1788674708883553000,27.787552978515624,-22.19999885559082,32.34000015258789,14.279999732971191
1788674708931252000,27.835251953125,-22.559999465942383,32.459999084472656,13.739999771118164
1788674708947151600,27.851151611328124,-22.260000228881836,32.099998474121094,13.739999771118164
1788674708962990300,27.866990234375,-22.020000457763672,32.81999969482422,14.09999942779541
1788674708986855200,27.890855224609375,-22.559999465942383,32.279998779296875,13.5
1788674709002693600,27.906693603515624,-22.85999870300293,32.57999801635742,13.139999389648438
1788674709018562800,27.922562744140624,-22.619998931884766,32.279998779296875,12.960000038146973
1788674709034432000,27.938431884765624,-23.03999900817871,31.619998931884766,13.5
1788674709050362000,27.954362060546874,-23.939998626708984,31.19999885559082,14.09999942779541
1788674709066261800,27.97026171875,-24.420000076293945,31.799999237060547,13.920000076293945
1788674709082161400,27.986161376953124,-24.420000076293945,31.979999542236328,13.5
1788674709098030600,28.002030517578124,-24.959999084472656,31.3799991607666,13.199999809265137
1788674709113899800,28.017899658203124,-25.260000228881836,31.139999389648438,13.139999389648438
1788674709129799400,28.03379931640625,-24.420000076293945,30.53999900817871,13.380000114440918
1788674709145699000,28.049698974609374,-24.18000030517578,30.899999618530273,13.5
1788674709161537800,28.065537841796875,-25.01999855041504,31.920000076293945,13.25999927520752
1788674709177406700,28.08140673828125,-25.68000030517578,31.31999969482422,13.139999389648438
1788674709193276000,28.09727587890625,-25.01999855041504,30.779998779296875,12.420000076293945
1788674709209175600,28.113175537109374,-24.84000015258789,31.19999885559082,12.539999961853027
1788674709225075200,28.1290751953125,-25.920000076293945,31.079999923706055,12.899999618530273
1788674709240914000,28.144913818359374,-26.399999618530273,31.139999389648438,12.65999984741211
1788674709256844000,28.160843994140624,-26.03999900817871,31.439998626708984,12.84000015258789
1788674709272652300,28.17665234375,-25.31999969482422,31.799999237060547,12.84000015258789
1788674709288582400,28.19258251953125,-25.01999855041504,31.5,12.899999618530273
1788674709304482000,28.20848193359375,-25.31999969482422,32.34000015258789,12.479999542236328
1788674709320320800,28.22432080078125,-25.079999923706055,33.36000061035156,12.539999961853027
1788674709336220400,28.240220458984375,-25.01999855041504,32.34000015258789,12.539999961853027
1788674709352089300,28.25608935546875,-25.139999389648438,32.21999740600586,11.639999389648438
1788674709367989000,28.271989013671874,-25.439998626708984,31.979999542236328,11.399999618530273
1788674709383858200,28.287858154296874,-26.03999900817871,31.739999771118164,11.15999984741211
1788674709399727400,28.303727294921874,-25.85999870300293,32.39999771118164,11.15999984741211
1788674709415566000,28.319566162109375,-25.31999969482422,32.7599983215332,10.920000076293945
1788674709431435300,28.335435302734375,-25.079999923706055,32.34000015258789,11.039999961853027
1788674709447335000,28.3513349609375,-24.65999984741211,31.739999771118164,11.639999389648438
1788674709463203800,28.367203857421874,-24.600000381469727,32.040000915527344,11.34000015258789
1788674709479042600,28.38304248046875,-25.31999969482422,31.920000076293945,11.579999923706055
1788674709494911700,28.398911865234375,-25.559999465942383,32.21999740600586,11.399999618530273
1788674709510781000,28.414781005859375,-26.15999984741211,32.099998474121094,11.039999961853027
1788674709526741500,28.430741455078124,-26.51999855041504,31.3799991607666,10.920000076293945
1788674709542671600,28.446671630859374,-26.399999618530273,31.439998626708984,10.739999771118164
1788674709558571300,28.4625712890625,-26.15999984741211,31.67999839782715,11.34000015258789
1788674709574440400,28.4784404296875,-26.69999885559082,31.19999885559082,11.75999927520752
1788674709590309600,28.4943095703125,-27.299999237060547,30.059999465942383,11.819999694824219
1788674709606178800,28.5101787109375,-27.18000030517578,29.81999969482422,11.460000038146973
1788674709622078500,28.526078369140624,-27.299999237060547,30.17999839782715,11.519999504089355
1788674709637886500,28.541886474609374,-27.65999984741211,29.760000228881836,12.059999465942383
1788674709653816800,28.55781689453125,-27.899999618530273,28.920000076293945,11.819999694824219
1788674709669655300,28.5736552734375,-27.599998474121094,29.760000228881836,11.519999504089355
1788674709685585400,28.58958544921875,-27.599998474121094,30.17999839782715,12.359999656677246
1788674709701485300,28.6054853515625,-27.299999237060547,29.399999618530273,13.139999389648438
1788674709717262800,28.621262939453125,-27.059999465942383,29.099998474121094,13.199999809265137
1788674709733101300,28.637101318359374,-27.959999084472656,29.03999900817871,13.619999885559082
1788674709748970500,28.652970458984374,-28.19999885559082,28.559999465942383,14.15999984741211
1788674709764900600,28.668900634765624,-27.899999618530273,28.19999885559082,13.559999465942383
1788674709780800300,28.68480029296875,-27.779998779296875,28.3799991607666,13.380000114440918
1788674709796608500,28.7006083984375,-27.53999900817871,28.139999389648438,14.09999942779541
1788674709812477700,28.716477783203125,-27.53999900817871,28.260000228881836,13.979999542236328
1788674709828407800,28.73240771484375,-27.599998474121094,28.5,13.319999694824219
1788674709844307500,28.748307373046874,-28.19999885559082,28.31999969482422,13.4399995803833
1788674709860207000,28.76420703125,-28.439998626708984,27.65999984741211,13.979999542236328
1788674709876045800,28.7800458984375,-28.799999237060547,27.719999313354492,13.679999351501465
1788674709891914800,28.795914794921874,-29.219999313354492,27.959999084472656,13.619999885559082
1788674709907784000,28.811783935546874,-28.5,26.51999855041504,13.4399995803833
1788674709923714300,28.82771435546875,-28.739999771118164,26.639999389648438,13.319999694824219
1788674709939614000,28.843614013671875,-29.279998779296875,27.35999870300293,13.920000076293945
1788674709955452400,28.859452392578124,-29.459999084472656,27,14.399999618530273
1788674709971352000,28.87535205078125,-29.69999885559082,27,14.75999927520752
1788674709987221200,28.89122119140625,-28.68000030517578,26.81999969482422,14.699999809265137
1788674710003121000,28.907120849609374,-28.079999923706055,26.8799991607666,14.399999618530273
1788674710019051000,28.923051025390624,-28.68000030517578,27.599998474121094,13.920000076293945
1788674710034889700,28.9388896484375,-28.85999870300293,27.53999900817871,13.920000076293945
1788674710050759000,28.954759033203125,-29.099998474121094,27.53999900817871,14.09999942779541
1788674710066628000,28.970628173828125,-28.799999237060547,27.899999618530273,13.920000076293945
1788674710082527700,28.98652783203125,-28.439998626708984,27.53999900817871,13.920000076293945
1788674710098427400,29.002427490234375,-29.219999313354492,27.35999870300293,14.039999961853027
1788674710114296600,29.018296630859375,-28.739999771118164,27.84000015258789,13.619999885559082
1788674710130196200,29.0341962890625,-28.5,27.84000015258789,13.619999885559082
1788674710146095900,29.050095947265625,-28.31999969482422,27.18000030517578,13.559999465942383
1788674710161995500,29.06599560546875,-28.01999855041504,26.8799991607666,13.25999927520752
1788674710185799200,29.089799072265624,-27.779998779296875,28.079999923706055,12.960000038146973
1788674710201729300,29.105729248046874,-27.84000015258789,28.19999885559082,12.65999984741211
1788674710217598500,29.121598388671874,-26.8799991607666,27.299999237060547,12.300000190734863
1788674710233437200,29.137437255859375,-26.51999855041504,26.8799991607666,11.519999504089355
1788674710249367300,29.1533671875,-26.8799991607666,27.53999900817871,11.34000015258789
1788674710265236500,29.169236572265625,-27.779998779296875,27.53999900817871,11.9399995803833
1788674710289101000,29.19310107421875,-28.31999969482422,27.84000015258789,11.09999942779541
1788674710304970200,29.20897021484375,-28.31999969482422,27.420000076293945,10.4399995803833
1788674710320900400,29.224900390625,-28.139999389648438,27.65999984741211,10.800000190734863
1788674710336800300,29.24080029296875,-27.18000030517578,28.260000228881836,10.679999351501465
1788674710352669200,29.256669189453124,-26.51999855041504,27.479999542236328,9.84000015258789
1788674710368538400,29.272538330078124,-28.079999923706055,27.420000076293945,9.779999732971191
1788674710384438000,29.28843798828125,-28.85999870300293,28.19999885559082,9.59999942779541
1788674710400337700,29.304337646484374,-27.899999618530273,27.599998474121094,9.179999351501465
1788674710416237300,29.3202373046875,-27.959999084472656,27.299999237060547,9.059999465942383
1788674710432076000,29.336075927734374,-28.31999969482422,27.239999771118164,9
1788674710447945200,29.3519453125,-28.559999465942383,26.8799991607666,9.479999542236328
1788674710463844900,29.367844970703125,-28.079999923706055,27.35999870300293,9.300000190734863
1788674710479714000,29.383714111328125,-26.69999885559082,28.5,8.819999694824219
1788674710495644200,29.39964404296875,-27.059999465942383,28.559999465942383,8.34000015258789
1788674710511452200,29.4154521484375,-27.65999984741211,27.65999984741211,7.919999599456787
1788674710527321300,29.4313212890625,-27.239999771118164,28.31999969482422,8.279999732971191
1788674710543221000,29.447220947265624,-26.639999389648438,29.219999313354492,7.859999656677246
1788674710559151000,29.463151123046874,-26.219999313354492,28.68000030517578,7.079999923706055
1788674710575050800,29.47905078125,-26.81999969482422,28.01999855041504,7.559999942779541
1788674710590889500,29.494889404296874,-26.639999389648438,29.15999984741211,8.039999961853027
1788674710606758700,29.510758544921874,-26.69999885559082,28.619998931884766,8.15999984741211
1788674710622627800,29.5266279296875,-27.35999870300293,27.53999900817871,7.259999752044678
1788674710638558000,29.542557861328124,-27.599998474121094,27.84000015258789,6.71999979019165
1788674710654457600,29.55845751953125,-27.53999900817871,28.19999885559082,7.559999942779541
1788674710670326800,29.574326904296875,-26.8799991607666,28.68000030517578,8.220000267028809
1788674710686196000,29.590196044921875,-27.479999542236328,28.01999855041504,8.15999984741211
1788674710702095600,29.606095703125,-27.899999618530273,27.420000076293945,7.679999828338623
1788674710718025700,29.622025634765624,-28.079999923706055,27.65999984741211,7.319999694824219
1788674710733925400,29.63792529296875,-27.84000015258789,27.959999084472656,7.440000057220459
1788674710749794600,29.653794677734375,-26.51999855041504,28.01999855041504,7.859999656677246
1788674710765633000,29.669633056640624,-27.239999771118164,27.899999618530273,7.5
1788674710781532700,29.68553271484375,-27.239999771118164,28.619998931884766,7.019999980926514
1788674710797432600,29.7014326171875,-27.119998931884766,29.34000015258789,7.019999980926514
1788674710813332200,29.717332275390625,-27.719999313354492,28.619998931884766,8.460000038146973
1788674710829140200,29.73314013671875,-27.299999237060547,27.719999313354492,9.420000076293945
1788674710845039900,29.749039794921874,-26.51999855041504,28.079999923706055,8.9399995803833
1788674710860909000,29.764908935546874,-26.51999855041504,28.559999465942383,9
1788674710876839200,29.780839111328124,-27.119998931884766,28.68000030517578,9.359999656677246
1788674710892738800,29.79673876953125,-26.8799991607666,29.03999900817871,9.59999942779541
1788674710908577500,29.81257763671875,-26.639999389648438,29.03999900817871,9.960000038146973
1788674710924507600,29.828507568359374,-26.51999855041504,28.439998626708984,9.899999618530273
1788674710940346400,29.844346435546875,-27.599998474121094,28.260000228881836,9.719999313354492
1788674710956246000,29.86024609375,-27.420000076293945,28.439998626708984,9.779999732971191
1788674710972084500,29.87608447265625,-26.51999855041504,28.5,9.899999618530273
1788674710987923200,29.891923095703124,-26.760000228881836,29.03999900817871,9.300000190734863
1788674711003792400,29.90779248046875,-26.939998626708984,29.219999313354492,9.300000190734863
1788674711019661600,29.92366162109375,-27.479999542236328,29.15999984741211,9.359999656677246
1788674711035591700,29.939591796875,-26.69999885559082,29.939998626708984,9.239999771118164
1788674711059395300,29.963395263671874,-26.219999313354492,30.65999984741211,9.359999656677246
1788674711075325400,29.979325439453124,-25.619998931884766,31.079999923706055,9.899999618530273
1788674711091225000,29.99522509765625,-26.099998474121094,30.899999618530273,9.899999618530273
1788674711107063800,30.011063720703124,-26.34000015258789,31.01999855041504,10.079999923706055
1788674711122933000,30.02693310546875,-26.099998474121094,31.01999855041504,9.65999984741211
1788674711138802200,30.04280224609375,-26.279998779296875,30.059999465942383,9.300000190734863
1788674711154701800,30.058701904296875,-26.639999389648438,30.239999771118164,9.899999618530273
1788674711170601500,30.0746015625,-25.68000030517578,30.65999984741211,10.019999504089355
1788674711186409500,30.090409423828124,-26.099998474121094,30.119998931884766,9.359999656677246
1788674711202309000,30.10630908203125,-26.219999313354492,30.479999542236328,9.179999351501465
1788674711218147800,30.12214794921875,-25.5,31.19999885559082,9.779999732971191
1788674711234078000,30.138077880859374,-26.099998474121094,31.67999839782715,10.260000228881836
1788674711249977600,30.1539775390625,-26.099998474121094,32.099998474121094,9.179999351501465
1788674711265816300,30.16981640625,-25.079999923706055,32.15999984741211,8.760000228881836
1788674711281685500,30.185685546875,-25.079999923706055,31.799999237060547,8.819999694824219
1788674711297554400,30.201554443359374,-25.439998626708984,31.67999839782715,8.760000228881836
1788674711313484800,30.21748486328125,-25.260000228881836,31.739999771118164,8.880000114440918
1788674711329384400,30.233384521484375,-25.619998931884766,31.979999542236328,9.359999656677246
1788674711345253400,30.24925341796875,-25.799999237060547,31.739999771118164,9.300000190734863
1788674711361153300,30.2651533203125,-25.85999870300293,31.85999870300293,8.880000114440918
1788674711377022200,30.281022216796874,-26.279998779296875,31.920000076293945,9.420000076293945
1788674711392952600,30.29695263671875,-26.939998626708984,32.52000045776367,9.539999961853027
1788674711408852200,30.312852294921875,-26.81999969482422,33.36000061035156,9.899999618530273
1788674711424690700,30.328690673828124,-26.579999923706055,32.57999801635742,8.9399995803833
1788674711440559900,30.344559814453124,-26.219999313354492,32.52000045776367,8.15999984741211
1788674711456429000,30.360428955078124,-25.139999389648438,32.279998779296875,9
1788674711472359200,30.376359130859374,-25.85999870300293,32.39999771118164,9.420000076293945
1788674711488289300,30.392289306640624,-27,33.05999755859375,9
1788674711504067000,30.408067138671875,-27.18000030517578,32.39999771118164,8.460000038146973
1788674711519936000,30.42393603515625,-27.059999465942383,32.52000045776367,8.220000267028809
1788674711535805200,30.43980517578125,-25.68000030517578,33.05999755859375,8.15999984741211
1788674711551704800,30.455704833984374,-25.139999389648438,33.119998931884766,8.639999389648438
1788674711567604500,30.4716044921875,-26.219999313354492,33.84000015258789,8.579999923706055
1788674711583473700,30.4874736328125,-26.459999084472656,33.89999771118164,8.519999504089355
1788674711599342800,30.5033427734375,-26.279998779296875,33.84000015258789,8.819999694824219
1788674711615242500,30.519242431640624,-26.279998779296875,33.599998474121094,8.639999389648438
1788674711631172600,30.535172607421874,-25.619998931884766,33.65999984741211,9.179999351501465
1788674711647103000,30.55110302734375,-25.260000228881836,33.959999084472656,9.719999313354492
1788674711662880500,30.566880615234375,-25.739999771118164,34.07999801635742,9.239999771118164
1788674711678780200,30.5827802734375,-25.439998626708984,34.20000076293945,9.179999351501465
1788674711694618600,30.59861865234375,-25.68000030517578,34.439998626708984,8.9399995803833
1788674711710549000,30.614549072265625,-26.03999900817871,34.68000030517578,9.059999465942383
1788674711726418200,30.630418212890625,-25.5,33.71999740600586,10.380000114440918
1788674711742256600,30.646256591796874,-25.68000030517578,33.36000061035156,9.84000015258789
1788674711758125800,30.662125732421874,-25.559999465942383,34.380001068115234,9.359999656677246
1788674711773964500,30.677964599609375,-25.85999870300293,35.040000915527344,10.260000228881836
1788674711789894700,30.693894775390625,-26.03999900817871,34.68000030517578,10.380000114440918
1788674711805794300,30.709794189453124,-25.3799991607666,34.5,10.619999885559082
1788674711821633000,30.725633056640625,-25.079999923706055,35.099998474121094,11.15999984741211
1788674711837502000,30.741501953125,-25.85999870300293,35.52000045776367,10.739999771118164
1788674711853371100,30.75737109375,-26.34000015258789,35.21999740600586,10.199999809265137
1788674711869301200,30.77330126953125,-25.979999542236328,34.380001068115234,10.800000190734863
1788674711885201000,30.789200927734374,-26.639999389648438,34.31999969482422,10.679999351501465
1788674711901039600,30.80503955078125,-27.299999237060547,33.959999084472656,10.380000114440918
1788674711916908800,30.82090869140625,-27.35999870300293,32.939998626708984,11.460000038146973
1788674711932839000,30.8368388671875,-27.65999984741211,33.18000030517578,11.639999389648438
1788674711948738600,30.852738525390624,-27.779998779296875,33.41999816894531,11.639999389648438
1788674711964699400,30.868699462890625,-27,33.540000915527344,11.699999809265137
1788674711980537900,30.884537841796874,-27,33.71999740600586,11.9399995803833
1788674711996468200,30.90046826171875,-27.779998779296875,33.05999755859375,12.119999885559082
1788674712012337200,30.916337158203124,-27.53999900817871,32.57999801635742,12.119999885559082
1788674712028267500,30.932267578125,-27.84000015258789,33.119998931884766,13.139999389648438
1788674712044167200,30.948167236328125,-27.84000015258789,33.71999740600586,13.079999923706055
1788674712059944700,30.96394482421875,-27.84000015258789,33.89999771118164,12.420000076293945
1788674712075844400,30.97984423828125,-27.53999900817871,34.13999938964844,12.420000076293945
1788674712091713500,30.995713623046875,-26.69999885559082,34.02000045776367,12.539999961853027
1788674712107613200,31.01161328125,-27,33.540000915527344,12.539999961853027
1788674712123512800,31.027512939453125,-27.119998931884766,33.84000015258789,11.880000114440918
1788674712139382000,31.043382080078125,-27,34.55999755859375,12.119999885559082
1788674712155251000,31.0592509765625,-26.459999084472656,35.15999984741211,12.960000038146973
1788674712171089700,31.075089599609374,-25.3799991607666,35.57999801635742,13.25999927520752
1788674712187019800,31.091019775390624,-25.19999885559082,35.52000045776367,12.719999313354492
1788674712202889000,31.106888916015624,-25.5,35.39999771118164,12.539999961853027
1788674712218727700,31.122727783203125,-25.3799991607666,35.459999084472656,13.25999927520752
1788674712234596900,31.138596923828125,-25.799999237060547,35.279998779296875,13.4399995803833
1788674712250527000,31.15452685546875,-26.03999900817871,35.52000045776367,13.5
1788674712266457000,31.17045703125,-25.920000076293945,35.880001068115234,13.739999771118164
1788674712282356700,31.186356689453124,-25.979999542236328,35.279998779296875,13.079999923706055
1788674712298165000,31.2021650390625,-25.5,35.15999984741211,12.420000076293945
1788674712314003500,31.21800341796875,-25.619998931884766,35.21999740600586,12.359999656677246
1788674712329872600,31.23387255859375,-25.85999870300293,35.7599983215332,12
1788674712345802800,31.249802734375,-25.85999870300293,36.18000030517578,11.819999694824219
1788674712361702400,31.265702392578124,-26.760000228881836,35.52000045776367,12.059999465942383
1788674712377541000,31.281541015625,-26.8799991607666,35.21999740600586,11.880000114440918
1788674712393410300,31.297410400390625,-26.51999855041504,35.15999984741211,12.059999465942383
1788674712409279500,31.313279541015625,-26.69999885559082,35.099998474121094,11.880000114440918
1788674712425209600,31.329209716796875,-26.579999923706055,34.91999816894531,11.880000114440918
1788674712441109200,31.345109130859374,-26.639999389648438,34.79999923706055,12.300000190734863
1788674712456978400,31.360978515625,-26.69999885559082,34.68000030517578,12.059999465942383
1788674712472847600,31.37684765625,-26.760000228881836,34.31999969482422,12.719999313354492
1788674712488716500,31.392716552734374,-26.579999923706055,35.39999771118164,13.199999809265137
1788674712504616200,31.4086162109375,-25.799999237060547,36.84000015258789,12.300000190734863
1788674712520515800,31.424515869140624,-24.899999618530273,36.71999740600586,11.639999389648438
1788674712536354600,31.4403544921875,-25.739999771118164,35.880001068115234,12.300000190734863
1788674712552254200,31.456254150390624,-25.68000030517578,35.459999084472656,12.84000015258789
1788674712568184300,31.472184326171874,-25.68000030517578,36.119998931884766,12.239999771118164
1788674712584114700,31.48811474609375,-27.119998931884766,35.63999938964844,11.75999927520752
1788674712600014300,31.504014404296875,-28.139999389648438,34.86000061035156,11.09999942779541
1788674712623848400,31.527848388671874,-27,36.41999816894531,10.4399995803833
1788674712639778600,31.543778564453124,-26.399999618530273,35.81999969482422,11.09999942779541
1788674712655586800,31.5595869140625,-27.119998931884766,35.459999084472656,11.219999313354492
1788674712671517000,31.575516845703124,-26.760000228881836,36.119998931884766,11.399999618530273
1788674712687355600,31.591355712890625,-25.85999870300293,36.599998474121094,11.75999927520752
1788674712703285800,31.60728564453125,-25.799999237060547,35.880001068115234,11.039999961853027
1788674712719155000,31.623155029296875,-25.979999542236328,35.52000045776367,11.15999984741211
1788674712734993400,31.638993408203124,-26.34000015258789,35.880001068115234,11.819999694824219
1788674712750862600,31.654862548828124,-25.799999237060547,36.119998931884766,11.039999961853027
1788674712766762200,31.67076220703125,-26.219999313354492,36.71999740600586,10.5
1788674712790627000,31.694626953125,-26.279998779296875,36.89999771118164,11.09999942779541
1788674712806496300,31.710496337890625,-26.03999900817871,36.89999771118164,11.639999389648438
1788674712822396000,31.72639599609375,-25.619998931884766,36.89999771118164,11.699999809265137
1788674712838265000,31.74226513671875,-26.34000015258789,37.02000045776367,11.519999504089355
1788674712854073000,31.758072998046874,-26.579999923706055,37.380001068115234,11.34000015258789
1788674712869972700,31.77397265625,-26.399999618530273,37.31999969482422,10.859999656677246
1788674712885811500,31.7898115234375,-26.399999618530273,37.79999923706055,10.859999656677246
1788674712901741600,31.805741455078124,-25.31999969482422,38.15999984741211,10.979999542236328
1788674712917610800,31.82161083984375,-25.68000030517578,37.5,11.15999984741211
1788674712933449200,31.83744921875,-25.799999237060547,36.47999954223633,10.739999771118164
1788674712949379600,31.853379638671875,-26.03999900817871,36.540000915527344,11.039999961853027
1788674712965248500,31.86924853515625,-26.8799991607666,36.84000015258789,11.399999618530273
1788674712981148200,31.885148193359374,-26.81999969482422,36.36000061035156,12.300000190734863
1788674712997047800,31.9010478515625,-27.35999870300293,36.29999923706055,13.019999504089355
1788674713012917000,31.9169169921875,-27.479999542236328,36.23999786376953,12.059999465942383
1788674713028786200,31.9327861328125,-27,36.89999771118164,12.179999351501465
1788674713044625000,31.948625,-26.399999618530273,36.599998474121094,12.359999656677246
1788674713060555000,31.964554931640624,-25.979999542236328,36.23999786376953,11.34000015258789
1788674713076454700,31.98045458984375,-26.760000228881836,36.84000015258789,11.460000038146973
1788674713092293400,31.99629345703125,-27.779998779296875,36.89999771118164,12.239999771118164
1788674713108223500,32.01222338867188,-27.599998474121094,36.540000915527344,12.479999542236328
1788674713124092700,32.0280927734375,-27.479999542236328,36.05999755859375,12.719999313354492
1788674713139992300,32.043992431640625,-27.35999870300293,36,12.300000190734863
1788674713155922400,32.05992236328125,-27.779998779296875,36.18000030517578,12
1788674713171761200,32.07576123046875,-27.599998474121094,36.599998474121094,12.539999961853027
1788674713187660800,32.091660888671875,-26.69999885559082,36.84000015258789,11.9399995803833
1788674713203591000,32.1075908203125,-26.459999084472656,37.31999969482422,11.279999732971191
1788674713219521000,32.12352099609375,-26.219999313354492,37.86000061035156,12.179999351501465
1788674713235420700,32.13942065429688,-25.68000030517578,37.91999816894531,12.719999313354492
1788674713251259400,32.15525927734375,-26.279998779296875,37.73999786376953,12.59999942779541
1788674713267128600,32.171128662109375,-26.279998779296875,37.68000030517578,12.59999942779541
1788674713283028200,32.1870283203125,-25.799999237060547,38.57999801635742,12.179999351501465
1788674713298958300,32.20295825195313,-25.799999237060547,38.63999938964844,12.119999885559082
1788674713314888400,32.21888842773438,-26.51999855041504,37.97999954223633,11.880000114440918
1788674713330696700,32.23469677734375,-26.939998626708984,37.91999816894531,12
1788674713346565600,32.25056567382813,-26.81999969482422,37.439998626708984,12.239999771118164
1788674713362434800,32.26643481445313,-25.979999542236328,37.68000030517578,11.819999694824219
1788674713378334500,32.28233447265625,-25.68000030517578,38.39999771118164,11.9399995803833
1788674713394234000,32.29823413085938,-26.219999313354492,38.15999984741211,12.300000190734863
1788674713410072800,32.31407275390625,-25.799999237060547,37.07999801635742,12.059999465942383
1788674713425942000,32.32994189453125,-25.799999237060547,37.55999755859375,11.819999694824219
1788674713441841700,32.34584155273438,-25.920000076293945,38.15999984741211,12.059999465942383
1788674713457771800,32.36177172851563,-25.68000030517578,37.619998931884766,11.460000038146973
1788674713473671400,32.37767138671875,-25.68000030517578,37.97999954223633,11.399999618530273
1788674713489540600,32.39354052734375,-27.059999465942383,38.099998474121094,12.119999885559082
1788674713505440300,32.40944018554688,-28.5,37.68000030517578,12
1788674713521340000,32.42533984375,-27.18000030517578,37.68000030517578,11.34000015258789
1788674713537270000,32.44127001953125,-26.51999855041504,37.86000061035156,11.09999942779541
1788674713553169700,32.45716967773438,-27.420000076293945,37.2599983215332,11.09999942779541
1788674713569008400,32.47300830078125,-27.779998779296875,37.31999969482422,10.800000190734863
1788674713584908000,32.48890795898438,-27.899999618530273,38.21999740600586,10.4399995803833
1788674713600838100,32.50483813476563,-27.299999237060547,38.34000015258789,10.5
1788674713616737800,32.52073779296875,-26.279998779296875,38.21999740600586,11.219999313354492
1788674713632607000,32.53660693359375,-26.579999923706055,38.040000915527344,10.800000190734863
1788674713648506600,32.55250659179688,-27.239999771118164,37.86000061035156,10.019999504089355
1788674713664375800,32.56837573242188,-27.53999900817871,37.619998931884766,9.899999618530273
1788674713680275500,32.584275390625,-28.079999923706055,37.07999801635742,9.779999732971191
1788674713696175000,32.60017504882813,-28.619998931884766,37.619998931884766,10.199999809265137
1788674713712013800,32.616013916015625,-28.5,38.39999771118164,10.319999694824219
1788674713727883000,32.631883056640625,-27.84000015258789,37.86000061035156,9.960000038146973
1788674713743782700,32.64778271484375,-27.959999084472656,37.31999969482422,9.059999465942383
1788674713759682300,32.663682373046875,-27.65999984741211,37.5,8.639999389648438
1788674713775612400,32.6796123046875,-27.479999542236328,38.459999084472656,8.460000038146973
1788674713791542500,32.69554248046875,-27.53999900817871,39.18000030517578,7.859999656677246
1788674713807411700,32.71141162109375,-26.8799991607666,39.05999755859375,7.859999656677246
1788674713823311400,32.72731127929688,-27.599998474121094,39.41999816894531,7.980000019073486
1788674713839211000,32.7432109375,-27.719999313354492,39.599998474121094,8.220000267028809
1788674713855141000,32.75914111328125,-26.8799991607666,39.71999740600586,7.679999828338623
1788674713871071500,32.775071533203125,-26.51999855041504,39.779998779296875,7.37999963760376
1788674713886940400,32.7909404296875,-26.639999389648438,39.84000015258789,8.220000267028809
1788674713902840000,32.80684008789063,-27.119998931884766,39.540000915527344,7.799999713897705
1788674713918709200,32.82270922851563,-26.03999900817871,39.89999771118164,7.319999694824219
1788674713934639600,32.8386396484375,-26.459999084472656,40.13999938964844,7.259999752044678
1788674713958443300,32.862443359375,-27.53999900817871,40.55999755859375,7.319999694824219
1788674713974373400,32.87837329101563,-27.35999870300293,40.07999801635742,7.679999828338623
1788674713990242600,32.89424267578125,-27.599998474121094,39.29999923706055,7.739999771118164
1788674714006111700,32.91011181640625,-27.899999618530273,38.7599983215332,7.319999694824219
1788674714022011400,32.926011474609375,-28.079999923706055,39.18000030517578,7.199999809265137
1788674714037819400,32.9418193359375,-27.959999084472656,39.29999923706055,7.199999809265137
1788674714053719000,32.95771899414063,-27.899999618530273,40.07999801635742,7.37999963760376
1788674714069618700,32.97361865234375,-28.5,39.599998474121094,8.09999942779541
1788674714085487900,32.98948779296875,-28.739999771118164,38.63999938964844,7.980000019073486
1788674714101357000,33.005357177734375,-28.619998931884766,38.939998626708984,7.859999656677246
1788674714117226200,33.021226318359375,-29.03999900817871,38.939998626708984,7.739999771118164
1788674714133126000,33.0371259765625,-28.739999771118164,39.18000030517578,8.34000015258789
1788674714149025500,33.053025634765625,-27.65999984741211,39.71999740600586,8.699999809265137
1788674714164864000,33.06886401367188,-28.260000228881836,40.439998626708984,8.579999923706055
1788674714180733200,33.08473315429688,-29.15999984741211,40.55999755859375,8.880000114440918
1788674714196632800,33.1006328125,-29.219999313354492,40.13999938964844,9.239999771118164
1788674714212502000,33.116501953125,-29.03999900817871,40.02000045776367,9.300000190734863
1788674714228401700,33.13240161132813,-28.85999870300293,39.65999984741211,9.84000015258789
1788674714244210000,33.1482099609375,-28.85999870300293,39.599998474121094,10.260000228881836
1788674714260140000,33.16414013671875,-28.85999870300293,40.02000045776367,9.359999656677246
1788674714275978500,33.179978515625,-28.979999542236328,40.20000076293945,9.239999771118164
1788674714291908900,33.195908935546875,-28.68000030517578,39.89999771118164,9.539999961853027
1788674714307808500,33.21180859375,-28.31999969482422,39.89999771118164,9.359999656677246
1788674714323586000,33.2275859375,-28.799999237060547,40.86000061035156,9.179999351501465
1788674714339455200,33.243455322265625,-29.639999389648438,41.099998474121094,9.179999351501465
1788674714355355000,33.25935498046875,-29.760000228881836,40.439998626708984,9.239999771118164
1788674714371224000,33.27522412109375,-28.559999465942383,40.13999938964844,9.059999465942383
1788674714387154200,33.291154296875,-28.619998931884766,40.2599983215332,9.059999465942383
1788674714402992600,33.30699267578125,-29.34000015258789,40.2599983215332,8.9399995803833
1788674714418892500,33.322892578125,-29.34000015258789,40.439998626708984,8.9399995803833
1788674714434731000,33.33873095703125,-28.920000076293945,40.2599983215332,8.399999618530273
1788674714450630700,33.35463061523438,-28.139999389648438,39.71999740600586,8.760000228881836
1788674714466530300,33.3705302734375,-28.5,40.55999755859375,9.479999542236328
1788674714482369000,33.386369140625,-28.5,41.63999938964844,9.420000076293945
1788674714498268700,33.4022685546875,-28.619998931884766,41.52000045776367,8.760000228881836
1788674714514198800,33.41819873046875,-29.219999313354492,41.279998779296875,8.279999732971191
1788674714530129000,33.43412890625,-29.34000015258789,40.55999755859375,8.9399995803833
1788674714546028500,33.45002856445313,-29.099998474121094,40.13999938964844,8.220000267028809
1788674714561867300,33.4658671875,-29.639999389648438,40.68000030517578,7.859999656677246
1788674714577736400,33.481736328125,-30.53999900817871,41.15999984741211,9
1788674714593666600,33.49766650390625,-30.84000015258789,40.619998931884766,9
1788674714609596700,33.5135966796875,-30.420000076293945,40.2599983215332,8.460000038146973
1788674714625496300,33.52949633789063,-30.35999870300293,40.5,8.34000015258789
1788674714641304600,33.5453046875,-30.65999984741211,40.2599983215332,7.619999885559082
1788674714657204200,33.561204345703125,-30.299999237060547,40.13999938964844,7.079999923706055
1788674714673134300,33.57713427734375,-29.8799991607666,41.040000915527344,7.440000057220459
1788674714689034000,33.59303393554688,-30.239999771118164,41.81999969482422,7.679999828338623
1788674714704933600,33.60893359375,-30,41.63999938964844,7.5
1788674714720802800,33.624802734375,-29.279998779296875,41.34000015258789,7.919999599456787
1788674714736641500,33.6406416015625,-30.059999465942383,41.040000915527344,7.440000057220459
1788674714752510500,33.65651049804688,-30.479999542236328,40.20000076293945,6.239999771118164
1788674714768440800,33.67244091796875,-30.299999237060547,40.13999938964844,6.539999961853027
1788674714784310000,33.68831005859375,-30.119998931884766,40.2599983215332,6.480000019073486
1788674714800179000,33.70417895507813,-30,40.439998626708984,6.480000019073486
1788674714816048000,33.72004809570313,-29.459999084472656,41.040000915527344,6.359999656677246
1788674714831917300,33.73591723632813,-29.099998474121094,41.15999984741211,6.119999885559082
1788674714847817000,33.75181689453125,-29.279998779296875,41.39999771118164,5.759999752044678
1788674714863716600,33.76771655273438,-29.099998474121094,41.87999725341797,5.759999752044678
1788674714879524900,33.78352490234375,-28.739999771118164,42.18000030517578,6
1788674714895424500,33.799424560546875,-28.799999237060547,42,6.059999942779541
1788674714911293400,33.81529345703125,-28.559999465942383,41.57999801635742,5.819999694824219
1788674714927193000,33.83119311523438,-28.31999969482422,41.87999725341797,5.639999866485596
1788674714943154000,33.84715380859375,-28.979999542236328,41.70000076293945,5.460000038146973
1788674714958992600,33.86299267578125,-28.739999771118164,41.040000915527344,5.21999979019165
1788674714974861600,33.87886157226563,-28.139999389648438,41.34000015258789,5.699999809265137
1788674714990700300,33.8947001953125,-28.19999885559082,42,5.759999752044678
1788674715006600000,33.91059985351563,-28.5,41.939998626708984,5.759999752044678
1788674715022469000,33.92646923828125,-28.559999465942383,41.70000076293945,6.059999942779541
1788674715038277000,33.94227709960938,-27.84000015258789,41.939998626708984,5.579999923706055
1788674715054176800,33.9581767578125,-28.19999885559082,41.7599983215332,5.639999866485596
1788674715070046000,33.9740458984375,-29.099998474121094,42.119998931884766,6.239999771118164
1788674715085945600,33.98994555664063,-28.19999885559082,41.87999725341797,6.539999961853027
1788674715101814800,34.00581469726563,-27.899999618530273,40.91999816894531,7.199999809265137
1788674715117592300,34.02159228515625,-28.5,40.5,6.359999656677246
1788674715133492000,34.03749194335938,-28.439998626708984,40.02000045776367,5.940000057220459
1788674715149391600,34.0533916015625,-28.3799991607666,39.540000915527344,6.239999771118164
1788674715165260800,34.0692607421875,-28.979999542236328,40.20000076293945,6.779999732971191
1788674715181191000,34.08519091796875,-29.03999900817871,40.97999954223633,7.139999866485596
1788674715196999200,34.100999267578125,-28.619998931884766,41.34000015258789,7.019999980926514
1788674715212898800,34.11689892578125,-27.959999084472656,41.040000915527344,7.079999923706055
1788674715228798500,34.132798583984375,-27.719999313354492,40.20000076293945,7.37999963760376
1788674715244698000,34.14869799804688,-28.31999969482422,40.13999938964844,7.739999771118164
1788674715260567300,34.1645673828125,-28.619998931884766,39.540000915527344,7.5
1788674715276436500,34.1804365234375,-28.619998931884766,39.36000061035156,7.679999828338623
1788674715292336000,34.196336181640625,-28.619998931884766,39.540000915527344,7.139999866485596
1788674715308205000,34.212205078125,-28.739999771118164,39.47999954223633,7.319999694824219
1788674715332070000,34.23606982421875,-28.85999870300293,39.36000061035156,6.960000038146973
1788674715347908600,34.25190869140625,-28.979999542236328,39.71999740600586,6.779999732971191
1788674715363838700,34.26783862304688,-28.5,39.779998779296875,7.139999866485596
1788674715387734000,34.291734130859375,-29.399999618530273,39.89999771118164,7.679999828338623
1788674715403664100,34.3076640625,-29.15999984741211,39.89999771118164,7.259999752044678
1788674715419563800,34.32356372070313,-28.5,40.2599983215332,6.480000019073486
1788674715435402500,34.339402587890625,-28.079999923706055,40.07999801635742,5.87999963760376
1788674715451271700,34.355271728515625,-27.599998474121094,39.71999740600586,6.420000076293945
1788674715467140600,34.371140625,-28.260000228881836,39.29999923706055,6.659999847412109
1788674715483040300,34.38704028320313,-28.439998626708984,39.47999954223633,6.539999961853027
1788674715498970600,34.402970703125,-27.119998931884766,40.2599983215332,6.420000076293945
1788674715514839800,34.41883984375,-27,40.13999938964844,6.179999828338623
1788674715530708700,34.43470874023438,-27.599998474121094,39.71999740600586,6.839999675750732
1788674715546639000,34.45063916015625,-27.599998474121094,39.599998474121094,7.019999980926514
1788674715562569200,34.4665693359375,-28.19999885559082,39.84000015258789,5.639999866485596
1788674715578438400,34.4824384765625,-27.599998474121094,39.959999084472656,5.339999675750732
1788674715594307600,34.4983076171875,-27.059999465942383,39.36000061035156,5.579999923706055
1788674715610207200,34.514207275390625,-27.599998474121094,39.119998931884766,5.759999752044678
1788674715626076200,34.530076171875,-28.19999885559082,39.65999984741211,5.519999980926514
1788674715641945300,34.5459453125,-28.31999969482422,39.29999923706055,5.039999961853027
1788674715657814500,34.561814453125,-27.65999984741211,39.05999755859375,4.739999771118164
1788674715673622500,34.57762255859375,-28.739999771118164,39.65999984741211,4.739999771118164
1788674715689491700,34.59349169921875,-28.979999542236328,39.779998779296875,5.699999809265137
1788674715699223300,34.60322338867188,-29.459999084472656,39.36000061035156,5.819999694824219
1788674715713383400,34.61738354492188,-29.579999923706055,38.459999084472656,5.279999732971191
1788674715729283000,34.633282958984374,-29.51999855041504,38.040000915527344,4.679999828338623
1788674715745152300,34.64915234375,-29.03999900817871,37.73999786376953,4.559999942779541
1788674715761082400,34.665082275390624,-28.3799991607666,38.7599983215332,4.559999942779541
1788674715777012700,34.6810126953125,-26.579999923706055,40.73999786376953,5.039999961853027
1788674715792820700,34.69682080078125,-25.559999465942383,40.439998626708984,6
1788674715808690000,34.71268994140625,-26.939998626708984,39,5.699999809265137
1788674715824620000,34.7286201171875,-28.31999969482422,38.57999801635742,4.679999828338623
1788674715840519700,34.74451977539063,-28.559999465942383,38.39999771118164,4.559999942779541
1788674715856419300,34.76041943359375,-28.31999969482422,38.040000915527344,5.039999961853027
1788674715872288500,34.77628857421875,-27.899999618530273,37.73999786376953,4.739999771118164
1788674715888188200,34.79218823242188,-28.260000228881836,37.55999755859375,4.799999713897705
1788674715904057300,34.80805737304688,-28.31999969482422,38.57999801635742,4.739999771118164
1788674715919957000,34.82395703125,-28.01999855041504,38.7599983215332,4.5
1788674715935887000,34.83988720703125,-27.479999542236328,37.439998626708984,4.380000114440918
1788674715951756300,34.85575634765625,-27.299999237060547,37.55999755859375,4.019999980926514
1788674715967625500,34.87162548828125,-27.479999542236328,38.57999801635742,4.380000114440918
1788674715983464200,34.88746411132813,-26.279998779296875,39.36000061035156,3.9599997997283936
1788674715999363800,34.90336376953125,-25.619998931884766,39.18000030517578,3.419999837875366
1788674716015294000,34.9192939453125,-25.739999771118164,38.939998626708984,3.9599997997283936
1788674716031102000,34.93510205078125,-26.34000015258789,39.119998931884766,4.319999694824219
1788674716047001600,34.95100170898438,-26.8799991607666,39.36000061035156,4.440000057220459
1788674716062901200,34.9669013671875,-27.059999465942383,39.05999755859375,3.4800000190734863
1788674716078770400,34.9827705078125,-27.18000030517578,38.39999771118164,3.9599997997283936
1788674716094670000,34.99867016601563,-26.81999969482422,37.86000061035156,3.8399999141693115
1788674716110539300,35.01453930664063,-27.059999465942383,37.68000030517578,2.4600000381469727
1788674716126408400,35.03040844726563,-26.69999885559082,37.31999969482422,2.3999998569488525
1788674716142247000,35.046246826171874,-26.939998626708984,37.13999938964844,2.2799999713897705
1788674716158177300,35.06217724609375,-27.479999542236328,37.619998931884766,1.6799999475479126
1788674716174107400,35.078107421875,-26.399999618530273,37.5,1.6799999475479126
1788674716189915400,35.093915283203124,-26.279998779296875,37.20000076293945,2.879999876022339
1788674716205815000,35.10981494140625,-27.059999465942383,37.439998626708984,2.3999998569488525
1788674716221684200,35.12568432617188,-27.119998931884766,37.02000045776367,2.2799999713897705
1788674716237584000,35.141583984375,-26.81999969482422,36.05999755859375,2.759999990463257
1788674716253483500,35.1574833984375,-27.299999237060547,36.23999786376953,2.0399999618530273
1788674716269352700,35.17335278320313,-28.260000228881836,36.23999786376953,2.3399999141693115
1788674716285252400,35.18925244140625,-27.899999618530273,36.18000030517578,3
1788674716301091000,35.20509106445313,-27.899999618530273,35.63999938964844,3.5999999046325684
1788674716317021200,35.22102124023438,-28.3799991607666,34.68000030517578,3.7200000286102295
1788674716332920800,35.2369208984375,-27.65999984741211,34.5,2.93999981880188
1788674716348698400,35.25269848632813,-28.260000228881836,34.79999923706055,2.4600000381469727
1788674716364598000,35.268597900390624,-29.099998474121094,35.099998474121094,2.819999933242798
1788674716380497700,35.28449755859375,-28.979999542236328,34.439998626708984,3.240000009536743
1788674716404332000,35.30833203125,-28.439998626708984,34.07999801635742,3.059999942779541
1788674716420170500,35.32417041015625,-28.01999855041504,33.84000015258789,3.419999837875366
1788674716436131300,35.34013134765625,-28.439998626708984,33.89999771118164,3.8999998569488525
1788674716452031000,35.35603100585938,-29.099998474121094,34.439998626708984,4.380000114440918
1788674716467869700,35.37186962890625,-28.739999771118164,34.55999755859375,3.5999999046325684
1788674716483769300,35.38776928710938,-28.19999885559082,34.20000076293945,3.5999999046325684
1788674716507603500,35.411603515625,-26.939998626708984,35.15999984741211,4.079999923706055
1788674716523442200,35.42744213867188,-25.920000076293945,36.599998474121094,4.679999828338623
1788674716539341800,35.443341796875,-25.68000030517578,36.540000915527344,4.619999885559082
1788674716555241500,35.45924145507813,-25.31999969482422,35.52000045776367,4.019999980926514
1788674716571202000,35.4752021484375,-24.600000381469727,35.7599983215332,3.8999998569488525
1788674716587040800,35.49104077148438,-24.35999870300293,36.65999984741211,3.8999998569488525
1788674716602910000,35.50690991210938,-24.479999542236328,36.18000030517578,3.5999999046325684
1788674716618809600,35.5228095703125,-25.139999389648438,36.29999923706055,3.7200000286102295
1788674716634739700,35.53873974609375,-25.799999237060547,36.47999954223633,3.8399999141693115
1788674716650639400,35.55463940429688,-25.19999885559082,36.119998931884766,4.440000057220459
1788674716666508500,35.57050854492188,-25.01999855041504,36.41999816894531,4.739999771118164
1788674716682408200,35.586408203125,-25.559999465942383,34.91999816894531,4.319999694824219
1788674716698277400,35.60227734375,-26.15999984741211,33.47999954223633,3.8399999141693115
1788674716714177000,35.61817700195313,-26.03999900817871,34.13999938964844,3.179999828338623
1788674716730046200,35.63404614257813,-25.5,35.21999740600586,3.179999828338623
1788674716745854200,35.64985424804688,-24.959999084472656,35.57999801635742,3.5399999618530273
1788674716761723400,35.66572338867188,-24.479999542236328,35.52000045776367,3.299999952316284
1788674716777653500,35.68165356445313,-24.959999084472656,36,2.4600000381469727
1788674716793553200,35.69755322265625,-25.079999923706055,35.57999801635742,2.0999999046325684
1788674716809452800,35.71345288085938,-25.31999969482422,34.2599983215332,2.6399998664855957
1788674716825291500,35.72929150390625,-25.920000076293945,34.02000045776367,2.5199999809265137
1788674716841160700,35.74516064453125,-25.979999542236328,33.779998779296875,1.5
1788674716857029600,35.761029541015624,-26.219999313354492,33.89999771118164,1.1999999284744263
1788674716872960000,35.7769599609375,-26.279998779296875,34.2599983215332,1.1999999284744263
1788674716888859600,35.79285961914063,-26.03999900817871,34.02000045776367,1.1999999284744263
1788674716904728800,35.80872875976563,-25.619998931884766,34.20000076293945,1.3799999952316284
1788674716920567300,35.8245673828125,-25.68000030517578,34.68000030517578,1.9199999570846558
1788674716936436500,35.8404365234375,-25.799999237060547,33.540000915527344,1.3199999332427979
1788674716952366600,35.85636669921875,-26.099998474121094,32.15999984741211,0.11999999731779099
1788674716968296700,35.872296630859374,-26.03999900817871,32.63999938964844,0.05999999865889549
1788674716984074500,35.88807446289063,-26.219999313354492,33.540000915527344,0.29999998211860657
1788674716999974100,35.90397412109375,-26.639999389648438,33.84000015258789,1.1399999856948853
1788674717015843300,35.91984326171875,-26.03999900817871,33.959999084472656,0.7799999713897705
1788674717031804000,35.93580395507813,-25.68000030517578,34.31999969482422,-0.5399999618530273
1788674717047703600,35.95170361328125,-25.19999885559082,34.07999801635742,-0.47999998927116394
1788674717063572700,35.96757275390625,-25.619998931884766,33.29999923706055,-0.47999998927116394
1788674717079472400,35.98347241210938,-26.03999900817871,32.939998626708984,-0.41999998688697815
1788674717095372000,35.9993720703125,-26.219999313354492,32.52000045776367,-0.8399999737739563
1788674717111271700,36.01527172851563,-26.760000228881836,32.040000915527344,-1.3799999952316284
1788674717127171300,36.03117138671875,-26.939998626708984,31.799999237060547,-1.0199999809265137
1788674717143071000,36.04707104492188,-25.739999771118164,31.559999465942383,-0.41999998688697815
1788674717158909700,36.06290966796875,-25.5,32.279998779296875,-0.35999998450279236
1788674717174779000,36.07877880859375,-26.03999900817871,33.119998931884766,-1.0199999809265137
1788674717198582500,36.10258251953125,-25.619998931884766,33.36000061035156,-1.3799999952316284
1788674717214482200,36.11848217773438,-26.219999313354492,32.939998626708984,-0.6599999666213989
1788674717230412300,36.13441235351563,-26.459999084472656,32.57999801635742,0.11999999731779099
1788674717246312000,36.15031201171875,-26.219999313354492,33.05999755859375,-0.11999999731779099
1788674717262120200,36.1661201171875,-25.559999465942383,32.15999984741211,-1.1999999284744263
1788674717277958700,36.18195874023438,-25.31999969482422,32.279998779296875,-1.4399999380111694
1788674717293827800,36.19782788085938,-25.439998626708984,32.880001068115234,-0.47999998927116394
1788674717309697000,36.21369702148438,-25.559999465942383,31.920000076293945,-0.29999998211860657
1788674717325596700,36.2295966796875,-25.739999771118164,31.739999771118164,-0.9599999785423279
1788674717341465900,36.2454658203125,-26.579999923706055,32.70000076293945,-1.0199999809265137
1788674717357335000,36.2613349609375,-27.35999870300293,32.15999984741211,-0.8399999737739563
1788674717373234700,36.27723461914063,-27.239999771118164,31.31999969482422,-0.47999998927116394
1788674717389134300,36.29313427734375,-26.51999855041504,31.739999771118164,-0.41999998688697815
1788674717405064400,36.309064453125,-26.15999984741211,32.459999084472656,-0.29999998211860657
1788674717420903000,36.32490283203125,-25.19999885559082,33.05999755859375,0.17999999225139618
1788674717436802800,36.340802734375,-24.779998779296875,33.41999816894531,0.5399999618530273
1788674717452733000,36.35673291015625,-25.079999923706055,33.959999084472656,0.8999999761581421
1788674717468632600,36.37263256835938,-25.01999855041504,34.13999938964844,1.2599999904632568
1788674717484501800,36.38850170898438,-25.19999885559082,33.47999954223633,1.3799999952316284
1788674717500340200,36.40434033203125,-25.01999855041504,33.779998779296875,1.6200000047683716
1788674717516209400,36.42020947265625,-25.3799991607666,34.380001068115234,1.9199999570846558
1788674717532109000,36.43610913085938,-26.099998474121094,33.84000015258789,1.6200000047683716
1788674717555912700,36.45991259765625,-26.69999885559082,33.599998474121094,1.0199999809265137
1788674717571782000,36.47578198242188,-25.920000076293945,33.779998779296875,1.559999942779541
1788674717587712000,36.4917119140625,-26.399999618530273,34.2599983215332,1.6799999475479126
1788674717603581200,36.50758129882813,-25.619998931884766,35.39999771118164,1.7999999523162842
1788674717619511600,36.52351147460938,-24.059999465942383,36,2.0999999046325684
1788674717635411200,36.5394111328125,-23.939998626708984,35.39999771118164,2.5199999809265137
1788674717651249700,36.55524975585938,-22.85999870300293,35.21999740600586,2.6399998664855957
1788674717667179800,36.5711796875,-23.03999900817871,35.7599983215332,2.1599998474121094
1788674717683049000,36.58704907226563,-23.459999084472656,35.939998626708984,2.2799999713897705
1788674717698887700,36.6028876953125,-24,35.34000015258789,2.3399999141693115
1788674717714787300,36.61878735351563,-24,35.34000015258789,2.0399999618530273
1788674717730687000,36.63468701171875,-23.279998779296875,35.21999740600586,1.7999999523162842
1788674717746586600,36.65058666992188,-24.239999771118164,35.040000915527344,1.1999999284744263
1788674717762455800,36.66645581054688,-25.079999923706055,35.040000915527344,1.559999942779541
1788674717778263800,36.68226391601563,-24.059999465942383,34.86000061035156,2.4600000381469727
1788674717794163500,36.69816357421875,-23.399999618530273,35.040000915527344,2.3999998569488525
1788674717810032600,36.71403271484375,-24.119998931884766,35.040000915527344,2.0399999618530273
1788674717825901800,36.72990185546875,-24.18000030517578,34.79999923706055,1.6200000047683716
1788674717841801500,36.74580151367188,-23.8799991607666,34.619998931884766,1.8600000143051147
1788674717857670700,36.76167065429688,-23.760000228881836,34.439998626708984,2.759999990463257
1788674717873570300,36.7775703125,-24.059999465942383,34.55999755859375,2.5199999809265137
1788674717889439500,36.793439453125,-23.939998626708984,34.439998626708984,2.0399999618530273
1788674717905369600,36.80936962890625,-24.239999771118164,34.02000045776367,1.6799999475479126
1788674717921238800,36.82523876953125,-25.559999465942383,33.779998779296875,1.5
1788674717937108000,36.84110791015625,-25.85999870300293,34.20000076293945,2.3399999141693115
1788674717952977000,36.856976806640624,-25.260000228881836,33.89999771118164,2.819999933242798
1788674717968846000,36.87284619140625,-25.079999923706055,33.89999771118164,3
1788674717984745700,36.88874584960938,-24.65999984741211,34.439998626708984,3.059999942779541
1788674718000645400,36.904645263671874,-23.8799991607666,33.84000015258789,2.4600000381469727
1788674718016484000,36.92048413085938,-24.35999870300293,34.55999755859375,2.0399999618530273
1788674718032353300,36.93635327148438,-25.139999389648438,34.619998931884766,1.6200000047683716
1788674718048283400,36.95228344726563,-25.920000076293945,33.599998474121094,1.5
1788674718064152600,36.96815258789063,-25.68000030517578,33.540000915527344,1.2599999904632568
1788674718080052200,36.98405224609375,-25.439998626708984,33.29999923706055,1.0799999237060547
1788674718095921400,36.99992138671875,-25.739999771118164,33.29999923706055,1.0199999809265137
1788674718111851500,37.0158515625,-25.31999969482422,33.41999816894531,1.3799999952316284
1788674718127751200,37.03175122070313,-25.260000228881836,33.41999816894531,1.6200000047683716
1788674718143681300,37.04768139648438,-25.260000228881836,33.23999786376953,1.2599999904632568
1788674718159611600,37.06361157226563,-25.31999969482422,32.70000076293945,1.0199999809265137
1788674718175450000,37.0794501953125,-25.619998931884766,32.39999771118164,0.7799999713897705
1788674718191319300,37.0953193359375,-25.5,32.57999801635742,0.8399999737739563
1788674718207188500,37.1111884765625,-25.439998626708984,33.29999923706055,1.1999999284744263
1788674718223118600,37.12711865234375,-25.439998626708984,33.959999084472656,1.0799999237060547
1788674718239018200,37.14301831054688,-25.19999885559082,34.02000045776367,0.6599999666213989
1788674718254887400,37.15888745117188,-25.139999389648438,33.89999771118164,0.47999998927116394
1788674718270787000,37.174787109375,-25.5,33.84000015258789,0.47999998927116394
1788674718286656300,37.19065625,-24.899999618530273,33.84000015258789,0.5999999642372131
1788674718302586400,37.20658642578125,-24.899999618530273,33.540000915527344,1.1399999856948853
1788674718326359600,37.23035961914063,-25.619998931884766,33.599998474121094,1.8600000143051147
1788674718342228700,37.24622875976563,-25.439998626708984,33.540000915527344,1.0199999809265137
1788674718358128400,37.26212841796875,-24.779998779296875,33.29999923706055,0.41999998688697815
1788674718374028000,37.27802807617188,-24.899999618530273,33.84000015258789,1.2599999904632568
1788674718389897200,37.29389721679688,-24.959999084472656,33.89999771118164,1.3799999952316284
1788674718405796900,37.309796875,-24.779998779296875,34.13999938964844,0.9599999785423279
1788674718421727000,37.32572705078125,-24.479999542236328,34.13999938964844,1.7999999523162842
1788674718437626600,37.34162670898438,-24,34.02000045776367,1.8600000143051147
1788674718453495800,37.35749584960938,-24.119998931884766,33.779998779296875,1.6200000047683716
1788674718469426000,37.37342602539063,-24.65999984741211,33.89999771118164,2.2799999713897705
1788674718485264600,37.3892646484375,-24.420000076293945,34.380001068115234,3
1788674718501194800,37.40519482421875,-24.059999465942383,33.71999740600586,3.059999942779541
1788674718517094400,37.42109448242188,-24.299999237060547,33.959999084472656,2.819999933242798
1788674718532963600,37.43696362304688,-23.81999969482422,34.55999755859375,3.299999952316284
1788674718548863200,37.45286328125,-24,34.55999755859375,3.5399999618530273
1788674718564732400,37.468732421875,-24.779998779296875,34.07999801635742,4.019999980926514
1788674718580662500,37.48466259765625,-25.68000030517578,34.02000045776367,4.859999656677246
1788674718596592600,37.500592529296874,-26.34000015258789,33.779998779296875,4.739999771118164
1788674718612431400,37.51643139648438,-25.799999237060547,32.939998626708984,4.799999713897705
1788674718628300500,37.53230053710938,-24.84000015258789,33.41999816894531,4.980000019073486
1788674718644200200,37.5482001953125,-24.719999313354492,33.65999984741211,4.5
1788674718660099800,37.56409985351563,-24.899999618530273,33.65999984741211,4.019999980926514
1788674718676060400,37.580060302734374,-24.65999984741211,33.779998779296875,3.059999942779541
1788674718691868700,37.59586865234375,-24.959999084472656,32.880001068115234,3.359999895095825
1788674718707768300,37.61176831054688,-25.19999885559082,32.63999938964844,4.319999694824219
1788674718723637500,37.62763745117188,-25.19999885559082,32.63999938964844,3.8999998569488525
1788674718739537200,37.643537109375,-24.53999900817871,32.880001068115234,3.8399999141693115
1788674718755436800,37.65943676757813,-24.53999900817871,33.71999740600586,4.920000076293945
1788674718771306000,37.67530590820313,-24.84000015258789,33.29999923706055,4.859999656677246
1788674718787205600,37.69120556640625,-24.420000076293945,32.63999938964844,4.139999866485596
1788674718803074600,37.707074462890624,-24.420000076293945,32.939998626708984,3.7200000286102295
1788674718818974200,37.72297412109375,-24.53999900817871,33.36000061035156,3.6599998474121094
1788674718834843400,37.73884350585938,-24.239999771118164,33.540000915527344,4.380000114440918
1788674718850651600,37.75465161132813,-24,33.599998474121094,3.8399999141693115
1788674718866551300,37.77055126953125,-23.639999389648438,34.68000030517578,3.7200000286102295
1788674718882420500,37.78642041015625,-23.459999084472656,34.73999786376953,3.6599998474121094
1788674718898320100,37.80232006835938,-23.8799991607666,34.02000045776367,2.93999981880188
1788674718914219800,37.8182197265625,-23.8799991607666,34.439998626708984,2.759999990463257
1788674718929997300,37.83399731445313,-23.279998779296875,33.959999084472656,2.819999933242798
1788674718945897000,37.84989697265625,-23.459999084472656,33.71999740600586,3.179999828338623
1788674718961796600,37.86579663085938,-23.51999855041504,34.07999801635742,4.139999866485596
1788674718977696300,37.8816962890625,-23.639999389648438,33.89999771118164,4.380000114440918
1788674718993596000,37.89759594726563,-23.760000228881836,33.29999923706055,3.4800000190734863
1788674719009495600,37.91349560546875,-23.279998779296875,33.84000015258789,2.4600000381469727
1788674719025364700,37.92936474609375,-23.459999084472656,33.779998779296875,2.3399999141693115
1788674719041264400,37.94526440429688,-23.639999389648438,33.36000061035156,2.5799999237060547
1788674719057164000,37.9611640625,-23.639999389648438,34.73999786376953,2.93999981880188
1788674719073094100,37.97709423828125,-23.939998626708984,34.86000061035156,2.819999933242798
1788674719088993800,37.99299389648438,-24.600000381469727,33.779998779296875,3.179999828338623
1788674719104893400,38.0088935546875,-24.600000381469727,33.18000030517578,3.119999885559082
1788674719120732200,38.02473217773438,-24.299999237060547,32.7599983215332,2.759999990463257
1788674719136662300,38.04066235351563,-24.779998779296875,32.63999938964844,3.059999942779541
1788674719152531500,38.05653149414063,-24.959999084472656,32.52000045776367,2.5799999237060547
1788674719168400600,38.07240063476563,-24.479999542236328,32.39999771118164,2.5799999237060547
1788674719184239000,38.088239013671874,-24.600000381469727,32.21999740600586,2.3999998569488525
1788674719200138800,38.104138671875,-24.600000381469727,32.34000015258789,2.1599998474121094
1788674719216069000,38.12006909179688,-24.18000030517578,33,1.8600000143051147
1788674719231968800,38.13596875,-23.69999885559082,33,1.7400000095367432
1788674719247868400,38.15186840820313,-23.399999618530273,33.18000030517578,1.559999942779541
1788674719263737600,38.16773754882813,-22.5,33.89999771118164,1.9199999570846558
1788674719279637200,38.18363720703125,-22.31999969482422,34.07999801635742,1.7999999523162842
1788674719295537000,38.19953686523438,-23.639999389648438,33.65999984741211,1.7400000095367432
1788674719311436500,38.2154365234375,-23.81999969482422,33.23999786376953,2.1599998474121094
1788674719327305700,38.2313056640625,-22.739999771118164,33.36000061035156,2.0399999618530273
1788674719343205400,38.24720532226563,-22.020000457763672,33.540000915527344,1.6200000047683716
1788674719359166000,38.263166015625,-21.420000076293945,34.439998626708984,1.559999942779541
1788674719375065600,38.27906567382813,-21.479999542236328,34.31999969482422,2.0399999618530273
1788674719390965200,38.29496533203125,-22.020000457763672,34.2599983215332,1.9799998998641968
1788674719406834400,38.31083447265625,-21.959999084472656,34.20000076293945,1.8600000143051147
1788674719422703600,38.32670361328125,-22.079999923706055,34.02000045776367,1.3799999952316284
1788674719438633700,38.3426337890625,-22.739999771118164,34.31999969482422,2.0999999046325684
1788674719454563800,38.358563720703124,-22.739999771118164,34.07999801635742,2.6399998664855957
1788674719470463500,38.37446337890625,-22.85999870300293,33.89999771118164,2.3999998569488525
1788674719486332700,38.39033276367188,-22.920000076293945,33.599998474121094,2.0999999046325684
1788674719502262800,38.4062626953125,-23.279998779296875,32.70000076293945,2.2799999713897705
1788674719518132000,38.42213208007813,-23.399999618530273,32.459999084472656,3.299999952316284
1788674719534031600,38.438031494140624,-23.219999313354492,33,3.4800000190734863
1788674719549931300,38.45393115234375,-24.18000030517578,32.939998626708984,3.4800000190734863
1788674719565770000,38.46977001953125,-24.84000015258789,32.880001068115234,2.6399998664855957
1788674719581639200,38.48563916015625,-24.299999237060547,32.81999969482422,2.4600000381469727
1788674719597508400,38.50150830078125,-23.279998779296875,32.57999801635742,3.4800000190734863
1788674719613408000,38.51740795898438,-22.619998931884766,33,3.8999998569488525
1788674719629338000,38.53333813476563,-22.439998626708984,32.880001068115234,4.019999980926514
1788674719645146000,38.54914599609375,-22.68000030517578,32.70000076293945,3.8999998569488525
1788674719661015300,38.56501538085938,-22.19999885559082,33.23999786376953,4.079999923706055
1788674719676915000,38.5809150390625,-22.139999389648438,33.18000030517578,4.319999694824219
1788674719692845000,38.596844970703124,-22.5,32.81999969482422,4.799999713897705
1788674719708775400,38.612775390625,-22.799999237060547,32.15999984741211,4.859999656677246
1788674719724583400,38.62858349609375,-22.3799991607666,31.979999542236328,4.619999885559082
1788674719740452600,38.64445263671875,-21.84000015258789,32.459999084472656,5.099999904632568
1788674719756321800,38.66032177734375,-22.020000457763672,32.70000076293945,5.099999904632568
1788674719772252000,38.676251953125,-21.420000076293945,33,4.139999866485596
1788674719788151600,38.69215161132813,-21.299999237060547,33.119998931884766,4.319999694824219
1788674719803990300,38.707990234375,-21,32.39999771118164,4.199999809265137
1788674719819920400,38.72392041015625,-21.059999465942383,31.979999542236328,4.139999866485596
1788674719835759000,38.73975903320313,-21.600000381469727,32.279998779296875,4.079999923706055
1788674719851689200,38.75568920898438,-21.479999542236328,32.7599983215332,4.139999866485596
1788674719867558400,38.77155834960938,-20.939998626708984,33.119998931884766,4.679999828338623
1788674719883396900,38.78739697265625,-21.18000030517578,33.23999786376953,4.139999866485596
1788674719899266000,38.80326611328125,-22.439998626708984,33.599998474121094,3.7799999713897705
1788674719915135200,38.81913525390625,-22.19999885559082,33.18000030517578,3.8399999141693115
1788674719931035000,38.83503491210938,-21.600000381469727,32.279998779296875,3.8399999141693115
1788674719946934500,38.8509345703125,-22.260000228881836,33,4.019999980926514
1788674719962773200,38.86677319335938,-22.5,32.81999969482422,3.5999999046325684
1788674719978703400,38.88270336914063,-21.479999542236328,31.5,2.93999981880188
1788674719994572500,38.89857250976563,-20.939998626708984,31.559999465942383,3.119999885559082
1788674720010472200,38.91447216796875,-21.299999237060547,32.099998474121094,3.4800000190734863
1788674720026432800,38.93043286132813,-21.959999084472656,32.040000915527344,3.7799999713897705
1788674720042241000,38.94624096679688,-22.3799991607666,31.739999771118164,3.5399999618530273
1788674720058140700,38.962140625,-21.899999618530273,32.099998474121094,3.240000009536743
1788674720074070800,38.97807080078125,-21.65999984741211,31.920000076293945,3.179999828338623
1788674720089970400,38.99397045898438,-22.020000457763672,32.040000915527344,3.419999837875366
1788674720105839600,39.00983959960938,-22.020000457763672,32.040000915527344,3.8999998569488525
1788674720121647600,39.02564770507813,-21.53999900817871,31.5,3.8399999141693115
1788674720137516800,39.04151684570313,-21.119998931884766,31.439998626708984,3.8999998569488525
1788674720153386000,39.05738598632813,-21.35999870300293,31.559999465942383,3.419999837875366
1788674720169316000,39.07331616210938,-21,31.19999885559082,2.6399998664855957
1788674720185215700,39.0892158203125,-20.459999084472656,31.079999923706055,2.5199999809265137
1788674720201085000,39.1050849609375,-21.119998931884766,31.85999870300293,2.700000047683716
1788674720216984600,39.12098461914063,-21.959999084472656,31.85999870300293,1.8600000143051147
1788674720232853800,39.13685375976563,-22.31999969482422,31.3799991607666,1.2599999904632568
1788674720248784000,39.15278393554688,-22.3799991607666,31.67999839782715,1.6799999475479126
1788674720264683500,39.16868359375,-22.139999389648438,32.15999984741211,1.3199999332427979
1788674720280552700,39.184552734375,-21.600000381469727,31.979999542236328,0.5999999642372131
1788674720296452400,39.20045239257813,-21.18000030517578,31.85999870300293,1.3199999332427979
1788674720312321500,39.21632153320313,-20.639999389648438,32.279998779296875,1.7400000095367432
1788674720328251600,39.23225170898438,-19.739999771118164,32.7599983215332,1.1999999284744263
1788674720344151300,39.2481513671875,-19.439998626708984,33.41999816894531,1.0799999237060547
1788674720360020500,39.2640205078125,-19.559999465942383,33.540000915527344,0.47999998927116394
1788674720375920000,39.27992016601563,-19.260000228881836,32.52000045776367,0.29999998211860657
1788674720391789300,39.29578930664063,-19.19999885559082,32.81999969482422,0.11999999731779099
1788674720407719400,39.31171948242188,-18.719999313354492,33.47999954223633,-0.35999998450279236
1788674720423619000,39.327619140625,-18.779998779296875,33.89999771118164,-0.5399999618530273
1788674720447422700,39.351422607421874,-19.619998931884766,33.540000915527344,0.29999998211860657
1788674720463322400,39.367322265625,-19.139999389648438,33.18000030517578,0.47999998927116394
1788674720479283200,39.383283203125,-19.020000457763672,33,0.47999998927116394
1788674720495152400,39.39915234375,-19.020000457763672,33.119998931884766,0.11999999731779099
1788674720511052000,39.41505200195313,-18.899999618530273,33.540000915527344,-0.17999999225139618
1788674720526951700,39.43095166015625,-19.020000457763672,33,0.35999998450279236
1788674720542851300,39.44685131835938,-19.19999885559082,32.7599983215332,0.17999999225139618
1788674720558689800,39.462689697265624,-19.5,33.71999740600586,0.29999998211860657
1788674720574559000,39.47855908203125,-19.979999542236328,33.71999740600586,0.5399999618530273
1788674720590458600,39.49445874023438,-19.3799991607666,33.05999755859375,0.23999999463558197
1788674720606389000,39.51038891601563,-19.3799991607666,33.23999786376953,0.8399999737739563
1788674720622258000,39.5262578125,-19.68000030517578,33.47999954223633,0.6599999666213989
1788674720638157600,39.542157470703124,-19.979999542236328,32.939998626708984,0.47999998927116394
1788674720653996300,39.55799633789063,-20.579999923706055,32.63999938964844,1.3799999952316284
1788674720669896000,39.57389599609375,-20.279998779296875,33.47999954223633,1.9199999570846558
1788674720685826000,39.589825927734374,-19.920000076293945,34.07999801635742,2.759999990463257
1788674720701725700,39.6057255859375,-19.619998931884766,34.13999938964844,3
1788674720717503500,39.62150341796875,-19.3799991607666,34.31999969482422,3.059999942779541
1788674720733403100,39.63740307617188,-19.079999923706055,34.2599983215332,3.5999999046325684
1788674720749272000,39.65327197265625,-19.139999389648438,33.84000015258789,4.019999980926514
1788674720765202400,39.66920239257813,-19.079999923706055,33.65999984741211,4.380000114440918
1788674720781102000,39.68510205078125,-19.31999969482422,33.540000915527344,4.139999866485596
1788674720796910000,39.70091015625,-19.68000030517578,33.599998474121094,3.5999999046325684
1788674720812809700,39.71680981445313,-19.139999389648438,34.07999801635742,3.4800000190734863
1788674720828679000,39.73267895507813,-19.19999885559082,34.13999938964844,3.7200000286102295
1788674720844578600,39.74857861328125,-19.020000457763672,33.05999755859375,4.440000057220459
1788674720860417300,39.76441723632813,-18.899999618530273,33.36000061035156,4.799999713897705
1788674720876255700,39.780255859375,-18.959999084472656,34.13999938964844,4.980000019073486
1788674720892155400,39.7961552734375,-18.479999542236328,33.959999084472656,4.859999656677246
1788674720908024600,39.81202465820313,-18.600000381469727,34.07999801635742,4.679999828338623
1788674720923924200,39.82792431640625,-19.079999923706055,34.31999969482422,5.400000095367432
1788674720939763000,39.84376293945313,-19.619998931884766,34.380001068115234,5.339999675750732
1788674720955632000,39.85963208007813,-19.799999237060547,34.13999938964844,5.579999923706055
1788674720971531800,39.87553173828125,-18.84000015258789,34.55999755859375,6
1788674720987401000,39.89140087890625,-18.119998931884766,34.439998626708984,5.460000038146973
1788674721003300600,39.90730053710938,-18.719999313354492,33.779998779296875,5.400000095367432
1788674721019200300,39.9232001953125,-19.020000457763672,34.13999938964844,5.819999694824219
1788674721035069200,39.939069091796874,-18.299999237060547,34.07999801635742,5.579999923706055
1788674721050968800,39.95496875,-18.18000030517578,33.36000061035156,5.759999752044678
1788674721066807600,39.9708076171875,-18.35999870300293,33.18000030517578,6.599999904632568
1788674721082707200,39.98670727539063,-18.299999237060547,34.13999938964844,7.079999923706055
1788674721098606800,40.00260693359375,-17.8799991607666,34.86000061035156,6.480000019073486
1788674721114476000,40.01847607421875,-17.760000228881836,34.07999801635742,5.940000057220459
1788674721130345200,40.03434521484375,-17.639999389648438,33.540000915527344,6.179999828338623
1788674721146244900,40.05024487304688,-17.219999313354492,33.84000015258789,5.819999694824219
1788674721162175000,40.06617504882813,-18.18000030517578,34.02000045776367,6
1788674721178074600,40.08207470703125,-18.479999542236328,33.959999084472656,6.239999771118164
1788674721193943800,40.09794384765625,-17.639999389648438,34.439998626708984,6.119999885559082
1788674721209813000,40.11381298828125,-17.100000381469727,34.97999954223633,6.299999713897705
1788674721225743000,40.1297431640625,-17.279998779296875,34.97999954223633,5.940000057220459
1788674721241642800,40.14564282226563,-17.100000381469727,34.97999954223633,5.759999752044678
1788674721257512000,40.16151196289063,-16.68000030517578,35.34000015258789,6.119999885559082
1788674721273381000,40.17738110351563,-17.15999984741211,35.279998779296875,6.119999885559082
1788674721289280800,40.19328076171875,-17.579999923706055,34.91999816894531,5.519999980926514
1788674721305150000,40.20914990234375,-17.399999618530273,35.15999984741211,6.059999942779541
1788674721321049600,40.22504956054688,-16.85999870300293,35.15999984741211,6.659999847412109
1788674721337010200,40.24101025390625,-16.979999542236328,35.15999984741211,5.460000038146973
1788674721352818400,40.256818359375,-17.34000015258789,35.099998474121094,5.039999961853027
1788674721368718000,40.27271801757813,-16.920000076293945,35.39999771118164,5.699999809265137
1788674721384556500,40.288556640625,-17.100000381469727,35.7599983215332,5.400000095367432
1788674721400486700,40.304486572265624,-17.940000534057617,35.459999084472656,5.21999979019165
1788674721416355800,40.32035595703125,-16.979999542236328,35.34000015258789,5.759999752044678
1788674721432164000,40.3361640625,-16.19999885559082,36.23999786376953,5.460000038146973
1788674721448063700,40.35206372070313,-16.619998931884766,36.47999954223633,5.099999904632568
1788674721463871700,40.36787182617188,-16.19999885559082,35.57999801635742,5.279999732971191
1788674721479771400,40.383771484375,-16.3799991607666,35.939998626708984,4.799999713897705
1788674721495671000,40.39967114257813,-16.739999771118164,36.65999984741211,4.980000019073486
1788674721511509800,40.415509765625,-16.559999465942383,36.65999984741211,6.239999771118164
1788674721527501000,40.4315009765625,-16.739999771118164,36.36000061035156,6.059999942779541
1788674721543370000,40.447369873046874,-16.739999771118164,36.23999786376953,5.159999847412109
1788674721559269600,40.46326953125,-16.5,36.599998474121094,4.559999942779541
1788674721575230500,40.47923046875,-16.739999771118164,37.380001068115234,4.5
1788674721591038500,40.49503857421875,-17.100000381469727,37.380001068115234,5.21999979019165
1788674721606938000,40.51093823242188,-16.979999542236328,36.89999771118164,5.339999675750732
1788674721622807300,40.52680737304688,-17.100000381469727,36.599998474121094,5.699999809265137
1788674721638737400,40.5427373046875,-17.639999389648438,36.36000061035156,5.699999809265137
1788674721654637000,40.558636962890624,-17.639999389648438,36.47999954223633,6.119999885559082
1788674721670506200,40.57450634765625,-18.479999542236328,36.18000030517578,6.299999713897705
1788674721686406000,40.59040600585938,-18.959999084472656,35.459999084472656,6.539999961853027
1788674721702275000,40.60627514648438,-18.18000030517578,36.05999755859375,7.440000057220459
1788674721718174700,40.6221748046875,-18.779998779296875,36.959999084472656,7.739999771118164
1788674721734104800,40.638104736328124,-18.959999084472656,36.47999954223633,8.399999618530273
1788674721749913000,40.6539130859375,-17.8799991607666,36.959999084472656,8.579999923706055
1788674721765751600,40.66975146484375,-18.059999465942383,37.02000045776367,8.699999809265137
1788674721781620700,40.68562084960938,-18.53999900817871,35.939998626708984,8.639999389648438
1788674721797551000,40.70155102539063,-18.479999542236328,35.939998626708984,9.119999885559082
1788674721813450800,40.71745068359375,-18.479999542236328,35.21999740600586,10.260000228881836
1788674721829289200,40.73328930664063,-18.959999084472656,35.099998474121094,10.559999465942383
1788674721845219300,40.74921923828125,-19.19999885559082,36.18000030517578,10.4399995803833
1788674721861088500,40.76508862304688,-18.899999618530273,35.939998626708984,10.199999809265137
1788674721876988200,40.78098828125,-19.020000457763672,35.040000915527344,10.319999694824219
1788674721892887800,40.7968876953125,-18.719999313354492,35.57999801635742,10.800000190734863
1788674721908726500,40.8127265625,-18.18000030517578,36.41999816894531,11.639999389648438
1788674721924595700,40.828595703125,-18.420000076293945,36.84000015258789,11.819999694824219
1788674721940434200,40.84443408203125,-18.84000015258789,36.36000061035156,10.979999542236328
1788674721956333800,40.860333740234374,-19.19999885559082,35.939998626708984,10.979999542236328
1788674721972233500,40.8762333984375,-18.959999084472656,36,11.09999942779541
1788674721988072200,40.892072265625,-18.600000381469727,36,11.09999942779541
1788674722003971800,40.90797192382813,-18.779998779296875,36.23999786376953,11.639999389648438
1788674722019841000,40.92384106445313,-19.439998626708984,36.29999923706055,11.819999694824219
1788674722035740700,40.93974072265625,-19.739999771118164,36.05999755859375,11.519999504089355
1788674722051640300,40.95564038085938,-19.31999969482422,36.05999755859375,12.239999771118164
1788674722067509500,40.97150952148438,-18.959999084472656,36.540000915527344,12.59999942779541
1788674722083409200,40.9874091796875,-19.079999923706055,36.540000915527344,12.239999771118164
1788674722099278300,41.0032783203125,-18.779998779296875,36.41999816894531,12.65999984741211
1788674722115178000,41.01917797851563,-18.600000381469727,35.57999801635742,12.65999984741211
1788674722131138600,41.035138671875,-19.260000228881836,35.57999801635742,12.059999465942383
1788674722146977300,41.05097729492188,-19.5,36.29999923706055,12.59999942779541
1788674722162907400,41.06690747070313,-20.579999923706055,35.52000045776367,13.019999504089355
1788674722178868200,41.0828681640625,-21.600000381469727,34.91999816894531,12.719999313354492
1788674722194737200,41.098737060546874,-21.35999870300293,34.68000030517578,12.719999313354492
1788674722210667500,41.11466748046875,-21.779998779296875,34.619998931884766,12.59999942779541
1788674722226506000,41.13050610351563,-21.600000381469727,34.619998931884766,12.059999465942383
1788674722242375200,41.14637524414063,-21.059999465942383,35.15999984741211,11.880000114440918
1788674722258274800,41.16227490234375,-20.939998626708984,35.7599983215332,12.479999542236328
1788674722274205000,41.178204833984374,-20.459999084472656,36.36000061035156,12.960000038146973
1788674722290104600,41.1941044921875,-20.15999984741211,36.84000015258789,13.139999389648438
1788674722305973800,41.20997387695313,-19.68000030517578,36.65999984741211,13.019999504089355
1788674722321843000,41.22584301757813,-20.219999313354492,36.05999755859375,12.300000190734863
1788674722337742600,41.24174267578125,-20.520000457763672,35.279998779296875,10.979999542236328
1788674722353672700,41.257672607421874,-20.219999313354492,35.040000915527344,11.75999927520752
1788674722369542000,41.2735419921875,-21,35.15999984741211,12.119999885559082
1788674722385441500,41.28944165039063,-20.579999923706055,35.279998779296875,11.639999389648438
1788674722401280300,41.3052802734375,-20.399999618530273,35.7599983215332,12.479999542236328
1788674722417149400,41.3211494140625,-20.81999969482422,36.540000915527344,12.539999961853027
1788674722433079600,41.33707958984375,-20.459999084472656,36.65999984741211,12.059999465942383
1788674722448948700,41.35294873046875,-20.100000381469727,36.119998931884766,11.460000038146973
1788674722464756700,41.3687568359375,-19.559999465942383,35.81999969482422,11.039999961853027
1788674722480656400,41.38465649414063,-19.68000030517578,36.05999755859375,10.619999885559082
1788674722496525600,41.40052563476563,-19.979999542236328,36.119998931884766,10.380000114440918
1788674722512425200,41.41642529296875,-19.979999542236328,36.71999740600586,11.09999942779541
1788674722528324900,41.43232495117188,-19.920000076293945,36.779998779296875,10.679999351501465
1788674722544163600,41.44816357421875,-19.920000076293945,36.71999740600586,10.559999465942383
1788674722560063200,41.46406323242188,-19.979999542236328,36.89999771118164,10.739999771118164
1788674722575932400,41.47993237304688,-19.3799991607666,36.540000915527344,10.679999351501465
1788674722591832000,41.49583203125,-19.5,36.119998931884766,10.979999542236328
1788674722607762200,41.51176220703125,-20.15999984741211,36.41999816894531,11.34000015258789
1788674722623539700,41.52753979492188,-20.219999313354492,37.02000045776367,11.819999694824219
1788674722639409000,41.54340893554688,-20.100000381469727,36.71999740600586,12.359999656677246
1788674722655278000,41.55927807617188,-19.85999870300293,36.71999740600586,11.9399995803833
1788674722671208200,41.57520825195313,-19.799999237060547,37.439998626708984,11.34000015258789
1788674722687107800,41.59110791015625,-20.34000015258789,37.2599983215332,11.579999923706055
1788674722702977000,41.60697705078125,-20.939998626708984,36.41999816894531,11.880000114440918
1788674722718846200,41.62284619140625,-21,36.29999923706055,12.059999465942383
1788674722734745900,41.63874584960938,-20.760000228881836,35.939998626708984,11.75999927520752
1788674722750645500,41.6546455078125,-20.8799991607666,35.34000015258789,11.880000114440918
1788674722766575600,41.67057568359375,-21.299999237060547,35.34000015258789,12.539999961853027
1788674722782444800,41.68644482421875,-20.81999969482422,35.7599983215332,12.779999732971191
1788674722798314000,41.70231396484375,-21.059999465942383,35.57999801635742,12.539999961853027
1788674722814183200,41.71818310546875,-21.239999771118164,35.459999084472656,12.420000076293945
1788674722830082800,41.73408276367188,-21.299999237060547,36.36000061035156,12.479999542236328
1788674722845982500,41.749982421875,-21.84000015258789,36.41999816894531,13.199999809265137
1788674722861851400,41.765851318359374,-21.84000015258789,35.70000076293945,13.319999694824219
1788674722877690000,41.78169018554688,-21.35999870300293,34.73999786376953,12.899999618530273
1788674722893559300,41.79755932617188,-20.8799991607666,34.619998931884766,13.319999694824219
1788674722909489400,41.81348950195313,-21,35.34000015258789,14.34000015258789
1788674722925419500,41.82941943359375,-20.939998626708984,35.39999771118164,15
1788674722941227800,41.84522778320313,-19.739999771118164,36.36000061035156,14.399999618530273
1788674722957097000,41.86109692382813,-19.31999969482422,37.13999938964844,13.679999351501465
1788674722972935400,41.876935302734374,-20.219999313354492,36.779998779296875,13.679999351501465
1788674722988835000,41.8928349609375,-19.979999542236328,36.23999786376953,14.09999942779541
1788674723004704300,41.90870434570313,-19.3799991607666,36.23999786376953,13.979999542236328
1788674723020543000,41.92454296875,-19.439998626708984,36.65999984741211,13.979999542236328
1788674723036412200,41.940412109375,-19.979999542236328,36.41999816894531,13.979999542236328
1788674723052281000,41.956281005859374,-20.81999969482422,36.05999755859375,13.319999694824219
1788674723068211500,41.97221142578125,-20.520000457763672,36.29999923706055,13.139999389648438
1788674723084141600,41.9881416015625,-20.15999984741211,36,13.4399995803833
1788674723099949600,42.003949462890624,-20.579999923706055,35.70000076293945,13.5
1788674723115818800,42.01981884765625,-20.81999969482422,36,13.679999351501465
1788674723131688000,42.03568798828125,-21.059999465942383,35.939998626708984,13.4399995803833
1788674723147618000,42.0516181640625,-21.239999771118164,36.05999755859375,12.960000038146973
1788674723163517700,42.067517578125,-20.81999969482422,36.36000061035156,13.859999656677246
1788674723179326000,42.08332592773438,-20.34000015258789,36.71999740600586,13.25999927520752
1788674723195164400,42.099164306640624,-21.18000030517578,36.540000915527344,12.059999465942383
1788674723211033600,42.11503369140625,-21.719999313354492,36.599998474121094,12.420000076293945
1788674723226933200,42.13093334960938,-21.239999771118164,36.05999755859375,12.899999618530273
1788674723242802400,42.14680249023438,-21.059999465942383,35.099998474121094,13.380000114440918
1788674723258641200,42.16264111328125,-22.020000457763672,35.34000015258789,12.84000015258789
1788674723274510300,42.17851025390625,-22.559999465942383,35.939998626708984,12.059999465942383
1788674723290379300,42.194379150390624,-22.619998931884766,36.05999755859375,12.059999465942383
1788674723306309600,42.2103095703125,-22.3799991607666,36.29999923706055,11.9399995803833
1788674723322209300,42.22620922851563,-21.299999237060547,36.89999771118164,11.699999809265137
1788674723338078200,42.242078125,-20.81999969482422,36.89999771118164,11.880000114440918
1788674723353977900,42.257977783203124,-21.18000030517578,36.71999740600586,11.519999504089355
1788674723369847000,42.273846923828124,-21.299999237060547,36.47999954223633,11.039999961853027
1788674723385777400,42.28977734375,-21.959999084472656,36.18000030517578,11.579999923706055
1788674723401677000,42.30567700195313,-21.959999084472656,36.65999984741211,11.15999984741211
1788674723417546000,42.3215458984375,-21.959999084472656,37.380001068115234,10.199999809265137
1788674723433415200,42.33741528320313,-21.779998779296875,37.380001068115234,10.4399995803833
1788674723449314800,42.353314697265624,-20.639999389648438,37.13999938964844,10.019999504089355
1788674723465214500,42.36921435546875,-21,37.439998626708984,9.960000038146973
1788674723481114000,42.385114013671874,-21.53999900817871,37.619998931884766,10.979999542236328
1788674723496983300,42.4009833984375,-21.84000015258789,37.73999786376953,10.559999465942383
1788674723512822000,42.41682202148438,-20.69999885559082,38.040000915527344,10.139999389648438
1788674723528752000,42.43275219726563,-19.85999870300293,37.86000061035156,9.960000038146973
1788674723544651800,42.44865185546875,-20.399999618530273,38.099998474121094,10.319999694824219
1788674723560551400,42.46455151367188,-20.81999969482422,38.099998474121094,10.800000190734863
1788674723576420600,42.48042065429688,-21.059999465942383,37.79999923706055,10.619999885559082
1788674723592320300,42.4963203125,-21.299999237060547,37.73999786376953,10.139999389648438
1788674723608189400,42.512189453125,-20.8799991607666,37.73999786376953,10.319999694824219
1788674723624089000,42.52808911132813,-20.279998779296875,37.79999923706055,10.619999885559082
1788674723639958300,42.54395825195313,-20.579999923706055,37.91999816894531,10.319999694824219
1788674723655766300,42.55976635742188,-20.219999313354492,37.86000061035156,10.139999389648438
1788674723671666000,42.575666015625,-20.579999923706055,37.91999816894531,10.260000228881836
1788674723687535000,42.59153515625,-21.420000076293945,38.21999740600586,10.859999656677246
1788674723703465200,42.60746533203125,-21.18000030517578,38.279998779296875,10.679999351501465
1788674723719364900,42.62336474609375,-21.600000381469727,38.52000045776367,10.4399995803833
1788674723735173000,42.63917309570313,-21.899999618530273,38.52000045776367,10.679999351501465
1788674723751042300,42.65504223632813,-22.139999389648438,38.39999771118164,10.739999771118164
1788674723766942000,42.67094189453125,-22.85999870300293,38.57999801635742,10.619999885559082
1788674723782872000,42.6868720703125,-21.899999618530273,38.39999771118164,10.739999771118164
1788674723798771700,42.70277172851563,-21.239999771118164,38.040000915527344,11.34000015258789
1788674723814641000,42.71864086914063,-22.19999885559082,37.86000061035156,11.880000114440918
1788674723830540500,42.73454052734375,-23.219999313354492,38.21999740600586,11.399999618530273
1788674723846470700,42.750470703125,-23.219999313354492,38.52000045776367,12.059999465942383
1788674723862370300,42.76637036132813,-23.51999855041504,38.21999740600586,12.65999984741211
1788674723878239500,42.78223950195313,-22.739999771118164,37.380001068115234,11.9399995803833
1788674723894108700,42.79810864257813,-22.260000228881836,37.31999969482422,12
1788674723910008300,42.81400830078125,-23.100000381469727,38.21999740600586,11.880000114440918
1788674723925877500,42.82987744140625,-23.34000015258789,37.79999923706055,12.239999771118164
1788674723941777200,42.84577709960938,-23.51999855041504,37.439998626708984,12.300000190734863
1788674723957676800,42.8616767578125,-23.459999084472656,37.68000030517578,12.119999885559082
1788674723973607000,42.87760693359375,-22.979999542236328,37.79999923706055,12.359999656677246
1788674723989476000,42.89347607421875,-23.51999855041504,37.439998626708984,12.300000190734863
1788674724005314600,42.909314453125,-23.639999389648438,37.68000030517578,12.059999465942383
1788674724021214200,42.925214111328124,-23.100000381469727,37.619998931884766,12.119999885559082
1788674724037113900,42.94111376953125,-23.760000228881836,36.89999771118164,12.359999656677246
1788674724052983000,42.95698315429688,-24,37.439998626708984,12.420000076293945
1788674724068852200,42.97285229492188,-23.579999923706055,38.099998474121094,12.300000190734863
1788674724084691000,42.98869091796875,-23.8799991607666,37.5,12.539999961853027
1788674724100621000,43.00462109375,-24.719999313354492,38.279998779296875,12.59999942779541
1788674724116490200,43.020490234375,-24.84000015258789,37.68000030517578,12.119999885559082
1788674724132328700,43.03632861328125,-25.139999389648438,36.119998931884766,11.75999927520752
1788674724148198000,43.05219799804688,-24.84000015258789,36.84000015258789,11.9399995803833
1788674724164097500,43.06809765625,-24.239999771118164,38.21999740600586,12.359999656677246
1788674724179997200,43.0839970703125,-24.719999313354492,38.279998779296875,12.239999771118164
1788674724195896800,43.099896728515624,-24.53999900817871,37.13999938964844,11.880000114440918
1788674724211766000,43.11576611328125,-25.19999885559082,37.439998626708984,11.579999923706055
1788674724227635200,43.13163525390625,-26.15999984741211,37.20000076293945,11.460000038146973
1788674724243534800,43.14753491210938,-25.920000076293945,37.02000045776367,11.639999389648438
1788674724259434500,43.1634345703125,-26.03999900817871,37.86000061035156,12.179999351501465
1788674724275334100,43.17933422851563,-26.399999618530273,38.34000015258789,11.9399995803833
1788674724291203300,43.19520336914063,-26.639999389648438,37.380001068115234,11.9399995803833
1788674724307072500,43.21107250976563,-26.8799991607666,36.540000915527344,12.300000190734863
1788674724322911000,43.226910888671874,-27.53999900817871,36.29999923706055,11.279999732971191
1788674724338810600,43.242810546875,-27.719999313354492,36.23999786376953,10.739999771118164
1788674724354679800,43.2586796875,-27.239999771118164,37.5,10.4399995803833
1788674724370549000,43.27454907226563,-26.69999885559082,38.81999969482422,10.859999656677246
1788674724386418200,43.29041821289063,-26.279998779296875,38.939998626708984,10.979999542236328
1788674724402287400,43.30628735351563,-26.34000015258789,37.79999923706055,10.4399995803833
1788674724418217500,43.32221752929688,-26.8799991607666,36.779998779296875,10.559999465942383
1788674724434117000,43.3381171875,-27.119998931884766,36.779998779296875,9.84000015258789
1788674724449986300,43.353986328125,-27.299999237060547,36.540000915527344,9.119999885559082
1788674724465886000,43.36988598632813,-28.139999389648438,36.599998474121094,8.9399995803833
1788674724481755100,43.38575512695313,-28.079999923706055,36.959999084472656,8.460000038146973
1788674724497685200,43.40168530273438,-27.35999870300293,37.13999938964844,8.819999694824219
1788674724513585000,43.4175849609375,-27.84000015258789,38.040000915527344,9.119999885559082
1788674724529454000,43.4334541015625,-27.420000076293945,38.279998779296875,9.359999656677246
1788674724545353700,43.44935375976563,-27.719999313354492,38.39999771118164,9.719999313354492
1788674724561223000,43.46522290039063,-27,38.87999725341797,9.539999961853027
1788674724577122600,43.48112255859375,-25.979999542236328,38.52000045776367,9.059999465942383
1788674724593052700,43.497052734375,-26.639999389648438,37.91999816894531,9.300000190734863
1788674724608921900,43.512921875,-26.279998779296875,38.39999771118164,9.84000015258789
1788674724624821500,43.52882153320313,-26.279998779296875,39.23999786376953,9.420000076293945
1788674724640721200,43.54472119140625,-26.099998474121094,39.18000030517578,9.179999351501465
1788674724656651300,43.5606513671875,-26.279998779296875,39.18000030517578,9
1788674724672551000,43.57655102539063,-27.35999870300293,39,9.179999351501465
1788674724688450600,43.592450439453124,-26.760000228881836,38.939998626708984,9
1788674724704319700,43.60831982421875,-26.03999900817871,39.29999923706055,8.9399995803833
1788674724720219400,43.62421948242188,-26.459999084472656,39,10.139999389648438
1788674724736149500,43.6401494140625,-27.059999465942383,38.87999725341797,9.960000038146973
1788674724752018700,43.65601879882813,-27.53999900817871,39.36000061035156,9.300000190734863
1788674724767857400,43.671857421875,-27.53999900817871,39.41999816894531,10.139999389648438
1788674724783726600,43.6877265625,-27.65999984741211,38.81999969482422,10.559999465942383
1788674724799626200,43.70362622070313,-27.899999618530273,38.39999771118164,10.800000190734863
1788674724815556400,43.71955639648438,-28.139999389648438,38.34000015258789,10.800000190734863
1788674724831456000,43.7354560546875,-28.079999923706055,38.70000076293945,10.739999771118164
1788674724847325200,43.7513251953125,-27.599998474121094,38.34000015258789,11.219999313354492
1788674724863224800,43.76722485351563,-27.959999084472656,37.68000030517578,11.639999389648438
1788674724879094000,43.78309399414063,-28.920000076293945,37.2599983215332,11.75999927520752
1788674724895024000,43.79902416992188,-28.799999237060547,37.439998626708984,12.239999771118164
1788674724910923800,43.814923828125,-28.439998626708984,38.21999740600586,12.779999732971191
1788674724926762500,43.83076245117188,-28.979999542236328,38.39999771118164,12.960000038146973
1788674724942662100,43.846662109375,-29.459999084472656,38.099998474121094,13.25999927520752
1788674724958531300,43.86253125,-28.799999237060547,37.31999969482422,13.4399995803833
1788674724974431000,43.87843090820313,-28.5,37.439998626708984,13.799999237060547
1788674724990361000,43.89436108398438,-29.939998626708984,37.619998931884766,13.199999809265137
1788674725006138600,43.910138671875,-29.579999923706055,36.47999954223633,12.899999618530273
1788674725022007800,43.9260078125,-29.219999313354492,36.47999954223633,13.619999885559082
1788674725037877000,43.941876953125,-29.579999923706055,36.89999771118164,14.09999942779541
1788674725053776600,43.95777661132813,-29.279998779296875,36.29999923706055,14.519999504089355
1788674725069676300,43.97367626953125,-29.939998626708984,36,14.399999618530273
1788674725085514800,43.9895146484375,-30,36.18000030517578,13.380000114440918
1788674725101414400,44.005414306640624,-29.81999969482422,36.65999984741211,13.139999389648438
1788674725117283600,44.02128369140625,-29.219999313354492,37.31999969482422,12.960000038146973
1788674725133183200,44.03718334960938,-29.399999618530273,37.380001068115234,13.019999504089355
1788674725149083000,44.053082763671874,-30.599998474121094,37.20000076293945,13.920000076293945
1788674725164921600,44.06892163085938,-30.84000015258789,36.89999771118164,13.799999237060547
1788674725180821200,44.0848212890625,-30.420000076293945,36.89999771118164,13.139999389648438
1788674725196721000,44.10072094726563,-30.299999237060547,36.29999923706055,13.319999694824219
1788674725212620500,44.11662060546875,-30.239999771118164,35.81999969482422,13.859999656677246
1788674725228520200,44.13252026367188,-30.599998474121094,35.880001068115234,13.199999809265137
1788674725244450300,44.1484501953125,-31.079999923706055,35.34000015258789,13.380000114440918
1788674725260319500,44.16431958007813,-30.84000015258789,36,13.4399995803833
1788674725276219100,44.18021923828125,-30.779998779296875,36,12.779999732971191
1788674725292149200,44.196149169921874,-31.260000228881836,35.57999801635742,13.619999885559082
1788674725308079600,44.21207958984375,-31.5,35.70000076293945,13.559999465942383
1788674725323918000,44.22791796875,-31.5,35.099998474121094,13.619999885559082
1788674725339817700,44.243817626953124,-31.799999237060547,34.31999969482422,13.859999656677246
1788674725355687000,44.25968701171875,-31.85999870300293,33.47999954223633,13.25999927520752
1788674725371617000,44.275616943359374,-32.880001068115234,33.65999984741211,13.920000076293945
1788674725387455700,44.29145581054688,-33.779998779296875,34.13999938964844,13.859999656677246
1788674725403325000,44.30732495117188,-33.119998931884766,33.779998779296875,13.019999504089355
1788674725419224600,44.323224609375,-32.57999801635742,33.65999984741211,13.319999694824219
1788674725435093800,44.33909375,-32.040000915527344,34.02000045776367,13.079999923706055
1788674725450993400,44.35499340820313,-31.739999771118164,34.55999755859375,12.84000015258789
1788674725466954000,44.3709541015625,-31.3799991607666,35.39999771118164,12.359999656677246
1788674725482792700,44.38679272460938,-31.920000076293945,35.040000915527344,11.460000038146973
1788674725498722800,44.40272290039063,-33.05999755859375,33.959999084472656,11.34000015258789
1788674725514592000,44.41859204101563,-32.63999938964844,34.07999801635742,11.579999923706055
1788674725530522000,44.43452221679688,-32.34000015258789,33.959999084472656,11.9399995803833
1788674725546452200,44.4504521484375,-32.21999740600586,33.779998779296875,11.75999927520752
1788674725562230000,44.46622998046875,-31.979999542236328,34.31999969482422,11.519999504089355
1788674725578099200,44.48209912109375,-31.439998626708984,35.21999740600586,11.34000015258789
1788674725593998800,44.49799877929688,-30.84000015258789,34.5,11.039999961853027
1788674725609898500,44.5138984375,-31.19999885559082,34.2599983215332,11.279999732971191
1788674725625798100,44.52979809570313,-31.19999885559082,35.099998474121094,11.15999984741211
1788674725641636600,44.54563671875,-30.899999618530273,34.68000030517578,10.859999656677246
1788674725657567000,44.56156689453125,-31.260000228881836,34.20000076293945,11.09999942779541
1788674725673436000,44.577435791015624,-31.739999771118164,33.84000015258789,11.399999618530273
1788674725689335600,44.59333544921875,-32.040000915527344,33.05999755859375,11.460000038146973
1788674725705266000,44.60926586914063,-32.63999938964844,33.23999786376953,11.819999694824219
1788674725721104400,44.6251044921875,-32.459999084472656,33.119998931884766,11.34000015258789
1788674725736973600,44.6409736328125,-32.81999969482422,31.920000076293945,10.380000114440918
1788674725752842800,44.6568427734375,-33.47999954223633,32.459999084472656,10.199999809265137
1788674725768772900,44.67277294921875,-32.57999801635742,32.57999801635742,11.15999984741211
1788674725784703000,44.688702880859374,-31.920000076293945,31.439998626708984,11.519999504089355
1788674725800602600,44.7046025390625,-31.85999870300293,31.19999885559082,11.34000015258789
1788674725816442400,44.7204423828125,-31.799999237060547,31.67999839782715,12.059999465942383
1788674725832372500,44.73637255859375,-31.85999870300293,31.3799991607666,12.84000015258789
1788674725848333000,44.7523330078125,-32.7599983215332,30.959999084472656,12.960000038146973
1788674725864294000,44.7682939453125,-33.18000030517578,30.35999870300293,12.59999942779541
1788674725880163000,44.7841630859375,-32.39999771118164,30.479999542236328,13.319999694824219
1788674725896062700,44.800062744140625,-31.979999542236328,29.69999885559082,13.739999771118164
1788674725912023300,44.81602319335938,-31.619998931884766,28.559999465942383,13.559999465942383
1788674725928014600,44.8320146484375,-31.439998626708984,29.639999389648438,14.279999732971191
1788674725943914200,44.847914306640625,-31.5,30.479999542236328,14.880000114440918
1788674725959844400,44.86384423828125,-30.84000015258789,30.65999984741211,14.34000015258789
1788674725975774500,44.8797744140625,-29.8799991607666,30.599998474121094,14.639999389648438
1788674725991674000,44.89567407226563,-30.119998931884766,30,15.719999313354492
1788674726007573800,44.91157373046875,-30.779998779296875,29.399999618530273,15.960000038146973
1788674726023443000,44.92744287109375,-29.8799991607666,28.85999870300293,16.68000030517578
1788674726039281700,44.94328173828125,-29.459999084472656,28.5,17.34000015258789
1788674726055150800,44.95915087890625,-29.579999923706055,28.19999885559082,16.559999465942383
1788674726071020000,44.97502001953125,-28.3799991607666,28.139999389648438,15.839999198913574
1788674726087011000,44.99101098632813,-29.219999313354492,28.5,15.59999942779541
1788674726102941200,45.00694116210938,-29.69999885559082,28.139999389648438,15.65999984741211
1788674726118780000,45.02277978515625,-28.439998626708984,27.899999618530273,16.260000228881836
1788674726134679600,45.03867944335938,-28.31999969482422,28.619998931884766,16.85999870300293
1788674726150518300,45.054518310546875,-28.079999923706055,28.559999465942383,17.520000457763672
1788674726166418000,45.07041796875,-28.559999465942383,28.260000228881836,17.520000457763672
1788674726182287000,45.086287109375,-28.85999870300293,28.139999389648438,16.739999771118164
1788674726198156000,45.10215600585938,-27.959999084472656,28.85999870300293,16.260000228881836
1788674726214025200,45.11802514648438,-27.599998474121094,28.979999542236328,16.5
1788674726229924900,45.1339248046875,-27.119998931884766,27.84000015258789,16.85999870300293
1788674726245855200,45.149855224609375,-26.51999855041504,28.260000228881836,17.219999313354492
1788674726261755000,45.1657548828125,-26.51999855041504,28.01999855041504,17.760000228881836
1788674726277654500,45.181654541015625,-26.639999389648438,27.35999870300293,17.459999084472656
1788674726293523500,45.1975234375,-26.8799991607666,27.959999084472656,17.579999923706055
1788674726309423400,45.21342333984375,-27.059999465942383,28.439998626708984,17.520000457763672
1788674726325323000,45.229322998046875,-26.760000228881836,27.84000015258789,17.100000381469727
1788674726341222700,45.24522265625,-27.119998931884766,27.239999771118164,17.34000015258789
1788674726357091600,45.26109155273438,-27.18000030517578,27.53999900817871,17.81999969482422
1788674726372991200,45.2769912109375,-26.760000228881836,27.84000015258789,18.239999771118164
1788674726388860400,45.2928603515625,-27.18000030517578,27.299999237060547,17.940000534057617
1788674726404821200,45.3088212890625,-27.719999313354492,26.399999618530273,17.81999969482422
1788674726420721000,45.324720947265625,-27.239999771118164,25.920000076293945,17.760000228881836
1788674726436590000,45.340590087890625,-27,26.279998779296875,17.639999389648438
1788674726452520200,45.356520263671875,-26.939998626708984,27.420000076293945,18.18000030517578
1788674726468389400,45.372389404296875,-26.219999313354492,27.599998474121094,18.420000076293945
1788674726484319500,45.388319580078125,-26.69999885559082,27.599998474121094,17.940000534057617
1788674726500219100,45.40421923828125,-26.219999313354492,26.34000015258789,17.940000534057617
1788674726516088300,45.42008837890625,-26.279998779296875,25.619998931884766,18.719999313354492
1788674726531988000,45.435988037109375,-27,26.399999618530273,18.65999984741211
1788674726547857200,45.451857177734375,-26.459999084472656,26.399999618530273,17.8799991607666
1788674726563787300,45.467787353515625,-25.85999870300293,27,17.69999885559082
1788674726579687000,45.48368701171875,-25.5,27.599998474121094,17.940000534057617
1788674726595525600,45.499525634765625,-26.099998474121094,27.35999870300293,17.940000534057617
1788674726611425300,45.51542529296875,-25.979999542236328,27,18.059999465942383
1788674726627263700,45.531263671875,-24.479999542236328,27.059999465942383,17.639999389648438
1788674726643194000,45.547194091796875,-24.299999237060547,27.899999618530273,17.34000015258789
1788674726659063000,45.56306298828125,-24.420000076293945,28.439998626708984,18.059999465942383
1788674726674932200,45.57893212890625,-23.8799991607666,27.899999618530273,17.34000015258789
1788674726690801400,45.594801513671875,-24.119998931884766,27.719999313354492,16.799999237060547
1788674726706701000,45.610701171875,-24.65999984741211,27.719999313354492,16.68000030517578
1788674726722631200,45.62663110351563,-24.600000381469727,27.599998474121094,16.920000076293945
1788674726738530800,45.64253076171875,-24.059999465942383,27.420000076293945,17.15999984741211
1788674726754400000,45.65839990234375,-24.479999542236328,27.18000030517578,16.920000076293945
1788674726778295300,45.68229541015625,-25.079999923706055,27,17.219999313354492
1788674726794134000,45.698134033203125,-24.959999084472656,26.81999969482422,17.219999313354492
1788674726810003000,45.7140029296875,-23.399999618530273,26.8799991607666,18
1788674726825872100,45.7298720703125,-22.920000076293945,27.119998931884766,18.299999237060547
1788674726841833000,45.7458330078125,-23.51999855041504,27.719999313354492,17.8799991607666
1788674726857793500,45.76179345703125,-23.34000015258789,27,18.119998931884766
1788674726873601800,45.777601806640625,-23.579999923706055,26.34000015258789,19.079999923706055
1788674726889501400,45.79350146484375,-24.059999465942383,27,19.5
1788674726905401000,45.809401123046875,-23.81999969482422,26.760000228881836,19.439998626708984
1788674726921300700,45.82530078125,-23.15999984741211,27,19.439998626708984
1788674726937230800,45.84123095703125,-23.399999618530273,27.599998474121094,19.920000076293945
1788674726953038800,45.85703881835938,-23.760000228881836,26.459999084472656,20.69999885559082
1788674726968908000,45.87290795898438,-24.35999870300293,25.079999923706055,21.239999771118164
1788674726984777200,45.88877709960938,-24.35999870300293,25.01999855041504,21.600000381469727
1788674727000707300,45.90470727539063,-24.299999237060547,25.139999389648438,21.18000030517578
1788674727016637700,45.9206376953125,-24.53999900817871,24.420000076293945,21
1788674727032506600,45.93650659179688,-24.420000076293945,24.119998931884766,21.239999771118164
1788674727048375800,45.95237573242188,-24.059999465942383,23.760000228881836,21.53999900817871
1788674727064275500,45.968275390625,-23.219999313354492,22.85999870300293,22.619998931884766
1788674727080175000,45.98417504882813,-23.81999969482422,22.979999542236328,22.079999923706055
1788674727096105500,46.00010546875,-24.059999465942383,23.399999618530273,21.65999984741211
1788674727127782700,46.03178271484375,-24.65999984741211,22.559999465942383,22.19999885559082
1788674727143682300,46.047682373046875,-24.239999771118164,22.739999771118164,21.959999084472656
1788674727159612400,46.0636123046875,-24.299999237060547,22.5,22.260000228881836
1788674727175512000,46.07951196289063,-24.600000381469727,22.739999771118164,22.979999542236328
1788674727191350800,46.095350830078125,-23.51999855041504,22.559999465942383,22.739999771118164
1788674727207250400,46.11125048828125,-23.100000381469727,22.799999237060547,22.079999923706055
1788674727223058400,46.12705834960938,-23.279998779296875,23.219999313354492,22.260000228881836
1788674727238958000,46.1429580078125,-22.979999542236328,22.68000030517578,23.279998779296875
1788674727254857700,46.15885766601563,-22.619998931884766,22.020000457763672,23.219999313354492
1788674727270727000,46.17472680664063,-22.31999969482422,22.85999870300293,22.439998626708984
1788674727286565600,46.190565673828125,-22.559999465942383,23.51999855041504,22.5
1788674727302434800,46.206434814453125,-22.31999969482422,22.739999771118164,22.559999465942383
1788674727318334500,46.22233447265625,-22.5,22.19999885559082,22.260000228881836
1788674727334203400,46.23820336914063,-23.34000015258789,21.65999984741211,22.439998626708984
1788674727350042000,46.2540419921875,-23.34000015258789,21.600000381469727,22.619998931884766
1788674727365941800,46.26994165039063,-23.579999923706055,21.84000015258789,21.899999618530273
1788674727381811000,46.28581103515625,-22.920000076293945,22.079999923706055,21.84000015258789
1788674727397710600,46.301710693359375,-21.959999084472656,22.139999389648438,21.65999984741211
1788674727413610200,46.3176103515625,-22.19999885559082,21.119998931884766,21.239999771118164
1788674727429449000,46.333448974609375,-21.53999900817871,20.520000457763672,21.600000381469727
1788674727445348600,46.3493486328125,-21.65999984741211,20.69999885559082,21.65999984741211
1788674727461278700,46.36527880859375,-22.979999542236328,20.459999084472656,21.779998779296875
1788674727477208800,46.38120874023438,-22.739999771118164,20.639999389648438,22.3799991607666
1788674727493139000,46.39713891601563,-22.439998626708984,21.479999542236328,21.65999984741211
1788674727508977700,46.412977783203125,-22.3799991607666,21.18000030517578,20.81999969482422
1788674727524877300,46.42887719726563,-22.020000457763672,21.479999542236328,21.479999542236328
1788674727540746500,46.44474658203125,-21.600000381469727,22.31999969482422,21.239999771118164
1788674727556676600,46.46067651367188,-21.119998931884766,22.85999870300293,20.69999885559082
1788674727572576300,46.476576171875,-21.18000030517578,22.619998931884766,19.979999542236328
1788674727588415000,46.4924150390625,-21.65999984741211,21.959999084472656,19.260000228881836
1788674727604314600,46.508314697265625,-21.779998779296875,22.020000457763672,18.959999084472656
1788674727620183800,46.524183837890625,-21.84000015258789,22.139999389648438,18.779998779296875
1788674727636114000,46.540114013671875,-22.439998626708984,21.959999084472656,18.959999084472656
1788674727651983000,46.555983154296875,-22.68000030517578,22.260000228881836,19.079999923706055
1788674727667852300,46.571852294921875,-23.03999900817871,21.719999313354492,19.5
1788674727683721200,46.58772119140625,-22.139999389648438,21.119998931884766,19.139999389648438
1788674727699651600,46.603651611328125,-21.119998931884766,22.5,18.299999237060547
1788674727715581700,46.619581787109375,-21.059999465942383,22.3799991607666,18.600000381469727
1788674727731511800,46.63551171875,-20.81999969482422,22.559999465942383,19.139999389648438
1788674727747350500,46.6513505859375,-20.399999618530273,23.34000015258789,18.479999542236328
1788674727763219700,46.6672197265625,-20.399999618530273,22.85999870300293,18
1788674727779119400,46.683119384765625,-20.639999389648438,22.85999870300293,18.119998931884766
1788674727795049500,46.699049560546875,-20.8799991607666,22.19999885559082,17.81999969482422
1788674727810918700,46.714918701171875,-21.18000030517578,22.31999969482422,17.459999084472656
1788674727826757000,46.73075708007813,-20.579999923706055,23.279998779296875,16.920000076293945
1788674727842656800,46.74665673828125,-20.279998779296875,22.979999542236328,17.279998779296875
1788674727858465000,46.762465087890625,-21,22.85999870300293,17.579999923706055
1788674727874364700,46.77836474609375,-20.579999923706055,22.439998626708984,17.34000015258789
1788674727890294800,46.79429467773438,-19.68000030517578,22.31999969482422,17.579999923706055
1788674727906164000,46.8101640625,-20.100000381469727,23.03999900817871,17.279998779296875
1788674727922063600,46.826063720703125,-20.939998626708984,22.799999237060547,16.85999870300293
1788674727937932800,46.841932861328125,-21.35999870300293,22.619998931884766,17.03999900817871
1788674727953863000,46.85786279296875,-21.299999237060547,21.959999084472656,17.34000015258789
1788674727969762600,46.87376245117188,-21.600000381469727,20.939998626708984,17.100000381469727
1788674727985631700,46.8896318359375,-20.81999969482422,21.899999618530273,16.079999923706055
1788674728001501000,46.9055009765625,-21.119998931884766,22.920000076293945,15.719999313354492
1788674728017370000,46.9213701171875,-22.020000457763672,21.84000015258789,16.020000457763672
1788674728033300200,46.93730029296875,-21.65999984741211,20.8799991607666,17.15999984741211
1788674728049199900,46.953199951171875,-21.959999084472656,21.119998931884766,17.760000228881836
1788674728065069000,46.969069091796875,-22.439998626708984,21.18000030517578,16.920000076293945
1788674728080938200,46.984938232421875,-22.079999923706055,20.8799991607666,16.68000030517578
1788674728096868400,47.000868408203125,-21.53999900817871,21.299999237060547,16.559999465942383
1788674728112798500,47.016798583984375,-21.899999618530273,21.479999542236328,17.279998779296875
1788674728128728600,47.032728515625,-21.899999618530273,21.35999870300293,18.119998931884766
1788674728144536800,47.048536865234375,-21.84000015258789,21.18000030517578,17.760000228881836
1788674728160436500,47.0644365234375,-22.19999885559082,20.520000457763672,17.100000381469727
1788674728176305700,47.0803056640625,-21.779998779296875,20.459999084472656,17.100000381469727
1788674728192235800,47.09623583984375,-21.53999900817871,20.639999389648438,17.279998779296875
1788674728208135400,47.112135498046875,-21.84000015258789,21.18000030517578,16.68000030517578
1788674728224004600,47.128004638671875,-21.53999900817871,22.139999389648438,16.440000534057617
1788674728239843000,47.14384301757813,-20.760000228881836,22.920000076293945,16.260000228881836
1788674728255712300,47.15971215820313,-20.15999984741211,23.100000381469727,16.68000030517578
1788674728271642400,47.17564233398438,-20.8799991607666,22.85999870300293,17.399999618530273
1788674728287542000,47.1915419921875,-21.719999313354492,22.020000457763672,16.68000030517578
1788674728303441700,47.20744165039063,-21.299999237060547,22.139999389648438,17.03999900817871
1788674728319310800,47.22331079101563,-21.420000076293945,22.85999870300293,16.739999771118164
1788674728335149600,47.239149658203125,-22.079999923706055,22.799999237060547,15.359999656677246
1788674728351018800,47.255018798828125,-22.079999923706055,22.799999237060547,15.779999732971191
1788674728366857200,47.27085717773438,-22.19999885559082,22.559999465942383,16.19999885559082
1788674728390630400,47.29463037109375,-22.739999771118164,21.18000030517578,15.779999732971191
1788674728406530000,47.31053002929688,-21.959999084472656,20.639999389648438,16.020000457763672
1788674728430334000,47.334333984375,-21.600000381469727,21.65999984741211,16.079999923706055
1788674728446233600,47.350233642578125,-22.260000228881836,22.079999923706055,16.68000030517578
1788674728462072000,47.36607202148438,-21.959999084472656,22.739999771118164,16.260000228881836
1788674728477941200,47.38194116210938,-21.53999900817871,22.799999237060547,15.479999542236328
1788674728493841000,47.3978408203125,-21.719999313354492,21.779998779296875,15.539999961853027
1788674728509710000,47.4137099609375,-22.139999389648438,21.84000015258789,16.31999969482422
1788674728525609700,47.42960961914063,-22.139999389648438,23.399999618530273,16.3799991607666
1788674728541448400,47.445448486328125,-21.719999313354492,23.81999969482422,15.839999198913574
1788674728557348000,47.46134814453125,-21.53999900817871,23.399999618530273,15.839999198913574
1788674728573217300,47.47721728515625,-21.65999984741211,23.579999923706055,16.020000457763672
1788674728589117000,47.493116943359375,-21.059999465942383,23.69999885559082,15.719999313354492
1788674728605016600,47.5090166015625,-20.639999389648438,23.69999885559082,15.179999351501465
1788674728620885800,47.5248857421875,-21.059999465942383,24.65999984741211,14.699999809265137
1788674728636754700,47.54075463867188,-20.939998626708984,25.979999542236328,14.819999694824219
1788674728652624000,47.55662377929688,-20.639999389648438,25.619998931884766,15.239999771118164
1788674728668554000,47.57255395507813,-20.760000228881836,24.84000015258789,15.719999313354492
1788674728684453600,47.58845361328125,-20.939998626708984,24.719999313354492,15.719999313354492
1788674728700322800,47.60432275390625,-21,24.899999618530273,15.59999942779541
1788674728716222500,47.62022241210938,-20.8799991607666,25.139999389648438,15.59999942779541
1788674728732091600,47.63609155273438,-20.34000015258789,24.899999618530273,15.539999961853027
1788674728747991300,47.6519912109375,-20.639999389648438,24.959999084472656,15.839999198913574
1788674728763891000,47.66789086914063,-21.719999313354492,24.899999618530273,15.539999961853027
1788674728779729700,47.683729736328125,-21.53999900817871,25.079999923706055,14.9399995803833
1788674728795629300,47.69962939453125,-20.939998626708984,26.03999900817871,15.239999771118164
1788674728811498500,47.71549853515625,-21.299999237060547,26.279998779296875,15.59999942779541
1788674728827428600,47.7314287109375,-20.760000228881836,25.85999870300293,15.359999656677246
1788674728843297800,47.7472978515625,-20.34000015258789,26.399999618530273,14.819999694824219
1788674728859167000,47.7631669921875,-21.059999465942383,26.459999084472656,15.299999237060547
1788674728875066600,47.779066650390625,-21.119998931884766,25.3799991607666,14.9399995803833
1788674728890935800,47.794935791015625,-20.399999618530273,25.619998931884766,14.279999732971191
1788674728906866000,47.810865966796875,-20.15999984741211,26.399999618530273,15
1788674728930700000,47.83469995117188,-20.520000457763672,25.979999542236328,15
1788674728954534400,47.858534423828125,-21.479999542236328,24.959999084472656,15.479999542236328
1788674728970403600,47.874403564453125,-21.420000076293945,24.18000030517578,15.179999351501465
1788674728986364200,47.8903642578125,-20.939998626708984,24.719999313354492,16.020000457763672
1788674729002263800,47.906263916015625,-20.69999885559082,24.84000015258789,15.65999984741211
1788674729018071800,47.92207177734375,-21.35999870300293,24.719999313354492,15.960000038146973
1788674729033971500,47.93797143554688,-21.84000015258789,25.139999389648438,16.920000076293945
1788674729049840600,47.95384057617188,-21.239999771118164,25.31999969482422,16.920000076293945
1788674729065740300,47.969740234375,-21.35999870300293,25.439998626708984,16.799999237060547
1788674729081609500,47.985609375,-21.84000015258789,24.84000015258789,17.219999313354492
1788674729097478700,48.001478759765625,-22.139999389648438,24.959999084472656,17.69999885559082
1788674729113347800,48.017347900390625,-22.079999923706055,25.31999969482422,17.8799991607666
1788674729129247500,48.03324755859375,-21.779998779296875,24.779998779296875,17.639999389648438
1788674729145177600,48.04917749023438,-22.31999969482422,25.260000228881836,17.81999969482422
1788674729161077200,48.0650771484375,-22.260000228881836,25.31999969482422,17.399999618530273
1788674729176916000,48.080916015625,-21.779998779296875,25.31999969482422,17.520000457763672
1788674729192815600,48.096815673828125,-21.779998779296875,25.920000076293945,18.779998779296875
1788674729208745700,48.112745849609375,-21.84000015258789,25.5,19.139999389648438
1788674729224675800,48.12867578125,-21.239999771118164,25.260000228881836,19.920000076293945
1788674729240575500,48.14457543945313,-20.459999084472656,25.68000030517578,19.559999465942383
1788674729256414200,48.160414306640625,-20.8799991607666,25.139999389648438,19.020000457763672
1788674729272344300,48.17634423828125,-21.600000381469727,24.719999313354492,18.959999084472656
1788674729288183000,48.19218310546875,-20.579999923706055,25.260000228881836,19.079999923706055
1788674729304082700,48.208082763671875,-19.85999870300293,25.979999542236328,19.85999870300293
1788674729320012800,48.2240126953125,-20.760000228881836,25.619998931884766,19.260000228881836
1788674729335821000,48.239821044921875,-20.939998626708984,25.739999771118164,19.31999969482422
1788674729351720700,48.255720703125,-20.579999923706055,26.69999885559082,20.34000015258789
1788674729367559200,48.27155908203125,-20.69999885559082,26.51999855041504,20.34000015258789
1788674729383458800,48.28745874023438,-21.35999870300293,26.219999313354492,19.979999542236328
1788674729399358500,48.3033583984375,-20.459999084472656,27.239999771118164,19.920000076293945
1788674729415166700,48.319166748046875,-20.399999618530273,27.299999237060547,19.85999870300293
1788674729431096800,48.335096923828125,-20.69999885559082,26.279998779296875,20.34000015258789
1788674729446966000,48.350966064453125,-20.100000381469727,26.760000228881836,21.119998931884766
1788674729462896000,48.366896240234375,-20.579999923706055,26.459999084472656,21.239999771118164
1788674729478795800,48.38279565429688,-21.18000030517578,25.739999771118164,20.760000228881836
1788674729494665000,48.3986650390625,-22.260000228881836,25.799999237060547,20.399999618530273
1788674729510564600,48.414564697265625,-22.739999771118164,25.739999771118164,20.639999389648438
1788674729526433800,48.430433837890625,-21.779998779296875,26.639999389648438,20.81999969482422
1788674729542333400,48.44633349609375,-21.53999900817871,26.69999885559082,20.8799991607666
1788674729558233000,48.462233154296875,-22.5,26.099998474121094,20.81999969482422
1788674729574010600,48.4780107421875,-22.5,26.399999618530273,20.520000457763672
1788674729589910300,48.49391015625,-22.5,26.8799991607666,21.299999237060547
1788674729605810000,48.50980981445313,-22.260000228881836,26.69999885559082,22.260000228881836
1788674729621709600,48.52570947265625,-22.19999885559082,26.15999984741211,21.779998779296875
1788674729637609200,48.54160913085938,-21.35999870300293,26.8799991607666,21.239999771118164
1788674729653478400,48.557478515625,-19.85999870300293,28.439998626708984,22.19999885559082
1788674729669439000,48.57343896484375,-19.68000030517578,29.69999885559082,22.920000076293945
1788674729685277700,48.58927758789063,-19.3799991607666,29.81999969482422,22.139999389648438
1788674729701207800,48.60520776367188,-19.559999465942383,29.760000228881836,21.299999237060547
1788674729717077000,48.62107690429688,-20.03999900817871,29.939998626708984,21.18000030517578
1788674729732946200,48.6369462890625,-20.03999900817871,30,21.119998931884766
1788674729748845800,48.652845703125,-20.279998779296875,29.69999885559082,20.69999885559082
1788674729764715000,48.668715087890625,-20.639999389648438,29.219999313354492,20.760000228881836
1788674729780645000,48.68464501953125,-20.520000457763672,30.119998931884766,21
1788674729796544800,48.70054467773438,-20.939998626708984,30.719999313354492,21.479999542236328
1788674729812414000,48.7164140625,-21.059999465942383,30,21.479999542236328
1788674729828283100,48.732283203125,-19.920000076293945,30,21.65999984741211
1788674729844182800,48.748182861328125,-19.920000076293945,30.35999870300293,21.84000015258789
1788674729860204500,48.76420458984375,-21.299999237060547,30.84000015258789,21.119998931884766
1788674729876104200,48.780104248046875,-21.299999237060547,32.040000915527344,21.059999465942383
1788674729891942700,48.79594262695313,-20.279998779296875,32.099998474121094,20.760000228881836
1788674729907811800,48.81181176757813,-20.639999389648438,31.079999923706055,20.760000228881836
1788674729923681000,48.82768090820313,-20.639999389648438,31.67999839782715,20.760000228881836
1788674729939580700,48.84358056640625,-20.760000228881836,32.7599983215332,20.579999923706055
1788674729955510800,48.8595107421875,-21.479999542236328,32.52000045776367,20.520000457763672
1788674729971319000,48.875319091796875,-21.35999870300293,32.39999771118164,20.100000381469727
1788674729987218700,48.89121875,-21.719999313354492,32.459999084472656,19.85999870300293
1788674730003088000,48.907087890625,-20.8799991607666,32.099998474121094,19.979999542236328
1788674730018987500,48.922987548828125,-20.34000015258789,32.21999740600586,21.479999542236328
1788674730034856700,48.938856689453125,-20.639999389648438,32.279998779296875,21.84000015258789
1788674730050725600,48.9547255859375,-21.420000076293945,32.099998474121094,21.35999870300293
1788674730066594800,48.9705947265625,-21.84000015258789,32.52000045776367,21.959999084472656
1788674730082525000,48.98652490234375,-21.479999542236328,32.7599983215332,21.779998779296875
1788674730098424600,49.00242456054688,-21.65999984741211,31.85999870300293,21.299999237060547
1788674730114293800,49.01829370117188,-21.420000076293945,31.559999465942383,21.479999542236328
1788674730130163000,49.03416284179688,-21.719999313354492,32.040000915527344,21.899999618530273
1788674730146032000,49.0500322265625,-21.84000015258789,31.739999771118164,22.559999465942383
1788674730161962200,49.06596215820313,-21.899999618530273,31.19999885559082,22.85999870300293
1788674730177892400,49.08189233398438,-22.31999969482422,30.779998779296875,22.799999237060547
1788674730193792300,49.097792236328125,-22.559999465942383,30.719999313354492,22.68000030517578
1788674730209661200,49.1136611328125,-22.439998626708984,31.5,22.799999237060547
1788674730225530400,49.1295302734375,-22.079999923706055,31.85999870300293,23.219999313354492
1788674730241399600,49.145399658203125,-21.53999900817871,31.3799991607666,23.51999855041504
1788674730257329700,49.16132958984375,-22.020000457763672,30.479999542236328,23.760000228881836
1788674730281102800,49.18510278320313,-23.81999969482422,29.34000015258789,23.81999969482422
1788674730297002500,49.20100244140625,-23.459999084472656,30.059999465942383,23.51999855041504
1788674730312871700,49.21687158203125,-22.139999389648438,29.81999969482422,23.81999969482422
1788674730328710400,49.23271044921875,-22.260000228881836,30.299999237060547,23.939998626708984
1788674730344579600,49.24857958984375,-23.51999855041504,30.479999542236328,23.69999885559082
1788674730360448500,49.26444848632813,-22.979999542236328,30.239999771118164,23.579999923706055
1788674730376379000,49.28037890625,-22.799999237060547,30.239999771118164,23.939998626708984
1788674730392278500,49.296278564453125,-23.51999855041504,30.239999771118164,23.34000015258789
1788674730408147700,49.312147705078125,-22.19999885559082,30.779998779296875,23.15999984741211
1788674730424016600,49.3280166015625,-22.139999389648438,30.599998474121094,23.399999618530273
1788674730439885800,49.3438857421875,-23.219999313354492,30.779998779296875,23.100000381469727
1788674730455755000,49.359755126953125,-23.579999923706055,31.139999389648438,23.03999900817871
1788674730471654700,49.37565454101563,-23.579999923706055,30.479999542236328,22.85999870300293
1788674730487493400,49.391493408203125,-23.15999984741211,30.420000076293945,23.459999084472656
1788674730503393000,49.40739306640625,-23.639999389648438,30.35999870300293,23.219999313354492
1788674730519292700,49.423292724609375,-24.059999465942383,29.81999969482422,22.559999465942383
1788674730535192300,49.4391923828125,-23.760000228881836,30.719999313354492,22.739999771118164
1788674730551092000,49.455092041015625,-23.51999855041504,30.959999084472656,22.31999969482422
1788674730566930400,49.47093041992188,-23.279998779296875,30.65999984741211,22.559999465942383
1788674730582799600,49.48679956054688,-22.559999465942383,30.599998474121094,23.15999984741211
1788674730598668800,49.50266870117188,-23.15999984741211,30.719999313354492,23.459999084472656
1788674730614599000,49.51859887695313,-24.119998931884766,31.01999855041504,23.459999084472656
1788674730630498600,49.53449853515625,-23.69999885559082,30.059999465942383,22.920000076293945
1788674730646337300,49.55033715820313,-24.299999237060547,29.51999855041504,22.739999771118164
1788674730662206500,49.56620654296875,-25.139999389648438,29.459999084472656,22.5
1788674730678075600,49.58207568359375,-25.139999389648438,29.760000228881836,22.31999969482422
1788674730694005800,49.598005859375,-24.779998779296875,30.599998474121094,22.3799991607666
1788674730709935900,49.61393579101563,-23.939998626708984,31.139999389648438,22.19999885559082
1788674730725774600,49.629774658203125,-23.279998779296875,31.739999771118164,22.3799991607666
1788674730741643800,49.645643798828125,-22.5,32.39999771118164,22.260000228881836
1788674730757543400,49.66154345703125,-22.31999969482422,32.70000076293945,21.479999542236328
1788674730773473500,49.6774736328125,-24.059999465942383,32.15999984741211,21.239999771118164
1788674730789373200,49.693373291015625,-25.139999389648438,31.439998626708984,21.239999771118164
1788674730805212000,49.7092119140625,-24.959999084472656,31.739999771118164,20.8799991607666
1788674730821111600,49.725111572265625,-25.31999969482422,32.040000915527344,20.15999984741211
1788674730836950000,49.74094995117188,-24.959999084472656,31.920000076293945,19.19999885559082
1788674730852880400,49.75688037109375,-24.899999618530273,31.799999237060547,19.439998626708984
1788674730868780000,49.772780029296875,-24.420000076293945,32.279998779296875,19.619998931884766
1788674730884618500,49.78861840820313,-23.579999923706055,32.34000015258789,19.5
1788674730900518100,49.80451806640625,-23.69999885559082,32.21999740600586,19.19999885559082
1788674730916387300,49.82038720703125,-23.579999923706055,32.279998779296875,19.079999923706055
1788674730932287000,49.83628686523438,-23.939998626708984,32.34000015258789,19.260000228881836
1788674730948186600,49.8521865234375,-23.639999389648438,33.36000061035156,18.420000076293945
1788674730964025300,49.868025390625,-22.920000076293945,33.959999084472656,18.479999542236328
1788674730979894500,49.88389453125,-23.51999855041504,33.23999786376953,18.779998779296875
1788674730995763500,49.89976342773438,-24.119998931884766,33.119998931884766,18.65999984741211
1788674731011693800,49.91569384765625,-24.18000030517578,33.84000015258789,18.059999465942383
1788674731027624000,49.9316240234375,-23.760000228881836,33.23999786376953,17.399999618530273
1788674731043493000,49.9474931640625,-22.85999870300293,33.18000030517578,17.8799991607666
1788674731059362300,49.9633623046875,-23.399999618530273,34.02000045776367,18.18000030517578
1788674731075262000,49.979261962890625,-23.760000228881836,33.779998779296875,18.059999465942383
1788674731091192000,49.995192138671875,-24,33.23999786376953,18.18000030517578
1788674731107091700,50.011091796875,-24.420000076293945,34.02000045776367,17.940000534057617
1788674731122991400,50.026991455078125,-24.479999542236328,33.779998779296875,17.459999084472656
1788674731138891000,50.04289111328125,-24.899999618530273,33.599998474121094,17.940000534057617
1788674731154790700,50.058790771484375,-24.600000381469727,34.13999938964844,18.53999900817871
1788674731170690300,50.07469018554688,-24.65999984741211,33.89999771118164,18.35999870300293
1788674731186559500,50.0905595703125,-25.619998931884766,32.81999969482422,18.53999900817871
1788674731202428700,50.1064287109375,-25.439998626708984,32.52000045776367,19.260000228881836
1788674731218297900,50.1222978515625,-24.719999313354492,32.81999969482422,19.5
1788674731234228000,50.13822802734375,-24.65999984741211,32.34000015258789,19.619998931884766
1788674731250158000,50.15415795898438,-24.779998779296875,32.70000076293945,19.559999465942383
1788674731266057700,50.1700576171875,-25.31999969482422,33.119998931884766,19.260000228881836
1788674731281927000,50.185927001953125,-25.439998626708984,33.65999984741211,19.559999465942383
1788674731297826600,50.20182666015625,-24.779998779296875,33.71999740600586,19.799999237060547
1788674731313695700,50.21769580078125,-24.84000015258789,33,19.739999771118164
1788674731329625900,50.2336259765625,-24.600000381469727,32.459999084472656,20.03999900817871
1788674731345525500,50.249525390625,-24.959999084472656,32.63999938964844,19.68000030517578
1788674731361394700,50.265394775390625,-24.779998779296875,32.70000076293945,19.799999237060547
1788674731377294300,50.28129443359375,-24.479999542236328,32.52000045776367,20.100000381469727
1788674731393163500,50.29716357421875,-24.84000015258789,31.979999542236328,20.34000015258789
1788674731409063200,50.313063232421875,-24.53999900817871,32.099998474121094,20.8799991607666
1788674731424962800,50.328962890625,-24.420000076293945,33.29999923706055,20.8799991607666
1788674731440832000,50.34483203125,-24.18000030517578,32.81999969482422,20.760000228881836
1788674731456731600,50.360731689453125,-24,31.920000076293945,20.8799991607666
1788674731472600800,50.376600830078125,-24.119998931884766,31.979999542236328,20.579999923706055
1788674731488531000,50.392531005859375,-23.34000015258789,32.21999740600586,20.15999984741211
1788674731504430600,50.4084306640625,-23.69999885559082,32.39999771118164,20.520000457763672
1788674731520269000,50.42426904296875,-23.81999969482422,32.81999969482422,21.119998931884766
1788674731536138200,50.44013818359375,-23.459999084472656,32.63999938964844,21
1788674731552038000,50.45603784179688,-24.35999870300293,32.459999084472656,20.69999885559082
1788674731567968300,50.47196826171875,-24.719999313354492,32.15999984741211,21.119998931884766
1788674731583837200,50.48783715820313,-24.600000381469727,31.619998931884766,21.239999771118164
1788674731599676000,50.503676025390625,-24.600000381469727,31.85999870300293,20.69999885559082
1788674731615545000,50.519545166015625,-24.65999984741211,31.920000076293945,20.399999618530273
1788674731631444700,50.53544482421875,-24.959999084472656,31.559999465942383,20.279998779296875
1788674731647344400,50.551344482421875,-25.01999855041504,31.619998931884766,20.399999618530273
1788674731663274500,50.5672744140625,-24.719999313354492,32.39999771118164,20.81999969482422
1788674731679052000,50.58305200195313,-25.260000228881836,32.52000045776367,20.03999900817871
1788674731694951700,50.59895166015625,-25.559999465942383,31.85999870300293,19.920000076293945
1788674731710820900,50.61482080078125,-25.3799991607666,31.559999465942383,20.219999313354492
1788674731726720500,50.63072045898438,-25.079999923706055,31.5,19.85999870300293
1788674731742620200,50.6466201171875,-24.35999870300293,32.040000915527344,20.219999313354492
1788674731758428400,50.662428466796875,-24.35999870300293,33.36000061035156,20.459999084472656
1788674731774297600,50.678297607421875,-24.479999542236328,33.959999084472656,20.15999984741211
1788674731790197200,50.694197265625,-23.579999923706055,34.5,19.920000076293945
1788674731806097000,50.710096923828125,-23.219999313354492,33.84000015258789,20.03999900817871
1788674731821935400,50.72593530273438,-23.81999969482422,32.81999969482422,20.03999900817871
1788674731837804500,50.74180444335938,-24.239999771118164,33.23999786376953,19.260000228881836
1788674731853673700,50.757673828125,-24.479999542236328,33.36000061035156,18.959999084472656
1788674731869573400,50.773573486328125,-24.65999984741211,33.599998474121094,18.899999618530273
1788674731885503500,50.78950341796875,-24,34.55999755859375,18.53999900817871
1788674731901433900,50.805433837890625,-23.459999084472656,34.97999954223633,18.420000076293945
1788674731917302800,50.821302734375,-23.639999389648438,34.2599983215332,18.719999313354492
1788674731933202400,50.83720239257813,-23.760000228881836,34.2599983215332,19.139999389648438
1788674731949041200,50.853041259765625,-23.459999084472656,34.5,18.239999771118164
1788674731964971300,50.86897119140625,-23.459999084472656,34.79999923706055,17.34000015258789
1788674731980840400,50.88484033203125,-23.15999984741211,35.15999984741211,17.639999389648438
1788674731996709600,50.900709716796875,-22.139999389648438,35.34000015258789,18.299999237060547
1788674732012609300,50.916609375,-22.799999237060547,35.279998779296875,18.059999465942383
1788674732028448000,50.932447998046875,-23.15999984741211,35.15999984741211,17.639999389648438
1788674732044378000,50.948378173828125,-22.559999465942383,34.73999786376953,17.579999923706055
1788674732060277800,50.96427783203125,-23.219999313354492,34.55999755859375,17.399999618530273
1788674732076085800,50.98008569335938,-23.81999969482422,35.34000015258789,17.03999900817871
1788674732092016000,50.99601611328125,-23.459999084472656,34.73999786376953,16.739999771118164
1788674732107915800,51.011915771484375,-22.68000030517578,33.89999771118164,17.15999984741211
1788674732123846000,51.027845947265625,-22.619998931884766,34.07999801635742,18.18000030517578
1788674732139745500,51.04374560546875,-23.219999313354492,34.07999801635742,18.119998931884766
1788674732155645200,51.059645263671875,-23.51999855041504,34.55999755859375,17.81999969482422
1788674732171544800,51.075544921875,-23.579999923706055,34.91999816894531,18.53999900817871
1788674732187444500,51.091444580078125,-23.399999618530273,34.31999969482422,18.35999870300293
1788674732203374600,51.10737451171875,-23.279998779296875,34.68000030517578,17.940000534057617
1788674732219304700,51.1233046875,-23.219999313354492,34.97999954223633,18.35999870300293
1788674732235082500,51.13908251953125,-23.219999313354492,34.02000045776367,18.479999542236328
1788674732251012600,51.1550126953125,-22.920000076293945,33.65999984741211,18.719999313354492
1788674732266942700,51.17094262695313,-23.8799991607666,33.18000030517578,19.31999969482422
1788674732282842400,51.18684228515625,-24.18000030517578,33.41999816894531,18.719999313354492
1788674732298772500,51.2027724609375,-23.51999855041504,33.599998474121094,18.84000015258789
1788674732314550300,51.21855029296875,-23.8799991607666,32.57999801635742,19.439998626708984
1788674732330419500,51.23441943359375,-23.34000015258789,33.119998931884766,19.5
1788674732346319000,51.250319091796875,-23.15999984741211,34.02000045776367,20.100000381469727
1788674732362218800,51.26621875,-23.639999389648438,34.439998626708984,20.8799991607666
1788674732378057200,51.28205712890625,-23.459999084472656,34.2599983215332,20.81999969482422
1788674732393926400,51.297926513671875,-22.739999771118164,33.47999954223633,20.81999969482422
1788674732409826000,51.31382592773438,-22.739999771118164,33.36000061035156,21.53999900817871
1788674732425695200,51.3296953125,-22.85999870300293,33.23999786376953,21.299999237060547
1788674732441625300,51.34562524414063,-22.739999771118164,33.41999816894531,20.520000457763672
1788674732457525000,51.36152490234375,-22.3799991607666,33.65999984741211,20.760000228881836
1788674732473394200,51.377394287109375,-22.139999389648438,33.71999740600586,21
1788674732489293800,51.3932939453125,-22.3799991607666,33.89999771118164,20.8799991607666
1788674732505132500,51.409132568359375,-22.3799991607666,33.65999984741211,21.119998931884766
1788674732521032200,51.4250322265625,-22.079999923706055,33.540000915527344,21.53999900817871
1788674732536931800,51.440931884765625,-22.3799991607666,33.89999771118164,21.420000076293945
1788674732552801000,51.456801025390625,-22.260000228881836,34.20000076293945,21.239999771118164
1788674732568700700,51.47270068359375,-22.439998626708984,33.36000061035156,20.939998626708984
1788674732584569600,51.48856958007813,-22.979999542236328,32.63999938964844,21.119998931884766
1788674732600500000,51.5045,-22.5,33.23999786376953,21.600000381469727
1788674732616399600,51.520399658203125,-22.260000228881836,33.47999954223633,21.600000381469727
1788674732632268800,51.536268798828125,-21.959999084472656,34.02000045776367,22.079999923706055
1788674732648168400,51.55216845703125,-22.619998931884766,33.47999954223633,21.899999618530273
1788674732664037400,51.56803735351563,-23.03999900817871,33.36000061035156,21.299999237060547
1788674732679937000,51.58393701171875,-23.219999313354492,33.959999084472656,21.53999900817871
1788674732695837000,51.5998369140625,-23.15999984741211,33.65999984741211,20.81999969482422
1788674732711675400,51.61567529296875,-22.619998931884766,33.71999740600586,20.34000015258789
1788674732727544600,51.631544677734375,-22.85999870300293,33.29999923706055,20.579999923706055
1788674732743413800,51.647413818359375,-22.799999237060547,34.07999801635742,20.520000457763672
1788674732759343900,51.66334375,-22.139999389648438,34.97999954223633,20.639999389648438
1788674732775243500,51.67924340820313,-21.600000381469727,34.380001068115234,20.939998626708984
1788674732791082200,51.695082275390625,-22.139999389648438,34.02000045776367,20.760000228881836
1788674732806920700,51.71092065429688,-22.3799991607666,34.73999786376953,20.639999389648438
1788674732822820400,51.7268203125,-21.719999313354492,35.52000045776367,20.15999984741211
1788674732838750700,51.742750732421875,-21.600000381469727,35.7599983215332,19.799999237060547
1788674732854650400,51.758650390625,-20.8799991607666,35.81999969482422,19.799999237060547
1788674732870519600,51.77451953125,-20.81999969482422,35.63999938964844,18.84000015258789
1788674732886388500,51.79038842773438,-21.479999542236328,35.34000015258789,18.779998779296875
1788674732902257700,51.80625756835938,-22.139999389648438,35.15999984741211,19.19999885559082
1788674732918157300,51.8221572265625,-22.739999771118164,34.97999954223633,18.420000076293945
1788674732934087400,51.83808740234375,-22.3799991607666,35.57999801635742,17.69999885559082
1788674732949895700,51.853895751953125,-22.079999923706055,36.29999923706055,17.8799991607666
1788674732965764900,51.869764892578125,-22.260000228881836,34.619998931884766,17.760000228881836
1788674732981664500,51.88566455078125,-22.31999969482422,34.79999923706055,17.279998779296875
1788674732997564200,51.901564208984375,-21.479999542236328,36.540000915527344,17.760000228881836
1788674733013463800,51.9174638671875,-20.69999885559082,36.36000061035156,18.119998931884766
1788674733029363500,51.933363525390625,-21.059999465942383,35.70000076293945,18.119998931884766
1788674733045263000,51.94926318359375,-20.8799991607666,36.23999786376953,17.940000534057617
1788674733061132300,51.96513232421875,-20.520000457763672,37.380001068115234,16.85999870300293
1788674733077062400,51.9810625,-20.639999389648438,37.07999801635742,17.03999900817871
1788674733092962000,51.996962158203125,-21.84000015258789,36.540000915527344,17.459999084472656
1788674733108800800,52.01280078125,-22.19999885559082,37.2599983215332,17.399999618530273
1788674733124669700,52.02866967773438,-21,37.5,17.219999313354492
1788674733140539000,52.04453881835938,-21.18000030517578,36.29999923706055,16.619998931884766
1788674733156408000,52.06040795898438,-22.079999923706055,36.18000030517578,17.100000381469727
1788674733172338200,52.07633813476563,-21.600000381469727,37.02000045776367,17.639999389648438
1788674733188146400,52.092146484375,-21.059999465942383,36.959999084472656,18.059999465942383
1788674733204046000,52.108046142578125,-20.81999969482422,36.599998474121094,17.940000534057617
1788674733219884500,52.12388452148438,-20.639999389648438,36.71999740600586,16.920000076293945
1788674733235776500,52.139776611328124,-20.34000015258789,36.65999984741211,16.920000076293945
1788674733251706600,52.15570654296875,-20.15999984741211,36.599998474121094,17.279998779296875
1788674733267484200,52.171484130859376,-20.459999084472656,36.84000015258789,17.34000015258789
1788674733283414500,52.18741455078125,-20.15999984741211,36.36000061035156,17.760000228881836
1788674733299283500,52.203283447265626,-21.239999771118164,36.18000030517578,18
1788674733315244300,52.219244384765624,-22.68000030517578,36.41999816894531,18
1788674733331144000,52.23514404296875,-22.619998931884766,35.880001068115234,18.18000030517578
1788674733347013000,52.25101318359375,-22.19999885559082,35.880001068115234,18.299999237060547
1788674733362912800,52.266912841796874,-22.619998931884766,36,18.18000030517578
1788674733378782000,52.282781982421874,-22.85999870300293,36.119998931884766,18.420000076293945
1788674733394681600,52.298681640625,-22.619998931884766,35.939998626708984,18.420000076293945
1788674733410550500,52.314550537109376,-21.959999084472656,35.459999084472656,18.719999313354492
1788674733426419700,52.330419677734376,-21.899999618530273,34.79999923706055,19.739999771118164
1788674733442319400,52.3463193359375,-21.899999618530273,34.55999755859375,20.279998779296875
1788674733458188500,52.3621884765625,-21.959999084472656,34.79999923706055,19.920000076293945
1788674733474118700,52.37811865234375,-22.559999465942383,34.91999816894531,19.619998931884766
1788674733490018300,52.394018310546876,-21.35999870300293,35.63999938964844,19.3799991607666
1788674733505826600,52.40982666015625,-20.760000228881836,35.57999801635742,19.260000228881836
1788674733521726200,52.425726318359374,-21.53999900817871,35.21999740600586,20.03999900817871
1788674733537625900,52.4416259765625,-21.18000030517578,35.81999969482422,20.279998779296875
1788674733553556000,52.457555908203126,-20.760000228881836,34.86000061035156,20.34000015258789
1788674733569486000,52.473486083984376,-20.939998626708984,34.79999923706055,20.579999923706055
1788674733585263900,52.489263916015624,-20.81999969482422,35.57999801635742,20.520000457763672
1788674733601132800,52.5051328125,-20.760000228881836,35.7599983215332,20.15999984741211
1788674733617032400,52.521032470703126,-20.69999885559082,35.39999771118164,20.15999984741211
1788674733632962800,52.536962890625,-20.69999885559082,35.099998474121094,20.459999084472656
1788674733648862500,52.552862548828124,-21,35.57999801635742,20.459999084472656
1788674733664731600,52.568731689453124,-21.299999237060547,35.15999984741211,20.100000381469727
1788674733680661800,52.584661865234374,-20.939998626708984,35.63999938964844,19.559999465942383
1788674733696531000,52.600531005859374,-20.639999389648438,35.63999938964844,19.439998626708984
1788674733712461000,52.6164609375,-20.939998626708984,35.63999938964844,19.260000228881836
1788674733728360700,52.632360595703126,-20.760000228881836,35.939998626708984,19.439998626708984
1788674733744138200,52.64813818359375,-21.119998931884766,35.63999938964844,19.19999885559082
1788674733760007400,52.66400732421875,-21.299999237060547,35.81999969482422,19.19999885559082
1788674733775907000,52.679906982421876,-21.18000030517578,35.39999771118164,19.19999885559082
1788674733791806700,52.695806640625,-22.439998626708984,35.34000015258789,18.420000076293945
1788674733807645400,52.7116455078125,-22.619998931884766,35.939998626708984,17.639999389648438
1788674733823514600,52.7275146484375,-22.260000228881836,35.70000076293945,17.520000457763672
1788674733839414300,52.743414306640624,-21.84000015258789,35.52000045776367,17.279998779296875
1788674733855283200,52.759283203125,-22.19999885559082,35.459999084472656,17.459999084472656
1788674733871182800,52.775182861328126,-22.439998626708984,35.34000015258789,18.18000030517578
1788674733887082500,52.79108251953125,-20.8799991607666,36.65999984741211,18
1788674733902921200,52.806921142578126,-20.279998779296875,37.2599983215332,17.81999969482422
1788674733918790400,52.822790283203126,-21.119998931884766,36.23999786376953,17.279998779296875
1788674733934720500,52.838720458984376,-22.139999389648438,36.18000030517578,16.920000076293945
1788674733950620200,52.8546201171875,-22.739999771118164,36.36000061035156,16.68000030517578
1788674733966489300,52.8704892578125,-22.799999237060547,36,15.960000038146973
1788674733982358500,52.886358642578124,-22.260000228881836,36.959999084472656,16.079999923706055
1788674733998258200,52.902258056640626,-22.920000076293945,37.68000030517578,15.839999198913574
1788674734014127400,52.91812744140625,-22.979999542236328,37.31999969482422,15.65999984741211
1788674734030057500,52.934057373046876,-22.079999923706055,37.2599983215332,15.960000038146973
1788674734045896200,52.949896240234374,-21.420000076293945,37.73999786376953,16.079999923706055
1788674734061734700,52.965734619140626,-21.35999870300293,37.97999954223633,16.3799991607666
1788674734077603800,52.981603759765626,-21.420000076293945,37.86000061035156,16.079999923706055
1788674734093534000,52.997533935546876,-22.079999923706055,38.040000915527344,15.779999732971191
1788674734109464300,53.01346435546875,-22.079999923706055,37.5,15.719999313354492
1788674734125364000,53.029364013671874,-22.079999923706055,37.13999938964844,15
1788674734141202400,53.045202392578126,-22.619998931884766,37.20000076293945,14.460000038146973
1788674734157132500,53.061132568359376,-21.600000381469727,38.21999740600586,15.420000076293945
1788674734173001700,53.077001708984376,-20.81999969482422,38.34000015258789,15.65999984741211
1788674734188932000,53.09293212890625,-21.119998931884766,36.89999771118164,14.699999809265137
1788674734204831700,53.108831787109374,-22.559999465942383,37.13999938964844,15.059999465942383
1788674734220731400,53.1247314453125,-23.459999084472656,37.31999969482422,15.119999885559082
1788674734236631000,53.140631103515624,-22.139999389648438,37.13999938964844,14.699999809265137
1788674734252500200,53.156500244140624,-21.479999542236328,37.619998931884766,14.34000015258789
1788674734268399900,53.17239990234375,-22.85999870300293,37.13999938964844,14.519999504089355
1788674734284299500,53.188299560546874,-23.100000381469727,37.55999755859375,15
1788674734300168400,53.20416845703125,-22.19999885559082,37.91999816894531,14.519999504089355
1788674734316068000,53.220068115234376,-22.31999969482422,36.779998779296875,14.880000114440918
1788674734331937300,53.235937255859376,-22.020000457763672,35.70000076293945,15.179999351501465
1788674734347867600,53.25186767578125,-21.18000030517578,36.65999984741211,14.9399995803833
1788674734363736600,53.267736572265626,-22.079999923706055,37.97999954223633,15.779999732971191
1788674734379605800,53.283605712890626,-23.34000015258789,37.31999969482422,16.619998931884766
1788674734395475000,53.299474853515626,-23.639999389648438,36.89999771118164,15.960000038146973
1788674734411374600,53.31537451171875,-23.51999855041504,36.36000061035156,15.719999313354492
1788674734427304700,53.3313046875,-24.059999465942383,35.39999771118164,16.020000457763672
1788674734443174000,53.347173828125,-23.69999885559082,35.939998626708984,15.65999984741211
1788674734459073500,53.363073486328126,-22.799999237060547,36.36000061035156,16.020000457763672
1788674734474973200,53.37897314453125,-23.15999984741211,36,17.399999618530273
1788674734490842400,53.39484228515625,-23.399999618530273,35.52000045776367,17.69999885559082
1788674734506803200,53.41080322265625,-24.239999771118164,35.34000015258789,16.85999870300293
1788674734522672000,53.426672119140626,-23.69999885559082,35.52000045776367,16.979999542236328
1788674734538510800,53.4425107421875,-22.85999870300293,35.7599983215332,17.760000228881836
1788674734554410500,53.458410400390626,-23.51999855041504,35.57999801635742,17.81999969482422
1788674734570340600,53.474340576171876,-23.579999923706055,35.21999740600586,18
1788674734586271000,53.49027099609375,-22.559999465942383,35.880001068115234,18.35999870300293
1788674734602170600,53.506170654296874,-22.31999969482422,35.7599983215332,17.760000228881836
1788674734617978600,53.521978515625,-23.15999984741211,35.34000015258789,17.81999969482422
1788674734633847800,53.537847900390624,-23.100000381469727,34.97999954223633,18.059999465942383
1788674734649717000,53.553717041015624,-23.219999313354492,34.13999938964844,17.520000457763672
1788674734665647000,53.569647216796874,-24,33.599998474121094,17.639999389648438
1788674734681546800,53.585546630859376,-23.8799991607666,33.89999771118164,17.69999885559082
1788674734697446400,53.6014462890625,-23.639999389648438,34.619998931884766,17.100000381469727
1788674734713346000,53.617345947265626,-23.399999618530273,35.15999984741211,17.100000381469727
1788674734729184800,53.633184814453124,-22.31999969482422,34.2599983215332,17.34000015258789
1788674734745115000,53.649114990234374,-22.979999542236328,33.29999923706055,17.8799991607666
1788674734761014500,53.6650146484375,-24.299999237060547,33.779998779296875,18.299999237060547
1788674734776822500,53.680822509765626,-24.53999900817871,34.380001068115234,17.520000457763672
1788674734792722200,53.69672216796875,-24.600000381469727,34.68000030517578,16.979999542236328
1788674734808561000,53.712560791015626,-24.35999870300293,34.619998931884766,17.100000381469727
1788674734824460500,53.72846044921875,-24.239999771118164,34.2599983215332,17.100000381469727
1788674734840329700,53.744329833984374,-24.299999237060547,34.380001068115234,16.85999870300293
1788674734856168200,53.760168212890626,-24,34.97999954223633,16.85999870300293
1788674734872037400,53.776037353515626,-24.479999542236328,35.15999984741211,16.619998931884766
1788674734887967700,53.7919677734375,-25.079999923706055,35.279998779296875,16.559999465942383
1788674734903836700,53.807836669921876,-25.619998931884766,34.68000030517578,16.559999465942383
1788674734919767000,53.82376708984375,-26.03999900817871,33.779998779296875,15.719999313354492
1788674734935575000,53.839574951171876,-27,32.7599983215332,15.899999618530273
1788674734951444200,53.8554443359375,-27.479999542236328,33.119998931884766,16.5
1788674734967313400,53.8713134765625,-26.69999885559082,33.779998779296875,17.03999900817871
1788674734983243500,53.887243408203126,-26.03999900817871,34.13999938964844,17.639999389648438
1788674734999112700,53.90311279296875,-25.5,34.619998931884766,16.619998931884766
1788674735015012400,53.919012451171874,-25.559999465942383,34.619998931884766,15.65999984741211
1788674735030881500,53.934881591796874,-26.279998779296875,34.380001068115234,14.699999809265137
1788674735046811600,53.950811767578124,-26.579999923706055,33.29999923706055,14.279999732971191
1788674735062711300,53.966711181640626,-26.81999969482422,33.05999755859375,14.15999984741211
1788674735078580500,53.98258056640625,-26.81999969482422,33.29999923706055,13.4399995803833
1788674735094449700,53.99844970703125,-27.059999465942383,33.47999954223633,14.219999313354492
1788674735110318600,54.014318603515626,-27.65999984741211,33.23999786376953,14.9399995803833
1788674735126157300,54.0301572265625,-27.299999237060547,32.34000015258789,14.9399995803833
1788674735142087400,54.04608740234375,-26.939998626708984,32.81999969482422,15.059999465942383
1788674735157987000,54.061987060546876,-26.03999900817871,33.84000015258789,14.519999504089355
1788674735173856300,54.077856201171876,-26.099998474121094,33.599998474121094,13.799999237060547
1788674735189725400,54.093725341796876,-26.399999618530273,33.41999816894531,12.899999618530273
1788674735205594600,54.1095947265625,-25.739999771118164,34.68000030517578,13.019999504089355
1788674735221494300,54.125494384765624,-25.559999465942383,35.15999984741211,13.139999389648438
1788674735237363500,54.141363525390624,-25.619998931884766,35.21999740600586,13.799999237060547
1788674735253263000,54.15726318359375,-26.099998474121094,35.39999771118164,14.460000038146973
1788674735269162800,54.173162841796874,-26.099998474121094,34.73999786376953,13.4399995803833
1788674735285001200,54.189001220703126,-25.619998931884766,35.15999984741211,13.679999351501465
1788674735300900900,54.20490087890625,-25.739999771118164,35.040000915527344,14.15999984741211
1788674735316831200,54.220831298828124,-25.799999237060547,33.959999084472656,14.279999732971191
1788674735332608800,54.23660888671875,-25.3799991607666,34.02000045776367,14.039999961853027
1788674735348508400,54.25250830078125,-25.85999870300293,33.779998779296875,14.279999732971191
1788674735364347100,54.26834716796875,-26.459999084472656,33.89999771118164,14.75999927520752
1788674735380277200,54.28427734375,-27,34.91999816894531,14.039999961853027
1788674735396146400,54.300146484375,-26.639999389648438,34.20000076293945,13.979999542236328
1788674735411985000,54.31598486328125,-26.099998474121094,32.81999969482422,14.579999923706055
1788674735427854000,54.33185400390625,-25.920000076293945,33.18000030517578,14.579999923706055
1788674735443753700,54.347753662109376,-26.099998474121094,33.41999816894531,14.15999984741211
1788674735459683800,54.363683837890626,-26.639999389648438,33.29999923706055,14.34000015258789
1788674735475614200,54.3796142578125,-27.18000030517578,33.23999786376953,14.219999313354492
1788674735491422200,54.395422119140626,-27.899999618530273,33.47999954223633,13.679999351501465
1788674735507291400,54.41129150390625,-27.719999313354492,33.65999984741211,13.920000076293945
1788674735523191000,54.42719091796875,-27.599998474121094,33.41999816894531,14.75999927520752
1788674735539121200,54.44312109375,-27,34.02000045776367,15.299999237060547
1788674735555020800,54.459020751953126,-26.639999389648438,34.13999938964844,15.420000076293945
1788674735570859500,54.474859619140624,-27.239999771118164,33.41999816894531,15.59999942779541
1788674735586728700,54.490728759765624,-27.119998931884766,32.70000076293945,15.719999313354492
1788674735602628400,54.50662841796875,-27,31.920000076293945,15.899999618530273
1788674735618528000,54.522528076171874,-27.899999618530273,31.079999923706055,15.899999618530273
1788674735634427600,54.538427734375,-28.139999389648438,30.719999313354492,15.059999465942383
1788674735658231300,54.562231201171876,-27.84000015258789,32.39999771118164,14.579999923706055
1788674735674131000,54.578130859375,-27.899999618530273,31.920000076293945,14.699999809265137
1788674735690030600,54.594030517578126,-28.31999969482422,31.01999855041504,14.219999313354492
1788674735705930200,54.60993017578125,-28.01999855041504,31.920000076293945,14.639999389648438
1788674735721799400,54.62579931640625,-27.420000076293945,32.34000015258789,15.119999885559082
1788674735737668600,54.641668701171874,-27.479999542236328,32.040000915527344,15.59999942779541
1788674735753568300,54.657568359375,-27.84000015258789,31.439998626708984,15.719999313354492
1788674735769437400,54.6734375,-28.559999465942383,31.619998931884766,14.819999694824219
1788674735785306600,54.689306640625,-28.559999465942383,31.439998626708984,14.9399995803833
1788674735801175600,54.705175537109376,-27.959999084472656,30.65999984741211,15.59999942779541
1788674735817075200,54.7210751953125,-27.779998779296875,31.260000228881836,16.079999923706055
1788674735832974800,54.736974853515626,-28.139999389648438,30.84000015258789,16.31999969482422
1788674735848813600,54.7528134765625,-27.959999084472656,29.579999923706055,16.139999389648438
1788674735864713200,54.768713134765626,-27.959999084472656,29.459999084472656,15.839999198913574
1788674735880552000,54.784552001953124,-28.559999465942383,29.399999618530273,16.19999885559082
1788674735896451600,54.80045166015625,-27.239999771118164,30.119998931884766,16.5
1788674735912381700,54.816381591796876,-26.69999885559082,31.19999885559082,17.279998779296875
1788674735928220400,54.832220458984374,-27.420000076293945,30.65999984741211,17.219999313354492
1788674735944089300,54.84808935546875,-27.779998779296875,29.69999885559082,16.5
1788674735959958500,54.86395849609375,-28.439998626708984,29.8799991607666,16.559999465942383
1788674735975889000,54.879888916015624,-28.619998931884766,29.639999389648438,15.960000038146973
1788674735991788500,54.89578857421875,-29.099998474121094,29.459999084472656,15.420000076293945
1788674736007688200,54.911688232421874,-29.579999923706055,29.099998474121094,15.539999961853027
1788674736023557000,54.92755712890625,-29.51999855041504,28.139999389648438,15.59999942779541
1788674736039456800,54.943456787109376,-29.03999900817871,29.219999313354492,15.899999618530273
1788674736055356700,54.959356689453124,-28.799999237060547,29.15999984741211,16.979999542236328
1788674736071286800,54.975286865234374,-28.439998626708984,27.959999084472656,17.520000457763672
1788674736087064300,54.991064208984376,-28.3799991607666,27.65999984741211,16.979999542236328
1788674736102933500,55.00693359375,-29.219999313354492,27.059999465942383,16.68000030517578
1788674736118833200,55.022833251953124,-29.34000015258789,26.760000228881836,16.739999771118164
1788674736134732800,55.03873291015625,-28.85999870300293,26.459999084472656,17.399999618530273
1788674736150663000,55.054662841796876,-29.399999618530273,25.739999771118164,18.239999771118164
1788674736174436000,55.07843603515625,-30.599998474121094,24.779998779296875,17.940000534057617
1788674736190335700,55.094335693359376,-30.420000076293945,24.84000015258789,18.18000030517578
1788674736206205000,55.110204833984376,-29.760000228881836,24.899999618530273,18.35999870300293
1788674736222104600,55.1261044921875,-29.81999969482422,25.079999923706055,18.299999237060547
1788674736238034700,55.14203466796875,-29.639999389648438,25.619998931884766,18.420000076293945
1788674736253965000,55.157965087890624,-29.399999618530273,25.619998931884766,18.600000381469727
1788674736269895200,55.173895263671874,-29.34000015258789,25.5,18.299999237060547
1788674736285733600,55.189733642578126,-28.979999542236328,25.619998931884766,17.639999389648438
1788674736301602800,55.205602783203126,-29.279998779296875,25.5,17.399999618530273
1788674736317533200,55.221533203125,-29.15999984741211,25.619998931884766,16.31999969482422
1788674736333432800,55.237432861328124,-28.979999542236328,25.619998931884766,16.020000457763672
1788674736349332500,55.25333251953125,-29.219999313354492,25.260000228881836,16.799999237060547
1788674736365201400,55.269201416015626,-29.099998474121094,24.84000015258789,17.100000381469727
1788674736381101000,55.28510107421875,-28.799999237060547,24.719999313354492,17.100000381469727
1788674736396970200,55.30097021484375,-28.619998931884766,24.479999542236328,16.799999237060547
1788674736412870000,55.316869873046876,-29.219999313354492,24.719999313354492,16.979999542236328
1788674736428769500,55.33276953125,-29.219999313354492,24.239999771118164,16.799999237060547
1788674736444638700,55.348638671875,-29.579999923706055,23.34000015258789,16.619998931884766
1788674736460538400,55.364538330078126,-29.639999389648438,23.579999923706055,16.440000534057617
1788674736476407600,55.380407470703126,-29.15999984741211,23.639999389648438,16.559999465942383
1788674736492307200,55.39630712890625,-29.69999885559082,23.219999313354492,16.559999465942383
1788674736508206800,55.412206787109376,-30.299999237060547,22.68000030517578,15.59999942779541
1788674736524076000,55.428075927734376,-30.779998779296875,22.799999237060547,15.719999313354492
1788674736539975700,55.4439755859375,-30.299999237060547,22.85999870300293,16.020000457763672
1788674736555814400,55.459814453125,-30.53999900817871,22.3799991607666,15.65999984741211
1788674736571744500,55.47574462890625,-31.079999923706055,23.219999313354492,15
1788674736587674600,55.491674560546876,-30.35999870300293,23.8799991607666,14.09999942779541
1788674736603513300,55.507513427734374,-29.8799991607666,24,13.799999237060547
1788674736619382500,55.523382568359374,-29.939998626708984,24.299999237060547,14.279999732971191
1788674736635251500,55.53925146484375,-29.639999389648438,23.81999969482422,14.219999313354492
1788674736651151000,55.555151123046876,-29.639999389648438,23.81999969482422,13.859999656677246
1788674736667051000,55.571051025390624,-29.8799991607666,24.53999900817871,13.920000076293945
1788674736682859000,55.58685888671875,-29.639999389648438,24.420000076293945,13.559999465942383
1788674736706754300,55.61075439453125,-29.03999900817871,25.139999389648438,13.319999694824219
1788674736722623500,55.62662353515625,-28.079999923706055,26.34000015258789,13.679999351501465
1788674736738523100,55.642523193359374,-28.619998931884766,25.439998626708984,14.279999732971191
1788674736754392000,55.65839208984375,-28.979999542236328,24.059999465942383,14.399999618530273
1788674736770322400,55.674322509765624,-29.279998779296875,23.639999389648438,13.920000076293945
1788674736786191600,55.690191650390624,-29.69999885559082,23.579999923706055,14.460000038146973
1788674736802030000,55.706030029296876,-29.34000015258789,22.799999237060547,15.059999465942383
1788674736817929700,55.7219296875,-29.51999855041504,21.53999900817871,15.059999465942383
1788674736833799000,55.737798828125,-29.51999855041504,20.81999969482422,15.299999237060547
1788674736849759700,55.753759765625,-29.939998626708984,20.219999313354492,14.399999618530273
1788674736865659400,55.769659423828124,-30.779998779296875,20.459999084472656,14.460000038146973
1788674736881497900,55.785497802734376,-30.84000015258789,20.760000228881836,15.359999656677246
1788674736897397500,55.8013974609375,-31.01999855041504,20.34000015258789,15.359999656677246
1788674736913266700,55.8172666015625,-30.719999313354492,19.799999237060547,14.880000114440918
1788674736929227500,55.8332275390625,-31.079999923706055,19.139999389648438,15.179999351501465
1788674736945096400,55.849096435546876,-31.139999389648438,19.31999969482422,14.880000114440918
1788674736960904700,55.86490478515625,-30,19.139999389648438,13.799999237060547
1788674736976804400,55.880804443359374,-30.119998931884766,18.239999771118164,14.880000114440918
1788674736992642800,55.896642822265626,-31.31999969482422,18.119998931884766,16.020000457763672
1788674737008573200,55.9125732421875,-31.31999969482422,18.420000076293945,15.239999771118164
1788674737024472800,55.928472900390624,-30.779998779296875,18.959999084472656,15.059999465942383
1788674737040372500,55.94437255859375,-30.959999084472656,18.600000381469727,14.9399995803833
1788674737056241700,55.96024169921875,-31.079999923706055,18,14.15999984741211
1788674737072171800,55.976171875,-31.19999885559082,18.719999313354492,13.380000114440918
1788674737088102000,55.992101806640626,-31.5,18.719999313354492,13.4399995803833
1788674737104001500,56.00800146484375,-31.559999465942383,19.079999923706055,14.579999923706055
1788674737119840300,56.02384033203125,-31.079999923706055,19.139999389648438,14.75999927520752
1788674737135740000,56.039739990234374,-31.3799991607666,17.520000457763672,14.219999313354492
1788674737151639600,56.0556396484375,-32.21999740600586,17.34000015258789,13.739999771118164
1788674737167569700,56.071569580078126,-31.739999771118164,18.35999870300293,12.899999618530273
1788674737183469300,56.08746923828125,-30.959999084472656,18.18000030517578,11.699999809265137
1788674737199277600,56.103277587890624,-30.779998779296875,17.100000381469727,11.460000038146973
1788674737223142100,56.12714208984375,-30.84000015258789,18.479999542236328,13.019999504089355
1788674737239011300,56.14301123046875,-31.260000228881836,18.719999313354492,13.559999465942383
1788674737254911000,56.158910888671876,-30.719999313354492,19.3799991607666,13.319999694824219
1788674737270780200,56.1747802734375,-29.51999855041504,19.260000228881836,13.139999389648438
1788674737286710300,56.190710205078126,-29.760000228881836,18.299999237060547,13.739999771118164
1788674737302640400,56.206640380859376,-29.81999969482422,17.81999969482422,13.559999465942383
1788674737318448600,56.22244873046875,-30.53999900817871,17.81999969482422,13.139999389648438
1788674737334317800,56.23831787109375,-31.5,18.18000030517578,12.84000015258789
1788674737350186800,56.254186767578126,-31.739999771118164,18.119998931884766,11.75999927520752
1788674737366086700,56.270086669921874,-31.920000076293945,18.420000076293945,11.639999389648438
1788674737381986300,56.285986328125,-32.279998779296875,18.119998931884766,11.9399995803833
1788674737397763800,56.301763916015624,-31.739999771118164,18.420000076293945,11.819999694824219
1788674737413633000,56.317633056640624,-30.779998779296875,19.19999885559082,11.639999389648438
1788674737429563100,56.333563232421874,-30.65999984741211,19.619998931884766,11.279999732971191
1788674737445493200,56.3494931640625,-31.260000228881836,19.5,11.039999961853027
1788674737461393000,56.365392822265626,-31.079999923706055,18.719999313354492,11.279999732971191
1788674737477262000,56.381261962890626,-30.53999900817871,18.65999984741211,11.399999618530273
1788674737493131300,56.39713134765625,-30.599998474121094,19.31999969482422,11.519999504089355
1788674737509031000,56.413031005859374,-31.139999389648438,19.85999870300293,11.219999313354492
1788674737524930600,56.4289306640625,-30.599998474121094,19.799999237060547,10.739999771118164
1788674737540799700,56.4447998046875,-29.81999969482422,19.139999389648438,10.380000114440918
1788674737556638200,56.46063818359375,-30.119998931884766,19.079999923706055,10.559999465942383
1788674737572507400,56.47650732421875,-29.34000015258789,19.260000228881836,11.399999618530273
1788674737588437500,56.4924375,-29.099998474121094,18.899999618530273,11.039999961853027
1788674737604368000,56.508367919921874,-29.639999389648438,18.959999084472656,10.5
1788674737620267500,56.524267578125,-29.639999389648438,20.15999984741211,10.679999351501465
1788674737636106000,56.54010595703125,-29.099998474121094,20.459999084472656,10.920000076293945
1788674737651975200,56.55597509765625,-28.139999389648438,19.31999969482422,9.960000038146973
1788674737667844400,56.57184423828125,-27.959999084472656,19.139999389648438,10.079999923706055
1788674737683774500,56.5877744140625,-28.260000228881836,20.15999984741211,11.15999984741211
1788674737699643600,56.6036435546875,-29.03999900817871,20.520000457763672,11.15999984741211
1788674737715482400,56.619482421875,-29.279998779296875,20.279998779296875,10.260000228881836
1788674737731412500,56.63541259765625,-29.03999900817871,19.619998931884766,10.260000228881836
1788674737747251200,56.651251220703124,-30.059999465942383,18.959999084472656,10.739999771118164
1788674737763150800,56.66715087890625,-30.84000015258789,18.35999870300293,9.479999542236328
1788674737779019800,56.683019775390626,-31.3799991607666,18.479999542236328,8.220000267028809
1788674737794858500,56.6988583984375,-32.15999984741211,18.059999465942383,8.460000038146973
1788674737810727700,56.714727783203124,-31.920000076293945,17.399999618530273,8.699999809265137
1788674737826627300,56.73062744140625,-31.260000228881836,18.18000030517578,8.579999923706055
1788674737842557400,56.746557373046876,-30.959999084472656,17.940000534057617,9
1788674737858426600,56.762426513671876,-30.779998779296875,18,9.239999771118164
1788674737874265300,56.778265380859374,-31.19999885559082,17.219999313354492,9.239999771118164
1788674737890165000,56.7941650390625,-31.139999389648438,16.979999542236328,9.119999885559082
1788674737906034000,56.810033935546876,-30.899999618530273,17.579999923706055,8.880000114440918
1788674737921933800,56.825933837890624,-31.67999839782715,17.69999885559082,9.420000076293945
1788674737937833500,56.84183349609375,-31.739999771118164,17.8799991607666,9.179999351501465
1788674737953702400,56.857702392578126,-30.959999084472656,18.119998931884766,8.880000114440918
