time,seconds_elapsed,qz,qy,qx,qw,roll,pitch,yaw
1788678776269561900,-0.024438232421875,0.10401471704244614,0.028718354180455208,0.05366339907050133,0.9927117228507996,0.046163979917764664,-0.1127576157450676,-0.20618902146816254
1788678776429474000,0.13547412109375,0.10386130958795547,0.030411450192332268,0.05116724595427513,0.9928091168403625,0.0500701405107975,-0.10812632739543915,-0.2057587057352066
1788678776482392800,0.188392822265625,0.10386117547750473,0.030418850481510162,0.05117788165807724,0.9928084015846252,0.05008280649781227,-0.10814903676509857,-0.20575736463069916
1788678776506318600,0.212318603515625,0.09997016936540604,0.025949126109480858,0.05882302671670914,0.992911159992218,0.04007929563522339,-0.12230505049228668,-0.19823715090751648
1788678776522310000,0.228309814453125,-0.969697117805481,-0.059742800891399384,0.03190461918711662,0.23473487794399261,0.034128159284591675,-0.13121934235095978,2.6688320636749268
1788678776538240000,0.244239990234375,-0.9693558216094971,-0.06405371427536011,0.030424900352954865,0.2352038323879242,0.029138635843992233,-0.13894039392471313,2.6675422191619873
1788678776554200800,0.260200927734375,-0.9693830013275146,-0.0672813206911087,0.029301978647708893,0.23433153331279755,0.025547070428729057,-0.1446797102689743,2.669078826904297
1788678776570161400,0.276161376953125,-0.9689649343490601,-0.06960467994213104,0.028533922508358955,0.23547406494617462,0.02277037315070629,-0.1488763391971588,2.66650128364563
1788678776586061000,0.29206103515625,-0.9683294296264648,-0.0732041448354721,0.027234191074967384,0.23714475333690643,0.018243975937366486,-0.15531198680400848,2.6626646518707275
1788678776602022000,0.30802197265625,-0.9709208607673645,-0.062230564653873444,0.031184064224362373,0.2290578931570053,0.032347988337278366,-0.13554245233535767,2.680424690246582
1788678776617982500,0.323982421875,-0.970178484916687,-0.06294992566108704,0.030825037509202957,0.23203666508197784,0.03089199960231781,-0.1368774175643921,2.674192190170288
1788678776633912600,0.33991259765625,-0.9687310457229614,-0.06338980793952942,0.030498052015900612,0.23793235421180725,0.029204655438661575,-0.13776364922523499,2.6619179248809814
1788678776649873400,0.355873291015625,-0.9686732292175293,-0.06365802884101868,0.02984893135726452,0.23817813396453857,0.02777131460607052,-0.13798382878303528,2.66131591796875
1788678776665864400,0.371864501953125,-0.970309853553772,-0.06376755982637405,0.029089350253343582,0.23148727416992188,0.02718910202383995,-0.1376504898071289,2.675081253051758
1788678776681855700,0.387855712890625,-0.971899151802063,-0.06353262811899185,0.02862427942454815,0.22484758496284485,0.027328167110681534,-0.13679303228855133,2.6887669563293457
1788678776697816300,0.40381640625,-0.9715960621833801,-0.05996767058968544,0.030668791383504868,0.22685782611370087,0.032672006636857986,-0.13081640005111694,2.6849722862243652
1788678776713685500,0.419685546875,-0.9714425802230835,-0.057029034942388535,0.03218681365251541,0.2280593067407608,0.03682258352637291,-0.1258135288953781,2.68273663520813
1788678776729554700,0.4355546875,-0.972000002861023,-0.05596764013171196,0.03294328600168228,0.22582828998565674,0.03907346352934837,-0.12399765104055405,2.6874513626098633
1788678776745454300,0.451454345703125,-0.9700940847396851,-0.05514088273048401,0.03437415882945061,0.23387056589126587,0.0412256196141243,-0.12337464094161987,2.671006917953491
1788678776761354000,0.46735400390625,-0.9706023931503296,-0.05501618981361389,0.03445315733551979,0.2317698448896408,0.04170593246817589,-0.1230785921216011,2.6753623485565186
1788678776777223200,0.48322314453125,-0.970113217830658,-0.05405053868889809,0.03573635220527649,0.23384125530719757,0.04440201073884964,-0.12188511341810226,2.671236038208008
1788678776793214500,0.49921435546875,-0.9694684743881226,-0.05229915678501129,0.03683805093169212,0.2367250621318817,0.04701602831482887,-0.1191273108124733,2.6654093265533447
1788678776809205500,0.51520556640625,-0.9699981212615967,-0.05172845721244812,0.036678116768598557,0.23469702899456024,0.047219280153512955,-0.11784204840660095,2.669591188430786
1788678776825074700,0.53107470703125,-0.9699496030807495,-0.05144982412457466,0.036501675844192505,0.23498615622520447,0.046969104558229446,-0.11723057925701141,2.668975830078125
1788678776840974300,0.546974365234375,-0.9698628187179565,-0.05164942145347595,0.03628234937787056,0.2353341281414032,0.046404749155044556,-0.11753307282924652,2.6682310104370117
1788678776856996000,0.56299609375,-0.9697834253311157,-0.05234489589929581,0.03598782792687416,0.23555301129817963,0.04547668993473053,-0.11875946819782257,2.6677405834198
1788678776872895700,0.578895751953125,-0.9697272181510925,-0.05323874205350876,0.03555423021316528,0.23564983904361725,0.04419812560081482,-0.1203007772564888,2.6674835681915283
1788678776888917500,0.59491748046875,-0.9703532457351685,-0.05403091385960579,0.034760732203722,0.23299595713615417,0.04260856658220291,-0.12135400623083115,2.672874927520752
1788678776904817200,0.610817138671875,-0.9710361957550049,-0.05457676947116852,0.03394024819135666,0.2301265001296997,0.04111194610595703,-0.12191492319107056,2.6787071228027344
1788678776920808400,0.626808349609375,-0.970962643623352,-0.054813504219055176,0.033486366271972656,0.23044715821743011,0.0400741770863533,-0.12218117713928223,2.6779897212982178
1788678776936799500,0.642799560546875,-0.9708192944526672,-0.0550403967499733,0.03320867568254471,0.23103633522987366,0.03935164958238602,-0.12251967191696167,2.676737070083618
1788678776952729900,0.658729736328125,-0.9707655906677246,-0.05533547326922417,0.03301377221941948,0.23121924698352814,0.038810960948467255,-0.12301239371299744,2.6763317584991455
1788678776968721000,0.674720947265625,-0.9715130925178528,-0.05577186122536659,0.0324229821562767,0.22803634405136108,0.03785986080765724,-0.1234668716788292,2.6828343868255615
1788678776984712200,0.690712158203125,-0.9721147418022156,-0.056235432624816895,0.031391486525535583,0.2254888415336609,0.035954222083091736,-0.12380750477313995,2.6879689693450928
1788678777000703500,0.706703369140625,-0.9719561338424683,-0.05673408508300781,0.030337274074554443,0.22619064152240753,0.0335729718208313,-0.12433017045259476,2.6863880157470703
1788678777016664000,0.7226640625,-0.971921980381012,-0.05732802674174309,0.02921842597424984,0.2263350784778595,0.031092895194888115,-0.12498822063207626,2.685946464538574
1788678777032594200,0.73859423828125,-0.9718702435493469,-0.05787923187017441,0.02822278067469597,0.2265431433916092,0.028864901512861252,-0.12561967968940735,2.6853866577148438
1788678777048585500,0.75458544921875,-0.9717872738838196,-0.05831476300954819,0.02760995924472809,0.2268628031015396,0.027424626052379608,-0.12620115280151367,2.6846423149108887
1788678777064546300,0.77054638671875,-0.9717358946800232,-0.058664627373218536,0.02727588824927807,0.22703248262405396,0.02658872865140438,-0.1267370730638504,2.684242010116577
1788678777080507000,0.7865068359375,-0.9716795682907104,-0.0590161494910717,0.027185732498764992,0.2271934300661087,0.026231005787849426,-0.1273866593837738,2.6838879585266113
1788678777096498200,0.802498291015625,-0.9706474542617798,-0.05935496836900711,0.027293868362903595,0.231464222073555,0.025722285732626915,-0.12821157276630402,2.675060272216797
1788678777112458800,0.818458740234375,-0.9699690937995911,-0.05992427095770836,0.026849832385778427,0.23419666290283203,0.02422308176755905,-0.12918467819690704,2.669332981109619
1788678777128388900,0.834388916015625,-0.9698668122291565,-0.06105261668562889,0.025954391807317734,0.23443001508712769,0.021908842027187347,-0.1309688836336136,2.6687002182006836
1788678777144288500,0.85028857421875,-0.9698971509933472,-0.06264205276966095,0.024258531630039215,0.23406630754470825,0.017891351133584976,-0.1332629919052124,2.669180154800415
1788678777160219000,0.866218994140625,-0.9699878096580505,-0.06396584212779999,0.02284318394958973,0.23347428441047668,0.014579962939023972,-0.13517001271247864,2.6701695919036865
1788678777176240600,0.88224072265625,-0.9700788855552673,-0.0645732432603836,0.022130899131298065,0.2329970747232437,0.012966799549758434,-0.13601413369178772,2.6710386276245117
1788678777192201200,0.898201171875,-0.9701806902885437,-0.06448311358690262,0.022296994924545288,0.23258204758167267,0.013392901048064232,-0.13591033220291138,2.6719236373901367
1788678777208070400,0.9140703125,-0.970289945602417,-0.06366544961929321,0.023146478459239006,0.23226803541183472,0.015483577735722065,-0.1347072869539261,2.672719717025757
1788678777223970000,0.929969970703125,-0.9703400135040283,-0.06285801529884338,0.023753074929118156,0.2322174459695816,0.017056051641702652,-0.13341449201107025,2.6729366779327393
1788678777239869700,0.94586962890625,-0.9703033566474915,-0.06257880479097366,0.024119697511196136,0.23240812122821808,0.01787814125418663,-0.13304422795772552,2.6725995540618896
1788678777255769300,0.961769287109375,-0.9702532887458801,-0.061498600989580154,0.02596779353916645,0.23270633816719055,0.021960679441690445,-0.13180547952651978,2.672253131866455
1788678777271760600,0.9777607421875,-0.9701569080352783,-0.06182170286774635,0.026111338287591934,0.23300644755363464,0.022049546241760254,-0.13250917196273804,2.6716368198394775
1788678777287782100,0.9937822265625,-0.9701155424118042,-0.06256386637687683,0.025554338470101357,0.2330424189567566,0.020606594160199165,-0.1336967945098877,2.671463966369629
1788678777303651300,1.0096513671875,-0.9699562191963196,-0.06371954083442688,0.02533038519322872,0.23341628909111023,0.019573960453271866,-0.1358528882265091,2.6706125736236572
1788678777319551000,1.025551025390625,-0.9694903492927551,-0.06451141089200974,0.025614390149712563,0.2350970208644867,0.019518546760082245,-0.1375635713338852,2.667130947113037
1788678777335420200,1.041420166015625,-0.9693488478660583,-0.06485814601182938,0.025919297710061073,0.23555143177509308,0.019886255264282227,-0.13839232921600342,2.666212320327759
1788678777351350300,1.057350341796875,-0.9694347977638245,-0.06419914960861206,0.025659844279289246,0.23540683090686798,0.019711162894964218,-0.1369827836751938,2.666508674621582
1788678777367341600,1.073341552734375,-0.9695291519165039,-0.06375433504581451,0.025272222235798836,0.23518064618110657,0.019194964319467545,-0.13592864573001862,2.6669483184814453
1788678777383302400,1.089302490234375,-0.9696263074874878,-0.06368804723024368,0.024732504040002823,0.2348555624485016,0.018215646967291832,-0.1355389505624771,2.66755747795105
1788678777399202000,1.1052021484375,-0.9697315096855164,-0.06400562077760696,0.024182334542274475,0.23439162969589233,0.017054015770554543,-0.1358906477689743,2.6684350967407227
1788678777415132200,1.121132080078125,-0.969762921333313,-0.06469085067510605,0.02368067018687725,0.23412449657917023,0.01578638143837452,-0.13698604702949524,2.6688928604125977
1788678777431031800,1.13703173828125,-0.9696823954582214,-0.06545480340719223,0.02330307848751545,0.2342834323644638,0.014663750305771828,-0.13830024003982544,2.668477773666382
1788678777447023000,1.153023193359375,-0.9695705771446228,-0.06607385724782944,0.023153012618422508,0.23458713293075562,0.014033472165465355,-0.13944076001644135,2.667797803878784
1788678777462983700,1.168983642578125,-0.96955806016922,-0.06642793118953705,0.02317228727042675,0.23453694581985474,0.01391096692532301,-0.14013925194740295,2.6678860187530518
1788678777478944300,1.1849443359375,-0.969606876373291,-0.06647386401891708,0.023324470967054367,0.23430690169334412,0.014220763929188251,-0.14029698073863983,2.66838002204895
1788678777494874600,1.20087451171875,-0.969622790813446,-0.06633305549621582,0.02335495501756668,0.23427781462669373,0.014351238496601582,-0.1400364339351654,2.6684515476226807
1788678777510774300,1.216774169921875,-0.9697248935699463,-0.06624903529882431,0.02325611189007759,0.2338886260986328,0.014253849163651466,-0.13982048630714417,2.6692497730255127
1788678777526765300,1.232765380859375,-0.9699500203132629,-0.06648259609937668,0.023010840639472008,0.2329111099243164,0.013805449940264225,-0.1401468813419342,2.671231746673584
1788678777542726100,1.24872607421875,-0.9699726104736328,-0.06686708331108093,0.022683868184685707,0.23273922502994537,0.013009270653128624,-0.1407415270805359,2.671525478363037
1788678777558686700,1.264686767578125,-0.9699819087982178,-0.06709402799606323,0.02231205254793167,0.23267097771167755,0.0121841412037611,-0.14100955426692963,2.6716063022613525
1788678777574678000,1.280677978515625,-0.9699451923370361,-0.06708336621522903,0.022117964923381805,0.23284538090229034,0.011783366091549397,-0.14090025424957275,2.671220064163208
1788678777590669300,1.29666943359375,-0.9697684645652771,-0.06703470647335052,0.02231593243777752,0.23357577621936798,0.012087296694517136,-0.14090701937675476,2.6697349548339844
1788678777606599400,1.312599365234375,-0.9697884917259216,-0.06701983511447906,0.022924594581127167,0.2334376722574234,0.013306854292750359,-0.14116139709949493,2.6701011657714844
1788678777622499000,1.3284990234375,-0.9698317050933838,-0.06686816364526749,0.023689929395914078,0.23322515189647675,0.01490878127515316,-0.1412208527326584,2.670649528503418
1788678777638490400,1.344490478515625,-0.9700900912284851,-0.06659294664859772,0.02404400147497654,0.2321908324956894,0.0158830638974905,-0.14083299040794373,2.6728527545928955
1788678777654481400,1.3604814453125,-0.9702895283699036,-0.0664432942867279,0.023923443630337715,0.23141144216060638,0.015830442309379578,-0.14047230780124664,2.6744589805603027
1788678777670411800,1.376411865234375,-0.9703207612037659,-0.06663651019334793,0.023620862513780594,0.23125597834587097,0.015169940888881683,-0.14070634543895721,2.674732208251953
1788678777686433300,1.392433349609375,-0.9702770709991455,-0.06697006523609161,0.023410243913531303,0.23136422038078308,0.014585687778890133,-0.14126095175743103,2.6744635105133057
1788678777702394000,1.40839404296875,-0.9701939821243286,-0.06713980436325073,0.023419838398694992,0.23166221380233765,0.014481502585113049,-0.14160096645355225,2.6738388538360596
1788678777718385400,1.424385498046875,-0.9701630473136902,-0.06696057319641113,0.023670777678489685,0.2318180948495865,0.015034225769340992,-0.14137040078639984,2.673557996749878
1788678777734376400,1.44037646484375,-0.9701891541481018,-0.06649329513311386,0.024028724059462547,0.23180635273456573,0.015955854207277298,-0.14062519371509552,2.673652172088623
1788678777750306600,1.456306640625,-0.9702258110046387,-0.06587202847003937,0.02427213080227375,0.231805220246315,0.016723226755857468,-0.13952656090259552,2.6737163066864014
1788678777766297900,1.4722978515625,-0.9703112840652466,-0.0651826485991478,0.02435518056154251,0.2316334992647171,0.017232432961463928,-0.13821753859519958,2.6741154193878174
1788678777782258700,1.4882587890625,-0.9703801274299622,-0.06462552398443222,0.02452363260090351,0.23148375749588013,0.01784360595047474,-0.13720637559890747,2.6744725704193115
1788678777798158300,1.504158447265625,-0.9703750014305115,-0.06443917751312256,0.024602042511105537,0.23154856264591217,0.018074853345751762,-0.13688050210475922,2.674356698989868
1788678777814058000,1.52005810546875,-0.9703662395477295,-0.06489101052284241,0.024427011609077454,0.23147745430469513,0.017531467601656914,-0.13767924904823303,2.6744611263275146
1788678777829927200,1.53592724609375,-0.9706412553787231,-0.06593378633260727,0.023772243410348892,0.23009400069713593,0.015962183475494385,-0.13938671350479126,2.6771926879882812
1788678777845826800,1.551826904296875,-0.9708682298660278,-0.06734734773635864,0.022996973246335983,0.2288023680448532,0.013976260088384151,-0.14176873862743378,2.6796956062316895
1788678777861695700,1.56769580078125,-0.9709122180938721,-0.06876468658447266,0.02232443355023861,0.2282598614692688,0.012083431705832481,-0.14421992003917694,2.6806552410125732
1788678777877687000,1.58368701171875,-0.9708702564239502,-0.0699436143040657,0.02164352685213089,0.22814586758613586,0.010220645926892757,-0.14620846509933472,2.680734157562256
1788678777893678300,1.59967822265625,-0.9707601070404053,-0.07079730182886124,0.021368358284235,0.22837665677070618,0.009251120500266552,-0.14775145053863525,2.680169105529785
1788678777909608400,1.6156083984375,-0.9705661535263062,-0.07133404910564423,0.02160084806382656,0.22901147603988647,0.00936120841652155,-0.14891226589679718,2.678854465484619
1788678777925569000,1.631569091796875,-0.97037672996521,-0.0716269388794899,0.021904898807406425,0.22969307005405426,0.009716302156448364,-0.14963078498840332,2.677466630935669
1788678777941560300,1.647560302734375,-0.9699928164482117,-0.07176487892866135,0.022252922877669334,0.23123283684253693,0.010095201432704926,-0.15007677674293518,2.6743147373199463
1788678777957551600,1.663551513671875,-0.9697321653366089,-0.07186779379844666,0.022649027407169342,0.23225371539592743,0.010664562694728374,-0.15047286450862885,2.6722466945648193
1788678777973512200,1.67951220703125,-0.9696649312973022,-0.07211920619010925,0.023085657507181168,0.23241321742534637,0.01137779001146555,-0.1511688381433487,2.671962022781372
1788678777989381400,1.69538134765625,-0.9696882367134094,-0.07258694618940353,0.02352195605635643,0.23212629556655884,0.012059090659022331,-0.15228141844272614,2.672590732574463
1788678778005281000,1.711281005859375,-0.9697738885879517,-0.07322371751070023,0.023738034069538116,0.23154598474502563,0.012276609428226948,-0.153617262840271,2.673787832260132
1788678778021180700,1.7271806640625,-0.9695647954940796,-0.07398348301649094,0.023806802928447723,0.23217229545116425,0.01195450033992529,-0.15513969957828522,2.672452688217163
1788678778037049900,1.7430498046875,-0.969296932220459,-0.0746966227889061,0.02357243001461029,0.233084037899971,0.011010855436325073,-0.1564323604106903,2.6704823970794678
1788678778052980000,1.75897998046875,-0.9691433906555176,-0.075089231133461,0.023185156285762787,0.23363474011421204,0.009975462220609188,-0.1570226401090622,2.6692581176757812
1788678778068910000,1.77491015625,-0.9690287113189697,-0.07513584941625595,0.022965678945183754,0.23411688208580017,0.009443975985050201,-0.15701526403427124,2.668221950531006
1788678778084871000,1.790870849609375,-0.9688771963119507,-0.07482389360666275,0.023023683577775955,0.2348368912935257,0.009588665328919888,-0.15644128620624542,2.666755199432373
1788678778100831500,1.80683154296875,-0.9687479138374329,-0.07445318251848221,0.023055927827954292,0.2354838252067566,0.009723559953272343,-0.1557401418685913,2.6654398441314697
1788678778116731100,1.822731201171875,-0.9688230752944946,-0.0743337869644165,0.022626535966992378,0.23525425791740417,0.008975681848824024,-0.15530207753181458,2.665862560272217
1788678778132661500,1.83866162109375,-0.968985378742218,-0.07461478561162949,0.021683696657419205,0.2345845252275467,0.007101050112396479,-0.15539929270744324,2.6670994758605957
1788678778148561200,1.85456103515625,-0.9690424799919128,-0.0751277282834053,0.020652052015066147,0.23427774012088776,0.004883172921836376,-0.15591144561767578,2.667553186416626
1788678778164552200,1.87055224609375,-0.9691857099533081,-0.07450946420431137,0.019477369263768196,0.23398327827453613,0.002921078586950898,-0.1541515588760376,2.668039083480835
1788678778180451800,1.886451904296875,-0.969449520111084,-0.07270241528749466,0.01878659799695015,0.23351451754570007,0.0024993594270199537,-0.15030179917812347,2.669039726257324
1788678778196351500,1.9023515625,-0.9695010781288147,-0.07153035700321198,0.018991857767105103,0.23364627361297607,0.0034372920636087656,-0.1481132209300995,2.6688740253448486
1788678778212251100,1.918251220703125,-0.9696330428123474,-0.07103709876537323,0.01895720884203911,0.2332514375448227,0.003663655836135149,-0.1471337080001831,2.6697206497192383
1788678778228151000,1.934151123046875,-0.9696911573410034,-0.07063405215740204,0.01934131048619747,0.23310038447380066,0.0046301791444420815,-0.14652712643146515,2.670112133026123
1788678778244172500,1.950172607421875,-0.969688892364502,-0.06991244852542877,0.019509466364979744,0.2333133965730667,0.005268667358905077,-0.1451999545097351,2.669739246368408
1788678778260072200,1.966072265625,-0.9698056578636169,-0.0687173530459404,0.019620181992650032,0.2331736832857132,0.006071309093385935,-0.1429208368062973,2.6701178550720215
1788678778276063500,1.9820634765625,-0.9699504375457764,-0.06729669123888016,0.019517501816153526,0.23299477994441986,0.006566850934177637,-0.14010174572467804,2.670560598373413
1788678778292024300,1.9980244140625,-0.969881534576416,-0.06617185473442078,0.019512904807925224,0.23360314965248108,0.00700103584676981,-0.13791102170944214,2.669365167617798
1788678778308015400,2.014015380859375,-0.9697866439819336,-0.06595230847597122,0.01923852227628231,0.2340817153453827,0.00649932399392128,-0.13735762238502502,2.668351411819458
1788678778324037000,2.030037109375,-0.9698625802993774,-0.06603793054819107,0.01919502764940262,0.23374627530574799,0.006421489175409079,-0.13750185072422028,2.6690359115600586
1788678778339906300,2.04590625,-0.9701512455940247,-0.06605224311351776,0.01958884671330452,0.23250825703144073,0.007362667936831713,-0.1377052664756775,2.671649932861328
1788678778355897600,2.061897705078125,-0.970417857170105,-0.06580188870429993,0.020101334899663925,0.23142045736312866,0.00863916426897049,-0.13744673132896423,2.6739821434020996
1788678778371858200,2.077858154296875,-0.9705595970153809,-0.06515105813741684,0.020549273118376732,0.2309703528881073,0.009884603321552277,-0.13638091087341309,2.675006151199341
1788678778387788300,2.093788330078125,-0.970682680606842,-0.06420481950044632,0.02100834809243679,0.2306763231754303,0.011266173794865608,-0.13474462926387787,2.6757218837738037
1788678778403688000,2.10968798828125,-0.97087162733078,-0.06311818212270737,0.021254993975162506,0.23015804588794708,0.01232615765184164,-0.13273271918296814,2.6768791675567627
1788678778419679200,2.12567919921875,-0.9712560176849365,-0.06210801750421524,0.021472815424203873,0.22878654301166534,0.013407249003648758,-0.13084396719932556,2.679790735244751
1788678778435670500,2.14167041015625,-0.9714681506156921,-0.061158597469329834,0.0222515556961298,0.22806617617607117,0.01546673383563757,-0.12933720648288727,2.6814169883728027
1788678778451661600,2.15766162109375,-0.9715544581413269,-0.05991622060537338,0.023804858326911926,0.22787119448184967,0.019105594605207443,-0.12761874496936798,2.682055950164795
1788678778467592000,2.173592041015625,-0.9715355634689331,-0.058378562331199646,0.0259390976279974,0.2281179130077362,0.0239581149071455,-0.1255979984998703,2.681851625442505
1788678778483613400,2.189613525390625,-0.9711328744888306,-0.05663605406880379,0.028358282521367073,0.22997669875621796,0.029255833476781845,-0.12335837632417679,2.6783411502838135
1788678778499513300,2.205513427734375,-0.9708240628242493,-0.05498683452606201,0.030553536489605904,0.2313949316740036,0.034133851528167725,-0.12120147049427032,2.6756973266601562
1788678778515504400,2.22150439453125,-0.9706824421882629,-0.05380472540855408,0.03206523880362511,0.2320612370967865,0.03755548968911171,-0.1196218878030777,2.6745104789733887
1788678778531465200,2.23746533203125,-0.9706075191497803,-0.05324825271964073,0.03291492909193039,0.2323838770389557,0.03943566977977753,-0.11894437670707703,2.6739461421966553
1788678778547364900,2.25336474609375,-0.9706293940544128,-0.05341417342424393,0.03274846449494362,0.23227809369564056,0.039046213030815125,-0.11918622255325317,2.6741440296173096
1788678778563386600,2.26938671875,-0.9706996083259583,-0.05365942046046257,0.032301757484674454,0.23199062049388885,0.03809421509504318,-0.11944558471441269,2.67468523979187
1788678778579286300,2.285286376953125,-0.9707226157188416,-0.053460150957107544,0.032236311584711075,0.23194938898086548,0.03806336224079132,-0.11902518570423126,2.6747663021087646
1788678778595246800,2.301246826171875,-0.9706236720085144,-0.05296103656291962,0.03269388899207115,0.2324133962392807,0.03913256153464317,-0.11828308552503586,2.6738650798797607
1788678778611238100,2.317238037109375,-0.9713817238807678,-0.052562031894922256,0.03279232978820801,0.22930186986923218,0.03988777473568916,-0.11742393672466278,2.680309772491455
1788678778627137800,2.3331376953125,-0.9724960327148438,-0.05180882662534714,0.03336876258254051,0.22461946308612823,0.041921451687812805,-0.1160183995962143,2.690044641494751
1788678778643007000,2.349007080078125,-0.9726752042770386,-0.04997595399618149,0.03498125821352005,0.22401292622089386,0.04597024619579315,-0.11313444375991821,2.6914784908294678
1788678778658967600,2.364967529296875,-0.9727514386177063,-0.04884473979473114,0.03603795915842056,0.2237638533115387,0.04857255890965462,-0.11138574779033661,2.692103862762451
1788678778674928400,2.380928466796875,-0.9724303483963013,-0.048104848712682724,0.03701678290963173,0.22515520453453064,0.05066060647368431,-0.11045070737600327,2.689335346221924
1788678778690889000,2.396888916015625,-0.9716565608978271,-0.047420989722013474,0.038541603833436966,0.22836236655712128,0.05358932167291641,-0.10997830331325531,2.6828742027282715
1788678778706819000,2.412819091796875,-0.9713935256004333,-0.04685455560684204,0.04063029959797859,0.22923478484153748,0.05783544480800629,-0.10987713187932968,2.6812827587127686
1788678778722840800,2.4288408203125,-0.9713116884231567,-0.043919965624809265,0.04546225443482399,0.22925491631031036,0.06861963868141174,-0.10636529326438904,2.681678533554077
1788678778738832100,2.44483203125,-0.971199631690979,-0.03886909782886505,0.05125848948955536,0.22941912710666656,0.08222609013319016,-0.09918119013309479,2.6817357540130615
1788678778754823200,2.4608232421875,-0.970915675163269,-0.032127976417541504,0.05707012489438057,0.2302904576063156,0.09655271470546722,-0.08878913521766663,2.68011474609375
1788678778770814500,2.476814453125,-0.9707165360450745,-0.024693895131349564,0.06147550418972969,0.23091226816177368,0.10847479850053787,-0.07640675455331802,2.6786673069000244
1788678778786744600,2.49274462890625,-0.9708490967750549,-0.016952315345406532,0.06433099508285522,0.23027397692203522,0.11760464310646057,-0.06258463114500046,2.679508924484253
1788678778802675000,2.508675048828125,-0.9711309671401978,-0.010454314760863781,0.06540029495954514,0.22916872799396515,0.12269531190395355,-0.05030163377523422,2.681199789047241
1788678778818666000,2.524666015625,-0.9714329242706299,-0.006621870677918196,0.06538816541433334,0.22803203761577606,0.12445461004972458,-0.042699575424194336,2.68312668800354
1788678778834535200,2.54053515625,-0.9715912342071533,-0.005713089369237423,0.06537304818630219,0.22738564014434814,0.12486165016889572,-0.04084271565079689,2.6843531131744385
1788678778850404400,2.556404296875,-0.9716135859489441,-0.006632620934396982,0.0649898424744606,0.22737526893615723,0.12370024621486664,-0.042455606162548065,2.684459686279297
1788678778866304000,2.572303955078125,-0.9715977907180786,-0.008068270981311798,0.06404237449169159,0.2276650071144104,0.12119116634130478,-0.044853683561086655,2.683979034423828
1788678778882173200,2.588173095703125,-0.9715917706489563,-0.008730585686862469,0.065466970205307,0.22726032137870789,0.12369605153799057,-0.04673823341727257,2.68493914604187
1788678778898042400,2.60404248046875,-0.9714869260787964,-0.008749102242290974,0.06708147376775742,0.22723732888698578,0.1268438845872879,-0.047503966838121414,2.685058832168579
1788678778913880800,2.619880859375,-0.9716701507568359,-0.008595515973865986,0.0663817748427391,0.22666461765766144,0.12557275593280792,-0.04681391268968582,2.6861865520477295
1788678778929841700,2.635841552734375,-0.9720450043678284,-0.008277080953121185,0.06499826163053513,0.22546659409999847,0.12306705862283707,-0.04541687294840813,2.6885504722595215
1788678778945741300,2.6517412109375,-0.9724149703979492,-0.008568618446588516,0.06259290128946304,0.22453926503658295,0.11827849596738815,-0.044788602739572525,2.6903820037841797
1788678778961610500,2.667610595703125,-0.9725724458694458,-0.010309245437383652,0.05990799516439438,0.22451622784137726,0.11225973814725876,-0.04697088152170181,2.6904854774475098
1788678778977510100,2.68351025390625,-0.9725972414016724,-0.0133229810744524,0.05693396180868149,0.22502371668815613,0.10508435219526291,-0.051561616361141205,2.6895785331726074
1788678778993409800,2.699409912109375,-0.9725918769836426,-0.01708734780550003,0.054267991334199905,0.22545082867145538,0.0981774851679802,-0.057739634066820145,2.6888675689697266
1788678779009279000,2.715279052734375,-0.9726160168647766,-0.020543036982417107,0.05244055390357971,0.2254907786846161,0.09306701272726059,-0.06365367025136948,2.6889283657073975
1788678779025209000,2.731208984375,-0.9726195931434631,-0.023249542340636253,0.0513213649392128,0.2254701405763626,0.08967788517475128,-0.06842216849327087,2.6890764236450195
1788678779041108700,2.747108642578125,-0.9726349115371704,-0.025148732587695122,0.05065344274044037,0.22535115480422974,0.08753710985183716,-0.07181239873170853,2.6893906593322754
1788678779057008400,2.76300830078125,-0.9726089835166931,-0.026490338146686554,0.049885232001543045,0.22548048198223114,0.08542952686548233,-0.07409355044364929,2.689148426055908
1788678779072908000,2.778907958984375,-0.9725713729858398,-0.027498092502355576,0.0484653078019619,0.22583182156085968,0.08217804878950119,-0.07544929534196854,2.6883809566497803
1788678779088777200,2.794777099609375,-0.9726522564888,-0.028472336009144783,0.04627839848399162,0.22582103312015533,0.07746926695108414,-0.07636282593011856,2.68829607963562
1788678779104646400,2.810646484375,-0.9725466966629028,-0.03134530410170555,0.05034937709569931,0.2250228226184845,0.08422163128852844,-0.08372684568166733,2.6903750896453857
1788678779120546000,2.826546142578125,-0.9721850752830505,-0.0338323637843132,0.053788602352142334,0.2254296988248825,0.08981630206108093,-0.09015581756830215,2.689941644668579
1788678779136415000,2.8424150390625,-0.9720062017440796,-0.034756697714328766,0.05266832932829857,0.22632268071174622,0.08712992817163467,-0.0915353000164032,2.688056230545044
1788678779152314600,2.858314697265625,-0.9721267223358154,-0.03508428484201431,0.05089029297232628,0.2261614203453064,0.08351916074752808,-0.09135861694812775,2.6882526874542236
1788678779168183800,2.874183837890625,-0.9724050164222717,-0.03503870964050293,0.048979759216308594,0.22539269924163818,0.07987169176340103,-0.0903458520770073,2.689671754837036
1788678779184083500,2.89008349609375,-0.972504198551178,-0.03477393835783005,0.04575753211975098,0.22568279504776,0.07365699112415314,-0.088404081761837,2.6887972354888916
1788678779199952600,2.90595263671875,-0.972439169883728,-0.035125285387039185,0.04239102825522423,0.22656391561031342,0.0668351799249649,-0.0876350849866867,2.686720609664917
1788678779215821800,2.92182177734375,-0.9724574089050293,-0.03502179682254791,0.04217943921685219,0.22654137015342712,0.06646973639726639,-0.08733617514371872,2.6867470741271973
1788678779231691000,2.93769091796875,-0.9726566672325134,-0.033732060343027115,0.04246683046221733,0.22582706809043884,0.0676712691783905,-0.08490170538425446,2.6882009506225586
1788678779247590700,2.953590576171875,-0.9728448390960693,-0.03195321187376976,0.04303181171417236,0.2251671999692917,0.0696248710155487,-0.08164039999246597,2.6895430088043213
1788678779263490300,2.969490234375,-0.9727616310119629,-0.030713988468050957,0.043812163174152374,0.22554847598075867,0.07167069613933563,-0.07960235327482224,2.6887717247009277
1788678779279390000,2.985389892578125,-0.9724428653717041,-0.035994865000247955,0.0339791439473629,0.22782619297504425,0.049887653440237045,-0.08559305220842361,2.6834659576416016
1788678779295259100,3.001259033203125,-0.9721099734306335,-0.0474512055516243,0.01957450434565544,0.22883975505828857,0.01642477884888649,-0.10138803720474243,2.6800341606140137
1788678779311097600,3.01709765625,-0.9723435640335083,-0.057596605271101,0.011726046912372112,0.22603783011436462,-0.003257023636251688,-0.11757916957139969,2.6845805644989014
1788678779326966800,3.032966796875,-0.9735147356987,-0.06268174946308136,0.010505124926567078,0.21961268782615662,-0.00713514955714345,-0.1269984394311905,2.697391986846924
1788678779342805500,3.048805419921875,-0.9734426736831665,-0.06543228775262833,0.011417827568948269,0.21908345818519592,-0.006498309317976236,-0.13278190791606903,2.6984167098999023
1788678779358705200,3.064705078125,-0.9731484651565552,-0.06865410506725311,0.012135890312492847,0.21936629712581635,-0.006564469076693058,-0.13939669728279114,2.6977076530456543
1788678779374604800,3.080604736328125,-0.9736879467964172,-0.06957115978002548,0.013402390293776989,0.2165917605161667,-0.004078512545675039,-0.14176122844219208,2.7035410404205322
1788678779390474000,3.096473876953125,-0.9741408228874207,-0.06899920850992203,0.015395070426166058,0.21459706127643585,0.0003837126714643091,-0.14150917530059814,2.7079591751098633
1788678779406343200,3.11234326171875,-0.97416090965271,-0.06899584084749222,0.017220662906765938,0.21436767280101776,0.00401098420843482,-0.14228886365890503,2.7086753845214844
1788678779422212000,3.128212158203125,-0.9741119742393494,-0.0694723054766655,0.01801520586013794,0.2143709510564804,0.00536720734089613,-0.1435641199350357,2.7087481021881104
1788678779438081300,3.144081298828125,-0.9741004109382629,-0.0707174614071846,0.017262766137719154,0.2140783816576004,0.003389080986380577,-0.14567770063877106,2.7091774940490723
1788678779453981000,3.15998095703125,-0.9741818904876709,-0.07222189754247665,0.015590159222483635,0.21333205699920654,-0.0004440374032128602,-0.14790494740009308,2.7103941440582275
1788678779469850000,3.17585009765625,-0.9743732810020447,-0.073372021317482,0.01409613061696291,0.21216635406017303,-0.0037057180888950825,-0.14952144026756287,2.712515354156494
1788678779485719300,3.19171923828125,-0.9746510982513428,-0.07364032417535782,0.013663980178534985,0.21082176268100739,-0.004464803263545036,-0.14986898005008698,2.7152113914489746
1788678779501588500,3.20758837890625,-0.9749695062637329,-0.0729643851518631,0.014128553681075573,0.20954996347427368,-0.003063380718231201,-0.14874528348445892,2.7179462909698486
1788678779517488000,3.223488037109375,-0.9751919507980347,-0.07202393561601639,0.014882974326610565,0.20878633856773376,-0.0010591712780296803,-0.14722026884555817,2.7196874618530273
1788678779541291800,3.247291748046875,-0.9752324223518372,-0.07143943011760712,0.01505465991795063,0.20878562331199646,-0.00047250324860215187,-0.14614619314670563,2.7197494506835938
1788678779557161000,3.263160888671875,-0.9751881957054138,-0.071668840944767,0.014111822471022606,0.20897984504699707,-0.0024575418792665005,-0.14619965851306915,2.7192046642303467
1788678779573060600,3.279060546875,-0.9751160740852356,-0.07218141108751297,0.012512601912021637,0.20924125611782074,-0.005867086350917816,-0.1465306282043457,2.7184109687805176
1788678779588868600,3.29486865234375,-0.975050687789917,-0.07283269613981247,0.010804353281855583,0.209415465593338,-0.009538134559988976,-0.14708612859249115,2.7177698612213135
1788678779604799000,3.310799072265625,-0.9750078916549683,-0.07368113100528717,0.009254035539925098,0.20939232409000397,-0.012953158468008041,-0.14809556305408478,2.717539072036743
1788678779620698600,3.32669873046875,-0.9746729135513306,-0.07702872902154922,0.013311787508428097,0.2095281481742859,-0.006408326327800751,-0.15637049078941345,2.71759033203125
1788678779636567600,3.342567626953125,-0.9737288355827332,-0.08027859032154083,0.020007096230983734,0.21214938163757324,0.004968847613781691,-0.1655837595462799,2.712963581085205
1788678779652467200,3.35846728515625,-0.972964882850647,-0.08146422356367111,0.02428581193089485,0.21474000811576843,0.012450534850358963,-0.16976825892925262,2.7082033157348633
1788678779668336400,3.37433642578125,-0.9721647500991821,-0.0820353776216507,0.026031728833913803,0.21791833639144897,0.015082554891705513,-0.1716916561126709,2.7018651962280273
1788678779684205600,3.39020556640625,-0.9699358344078064,-0.08315737545490265,0.026560505852103233,0.22716496884822845,0.013954884372651577,-0.17426250874996185,2.682692527770996
1788678779700074800,3.40607470703125,-0.9680846333503723,-0.08454633504152298,0.027711274102330208,0.23429924249649048,0.014260250143706799,-0.17761386930942535,2.66794753074646
1788678779715974400,3.421974365234375,-0.9671424031257629,-0.08573616296052933,0.029414068907499313,0.23752851784229279,0.016434205695986748,-0.1807948350906372,2.661419153213501
1788678779731813000,3.437813232421875,-0.9662256836891174,-0.08683522045612335,0.030872203409671783,0.2406546026468277,0.018171144649386406,-0.18369527161121368,2.65506649017334
1788678779747743200,3.4537431640625,-0.9652135372161865,-0.08852607756853104,0.031379491090774536,0.24401074647903442,0.017683371901512146,-0.1873002052307129,2.648019790649414
1788678779763612400,3.4696123046875,-0.9640559554100037,-0.09089943766593933,0.030721424147486687,0.24776965379714966,0.014455276541411877,-0.19165918231010437,2.6398561000823975
1788678779779481600,3.485481689453125,-0.9630001187324524,-0.09336984902620316,0.029137589037418365,0.25112512707710266,0.00940362736582756,-0.19571171700954437,2.6323304176330566
1788678779795381200,3.50138134765625,-0.9622849822044373,-0.09513825923204422,0.02763621136546135,0.2533625364303589,0.0050785294733941555,-0.19840329885482788,2.6271986961364746
1788678779811250200,3.517250244140625,-0.9618707299232483,-0.09570816904306412,0.0272288266569376,0.25476136803627014,0.003688765224069357,-0.19930842518806458,2.624131202697754
1788678779827149800,3.53314990234375,-0.9613878726959229,-0.09587118774652481,0.028234383091330528,0.2564077377319336,0.0052285632118582726,-0.20015151798725128,2.620839834213257
1788678779843019000,3.54901904296875,-0.9604073762893677,-0.0972280204296112,0.030620954930782318,0.25928112864494324,0.008576426655054092,-0.20404890179634094,2.615103006362915
1788678779858888200,3.56488818359375,-0.9588919281959534,-0.09933974593877792,0.03362143039703369,0.26368066668510437,0.012362012639641762,-0.20977802574634552,2.6061899662017822
1788678779874787800,3.580787841796875,-0.9571404457092285,-0.10238189995288849,0.03624642267823219,0.2684890925884247,0.01475606206804514,-0.21715392172336578,2.5962350368499756
1788678779890687500,3.5966875,-0.9556914567947388,-0.10348892956972122,0.03869495913386345,0.27284929156303406,0.01792282797396183,-0.22071030735969543,2.587376832962036
1788678779906556700,3.612556640625,-0.9546660780906677,-0.10387329757213593,0.040482357144355774,0.27601486444473267,0.020458882674574852,-0.22250759601593018,2.580983877182007
1788678779922486800,3.62848681640625,-0.9539858102798462,-0.10391031205654144,0.041438523679971695,0.27820274233818054,0.02178926020860672,-0.2231622338294983,2.5765292644500732
1788678779938356000,3.64435595703125,-0.9536512494087219,-0.10410650819540024,0.04060649871826172,0.27939650416374207,0.01976601406931877,-0.22309936583042145,2.5738070011138916
1788678779954255600,3.660255615234375,-0.9535090923309326,-0.10462837666273117,0.03822160139679909,0.280022531747818,0.014655346982181072,-0.22277206182479858,2.5719425678253174
1788678779970155300,3.6761552734375,-0.9536645412445068,-0.10475338995456696,0.034527357667684555,0.27992603182792664,0.007388262078166008,-0.2209220975637436,2.571397304534912
1788678779985994000,3.691993896484375,-0.9544138312339783,-0.10322407633066177,0.030809134244918823,0.2783699035644531,0.0013722250005230308,-0.21586214005947113,2.5741546154022217
1788678780001924000,3.707924072265625,-0.9554815292358398,-0.09955880045890808,0.02821679599583149,0.2763094902038574,-0.0011208296054974198,-0.20732846856117249,2.578467845916748
1788678780017793300,3.723793212890625,-0.956063449382782,-0.09474875777959824,0.027484722435474396,0.2760615050792694,0.000246096053160727,-0.1976305991411209,2.5794124603271484
1788678780033662500,3.739662353515625,-0.9561768770217896,-0.09031324088573456,0.028843821957707405,0.27701523900032043,0.0052170418202877045,-0.1898292601108551,2.5781071186065674
1788678780057527000,3.763527099609375,-0.9550844430923462,-0.0861695259809494,0.03615975007414818,0.28121376037597656,0.02097034826874733,-0.1860063225030899,2.570855140686035
1788678780073396200,3.779396240234375,-0.9542225003242493,-0.08413400501012802,0.04266327992081642,0.28383246064186096,0.03425711765885353,-0.18585164844989777,2.566556215286255
1788678780089296000,3.7952958984375,-0.9534415006637573,-0.08280779421329498,0.04767748713493347,0.28604012727737427,0.04432354122400284,-0.18625515699386597,2.562804698944092
1788678780105195500,3.811195556640625,-0.952933132648468,-0.08142999559640884,0.050108231604099274,0.28770968317985535,0.049508627504110336,-0.1850828230381012,2.55975341796875
1788678780121064700,3.827064697265625,-0.952690839767456,-0.08001753687858582,0.04974957928061485,0.2889677882194519,0.049384333193302155,-0.18222278356552124,2.557110548019409
1788678780136934000,3.842933837890625,-0.9525041580200195,-0.07880357652902603,0.047875288873910904,0.2902306616306305,0.04621385037899017,-0.17886340618133545,2.554206132888794
1788678780152803000,3.858802978515625,-0.9524394273757935,-0.07748856395483017,0.04569187015295029,0.2911478877067566,0.0425800085067749,-0.1751060038805008,2.551999807357788
1788678780168672300,3.87467236328125,-0.9526734948158264,-0.0760425329208374,0.04367022588849068,0.2910732328891754,0.039526645094156265,-0.17114414274692535,2.5519332885742188
1788678780184572000,3.890572021484375,-0.9531088471412659,-0.07469675689935684,0.04252484813332558,0.2901647090911865,0.03825981542468071,-0.16785380244255066,2.5537607669830322
1788678780200440800,3.90644091796875,-0.9535056352615356,-0.07341829687356949,0.042349621653556824,0.28921157121658325,0.038833051919937134,-0.16525669395923615,2.5558204650878906
1788678780216310000,3.92231005859375,-0.9538498520851135,-0.07214504480361938,0.042144231498241425,0.28842562437057495,0.039310455322265625,-0.16265833377838135,2.557518482208252
1788678780232209700,3.938209716796875,-0.9540404081344604,-0.07093571871519089,0.04130755364894867,0.2882166802883148,0.038427628576755524,-0.15984191000461578,2.5579042434692383
1788678780248078800,3.954078857421875,-0.954142689704895,-0.061412982642650604,0.06605955213308334,0.2854408919811249,0.09224353730678558,-0.15553198754787445,2.5674145221710205
1788678780263948000,3.969947998046875,-0.9540891647338867,-0.06309021264314651,0.06342627853155136,0.28585100173950195,0.08612827956676483,-0.15729615092277527,2.5661938190460205
1788678780279817200,3.985817138671875,-0.9542383551597595,-0.06590244174003601,0.06056588515639305,0.28533798456192017,0.07908414304256439,-0.1610318422317505,2.566859245300293
1788678780295686400,4.001686279296875,-0.9549106955528259,-0.068010114133358,0.058307498693466187,0.28305545449256897,0.07390919327735901,-0.1636248230934143,2.5713157653808594
1788678780311586000,4.0175859375,-0.9559675455093384,-0.06843239068984985,0.05729394406080246,0.2795718312263489,0.07230643182992935,-0.16360267996788025,2.578493118286133
1788678780327424500,4.033424560546875,-0.9569872617721558,-0.06756869703531265,0.056901779025793076,0.2763550579547882,0.07256955653429031,-0.1614757627248764,2.5852108001708984
1788678780343324200,4.04932421875,-0.9575703740119934,-0.06621823459863663,0.056942347437143326,0.2746484577655792,0.07367143034934998,-0.15876159071922302,2.5888161659240723
1788678780359193300,4.065193359375,-0.9576467275619507,-0.06527446955442429,0.05810466781258583,0.27436456084251404,0.07649054378271103,-0.1575545072555542,2.5895843505859375
1788678780375093000,4.081093017578125,-0.9574644565582275,-0.06499111652374268,0.06033608689904213,0.2745860517024994,0.08094671368598938,-0.1582479178905487,2.5894365310668945
1788678780390992600,4.09699267578125,-0.9572222828865051,-0.06554260104894638,0.06266370415687561,0.27477800846099854,0.08514410257339478,-0.16060441732406616,2.5893664360046387
1788678780406861800,4.11286181640625,-0.9572620987892151,-0.06607706099748611,0.06412675976753235,0.27417314052581787,0.08780550956726074,-0.16238248348236084,2.5908493995666504
1788678780422700500,4.128700439453125,-0.9577078223228455,-0.06576523929834366,0.06476741284132004,0.2725359797477722,0.08949913084506989,-0.16197805106639862,2.594376802444458
1788678780438569700,4.14456982421875,-0.958342432975769,-0.06422697007656097,0.06566823273897171,0.2704486548900604,0.0924251526594162,-0.159295454621315,2.5988712310791016
1788678780454438700,4.160438720703125,-0.9590856432914734,-0.06233023852109909,0.06636398285627365,0.26807740330696106,0.09517303854227066,-0.15577062964439392,2.6039106845855713
1788678780470338300,4.17633837890625,-0.959938645362854,-0.06100117415189743,0.06648759543895721,0.26528504490852356,0.09655863046646118,-0.15298718214035034,2.609745740890503
1788678780486238000,4.192238037109375,-0.9607308506965637,-0.060793016105890274,0.0660037249326706,0.26257190108299255,0.09615443646907806,-0.1520581990480423,2.615344762802124
1788678780502137900,4.208137939453125,-0.9613353610038757,-0.06166473403573036,0.06528674066066742,0.26032572984695435,0.09466679394245148,-0.15315061807632446,2.6199543476104736
1788678780518006800,4.2240068359375,-0.9618281126022339,-0.06365165114402771,0.06460202485322952,0.25818932056427,0.09266631305217743,-0.15644031763076782,2.6243538856506348
1788678780533876000,4.2398759765625,-0.9622023105621338,-0.06672126054763794,0.06499645113945007,0.2559109330177307,0.09227301925420761,-0.16237792372703552,2.629213809967041
1788678780549745200,4.2557451171875,-0.9624743461608887,-0.07016776502132416,0.06607822328805923,0.2536795139312744,0.0930614247918129,-0.1694038063287735,2.6340811252593994
1788678780565614300,4.2716142578125,-0.9627377986907959,-0.07299090176820755,0.06723462045192719,0.2515706419944763,0.09431644529104233,-0.17526665329933167,2.638700485229492
1788678780581483500,4.2874833984375,-0.9630975723266602,-0.07435513287782669,0.06798959523439407,0.24958345293998718,0.09549900889396667,-0.17810072004795074,2.642988920211792
1788678780597352700,4.303352783203125,-0.9632794857025146,-0.07497147470712662,0.06923633813858032,0.24835117161273956,0.09788087010383606,-0.17979392409324646,2.645775556564331
1788678780613282800,4.31928271484375,-0.9634007215499878,-0.07413091510534286,0.07077259570360184,0.24769935011863708,0.10142931342124939,-0.17884813249111176,2.6473777294158936
1788678780629182500,4.335182373046875,-0.9638324975967407,-0.07198887318372726,0.07134636491537094,0.2464839071035385,0.10380968451499939,-0.17483118176460266,2.6499640941619873
1788678780645051600,4.3510517578125,-0.9646143317222595,-0.06946313381195068,0.07027765363454819,0.2444486767053604,0.1032765582203865,-0.16917464137077332,2.653975009918213
1788678780660920600,4.366920654296875,-0.9654916524887085,-0.06733516603708267,0.0683310329914093,0.24212108552455902,0.10085892677307129,-0.16384391486644745,2.6584649085998535
1788678780676789800,4.382789794921875,-0.9663149118423462,-0.06619623303413391,0.06628778576850891,0.23970724642276764,0.09778326004743576,-0.16039903461933136,2.6631479263305664
1788678780692659000,4.398658935546875,-0.9669060111045837,-0.066164530813694,0.06524895131587982,0.2376084327697754,0.09610462188720703,-0.1596342921257019,2.667353391647339
1788678780708528000,4.414528076171875,-0.9671637415885925,-0.06705063581466675,0.06541085243225098,0.23626253008842468,0.09623879194259644,-0.1613047569990158,2.670194149017334
1788678780724397300,4.430397216796875,-0.9671328067779541,-0.06840702146291733,0.06564211845397949,0.23593619465827942,0.09612611681222916,-0.16402657330036163,2.6709389686584473
1788678780740266500,4.4462666015625,-0.9670761227607727,-0.06938014924526215,0.06522305309772491,0.23600058257579803,0.09484358876943588,-0.16573481261730194,2.670762300491333
1788678780756135400,4.462135498046875,-0.9671779274940491,-0.06908342987298965,0.06471298635005951,0.23581087589263916,0.0940084457397461,-0.16489827632904053,2.671072006225586
1788678780772004600,4.478004638671875,-0.9672449231147766,-0.06769964098930359,0.06480050832033157,0.23591288924217224,0.09479860961437225,-0.16224974393844604,2.6708436012268066
1788678780787904300,4.493904296875,-0.9672788381576538,-0.06528070569038391,0.06585543602705002,0.23616380989551544,0.09794261306524277,-0.15805184841156006,2.670419454574585
1788678780803773400,4.5097734375,-0.9673892259597778,-0.06255649775266647,0.06731115281581879,0.2360382080078125,0.10207459330558777,-0.15341000258922577,2.670806407928467
1788678780819673000,4.525673095703125,-0.9675344824790955,-0.060470160096883774,0.06822369992733002,0.2357245683670044,0.10487242043018341,-0.14973685145378113,2.671509265899658
1788678780835572700,4.54157275390625,-0.9677664041519165,-0.05967513471841812,0.0674286037683487,0.23520301282405853,0.10375329107046127,-0.1477590948343277,2.6724495887756348
1788678780851411500,4.557411376953125,-0.9679327011108398,-0.05977116525173187,0.06498993933200836,0.23518064618110657,0.0989212840795517,-0.14680442214012146,2.672166109085083
1788678780867311000,4.57331103515625,-0.9678176045417786,-0.060140129178762436,0.06303765624761581,0.23609033226966858,0.09477925300598145,-0.14670014381408691,2.6700265407562256
1788678780883210800,4.589210693359375,-0.9676187038421631,-0.0606837272644043,0.062257423996925354,0.2369716912508011,0.09286224842071533,-0.147477924823761,2.6681079864501953
1788678780899110400,4.6051103515625,-0.9675800204277039,-0.06116955727338791,0.06188980117440224,0.2371007800102234,0.09189602732658386,-0.14826372265815735,2.667802572250366
1788678780914979600,4.6209794921875,-0.9676458239555359,-0.061404455453157425,0.06182551011443138,0.23678816854953766,0.09170931577682495,-0.14866159856319427,2.6684482097625732
1788678780930879200,4.636879150390625,-0.9676786065101624,-0.06151885911822319,0.06173849478363991,0.23664726316928864,0.09150733798742294,-0.14883029460906982,2.668731212615967
1788678780946748400,4.65274853515625,-0.9681766033172607,-0.06243065372109413,0.06107866391539574,0.23453351855278015,0.09011957049369812,-0.15010078251361847,2.6730449199676514
1788678780962617300,4.668617431640625,-0.9687272906303406,-0.06456193327903748,0.06008002534508705,0.23192574083805084,0.08759655803442001,-0.15355677902698517,2.678356170654297
1788678780978517200,4.684517333984375,-0.9678061008453369,-0.06743874400854111,0.060161229223012924,0.23491254448890686,0.08595964312553406,-0.15947562456130981,2.672222137451172
1788678780994386200,4.70038623046875,-0.966687023639679,-0.07009635120630264,0.061362527310848236,0.23840618133544922,0.08650276064872742,-0.1655358523130417,2.66517972946167
1788678781010255400,4.71625537109375,-0.96574467420578,-0.07118033617734909,0.06364068388938904,0.24128945171833038,0.08997257053852081,-0.16899901628494263,2.6595473289489746
1788678781026155000,4.732155029296875,-0.9652907848358154,-0.06935161352157593,0.06580908596515656,0.24305018782615662,0.09479109942913055,-0.16664905846118927,2.656190872192383
1788678781042085000,4.748085205078125,-0.9655730128288269,-0.06435501575469971,0.065085269510746,0.24349744617938995,0.09566348046064377,-0.15661458671092987,2.655047655105591
1788678781057985000,4.763985107421875,-0.9663524627685547,-0.057953063398599625,0.062332428991794586,0.24273261427879333,0.09342067688703537,-0.14275072515010834,2.65609073638916
1788678781073854000,4.77985400390625,-0.9667556285858154,-0.052847620099782944,0.060780808329582214,0.24268604815006256,0.09280983358621597,-0.13206635415554047,2.6558361053466797
1788678781089723100,4.79572314453125,-0.9661721587181091,-0.05227550119161606,0.06230967864394188,0.24473686516284943,0.0957934558391571,-0.1318953037261963,2.6517491340637207
1788678781105592300,4.81159228515625,-0.9651517868041992,-0.05626072362065315,0.06433593481779099,0.24734121561050415,0.0974753275513649,-0.14089179039001465,2.646730661392212
1788678781121492000,4.827491943359375,-0.9643873572349548,-0.062162429094314575,0.06435669958591461,0.2488996535539627,0.0944199189543724,-0.15252473950386047,2.6436545848846436
1788678781137361200,4.843361083984375,-0.9639108777046204,-0.06697537750005722,0.06359661370515823,0.2496909201145172,0.09045656770467758,-0.1615777313709259,2.6419851779937744
1788678781153260800,4.8592607421875,-0.9638006687164307,-0.06815224140882492,0.062231261283159256,0.2501414120197296,0.08712851256132126,-0.16322743892669678,2.6408562660217285
1788678781169130000,4.8751298828125,-0.9640377163887024,-0.06726612895727158,0.060902416706085205,0.24979497492313385,0.08501696586608887,-0.1608126163482666,2.6413729190826416
1788678781185060000,4.89106005859375,-0.9643256664276123,-0.06572449952363968,0.059180308133363724,0.24950732290744781,0.08244609087705612,-0.15693487226963043,2.6417083740234375
1788678781200929300,4.90692919921875,-0.9643794298171997,-0.06434374302625656,0.05742652341723442,0.25006869435310364,0.0795992761850357,-0.153425931930542,2.640279769897461
1788678781216829000,4.922828857421875,-0.9642643928527832,-0.06341082602739334,0.05669929459691048,0.25091543793678284,0.07850142568349838,-0.15131989121437073,2.638408899307251
1788678781232667600,4.938667724609375,-0.9643251299858093,-0.0625004991889,0.057315800338983536,0.25077024102211,0.08017902821302414,-0.14984795451164246,2.638789653778076
1788678781248567300,4.9545673828125,-0.9647722840309143,-0.06077992916107178,0.05828247219324112,0.2492455542087555,0.08315017074346542,-0.14685820043087006,2.642075538635254
1788678781264497400,4.970497314453125,-0.9651861190795898,-0.05825654789805412,0.059376999735832214,0.24798479676246643,0.08671125769615173,-0.14238664507865906,2.6448006629943848
1788678781280366600,4.98636669921875,-0.9653849005699158,-0.05576905235648155,0.06080260127782822,0.2474364936351776,0.09078637510538101,-0.13820631802082062,2.6460659503936768
1788678781296205000,5.002205078125,-0.9655265808105469,-0.05415620654821396,0.06211518868803978,0.24691563844680786,0.09420736879110336,-0.13566873967647552,2.647266149520874
1788678781312074200,5.01807421875,-0.9657282829284668,-0.054005395621061325,0.061180081218481064,0.24639250338077545,0.09252455830574036,-0.13486617803573608,2.6482315063476562
1788678781327943400,5.033943359375,-0.9658332467079163,-0.05489730462431908,0.05989784002304077,0.24609911441802979,0.08962804824113846,-0.1359432339668274,2.6487066745758057
1788678781343812600,5.0498125,-0.965820848941803,-0.05613696202635765,0.05924161523580551,0.24602700769901276,0.08775727450847626,-0.13802438974380493,2.6488049030303955
1788678781359681800,5.065681884765625,-0.965730607509613,-0.0569809190928936,0.05933891609311104,0.24616393446922302,0.08752107620239258,-0.13972483575344086,2.648552417755127
1788678781375520300,5.081520263671875,-0.965906023979187,-0.05663678050041199,0.05969974771142006,0.2454664409160614,0.08849376440048218,-0.13916899263858795,2.6500391960144043
1788678781391420000,5.097419921875,-0.9664700627326965,-0.05521334707736969,0.06007793918251991,0.2434704750776291,0.09020034223794937,-0.13640107214450836,2.654193639755249
1788678781407289000,5.1132890625,-0.9669960737228394,-0.053353745490312576,0.060376331210136414,0.2417159229516983,0.09191149473190308,-0.13276323676109314,2.6578142642974854
1788678781423158300,5.129158203125,-0.9674339294433594,-0.05205553025007248,0.06037970632314682,0.24024179577827454,0.09273029118776321,-0.13009871542453766,2.660827159881592
1788678781439058000,5.145057861328125,-0.9678620100021362,-0.05215100198984146,0.060236576944589615,0.23852695524692535,0.09263616800308228,-0.1300523430109024,2.66436505317688
1788678781454896600,5.160896728515625,-0.9682141542434692,-0.05352342873811722,0.06047328561544418,0.2367268055677414,0.09270751476287842,-0.13266438245773315,2.6681675910949707
1788678781470796300,5.17679638671875,-0.9685359597206116,-0.055551499128341675,0.060930125415325165,0.23481853306293488,0.09293578565120697,-0.13664714992046356,2.6722421646118164
1788678781486665200,5.192665283203125,-0.9690122604370117,-0.057606860995292664,0.06088927015662193,0.2323562204837799,0.09227180480957031,-0.14040033519268036,2.677398920059204
1788678781502504000,5.20850390625,-0.9696151614189148,-0.05910927802324295,0.060044433921575546,0.22966794669628143,0.09032852947711945,-0.14269079267978668,2.6828951835632324
1788678781518403600,5.224403564453125,-0.9703918695449829,-0.05984123796224594,0.05859057605266571,0.22655227780342102,0.08760454505681992,-0.14317521452903748,2.6891658306121826
1788678781534211600,5.240211669921875,-0.973229706287384,-0.05343277379870415,0.056838393211364746,0.21619077026844025,0.0883779525756836,-0.12893757224082947,2.710125684738159
1788678781550111500,5.256111572265625,-0.9744702577590942,-0.05368342250585556,0.05659676343202591,0.2105293720960617,0.08854816108942032,-0.1288122832775116,2.7217578887939453
1788678781565980400,5.27198046875,-0.974599301815033,-0.05419880896806717,0.05794496834278107,0.2094307243824005,0.09114193916320801,-0.1302834004163742,2.7242021560668945
1788678781581849600,5.287849609375,-0.9747690558433533,-0.054061099886894226,0.05954094976186752,0.20822525024414062,0.09450735151767731,-0.13056063652038574,2.7268717288970947
1788678781597718800,5.30371875,-0.9752772450447083,-0.05285048484802246,0.060359660536050797,0.20590759813785553,0.09691710025072098,-0.12829644978046417,2.731679916381836
1788678781613618400,5.319618408203125,-0.9762488007545471,-0.05036073923110962,0.05911919102072716,0.2022552490234375,0.09592398256063461,-0.12255007773637772,2.738910675048828
1788678781629487600,5.335487548828125,-0.9775866866111755,-0.04705503582954407,0.05636872723698616,0.19731368124485016,0.0923767238855362,-0.11449538916349411,2.7485671043395996
1788678781645387300,5.35138720703125,-0.9790303707122803,-0.043188873678445816,0.05378400906920433,0.19168104231357574,0.08936939388513565,-0.105380117893219,2.759627103805542
1788678781661287000,5.367286865234375,-0.9801353216171265,-0.0394330695271492,0.05283276364207268,0.18705227971076965,0.08935464173555374,-0.09721753001213074,2.7687909603118896
1788678781677125600,5.383125732421875,-0.9805688858032227,-0.03702482953667641,0.05420402064919472,0.18486690521240234,0.09314694255590439,-0.09278491884469986,2.7732341289520264
1788678781693025300,5.399025390625,-0.9804868698120117,-0.03643978014588356,0.05704163387417793,0.18456420302391052,0.09899162501096725,-0.09264562278985977,2.7740650177001953
1788678781708894200,5.414894287109375,-0.9801567792892456,-0.0376124307513237,0.059977248311042786,0.1851511150598526,0.10431567579507828,-0.0960896760225296,2.7732138633728027
1788678781724793900,5.4307939453125,-0.9798979759216309,-0.03970790654420853,0.061891015619039536,0.18545298278331757,0.1073170155286789,-0.10094649344682693,2.7729287147521973
1788678781748689200,5.454689208984375,-0.980086624622345,-0.04214627295732498,0.06074818968772888,0.18429256975650787,0.10430711507797241,-0.10519880801439285,2.775355815887451
1788678781764500700,5.470500732421875,-0.9805596470832825,-0.042584631592035294,0.05780782923102379,0.1826130747795105,0.09851410984992981,-0.10481830686330795,2.7785162925720215
1788678781780370000,5.486369873046875,-0.9811266660690308,-0.04243000969290733,0.05464542284607887,0.18056637048721313,0.09252862632274628,-0.10317564010620117,2.78236722946167
1788678781796239000,5.502239013671875,-0.9816889762878418,-0.041661586612463,0.05203606188297272,0.17844709753990173,0.08785371482372284,-0.10053809732198715,2.786391019821167
1788678781812108300,5.5181083984375,-0.9820488691329956,-0.04081902280449867,0.05043124407529831,0.17711783945560455,0.08510451018810272,-0.09819483011960983,2.788902521133423
1788678781827977500,5.5339775390625,-0.9821216464042664,-0.04074176773428917,0.0505477711558342,0.17669811844825745,0.08540359139442444,-0.0980471521615982,2.789764881134033
1788678781843907600,5.549907470703125,-0.9820468425750732,-0.04173477366566658,0.05169998109340668,0.17654836177825928,0.08735757321119308,-0.10039465874433517,2.7902324199676514
1788678781859776800,5.56577685546875,-0.9820281267166138,-0.04386122152209282,0.05272996425628662,0.17583097517490387,0.08874373137950897,-0.10488121211528778,2.7919108867645264
1788678781875646000,5.58164599609375,-0.9820454120635986,-0.04650269076228142,0.05322325974702835,0.17490501701831818,0.08892381191253662,-0.11017630249261856,2.793990135192871
1788678781891545600,5.597545654296875,-0.9820715188980103,-0.04909558594226837,0.053223516792058945,0.174047589302063,0.0881463810801506,-0.1152123212814331,2.7958719730377197
1788678781907475700,5.613475830078125,-0.9820937514305115,-0.0510239452123642,0.05339450761675835,0.17331364750862122,0.08792489022016525,-0.11900932341814041,2.7974839210510254
1788678781923345000,5.629344970703125,-0.9827399253845215,-0.052456073462963104,0.05378423258662224,0.1690497249364853,0.08874721080064774,-0.12158512324094772,2.8062949180603027
1788678781939275000,5.64527490234375,-0.9828664660453796,-0.05360326170921326,0.05442022532224655,0.1677459478378296,0.08980077505111694,-0.12394433468580246,2.8090858459472656
1788678781955144200,5.661144287109375,-0.9831028580665588,-0.056193746626377106,0.05397331714630127,0.16564416885375977,0.08835123479366302,-0.12872439622879028,2.813443899154663
1788678781971013400,5.677013427734375,-0.9834226369857788,-0.06115349382162094,0.050753846764564514,0.16298536956310272,0.08073686808347702,-0.1372542679309845,2.8186652660369873
1788678781986882300,5.69288232421875,-0.9834652543067932,-0.06883830577135086,0.04463377594947815,0.16144707798957825,0.06636110693216324,-0.1503782719373703,2.8211731910705566
1788678782002751500,5.70875146484375,-0.9835088849067688,-0.07499874383211136,0.04098038375377655,0.1593932807445526,0.05747775360941887,-0.16128621995449066,2.8249013423919678
1788678782018620700,5.72462060546875,-0.9835094809532166,-0.07709689438343048,0.0398808978497982,0.15866540372371674,0.05475236847996712,-0.16505490243434906,2.8262274265289307
1788678782034489900,5.74048974609375,-0.9832348823547363,-0.07997546344995499,0.038062505424022675,0.1593875139951706,0.05009932443499565,-0.17022357881069183,2.824453353881836
1788678782050328600,5.75632861328125,-0.982803225517273,-0.08310611546039581,0.03581118956208229,0.16096241772174835,0.044334303587675095,-0.1757863461971283,2.8208248615264893
1788678782066228200,5.772228271484375,-0.9823945164680481,-0.08550048619508743,0.03359297662973404,0.1626722514629364,0.03882203623652458,-0.17988832294940948,2.816897392272949
1788678782082097200,5.78809716796875,-0.9821077585220337,-0.08679162710905075,0.03157387301325798,0.16411781311035156,0.034098491072654724,-0.18184161186218262,2.8135461807250977
1788678782097966300,5.80396630859375,-0.9818016886711121,-0.08803839236497879,0.030057666823267937,0.16556401550769806,0.030386097729206085,-0.18385954201221466,2.810271978378296
1788678782113835500,5.81983544921875,-0.9816188216209412,-0.09007491171360016,0.030575662851333618,0.16545763611793518,0.03076738305389881,-0.18806301057338715,2.8105220794677734
1788678782129735200,5.835735107421875,-0.9814144372940063,-0.09215059131383896,0.032375238835811615,0.1651843637228012,0.03373446315526962,-0.19276316463947296,2.8113551139831543
1788678782145574000,5.851573974609375,-0.9813475012779236,-0.09342122077941895,0.03408151865005493,0.16452409327030182,0.036864273250103,-0.1958209127187729,2.8130011558532715
1788678782161473500,5.8674736328125,-0.9812574982643127,-0.09593003243207932,0.036192700266838074,0.1631603240966797,0.040555667132139206,-0.20143401622772217,2.8161532878875732
1788678782177373200,5.883373291015625,-0.9810741543769836,-0.09894899278879166,0.036696191877126694,0.16234543919563293,0.04076141119003296,-0.20755451917648315,2.8178563117980957
1788678782193272800,5.89927294921875,-0.9810003042221069,-0.10020671039819717,0.035723984241485596,0.16223736107349396,0.03842724487185478,-0.2097313553094864,2.817845582962036
1788678782209111600,5.915111572265625,-0.9809567332267761,-0.10052362084388733,0.03424227610230446,0.16262364387512207,0.035266485065221786,-0.2098936140537262,2.816734790802002
1788678782225041700,5.931041748046875,-0.9806386828422546,-0.10171756893396378,0.0315687395632267,0.16433149576187134,0.029137203469872475,-0.21144387125968933,2.8126182556152344
1788678782240941300,5.94694140625,-0.9802169799804688,-0.10402461886405945,0.026714809238910675,0.16625238955020905,0.018201882019639015,-0.21445629000663757,2.8075342178344727
1788678782256779800,5.96277978515625,-0.9799045324325562,-0.10613863915205002,0.022296566516160965,0.1674054116010666,0.008357061073184013,-0.21717986464500427,2.804093837738037
1788678782272649000,5.97864892578125,-0.9797685146331787,-0.10661082714796066,0.018774913623929024,0.16833089292049408,0.0009199094492942095,-0.2169259637594223,2.801401376724243
1788678782288518100,5.99451806640625,-0.9796537160873413,-0.10604250431060791,0.015868080779910088,0.16965262591838837,-0.0050053829327225685,-0.21480201184749603,2.7981021404266357
1788678782304387300,6.01038720703125,-0.9795998930931091,-0.10438764095306396,0.014440959319472313,0.1711103618144989,-0.00759953772649169,-0.21102088689804077,2.7949297428131104
1788678782320256500,6.026256591796875,-0.9799109101295471,-0.10171884298324585,0.013612809590995312,0.1710047572851181,-0.008284450508654118,-0.20544876158237457,2.7951972484588623
1788678782336156200,6.04215625,-0.9804590940475464,-0.09836044162511826,0.01279149204492569,0.16988754272460938,-0.008504500612616539,-0.19852448999881744,2.7976057529449463
1788678782352055800,6.058055908203125,-0.9810301065444946,-0.09459060430526733,0.011879916302859783,0.16879412531852722,-0.008782993070781231,-0.19075776636600494,2.7999730110168457
1788678782367986000,6.07398583984375,-0.9815042018890381,-0.09076434373855591,0.0109892962500453,0.16819848120212555,-0.009112868458032608,-0.18288573622703552,2.8013179302215576
1788678782383885600,6.089885498046875,-0.98185133934021,-0.08755456656217575,0.010400880128145218,0.16791070997714996,-0.009120012633502483,-0.1763363927602768,2.802034616470337
1788678782399754800,6.105754638671875,-0.9832137227058411,-0.076079823076725,0.017009248957037926,0.16496513783931732,0.008448915556073189,-0.155847430229187,2.809785842895508
1788678782415624000,6.1216240234375,-0.983005166053772,-0.07667680829763412,0.016638431698083878,0.16596633195877075,0.007350157015025616,-0.15691335499286652,2.8076539039611816
1788678782431493000,6.1374931640625,-0.982481837272644,-0.07964113354682922,0.01618153415620327,0.1677049845457077,0.005151701159775257,-0.16263540089130402,2.8038809299468994
1788678782447362000,6.153362060546875,-0.9818311333656311,-0.08333330601453781,0.015605446882545948,0.16976392269134521,0.0023841175716370344,-0.16975101828575134,2.799370288848877
1788678782463231200,6.169231201171875,-0.9813024401664734,-0.086184561252594,0.014887584373354912,0.17145295441150665,-0.00033994982368312776,-0.17514535784721375,2.7956151962280273
1788678782479070000,6.185070068359375,-0.980993926525116,-0.08753632009029388,0.014255678281188011,0.17258360981941223,-0.0022810802329331636,-0.17759791016578674,2.7930989265441895
1788678782494969600,6.200969482421875,-0.9809219837188721,-0.08743243664503098,0.014178716577589512,0.1730514019727707,-0.0024831395130604506,-0.1773645579814911,2.792131185531616
1788678782510838800,6.2168388671875,-0.9810380339622498,-0.08665059506893158,0.013914751820266247,0.17280781269073486,-0.00268738716840744,-0.1757272183895111,2.792637348175049
1788678782526677200,6.23267724609375,-0.9812837839126587,-0.08550096303224564,0.012722224928438663,0.17207536101341248,-0.004524580668658018,-0.17304205894470215,2.794015407562256
1788678782542607600,6.248607666015625,-0.9815215468406677,-0.08441916853189468,0.01205720566213131,0.17129914462566376,-0.005330525804311037,-0.17067669332027435,2.7955689430236816
1788678782558476500,6.2644765625,-0.9817458391189575,-0.08395742624998093,0.012203044258058071,0.17022746801376343,-0.004690635018050671,-0.16981935501098633,2.7978222370147705
1788678782590245400,6.296245361328125,-0.9820411205291748,-0.08888877183198929,0.013251258991658688,0.1658872812986374,-0.0035213397350162268,-0.17995092272758484,2.8065927028656006
1788678782606145000,6.31214501953125,-0.9825457334518433,-0.08898483961820602,0.01369714830070734,0.16278252005577087,-0.002088051289319992,-0.18029791116714478,2.8130381107330322
1788678782622075400,6.328075439453125,-0.983009934425354,-0.08944137394428253,0.014350855723023415,0.15964309871196747,-0.00034905681968666613,-0.18141908943653107,2.8195674419403076
1788678782637975000,6.34397509765625,-0.9832922220230103,-0.09068567305803299,0.015697645023465157,0.15705499053001404,0.0024265721440315247,-0.18431362509727478,2.825045347213745
1788678782653874700,6.359874755859375,-0.9832634925842285,-0.0931047648191452,0.01846868358552456,0.15551020205020905,0.007496629375964403,-0.18997788429260254,2.8285911083221436
1788678782669713200,6.375713134765625,-0.9831634759902954,-0.09569558501243591,0.02215646766126156,0.15408174693584442,0.014352979138493538,-0.19625401496887207,2.8320939540863037
1788678782685643500,6.3916435546875,-0.9833636283874512,-0.09660410135984421,0.025385666638612747,0.15172146260738373,0.021029427647590637,-0.1990080028772354,2.8375298976898193
1788678782701512400,6.407512451171875,-0.984043300151825,-0.09430810809135437,0.02732047252357006,0.14838558435440063,0.0262819305062294,-0.19494691491127014,2.844834327697754
1788678782717412000,6.423412109375,-0.9851816892623901,-0.08855517953634262,0.02821355313062668,0.14414983987808228,0.030579445883631706,-0.1836504489183426,2.853834629058838
1788678782733311700,6.439311767578125,-0.9863458275794983,-0.08143822848796844,0.0293609369546175,0.14009898900985718,0.035620298236608505,-0.16969262063503265,2.8624331951141357
1788678782749211600,6.455211669921875,-0.9870453476905823,-0.07679535448551178,0.031160129234194756,0.13737908005714417,0.040952738374471664,-0.1608552783727646,2.8683066368103027
1788678782765080600,6.47108056640625,-0.9870436787605286,-0.07814045250415802,0.0329444445669651,0.13621121644973755,0.04435727372765541,-0.16396456956863403,2.870971918106079
1788678782781011000,6.487010986328125,-0.986588716506958,-0.08480396121740341,0.03410646319389343,0.13523267209529877,0.0450848788022995,-0.1774882823228836,2.8731608390808105
1788678782796880000,6.5028798828125,-0.986018717288971,-0.09335123747587204,0.03426148369908333,0.13371218740940094,0.04343269392848015,-0.1944780796766281,2.876258134841919
1788678782812779500,6.518779541015625,-0.9854994416236877,-0.10074731707572937,0.03406957909464836,0.13221220672130585,0.04142497107386589,-0.20910212397575378,2.8792176246643066
1788678782828679400,6.534679443359375,-0.9851961731910706,-0.10536877810955048,0.03382585197687149,0.1309269815683365,0.04001830145716667,-0.21820266544818878,2.8817365169525146
1788678782844518000,6.550517822265625,-0.9852215051651001,-0.10680566728115082,0.03338111937046051,0.12968046963214874,0.039032552391290665,-0.22090449929237366,2.8841753005981445
1788678782860417500,6.56641748046875,-0.9855658411979675,-0.10535687208175659,0.03288540244102478,0.1283687949180603,0.0386962927877903,-0.21783387660980225,2.8867852687835693
1788678782876286700,6.58228662109375,-0.9860973358154297,-0.10219383239746094,0.032225850969552994,0.12700386345386505,0.03846233710646629,-0.21130059659481049,2.889493227005005
1788678782892156000,6.598156005859375,-0.9866557121276855,-0.09865660220384598,0.03137872740626335,0.12566940486431122,0.037918783724308014,-0.20397844910621643,2.8921000957489014
1788678782908025000,6.614025146484375,-0.987096905708313,-0.09549282491207123,0.030772186815738678,0.12479537725448608,0.03765678033232689,-0.19748292863368988,2.8938045501708984
1788678782923894300,6.629894287109375,-0.9873462319374084,-0.092914879322052,0.030918605625629425,0.12473273277282715,0.038597095757722855,-0.19237582385540009,2.8939859867095947
1788678782939763200,6.64576318359375,-0.9874254465103149,-0.09168148785829544,0.031452830880880356,0.12488455325365067,0.03994514048099518,-0.19005532562732697,2.893786668777466
1788678782955632400,6.66163232421875,-0.9873415231704712,-0.09197402000427246,0.03215865045785904,0.12515367567539215,0.04124145582318306,-0.19082510471343994,2.8933684825897217
1788678782971471000,6.67747119140625,-0.9871619343757629,-0.09241832047700882,0.033232759684324265,0.12595999240875244,0.043136097490787506,-0.19201341271400452,2.891922950744629
1788678782987340300,6.69334033203125,-0.9870261549949646,-0.09190404415130615,0.034353286027908325,0.12709464132785797,0.0452958345413208,-0.19132065773010254,2.8898186683654785
1788678783003209200,6.709209228515625,-0.9869681000709534,-0.09084948152303696,0.036154016852378845,0.12780195474624634,0.04904341325163841,-0.18970803916454315,2.888713836669922
1788678783019108900,6.72510888671875,-0.9868160486221313,-0.090003602206707,0.0379030704498291,0.12906178832054138,0.05252919718623161,-0.18853257596492767,2.8864643573760986
1788678783034947600,6.740947509765625,-0.9867470264434814,-0.08957001566886902,0.03921084851026535,0.12949946522712708,0.055183976888656616,-0.18802744150161743,2.8858113288879395
1788678783050847200,6.75684716796875,-0.9865767955780029,-0.0897916853427887,0.039906181395053864,0.13042712211608887,0.056348007172346115,-0.1887003481388092,2.884047269821167
1788678783066716400,6.77271630859375,-0.986427903175354,-0.09152840077877045,0.038003869354724884,0.13091318309307098,0.05198684334754944,-0.19169461727142334,2.8827052116394043
1788678783082585600,6.788585693359375,-0.9864902496337891,-0.09217536449432373,0.035263217985630035,0.13075706362724304,0.04633858799934387,-0.1922643780708313,2.882502794265747
1788678783098454800,6.804454833984375,-0.9866687655448914,-0.09104431420564651,0.03331112489104271,0.1307135373353958,0.04270998761057854,-0.18950176239013672,2.8822269439697266
1788678783114323700,6.82032373046875,-0.9866191744804382,-0.0912112221121788,0.031048858538269997,0.13152675330638885,0.037960272282361984,-0.18927714228630066,2.8801381587982178
1788678783130223600,6.8362236328125,-0.986360490322113,-0.09261461347341537,0.0289155263453722,0.13296444714069366,0.03302331268787384,-0.1915617138147354,2.876775026321411
1788678783146092500,6.852092529296875,-0.9860404133796692,-0.09478482604026794,0.02764875441789627,0.13407406210899353,0.029679324477910995,-0.1955818384885788,2.8742177486419678
1788678783161961700,6.867961669921875,-0.9856616854667664,-0.09689540416002274,0.026007693260908127,0.13566839694976807,0.025485912337899208,-0.19938752055168152,2.870577096939087
1788678783177831000,6.883830810546875,-0.9853009581565857,-0.09811750799417496,0.023764202371239662,0.1378052532672882,0.02019655331969261,-0.20125606656074524,2.8657126426696777
1788678783193700000,6.8997001953125,-0.984967827796936,-0.09833885729312897,0.021808285266160965,0.14032888412475586,0.015678243711590767,-0.201196551322937,2.8601388931274414
1788678783209569300,6.9155693359375,-0.9846222400665283,-0.09784793853759766,0.02007940597832203,0.14332403242588043,0.011726816184818745,-0.1997682899236679,2.8536734580993652
1788678783225499400,6.93149951171875,-0.984265148639679,-0.09694886207580566,0.01972177065908909,0.14640434086322784,0.010643397457897663,-0.19791093468666077,2.847325086593628
1788678783241368600,6.94736865234375,-0.9838914275169373,-0.0959542840719223,0.020454948768019676,0.14943930506706238,0.011798818595707417,-0.196186825633049,2.8412859439849854
1788678783257298700,6.963298583984375,-0.983547031879425,-0.09485810250043869,0.022045649588108063,0.15215538442134857,0.014778795652091503,-0.19452808797359467,2.836066722869873
1788678783273168000,6.97916796875,-0.9833016991615295,-0.09301288425922394,0.02394484169781208,0.15457399189472198,0.0186777263879776,-0.1914900839328766,2.831540584564209
1788678783289067500,6.995067626953125,-0.9833399057388306,-0.0892336368560791,0.02461443841457367,0.15644216537475586,0.020843137055635452,-0.18423594534397125,2.827977418899536
1788678783304936700,7.010936767578125,-0.9835872054100037,-0.08423739671707153,0.023448094725608826,0.15783065557479858,0.019836777821183205,-0.17398779094219208,2.8251068592071533
1788678783320806000,7.026805908203125,-0.9837220907211304,-0.08017545193433762,0.021820886060595512,0.15933194756507874,0.017623910680413246,-0.16544802486896515,2.821906089782715
1788678783336736000,7.042736083984375,-0.9834927916526794,-0.07891742885112762,0.02158389240503311,0.16139405965805054,0.017210325226187706,-0.16291619837284088,2.8176913261413574
1788678783352605200,7.058605224609375,-0.9827852249145508,-0.08114586025476456,0.023218868300318718,0.1643458604812622,0.019238106906414032,-0.16791775822639465,2.811828851699829
1788678783368504800,7.0745048828125,-0.9818153381347656,-0.08487363904714584,0.025656944140791893,0.16785982251167297,0.022232992574572563,-0.17618410289287567,2.8048932552337646
1788678783384373800,7.090373779296875,-0.9808872938156128,-0.0879574716091156,0.027180297300219536,0.17141996324062347,0.023561373353004456,-0.18288907408714294,2.797727584838867
1788678783400212500,7.10621240234375,-0.9802693724632263,-0.08865506947040558,0.027022965252399445,0.1745912730693817,0.022403981536626816,-0.18428903818130493,2.7911486625671387
1788678783416081700,7.12208154296875,-0.9800370931625366,-0.0870002806186676,0.02442348748445511,0.17709285020828247,0.01733904704451561,-0.18015031516551971,2.785616636276245
1788678783431981300,7.137981201171875,-0.9800450801849365,-0.08444327861070633,0.02021067403256893,0.17880867421627045,0.00956022646278143,-0.1736149936914444,2.7814958095550537
1788678783447850500,7.1538505859375,-0.9801703095436096,-0.08183685690164566,0.0160968080163002,0.17974905669689178,0.0021651526913046837,-0.16698992252349854,2.7790331840515137
1788678783463719700,7.1697197265625,-0.9802284836769104,-0.07999788969755173,0.013290802016854286,0.18048785626888275,-0.002858843421563506,-0.16234223544597626,2.7771823406219482
1788678783479588600,7.185588623046875,-0.9801275134086609,-0.07966434955596924,0.012241581454873085,0.1812562644481659,-0.004946935921907425,-0.1612986922264099,2.7754621505737305
1788678783495457800,7.201457763671875,-0.9799138307571411,-0.08062207698822021,0.011996465735137463,0.18200306594371796,-0.005914445500820875,-0.16309423744678497,2.773827075958252
1788678783511327000,7.217326904296875,-0.9796839952468872,-0.08234917372465134,0.01155035849660635,0.1824953407049179,-0.007529265247285366,-0.16633404791355133,2.772627115249634
1788678783527165700,7.233165771484375,-0.9795174598693848,-0.08409496396780014,0.010333966463804245,0.18266572058200836,-0.010630162432789803,-0.16932830214500427,2.7719552516937256
1788678783543004200,7.249004150390625,-0.9794201850891113,-0.08542066067457199,0.008638502098619938,0.18266065418720245,-0.014497268944978714,-0.17131806910037994,2.7715866565704346
1788678783558934500,7.2649345703125,-0.9795513153076172,-0.08620255440473557,0.007207431364804506,0.18164968490600586,-0.017456740140914917,-0.17235012352466583,2.773366928100586
1788678783574803500,7.280803466796875,-0.9801541566848755,-0.08653103560209274,0.006259453948587179,0.17824482917785645,-0.0188586488366127,-0.17271637916564941,2.780184030532837
1788678783590672600,7.296672607421875,-0.9802047610282898,-0.08644217252731323,0.006089179310947657,0.17801475524902344,-0.019123593345284462,-0.17248396575450897,2.7806358337402344
1788678783606603000,7.31260302734375,-0.9803273677825928,-0.08587966114282608,0.006398938130587339,0.17760078608989716,-0.01822684332728386,-0.17149263620376587,2.7815840244293213
1788678783622472000,7.328471923828125,-0.9805208444595337,-0.08491212874650955,0.007225135341286659,0.17696553468704224,-0.01611696556210518,-0.16988949477672577,2.783102512359619
1788678783638371600,7.34437158203125,-0.9807273745536804,-0.08400771021842957,0.008230317384004593,0.17620667815208435,-0.013655804097652435,-0.16847363114356995,2.7848942279815674
1788678783654271200,7.360271240234375,-0.9802278876304626,-0.08485832810401917,0.010717114433646202,0.17843060195446014,-0.009409619495272636,-0.17101792991161346,2.7806694507598877
1788678783670140400,7.376140380859375,-0.9797608852386475,-0.08503878116607666,0.012196594849228859,0.1807994544506073,-0.006952956318855286,-0.17189083993434906,2.7760307788848877
1788678783686162200,7.392162109375,-0.9797504544258118,-0.08553963899612427,0.013200527988374233,0.18054869771003723,-0.005098031368106604,-0.17324702441692352,2.7766783237457275
1788678783702001000,7.4080009765625,-0.9799237847328186,-0.08706124126911163,0.01388514693826437,0.1788211464881897,-0.003985952585935593,-0.17650777101516724,2.780242681503296
1788678783717900500,7.423900634765625,-0.9801154136657715,-0.08863577991724014,0.015258470550179482,0.176874577999115,-0.001468464732170105,-0.18011657893657684,2.784377336502075
1788678783733769700,7.439769775390625,-0.9800833463668823,-0.09016259759664536,0.01749957725405693,0.17607159912586212,0.0025957301259040833,-0.1839314103126526,2.786324977874756
1788678783749638700,7.455638671875,-0.9801509976387024,-0.0919841006398201,0.020495187491178513,0.17442205548286438,0.008234729059040546,-0.18858201801776886,2.7901501655578613
1788678783765569000,7.471569091796875,-0.9802086353302002,-0.09436210989952087,0.02385096251964569,0.17238874733448029,0.014497584663331509,-0.19443517923355103,2.794828176498413
1788678783781438200,7.487438232421875,-0.9804071187973022,-0.09654495865106583,0.026901725679636,0.16957974433898926,0.020412439480423927,-0.19975653290748596,2.8010902404785156
1788678783797337900,7.503337890625,-0.9807974696159363,-0.09735511988401413,0.029140697792172432,0.1664610654115677,0.025267183780670166,-0.20204474031925201,2.807917833328247
1788678783813206800,7.519206787109375,-0.9815566539764404,-0.09559085220098495,0.03016614355146885,0.16278481483459473,0.028666440397500992,-0.19878341257572174,2.81575608253479
1788678783829076000,7.535075927734375,-0.9825866222381592,-0.09141405671834946,0.03058628737926483,0.15884436666965485,0.03164384141564369,-0.19051171839237213,2.824070692062378
1788678783844945200,7.550945068359375,-0.9836610555648804,-0.08626651018857956,0.030508896335959435,0.1550425887107849,0.03382457420229912,-0.180147185921669,2.831984281539917
1788678783860783900,7.566783935546875,-0.9845184087753296,-0.08309884369373322,0.029632151126861572,0.15145984292030334,0.03368636593222618,-0.17346954345703125,2.8392324447631836
1788678783876714000,7.5827138671875,-0.9850078225135803,-0.08406941592693329,0.02810264192521572,0.14799365401268005,0.030955897644162178,-0.1748252809047699,2.8460443019866943
1788678783892644000,7.59864404296875,-0.9851036071777344,-0.08861923962831497,0.026962433010339737,0.14488142728805542,0.027914928272366524,-0.1834380030632019,2.852109432220459
1788678783908513300,7.61451318359375,-0.9849517345428467,-0.09432535618543625,0.027089741080999374,0.14226368069648743,0.027040425688028336,-0.19474832713603973,2.857343912124634
1788678783924413000,7.630412841796875,-0.984799861907959,-0.09820152074098587,0.028432032093405724,0.14041873812675476,0.02901970036327839,-0.20278950035572052,2.8612825870513916
1788678783940343000,7.646343017578125,-0.9848825931549072,-0.09849878400564194,0.03034886159002781,0.13922429084777832,0.03304355591535568,-0.20387957990169525,2.8641114234924316
1788678783956212200,7.662212158203125,-0.9852221012115479,-0.09590067714452744,0.03254246339201927,0.13813582062721252,0.03839758411049843,-0.1992737352848053,2.8668322563171387
1788678783972081400,7.678081298828125,-0.9857146143913269,-0.09165149927139282,0.034589555114507675,0.13700532913208008,0.04389212280511856,-0.1913275271654129,2.8695929050445557
1788678783987950600,7.69395068359375,-0.9862825870513916,-0.0868653655052185,0.036065150052309036,0.13564790785312653,0.04839371144771576,-0.18213728070259094,2.8726587295532227
1788678784003819800,7.70981982421875,-0.9868940114974976,-0.0823691114783287,0.036321986466646194,0.13392703235149384,0.050403907895088196,-0.17317239940166473,2.8762056827545166
1788678784019750000,7.72575,-0.9874051213264465,-0.07937119156122208,0.035055309534072876,0.13229720294475555,0.04892459884285927,-0.16679072380065918,2.879300117492676
1788678784035680000,7.741679931640625,-0.9876604676246643,-0.07828176021575928,0.033258385956287384,0.131501242518425,0.04573798179626465,-0.1641143411397934,2.8806235790252686
1788678784051549200,7.757549072265625,-0.9876653552055359,-0.07937969267368317,0.031643807888031006,0.13120527565479279,0.04226943850517273,-0.16586428880691528,2.8809657096862793
1788678784067418400,7.77341845703125,-0.9875307679176331,-0.08164886385202408,0.03068900667130947,0.13105261325836182,0.03979695588350296,-0.17012472450733185,2.8811135292053223
1788678784083256800,7.7892568359375,-0.9874017238616943,-0.08370339125394821,0.02991507388651371,0.13090772926807404,0.03774029016494751,-0.17400676012039185,2.8812663555145264
1788678784099126000,7.8051259765625,-0.9873862862586975,-0.08482830226421356,0.02872154675424099,0.13056683540344238,0.035116102546453476,-0.17592279613018036,2.8817458152770996
1788678784114995200,7.8209951171875,-0.9874849915504456,-0.08466319739818573,0.02724483609199524,0.13024337589740753,0.032253336161375046,-0.17519909143447876,2.8821513652801514
1788678784130864400,7.836864501953125,-0.9876402616500854,-0.08380924165248871,0.025796586647629738,0.12991279363632202,0.02962679974734783,-0.17311272025108337,2.8825881481170654
1788678784146733600,7.852733642578125,-0.9877735376358032,-0.08283067494630814,0.024513373151421547,0.1297754943370819,0.027329690754413605,-0.17082801461219788,2.8826656341552734
1788678784162602800,7.868602783203125,-0.9877923130989075,-0.08224216848611832,0.023543119430541992,0.13018633425235748,0.025465097278356552,-0.16941559314727783,2.8816750049591064
1788678784178502400,7.88450244140625,-0.9875869154930115,-0.08255647122859955,0.022932052612304688,0.13164639472961426,0.023904772475361824,-0.16991768777370453,2.878588914871216
1788678784194432500,7.9004326171875,-0.9872375726699829,-0.08415429294109344,0.022735286504030228,0.1332787424325943,0.022800931707024574,-0.17308372259140015,2.875190258026123
1788678784210301700,7.9163017578125,-0.9867281913757324,-0.08585245162248611,0.02267337590456009,0.13595186173915863,0.021740786731243134,-0.17650611698627472,2.8696796894073486
1788678784226201300,7.932201416015625,-0.9860829710960388,-0.08622640371322632,0.023159785196185112,0.14024630188941956,0.021833745762705803,-0.17747919261455536,2.8609790802001953
1788678784242101000,7.94810107421875,-0.9858973026275635,-0.08296976238489151,0.02540835738182068,0.14309749007225037,0.026751093566417694,-0.1717136800289154,2.855619430541992
1788678784257970200,7.96397021484375,-0.9858501553535461,-0.07831507921218872,0.026724575087428093,0.14578109979629517,0.030264491215348244,-0.162925586104393,2.8504445552825928
1788678784273808600,7.97980859375,-0.9855079054832458,-0.07676141709089279,0.027485357597470284,0.14874987304210663,0.03174916282296181,-0.1601586937904358,2.8445279598236084
1788678784297643000,8.00364306640625,-0.9847013354301453,-0.07740417867898941,0.028675027191638947,0.15345922112464905,0.033155735582113266,-0.16194786131381989,2.8350839614868164
1788678784313481500,8.0194814453125,-0.9840589165687561,-0.07869639992713928,0.02963196113705635,0.15670664608478546,0.034124232828617096,-0.16491737961769104,2.8285748958587646
1788678784329381000,8.035381103515626,-0.9834074974060059,-0.07992368936538696,0.03062272071838379,0.15995031595230103,0.03516247123479843,-0.16777735948562622,2.822075366973877
1788678784345250300,8.051250244140626,-0.9828166961669922,-0.08032521605491638,0.03096354566514492,0.16328032314777374,0.035138487815856934,-0.1688019186258316,2.815302848815918
1788678784361119500,8.067119384765626,-0.9823486804962158,-0.07930928468704224,0.029873181134462357,0.16675938665866852,0.03269883990287781,-0.16655093431472778,2.808016538619995
1788678784376988700,8.08298876953125,-0.982074499130249,-0.07677304744720459,0.02736523747444153,0.16996097564697266,0.028017563745379448,-0.1607876569032669,2.8011183738708496
1788678784400792300,8.106792236328126,-0.9819681644439697,-0.07196985185146332,0.022178813815116882,0.17339852452278137,0.01881001517176628,-0.1495930552482605,2.793440580368042
1788678784416631000,8.122631103515625,-0.9816585779190063,-0.07189492881298065,0.01996929943561554,0.1754390150308609,0.014136197976768017,-0.1487068086862564,2.7889459133148193
1788678784432530700,8.13853076171875,-0.9807695746421814,-0.07744035869836807,0.019325533881783485,0.17810282111167908,0.01045594085007906,-0.15946108102798462,2.7831532955169678
1788678784448460800,8.154460693359376,-0.9793497920036316,-0.08588400483131409,0.02096218429505825,0.18182028830051422,0.00998343713581562,-0.17676272988319397,2.7753491401672363
1788678784464360400,8.1703603515625,-0.9780991673469543,-0.09180565923452377,0.02340882457792759,0.18532633781433105,0.011978778056800365,-0.1893969029188156,2.7682180404663086
1788678784480260000,8.186260009765626,-0.9774424433708191,-0.09243535995483398,0.025396181270480156,0.1881943941116333,0.015131947584450245,-0.19142629206180573,2.7626254558563232
1788678784496098800,8.202098876953125,-0.9770954847335815,-0.09105004370212555,0.02538406290113926,0.1906566023826599,0.01515641063451767,-0.18872679769992828,2.7576181888580322
1788678784511968000,8.217968017578125,-0.9768828749656677,-0.0897219181060791,0.023142514750361443,0.19265109300613403,0.010830559767782688,-0.1852705478668213,2.753175973892212
1788678784528752600,8.234752685546875,-0.9767130017280579,-0.0882251113653183,0.020899703726172447,0.1944514811038971,0.006623825058341026,-0.18146345019340515,2.749159097671509
1788678784543828200,8.249828125,-0.9765841364860535,-0.0858478993177414,0.019719455391168594,0.19627745449543,0.004891261458396912,-0.17632867395877838,2.74534273147583
1788678784559667000,8.2656669921875,-0.9765083193778992,-0.08195726573467255,0.01983281783759594,0.19829609990119934,0.006320004351437092,-0.16872890293598175,2.7414424419403076
1788678784575535900,8.281535888671876,-0.9765709638595581,-0.07711035758256912,0.02111101523041725,0.1997934877872467,0.010555055923759937,-0.15972138941287994,2.738833427429199
1788678784591374600,8.29737451171875,-0.9766474366188049,-0.07317986339330673,0.022791722789406776,0.2007116675376892,0.015321687795221806,-0.15268352627754211,2.73738694190979
1788678784607243800,8.313243896484375,-0.9764901399612427,-0.07146565616130829,0.024828536435961723,0.20184969902038574,0.019863808527588844,-0.15015791356563568,2.73540997505188
1788678784623113000,8.329113037109375,-0.9760270118713379,-0.07204098254442215,0.027104411274194717,0.20358489453792572,0.023854544386267662,-0.15225151181221008,2.7321383953094482
1788678784638982100,8.344982177734375,-0.9754399061203003,-0.07389814406633377,0.028492452576756477,0.20553432404994965,0.025522863492369652,-0.15651701390743256,2.7282512187957764
1788678784654881800,8.3608818359375,-0.9748923182487488,-0.07546200603246689,0.02810688130557537,0.20760662853717804,0.02377343736588955,-0.15948018431663513,2.7238540649414062
1788678784670750700,8.376750732421876,-0.9744739532470703,-0.07598745822906494,0.02687995135784149,0.2095324546098709,0.02081138826906681,-0.16004237532615662,2.7196688652038574
1788678784686650400,8.392650390625,-0.974227786064148,-0.07539388537406921,0.02607891336083412,0.21098819375038147,0.01924174092710018,-0.15857002139091492,2.716569662094116
1788678784702519600,8.40851953125,-0.9741835594177246,-0.07425923645496368,0.025951489806175232,0.21160919964313507,0.01937251165509224,-0.1563030630350113,2.7153213024139404
1788678784718388700,8.424388671875,-0.9743014574050903,-0.07325542718172073,0.026050342246890068,0.21140442788600922,0.02002822607755661,-0.1543724536895752,2.7158050537109375
1788678784734288400,8.440288330078126,-0.9745221138000488,-0.07274477928876877,0.02557167038321495,0.2106206715106964,0.01942579261958599,-0.15315264463424683,2.717376708984375
1788678784750157600,8.456157470703126,-0.974762499332428,-0.0729774683713913,0.024607786908745766,0.20953980088233948,0.017597077414393425,-0.15318238735198975,2.7194578647613525
1788678784773991700,8.47999169921875,-0.9747337102890015,-0.0761474072933197,0.027595993131399155,0.2081688791513443,0.022384442389011383,-0.16062596440315247,2.7225863933563232
1788678784789922000,8.495922119140625,-0.9745804071426392,-0.07719853520393372,0.030581045895814896,0.20808207988739014,0.027857139706611633,-0.16393235325813293,2.723179340362549
1788678784805791200,8.511791259765625,-0.974643349647522,-0.07759369164705276,0.033085502684116364,0.20725570619106293,0.03278462588787079,-0.16572420299053192,2.72526216506958
1788678784821660200,8.52766015625,-0.9746464490890503,-0.07838112860918045,0.035820525139570236,0.2064889371395111,0.03800144046545029,-0.16837531328201294,2.7272531986236572
1788678784837529300,8.543529296875,-0.974553644657135,-0.0801582783460617,0.038021039217710495,0.20585040748119354,0.04173903539776802,-0.17274828255176544,2.7288765907287598
1788678784853429000,8.559428955078126,-0.9743260145187378,-0.08332126587629318,0.03976445645093918,0.2053414136171341,0.04399048164486885,-0.1796596795320511,2.730130434036255
1788678784869328600,8.57532861328125,-0.9739851951599121,-0.0878247544169426,0.04161448031663895,0.20471419394016266,0.04594193026423454,-0.18924576044082642,2.7316205501556396
1788678784885259000,8.591259033203125,-0.9735417366027832,-0.09287137538194656,0.043817631900310516,0.2041359394788742,0.04838322848081589,-0.200049489736557,2.7330706119537354
1788678784901128000,8.6071279296875,-0.9731099605560303,-0.09699996560811996,0.04584991931915283,0.20382800698280334,0.050818588584661484,-0.20899233222007751,2.7339730262756348
1788678784917027600,8.623027587890626,-0.9728755354881287,-0.09919451177120209,0.047044239938259125,0.20361833274364471,0.052356064319610596,-0.21379084885120392,2.7345774173736572
1788678784932896800,8.638896728515626,-0.9729955196380615,-0.09871161729097366,0.04771777242422104,0.20312291383743286,0.0540042482316494,-0.21308596432209015,2.735760450363159
1788678784948766000,8.654765869140626,-0.9733710885047913,-0.09597896784543991,0.04892953857779503,0.20234310626983643,0.057688310742378235,-0.20814716815948486,2.7377007007598877
1788678784964635100,8.67063525390625,-0.9737697243690491,-0.09312490373849869,0.050326231867074966,0.20141391456127167,0.0618070513010025,-0.20302918553352356,2.739964246749878
1788678784980504300,8.68650439453125,-0.9741002917289734,-0.09237227588891983,0.05075505003333092,0.20005004107952118,0.06324543058872223,-0.20163023471832275,2.742887020111084
1788678784996342800,8.7023427734375,-0.9742231965065002,-0.09459090232849121,0.04987098276615143,0.1986321657896042,0.060912638902664185,-0.20556189119815826,2.7456154823303223
1788678785012181500,8.718181396484376,-0.9741429090499878,-0.09854500740766525,0.04869215190410614,0.1973922699689865,0.05728520080447197,-0.2128196358680725,2.747863531112671
1788678785028050700,8.73405078125,-0.9740301370620728,-0.10277410596609116,0.04787271469831467,0.195987269282341,0.054318442940711975,-0.2207638919353485,2.7504916191101074
1788678785043950300,8.749950439453125,-0.9740225076675415,-0.1054113507270813,0.04764412343502045,0.19467614591121674,0.05314429849386215,-0.22581055760383606,2.753082275390625
1788678785059850000,8.76585009765625,-0.9743015766143799,-0.10471098124980927,0.0484117828309536,0.19346442818641663,0.055235061794519424,-0.2246570885181427,2.7557897567749023
1788678785075749600,8.78174951171875,-0.974871814250946,-0.10095284134149551,0.049999162554740906,0.19218134880065918,0.0601387657225132,-0.21776708960533142,2.758890390396118
1788678785091618800,8.797618896484375,-0.9757363796234131,-0.09503812342882156,0.05113394930958748,0.19050389528274536,0.06500080972909927,-0.20640929043293,2.7626962661743164
1788678785107457300,8.813457275390626,-0.9766339659690857,-0.08886407315731049,0.05106665566563606,0.18889538943767548,0.0674922838807106,-0.194084033370018,2.766054153442383
1788678785123357000,8.82935693359375,-0.9774670004844666,-0.08391178399324417,0.050134457647800446,0.18709293007850647,0.06780453771352768,-0.18383532762527466,2.7696080207824707
1788678785139195600,8.845195556640626,-0.9781789183616638,-0.08076594769954681,0.04884055629372597,0.1850881725549698,0.06674361974000931,-0.17700962722301483,2.773505210876465
1788678785155064800,8.86106494140625,-0.9787010550498962,-0.07940547168254852,0.047572944313287735,0.18323737382888794,0.0650436207652092,-0.17373540997505188,2.7770943641662598
1788678785170934000,8.87693408203125,-0.9790487289428711,-0.07858764380216599,0.046697575598955154,0.1819530427455902,0.0638212040066719,-0.17171847820281982,2.7795867919921875
1788678785186833700,8.892833740234375,-0.9793398380279541,-0.07779992371797562,0.04604439064860344,0.1808885931968689,0.06298748403787613,-0.16985855996608734,2.7816646099090576
1788678785202702800,8.908702880859375,-0.979638397693634,-0.07660726457834244,0.04533955082297325,0.17995648086071014,0.06216711178421974,-0.16719095408916473,2.7834603786468506
1788678785218602500,8.9246025390625,-0.9799695014953613,-0.07461345940828323,0.04470475763082504,0.17914871871471405,0.06174163520336151,-0.1629759520292282,2.7850089073181152
1788678785234502100,8.940502197265625,-0.9794510006904602,-0.07175808399915695,0.044507287442684174,0.18315503001213074,0.061702288687229156,-0.15752112865447998,2.7767386436462402
1788678785250371000,8.95637109375,-0.9794087409973145,-0.06889034807682037,0.044101279228925705,0.184574693441391,0.06170384958386421,-0.15180598199367523,2.773745536804199
1788678785266240300,8.972240234375,-0.979462742805481,-0.06909056752920151,0.04240037873387337,0.18461169302463531,0.05824977904558182,-0.15157824754714966,2.773422956466675
1788678785282170600,8.988170654296875,-0.978509247303009,-0.08051637560129166,0.037064291536808014,0.18618039786815643,0.04320680350065231,-0.17222344875335693,2.7692792415618896
1788678785298009000,9.004009033203126,-0.9778286814689636,-0.08591965585947037,0.033507347106933594,0.18800559639930725,0.0337841622531414,-0.18162548542022705,2.764768600463867
1788678785313908700,9.01990869140625,-0.9780625700950623,-0.08694779127836227,0.03131803125143051,0.18668924272060394,0.02928963117301464,-0.18279045820236206,2.767061471939087
1788678785329808400,9.035808349609376,-0.9780152440071106,-0.08782736957073212,0.029999341815710068,0.18674224615097046,0.02632499299943447,-0.18403437733650208,2.76668381690979
1788678785345647000,9.051647216796875,-0.9776480197906494,-0.087576724588871,0.031840067356824875,0.18847039341926575,0.029753616079688072,-0.18428148329257965,2.763456106185913
1788678785361577200,9.0675771484375,-0.9771620035171509,-0.08678509294986725,0.036012809723615646,0.19059374928474426,0.0379515066742897,-0.18437670171260834,2.7598421573638916
1788678785377446400,9.0834462890625,-0.9766716361045837,-0.08543431013822556,0.03944513574242592,0.19302211701869965,0.044832922518253326,-0.18313200771808624,2.7554736137390137
1788678785393315600,9.099315673828125,-0.976308286190033,-0.08390163630247116,0.04101162031292915,0.19519436359405518,0.048128675669431686,-0.1808219850063324,2.751298189163208
1788678785409215200,9.11521533203125,-0.9758827090263367,-0.08353732526302338,0.0436960831284523,0.19688905775547028,0.053286947309970856,-0.1812424659729004,2.7482714653015137
1788678785425053700,9.1310537109375,-0.975010871887207,-0.08593697100877762,0.047493524849414825,0.19928130507469177,0.059439484030008316,-0.18760667741298676,2.743962287902832
1788678785440923000,9.1469228515625,-0.9736329913139343,-0.09045787155628204,0.05193016678094864,0.2028781622648239,0.06575588881969452,-0.19851788878440857,2.7372779846191406
1788678785456822500,9.162822509765626,-0.9720930457115173,-0.09625031799077988,0.054234158247709274,0.2069534808397293,0.0671430230140686,-0.21114175021648407,2.729184150695801
1788678785472691700,9.178691650390626,-0.9708011150360107,-0.10204508900642395,0.05267423018813133,0.21061231195926666,0.06081952899694443,-0.22214113175868988,2.7211053371429443
1788678785488561000,9.194560791015626,-0.97004234790802,-0.10698113590478897,0.046837061643600464,0.21302400529384613,0.04652516916394234,-0.22951707243919373,2.714613676071167
1788678785504460500,9.21046044921875,-0.9698150753974915,-0.11071529239416122,0.04017471522092819,0.21351058781147003,0.03151038661599159,-0.23403270542621613,2.7118988037109375
1788678785520390700,9.226390625,-0.969773530960083,-0.11359333246946335,0.037303626537323,0.2127072513103485,0.024730024859309196,-0.23844212293624878,2.712719440460205
1788678785536290300,9.242290283203126,-0.9693729877471924,-0.11634614318609238,0.03955924138426781,0.21263791620731354,0.02805635705590248,-0.2448277324438095,2.713172435760498
1788678785552190000,9.25818994140625,-0.9683753252029419,-0.11896222084760666,0.04619012027978897,0.21439188718795776,0.03972328454256058,-0.25289273262023926,2.7108852863311768
1788678785568089600,9.274089599609376,-0.9671949744224548,-0.12113578617572784,0.05290631577372551,0.21693578362464905,0.05154113098978996,-0.2602047026157379,2.7070536613464355
1788678785583989200,9.2899892578125,-0.9664071798324585,-0.12158743292093277,0.05679212883114815,0.2191995531320572,0.05850769206881523,-0.2629223167896271,2.7032406330108643
1788678785599919600,9.305919677734375,-0.9661896824836731,-0.12105382233858109,0.05696726217865944,0.22040484845638275,0.05875885859131813,-0.26202157139778137,2.700777769088745
1788678785615788800,9.321788818359375,-0.9663905501365662,-0.12094791233539581,0.053297754377126694,0.22050021588802338,0.051427796483039856,-0.2601962387561798,2.6996657848358154
1788678785631688400,9.3376884765625,-0.9669712781906128,-0.12105988711118698,0.047862377017736435,0.21913543343544006,0.04086923226714134,-0.25795066356658936,2.701181411743164
1788678785647527000,9.35352685546875,-0.9675837755203247,-0.1213606670498848,0.04277306795120239,0.21731016039848328,0.03104569762945175,-0.25623810291290283,2.7037429809570312
1788678785663426600,9.369426513671876,-0.967939019203186,-0.12151987850666046,0.04035651311278343,0.21609821915626526,0.02646673657000065,-0.2554590702056885,2.705684185028076
1788678785679295700,9.385295654296876,-0.968048095703125,-0.12079591304063797,0.04121360927820206,0.21585331857204437,0.028568362817168236,-0.2543999254703522,2.7064685821533203
1788678785695195400,9.4011953125,-0.968023419380188,-0.11892005801200867,0.04392951354384422,0.21646933257579803,0.03466532751917839,-0.25190943479537964,2.705981731414795
1788678785711064600,9.417064697265625,-0.9679444432258606,-0.11627209186553955,0.047286178916692734,0.217551127076149,0.04225771874189377,-0.2482048124074936,2.7047009468078613
1788678785726903300,9.4329033203125,-0.9678258299827576,-0.11354534327983856,0.050384581089019775,0.21881970763206482,0.04931836575269699,-0.24425603449344635,2.7029359340667725
1788678785742803000,9.448802978515625,-0.967658281326294,-0.11133850365877151,0.05264068394899368,0.2201594114303589,0.05445146560668945,-0.24097949266433716,2.700767993927002
1788678785758702600,9.46470263671875,-0.9675389528274536,-0.11019007116556168,0.05324578285217285,0.22111399471759796,0.055924125015735626,-0.2390432059764862,2.698962450027466
1788678785774571500,9.480571533203126,-0.9675565361976624,-0.11030928045511246,0.051776640117168427,0.22132673859596252,0.05288761109113693,-0.23863860964775085,2.698176622390747
1788678785790471200,9.49647119140625,-0.9677013754844666,-0.11225980520248413,0.04815451428294182,0.22052866220474243,0.04499874636530876,-0.2408280074596405,2.698913097381592
1788678785806340400,9.51234033203125,-0.9677945375442505,-0.11550796031951904,0.04406331479549408,0.21929462254047394,0.0357045978307724,-0.2453559786081314,2.7003366947174072
1788678785822179000,9.528178955078126,-0.9677616953849792,-0.11866218596696854,0.04152798280119896,0.21824759244918823,0.029507359489798546,-0.25040897727012634,2.7016921043395996
1788678785838078700,9.54407861328125,-0.9675948619842529,-0.12173059582710266,0.040023356676101685,0.21757763624191284,0.0253069419413805,-0.25576767325401306,2.7024762630462646
1788678785853948000,9.559947998046875,-0.9674203395843506,-0.12406500428915024,0.04021231085062027,0.21699947118759155,0.0247990470379591,-0.2604321241378784,2.7035303115844727
1788678785869847600,9.57584765625,-0.9672531485557556,-0.12558811902999878,0.041271742433309555,0.21666942536830902,0.02633272483944893,-0.2638877034187317,2.7043535709381104
1788678785885747200,9.591747314453125,-0.9672715663909912,-0.12576614320278168,0.042992692440748215,0.21614870429039001,0.02984887920320034,-0.26497554779052734,2.7058701515197754
1788678785909581300,9.615581298828126,-0.9680733680725098,-0.12358532845973969,0.04533916339278221,0.2133190929889679,0.036299724131822586,-0.2615961730480194,2.712592124938965
1788678785925450500,9.631450439453126,-0.9690150022506714,-0.12112157791852951,0.046164385974407196,0.21025820076465607,0.03985314443707466,-0.2569688558578491,2.7194037437438965
1788678785941319700,9.647319580078126,-0.969772219657898,-0.11988247185945511,0.04734472557902336,0.20719203352928162,0.04357085004448891,-0.2548872232437134,2.726205348968506
1788678785965153800,9.67115380859375,-0.9697617888450623,-0.12092635035514832,0.052229609340429306,0.20545297861099243,0.053415752947330475,-0.2588830292224884,2.7310028076171875
1788678785981023000,9.68702294921875,-0.9689834713935852,-0.12283976376056671,0.05777144059538841,0.2065039724111557,0.06348268687725067,-0.2650105655193329,2.7301111221313477
1788678785996892200,9.70289208984375,-0.9682326912879944,-0.12370331585407257,0.06311754882335663,0.20794028043746948,0.07348625361919403,-0.2690300941467285,2.7284433841705322
1788678786012791800,9.718791748046876,-0.9679744243621826,-0.12205969542264938,0.06707903742790222,0.2088720053434372,0.081871896982193,-0.267502099275589,2.727566957473755
1788678786028661000,9.734660888671876,-0.9686200022697449,-0.11746763437986374,0.06879667937755585,0.20795126259326935,0.08744634687900543,-0.2590637803077698,2.730034589767456
1788678786044499700,9.750499755859375,-0.9700658917427063,-0.11165333539247513,0.06784806400537491,0.20470085740089417,0.08872662484645844,-0.24690017104148865,2.7366762161254883
1788678786060368600,9.76636865234375,-0.9716625809669495,-0.1064971536397934,0.06572956591844559,0.2005242109298706,0.08754843473434448,-0.2354898303747177,2.7449252605438232
1788678786076299000,9.782299072265625,-0.9727835059165955,-0.10348536819219589,0.06417453289031982,0.1971411108970642,0.08640652894973755,-0.22862713038921356,2.751621961593628
1788678786092198700,9.79819873046875,-0.9732457995414734,-0.10278642177581787,0.06481225788593292,0.1950051188468933,0.08845638483762741,-0.22730262577533722,2.7562015056610107
1788678786108067800,9.81406787109375,-0.9731877446174622,-0.10329653322696686,0.0676073208451271,0.19407424330711365,0.09409279376268387,-0.2292996048927307,2.758758068084717
1788678786123967500,9.829967529296875,-0.9729858040809631,-0.1033472865819931,0.07081136107444763,0.19391700625419617,0.10054181516170502,-0.2306125909090042,2.759800434112549
1788678786139836400,9.84583642578125,-0.9730144143104553,-0.10145346075296402,0.0728021040558815,0.19403651356697083,0.10520687699317932,-0.22764497995376587,2.7599589824676514
1788678786155705600,9.86170556640625,-0.9733358025550842,-0.09828098118305206,0.0727192610502243,0.19408836960792542,0.10619577020406723,-0.22135187685489655,2.7597577571868896
1788678786171544300,9.87754443359375,-0.9738479256629944,-0.09512501209974289,0.07047396153211594,0.19391997158527374,0.10289838910102844,-0.21424239873886108,2.759554147720337
1788678786187444000,9.89344384765625,-0.974615752696991,-0.09242638200521469,0.06585593521595001,0.19298823177814484,0.09485936909914017,-0.20705556869506836,2.760483980178833
1788678786203343600,9.909343505859376,-0.9754897952079773,-0.09054353088140488,0.06037674471735954,0.1912495344877243,0.08497349917888641,-0.20109525322914124,2.762972116470337
1788678786219243300,9.9252431640625,-0.9762663245201111,-0.08982441574335098,0.05514107644557953,0.18919627368450165,0.07520785927772522,-0.19753216207027435,2.766202688217163
1788678786235112400,9.941112548828125,-0.9768396019935608,-0.0899004265666008,0.051019296050071716,0.18734873831272125,0.06732895225286484,-0.19600602984428406,2.769235372543335
1788678786251012000,9.95701220703125,-0.9771789312362671,-0.09048774838447571,0.048684097826480865,0.18591147661209106,0.06274494528770447,-0.19620373845100403,2.771757125854492
1788678786266881300,9.97288134765625,-0.9772893786430359,-0.09099516272544861,0.04769487679004669,0.18533912301063538,0.06070178374648094,-0.19680464267730713,2.7727463245391846
1788678786282750500,9.98875048828125,-0.9770601987838745,-0.09039416164159775,0.04885397106409073,0.1865358054637909,0.06299146264791489,-0.1961219608783722,2.770501136779785
1788678786298589000,10.0045888671875,-0.976674497127533,-0.08837984502315521,0.051517315208911896,0.18879057466983795,0.06859083473682404,-0.19328998029232025,2.7663559913635254
1788678786314458000,10.0204580078125,-0.9762298464775085,-0.0846555233001709,0.05381624400615692,0.19212643802165985,0.07390008121728897,-0.18705445528030396,2.759885549545288
1788678786330327300,10.036327392578125,-0.9757298827171326,-0.08020782470703125,0.056175295263528824,0.19586284458637238,0.07956516742706299,-0.179489865899086,2.7525525093078613
1788678786346196500,10.052196533203125,-0.9751933813095093,-0.07650879770517349,0.05872197449207306,0.19923852384090424,0.08542829751968384,-0.17349010705947876,2.745959997177124
1788678786362035000,10.068034912109376,-0.9748807549476624,-0.07453671842813492,0.05973483994603157,0.201205313205719,0.08785489946603775,-0.1701871007680893,2.742027759552002
1788678786377934600,10.0839345703125,-0.9749659895896912,-0.0751807764172554,0.05752088502049446,0.20119789242744446,0.08321153372526169,-0.17056944966316223,2.7416961193084717
1788678786393803800,10.0998037109375,-0.9754307866096497,-0.07764238864183426,0.05147167295217514,0.199642613530159,0.07052147388458252,-0.1728813201189041,2.7439403533935547
1788678786409673000,10.1156728515625,-0.9761587977409363,-0.08108396083116531,0.041332606226205826,0.19705595076084137,0.049518704414367676,-0.17549067735671997,2.7475662231445312
1788678786425542100,10.131542236328125,-0.9765194058418274,-0.08439529687166214,0.032971154898405075,0.19544856250286102,0.03191746771335602,-0.17866462469100952,2.749375820159912
1788678786441411300,10.147411376953125,-0.9761340618133545,-0.08787468820810318,0.028679294511675835,0.1965140849351883,0.021821951493620872,-0.1838608682155609,2.7462780475616455
1788678786457311000,10.16331103515625,-0.9753824472427368,-0.09076441079378128,0.02739734575152397,0.19909891486167908,0.017618533223867416,-0.18909446895122528,2.7405481338500977
1788678786473180200,10.17918017578125,-0.9745714068412781,-0.0927860215306282,0.027083471417427063,0.2021579146385193,0.01556428987532854,-0.19299942255020142,2.7340352535247803
1788678786489079800,10.195079833984375,-0.9736353754997253,-0.09459929168224335,0.028480010107159615,0.2056063860654831,0.016885897144675255,-0.19719736278057098,2.7270305156707764
1788678786504948700,10.21094873046875,-0.9725080728530884,-0.09711994230747223,0.032162267714738846,0.20919227600097656,0.022387634962797165,-0.20376315712928772,2.7201266288757324
1788678786520848400,10.226848388671876,-0.9710808396339417,-0.10076311230659485,0.0374457873404026,0.21318241953849792,0.030458644032478333,-0.21327704191207886,2.7126474380493164
1788678786536748000,10.242748046875,-0.9694339036941528,-0.104964479804039,0.04256703332066536,0.21764309704303741,0.037794481962919235,-0.22390733659267426,2.7041549682617188
1788678786552617200,10.2586171875,-0.9678981900215149,-0.1087496280670166,0.0453951396048069,0.22200416028499603,0.040698520839214325,-0.23276923596858978,2.6954166889190674
1788678786568516900,10.274516845703126,-0.966725766658783,-0.1115371435880661,0.04462230205535889,0.22585321962833405,0.0369429811835289,-0.23804976046085358,2.68699049949646
1788678786584386000,10.290385986328126,-0.966048002243042,-0.11308138072490692,0.040083739906549454,0.2288169413805008,0.02645125426352024,-0.2390994131565094,2.6796247959136963
1788678786600224800,10.306224853515625,-0.9656476378440857,-0.11413199454545975,0.03481750190258026,0.2308385968208313,0.014976121485233307,-0.23875901103019714,2.6740951538085938
1788678786616094000,10.322093994140625,-0.9651576280593872,-0.11550689488649368,0.03245146945118904,0.23254220187664032,0.009185305796563625,-0.24036525189876556,2.6698403358459473
1788678786631963000,10.337962890625,-0.9644076228141785,-0.1172913983464241,0.033370573073625565,0.23462101817131042,0.009613243862986565,-0.24431560933589935,2.66548490524292
1788678786647832000,10.35383203125,-0.9635297656059265,-0.11882568150758743,0.03608214482665062,0.23704245686531067,0.013618184253573418,-0.24864427745342255,2.660845994949341
1788678786663670800,10.3696708984375,-0.9628998637199402,-0.11884789168834686,0.03849371522665024,0.2392015904188156,0.01782863214612007,-0.2498852163553238,2.656853675842285
1788678786679570400,10.3855703125,-0.9627764821052551,-0.11660411953926086,0.03954186663031578,0.24062718451023102,0.02064688690006733,-0.24603171646595,2.6543190479278564
1788678786695378400,10.40137841796875,-0.9630183577537537,-0.11360085755586624,0.038681525737047195,0.24123485386371613,0.020274320617318153,-0.2397523671388626,2.6531388759613037
1788678786711308800,10.417308837890625,-0.9635527729988098,-0.11007055640220642,0.03613134101033211,0.24113298952579498,0.0170003529638052,-0.2316076010465622,2.653134822845459
1788678786727177700,10.433177734375,-0.9641114473342896,-0.10666500777006149,0.03335559368133545,0.24083007872104645,0.013271497562527657,-0.22359849512577057,2.6535115242004395
1788678786743047000,10.449046875,-0.9645530581474304,-0.10370232909917831,0.03150415048003197,0.24060484766960144,0.01113339327275753,-0.21690982580184937,2.653888702392578
1788678786758946600,10.464946533203126,-0.9648008942604065,-0.10115227848291397,0.03087674453854561,0.24077807366847992,0.011117576621472836,-0.21162866055965424,2.653639793395996
1788678786774815700,10.480815673828126,-0.9648627638816833,-0.09883400797843933,0.03156135603785515,0.24140354990959167,0.013476322405040264,-0.2074452042579651,2.6526718139648438
1788678786790685000,10.496684814453126,-0.9648141860961914,-0.09663773328065872,0.032787024974823,0.24232156574726105,0.016779905185103416,-0.20377220213413239,2.651170253753662
1788678786806554000,10.51255419921875,-0.9645631313323975,-0.09488502144813538,0.03432462364435196,0.2437964677810669,0.020363159477710724,-0.2011350691318512,2.6485109329223633
1788678786822453800,10.528453857421875,-0.9640624523162842,-0.09386841952800751,0.035947103053331375,0.24592706561088562,0.023613790050148964,-0.20000147819519043,2.6444265842437744
1788678786838292200,10.544292236328126,-0.9634166955947876,-0.09394273161888123,0.03718435391783714,0.24823471903800964,0.025524022057652473,-0.2008199691772461,2.63981294631958
1788678786854191900,10.56019189453125,-0.9627172946929932,-0.09523265063762665,0.037831861525774,0.25034964084625244,0.025693919509649277,-0.20371268689632416,2.6353988647460938
1788678786870122200,10.576122314453125,-0.9620786309242249,-0.09758265316486359,0.03765716776251793,0.2519214451313019,0.023808537051081657,-0.20823940634727478,2.631878137588501
1788678786885960700,10.591960693359376,-0.9615288972854614,-0.10078249126672745,0.036875709891319275,0.25287431478500366,0.02041088417172432,-0.21409215033054352,2.6294491291046143
1788678786901860400,10.6078603515625,-0.9610938429832458,-0.10436942428350449,0.035968586802482605,0.25320354104042053,0.016690248623490334,-0.22061768174171448,2.6282410621643066
1788678786917760000,10.623760009765626,-0.9607970118522644,-0.1076342910528183,0.03520146384835243,0.253071129322052,0.013510379008948803,-0.22658009827136993,2.628035068511963
1788678786933659600,10.63965966796875,-0.9606377482414246,-0.11018425226211548,0.034756582230329514,0.25263911485671997,0.01140732690691948,-0.2313133031129837,2.62858247756958
1788678786949528800,10.65552880859375,-0.960658609867096,-0.11193077266216278,0.03469228744506836,0.25179970264434814,0.010576718486845493,-0.2346736043691635,2.6301498413085938
1788678786965428500,10.671428466796876,-0.9610017538070679,-0.11307493597269058,0.03461531549692154,0.24998320639133453,0.010284368880093098,-0.23684504628181458,2.633841037750244
1788678786981297700,10.687297607421876,-0.9616673588752747,-0.11381513625383377,0.03382047638297081,0.24718083441257477,0.009036813862621784,-0.2378607541322708,2.6394975185394287
1788678786997197300,10.703197265625,-0.9624708294868469,-0.11469173431396484,0.032383713871240616,0.24381785094738007,0.0065962569788098335,-0.23883037269115448,2.6461730003356934
1788678787013097000,10.719096923828126,-0.9632198810577393,-0.11608924716711044,0.030906081199645996,0.24036577343940735,0.003841812489554286,-0.2408173531293869,2.652958631515503
1788678787028996600,10.73499658203125,-0.9635632038116455,-0.11780627071857452,0.030604202300310135,0.23818299174308777,0.002946562599390745,-0.24402093887329102,2.657289981842041
1788678787044865800,10.75086572265625,-0.9634069800376892,-0.11938607692718506,0.0329398438334465,0.23771615326404572,0.0069211567752063274,-0.2482370287179947,2.658630132675171
1788678787060765400,10.766765380859376,-0.9630514979362488,-0.12038484960794449,0.03710135072469711,0.23803992569446564,0.014610935933887959,-0.2522019147872925,2.6588134765625
1788678787076634600,10.782634521484376,-0.9627326726913452,-0.12020693719387054,0.04250301420688629,0.23851554095745087,0.025313403457403183,-0.2544669508934021,2.659114122390747
1788678787092503800,10.79850390625,-0.9628576636314392,-0.11853408813476562,0.047221556305885315,0.2379600554704666,0.03566928207874298,-0.25344109535217285,2.6615684032440186
1788678787108464400,10.81446435546875,-0.9639774560928345,-0.11499800533056259,0.048905305564403534,0.2348005324602127,0.04155883193016052,-0.24718649685382843,2.6689116954803467
1788678787124333600,10.83033349609375,-0.9656617641448975,-0.11073734611272812,0.04831545799970627,0.2300003618001938,0.04362009838223457,-0.23834505677223206,2.679171562194824
1788678787140202800,10.84620263671875,-0.967168390750885,-0.10711059719324112,0.047717902809381485,0.22546793520450592,0.045215900987386703,-0.23074790835380554,2.6887712478637695
1788678787156102400,10.862102294921876,-0.9681214094161987,-0.10478529334068298,0.04901684820652008,0.2221674919128418,0.04963759332895279,-0.22660401463508606,2.69608736038208
1788678787171971600,10.8779716796875,-0.9684418439865112,-0.1033959612250328,0.05282198265194893,0.22054381668567657,0.058208711445331573,-0.22547060251235962,2.7003607749938965
1788678787187840800,10.8938408203125,-0.9682887196540833,-0.1020362451672554,0.05841882526874542,0.22043821215629578,0.0699705183506012,-0.22525669634342194,2.7018251419067383
1788678787203709700,10.909709716796876,-0.9680816531181335,-0.09950152784585953,0.06376615911722183,0.22102339565753937,0.0815797671675682,-0.22267447412014008,2.701791524887085
1788678787219579000,10.925578857421876,-0.96805739402771,-0.09588941186666489,0.06735490262508392,0.22166070342063904,0.09013419598340988,-0.21721692383289337,2.7012383937835693
1788678787235509200,10.94150927734375,-0.9682673811912537,-0.09235703945159912,0.0687599778175354,0.22181199491024017,0.0944136455655098,-0.21091650426387787,2.701202392578125
1788678787251409000,10.957408935546875,-0.9689228534698486,-0.08916929364204407,0.067031629383564,0.22078067064285278,0.09256844967603683,-0.20380283892154694,2.702991247177124
1788678787267308500,10.97330859375,-0.9699386358261108,-0.08662424981594086,0.06263034790754318,0.21861548721790314,0.08536803722381592,-0.19669011235237122,2.7066471576690674
1788678787283238700,10.98923876953125,-0.9710396528244019,-0.08518683910369873,0.05709509551525116,0.21579022705554962,0.07556650787591934,-0.19124436378479004,2.711498975753784
1788678787299199200,11.00519921875,-0.9719930291175842,-0.08503784984350204,0.05198270082473755,0.21282844245433807,0.06607501953840256,-0.18855448067188263,2.7167248725891113
1788678787315068400,11.021068359375,-0.9726778864860535,-0.08609510213136673,0.04859166219830513,0.2100575715303421,0.059451546519994736,-0.18902333080768585,2.721846580505371
1788678787330937600,11.0369375,-0.9730551242828369,-0.08763233572244644,0.04723028093576431,0.20797495543956757,0.05652594566345215,-0.19135324656963348,2.7258872985839844
1788678787346806800,11.052806884765625,-0.9732033610343933,-0.08910027891397476,0.047307003289461136,0.2066357582807541,0.05634438991546631,-0.1941942721605301,2.7286455631256104
1788678787362706400,11.06870654296875,-0.9733152985572815,-0.09028207510709763,0.04785663262009621,0.20546609163284302,0.057192545384168625,-0.19667720794677734,2.731147289276123
1788678787378545000,11.084544921875,-0.9733412265777588,-0.09112460911273956,0.048544660210609436,0.20480890572071075,0.058354008942842484,-0.19857795536518097,2.732621669769287
1788678787394444800,11.10044482421875,-0.9733390212059021,-0.0918867364525795,0.04897051304578781,0.2043771892786026,0.05898259952664375,-0.20022597908973694,2.733582019805908
1788678787410283300,11.116283203125,-0.9730977416038513,-0.09293176233768463,0.04858052358031273,0.20514532923698425,0.0576229952275753,-0.20216991007328033,2.7318904399871826
1788678787426213400,11.13221337890625,-0.9723132848739624,-0.09432631731033325,0.047493934631347656,0.2084556221961975,0.054189104586839676,-0.20465587079524994,2.7247698307037354
1788678787442082600,11.14808251953125,-0.9723430871963501,-0.09616819024085999,0.045982230454683304,0.20781320333480835,0.05055777356028557,-0.20761670172214508,2.725748300552368
1788678787457921300,11.16392138671875,-0.9722378849983215,-0.09831348806619644,0.04506136476993561,0.20750296115875244,0.04790483042597771,-0.21144089102745056,2.726130485534668
1788678787473790500,11.17979052734375,-0.9719146490097046,-0.09996277093887329,0.045530080795288086,0.20812614262104034,0.04801560193300247,-0.21491312980651855,2.7248644828796387
1788678787489690000,11.195690185546875,-0.9714499115943909,-0.1003497987985611,0.047123320400714874,0.2097485512495041,0.05066247284412384,-0.21642327308654785,2.7218005657196045
1788678787505559300,11.211559326171875,-0.9710084199905396,-0.09929291158914566,0.04885222390294075,0.211889386177063,0.05406631529331207,-0.2151879519224167,2.717738151550293
1788678787521459000,11.227458984375,-0.9705930352210999,-0.0957043245434761,0.05082906037569046,0.21495646238327026,0.05883963406085968,-0.20915354788303375,2.7118678092956543
1788678787537358600,11.243358642578125,-0.9705197215080261,-0.09261637181043625,0.05087053403258324,0.21662387251853943,0.059883054345846176,-0.20320720970630646,2.708491325378418
1788678787553258200,11.25925830078125,-0.9701876640319824,-0.09289897233247757,0.0485893189907074,0.2185058295726776,0.05483516678214073,-0.20288190245628357,2.704127788543701
1788678787569127400,11.27512744140625,-0.9694787263870239,-0.09381032735109329,0.046708837151527405,0.22165071964263916,0.05003836005926132,-0.20401258766651154,2.6971845626831055
1788678787584996400,11.290996337890626,-0.9681447148323059,-0.09551123529672623,0.04680580273270607,0.22667774558067322,0.04838690906763077,-0.20764602720737457,2.6866490840911865
1788678787600865500,11.306865478515626,-0.9663710594177246,-0.09764353185892105,0.048644717782735825,0.23286576569080353,0.04968462139368057,-0.2129816859960556,2.6739821434020996
1788678787616734700,11.322734619140626,-0.9646114110946655,-0.09977799654006958,0.0506192147731781,0.23876120150089264,0.051248785108327866,-0.2183978408575058,2.6619250774383545
1788678787632604000,11.33860400390625,-0.9630189538002014,-0.10178443044424057,0.05190487205982208,0.2440091073513031,0.05160065367817879,-0.2232203334569931,2.6510636806488037
1788678787648503600,11.354503662109375,-0.9617605805397034,-0.10367459058761597,0.05112491920590401,0.2483033984899521,0.048103753477334976,-0.2267472743988037,2.641753673553467
1788678787664372700,11.370372802734375,-0.9609485268592834,-0.1053793877363205,0.047708556056022644,0.2513902187347412,0.039751674979925156,-0.2284984588623047,2.6344106197357178
1788678787680242000,11.386241943359375,-0.9603628516197205,-0.10721015185117722,0.04376857727766037,0.25356194376945496,0.030507586896419525,-0.23014363646507263,2.6288459300994873
1788678787696110800,11.40211083984375,-0.9596679210662842,-0.10948536545038223,0.0417306162416935,0.255556583404541,0.024811966344714165,-0.2335866540670395,2.6239898204803467
1788678787711980000,11.41797998046875,-0.9587082862854004,-0.112143874168396,0.04174787551164627,0.25799110531806946,0.022833893075585365,-0.23883174359798431,2.618581771850586
1788678787727879700,11.433879638671876,-0.9577524662017822,-0.11436525732278824,0.042419642210006714,0.26044487953186035,0.02234466001391411,-0.24356423318386078,2.6133015155792236
1788678787743809800,11.449809814453126,-0.9573212265968323,-0.11449099332094193,0.042340200394392014,0.261983186006546,0.021720925346016884,-0.2438022494316101,2.610008478164673
1788678787759709700,11.465709716796875,-0.957476019859314,-0.11268185079097748,0.041586585342884064,0.2623223662376404,0.021124843508005142,-0.23989281058311462,2.609316825866699
1788678787775578600,11.48157861328125,-0.9581592679023743,-0.1089995875954628,0.040443938225507736,0.26156094670295715,0.02104940079152584,-0.23211370408535004,2.611067056655884
1788678787791478300,11.497478271484376,-0.9590460658073425,-0.10400678962469101,0.039598070085048676,0.2604714035987854,0.02232043631374836,-0.22194048762321472,2.6136856079101562
1788678787807347500,11.513347412109376,-0.959934651851654,-0.09782461822032928,0.03982434421777725,0.2595570385456085,0.02625528909265995,-0.21002449095249176,2.616209030151367
1788678787823216600,11.529216552734376,-0.9607645273208618,-0.09105391055345535,0.040701258927583694,0.25881335139274597,0.03169691562652588,-0.1973085254430771,2.618457555770874
1788678787839085800,11.5450859375,-0.9614956378936768,-0.08428798615932465,0.04184587299823761,0.2582067549228668,0.037590157240629196,-0.18474392592906952,2.620361328125
1788678787855016000,11.561015869140626,-0.9620384573936462,-0.07853459566831589,0.04299691691994667,0.25780951976776123,0.0428972989320755,-0.17415566742420197,2.6216771602630615
1788678787870915600,11.57691552734375,-0.9622073173522949,-0.07468301802873611,0.04459897428750992,0.2580510973930359,0.047972552478313446,-0.1675211489200592,2.621579170227051
1788678787886815200,11.592815185546876,-0.9620263576507568,-0.07277093827724457,0.04664995148777962,0.25890809297561646,0.05281582474708557,-0.16491776704788208,2.6201610565185547
1788678787902715000,11.60871484375,-0.9617727994918823,-0.07248713076114655,0.048255983740091324,0.2596348226070404,0.05597347021102905,-0.16524110734462738,2.6188902854919434
1788678787918584000,11.624583984375,-0.9615399241447449,-0.07330908626317978,0.04843742027878761,0.2602318823337555,0.05579879879951477,-0.16696380078792572,2.617645025253296
1788678787934453200,11.640453369140625,-0.9612935781478882,-0.0749296024441719,0.04701235517859459,0.26094093918800354,0.05204916000366211,-0.16940265893936157,2.615891456604004
1788678787950353000,11.656352783203126,-0.9610167741775513,-0.07729233056306839,0.04478665441274643,0.2616617977619171,0.04633945971727371,-0.17285588383674622,2.6139445304870605
1788678787966252500,11.67225244140625,-0.9607287645339966,-0.0802014172077179,0.04261700436472893,0.26220571994781494,0.040474168956279755,-0.17738120257854462,2.6123223304748535
1788678787982152200,11.688152099609376,-0.9604496359825134,-0.08330272883176804,0.0411430224776268,0.2624965310096741,0.03590291365981102,-0.18262948095798492,2.611299514770508
1788678787998021400,11.704021484375,-0.9602550268173218,-0.08647569268941879,0.040367837995290756,0.2623027265071869,0.032746199518442154,-0.1883665770292282,2.611377716064453
1788678788013921000,11.719921142578125,-0.9601883292198181,-0.08987440913915634,0.0382688082754612,0.26171842217445374,0.02695494517683983,-0.1938355416059494,2.612002372741699
1788678788029820700,11.735820556640626,-0.960055947303772,-0.09352736175060272,0.039106156677007675,0.2607986032962799,0.026850122958421707,-0.20133818686008453,2.6138079166412354
1788678788045689900,11.75168994140625,-0.9601116180419922,-0.09710917621850967,0.03980641812086105,0.25917384028434753,0.026682505384087563,-0.20861472189426422,2.6170718669891357
1788678788061559000,11.76755908203125,-0.9605781435966492,-0.10008131712675095,0.0392073430120945,0.2563905715942383,0.024566447362303734,-0.2140064388513565,2.6225671768188477
1788678788077458700,11.783458740234375,-0.9615908861160278,-0.10207290202379227,0.036907244473695755,0.25211507081985474,0.019979264587163925,-0.21660426259040833,2.630937099456787
1788678788093358300,11.7993583984375,-0.9628363251686096,-0.10299015790224075,0.034124668687582016,0.24733544886112213,0.015121589414775372,-0.21690258383750916,2.640348434448242
1788678788109258000,11.815258056640625,-0.9639614820480347,-0.10311569273471832,0.031986553221940994,0.24315094947814941,0.011796722188591957,-0.21603065729141235,2.648697853088379
1788678788125096400,11.831096435546876,-0.9646593928337097,-0.1031309962272644,0.031658537685871124,0.240403950214386,0.011766567826271057,-0.2158668488264084,2.654395341873169
1788678788140965600,11.846965576171876,-0.9648449420928955,-0.10313552618026733,0.034609027206897736,0.23924799263477325,0.017855530604720116,-0.217285618185997,2.6574149131774902
1788678788156865300,11.862865234375,-0.9648232460021973,-0.10239794105291367,0.040393028408288956,0.23874534666538239,0.02976289391517639,-0.21861636638641357,2.65970516204834
1788678788172765000,11.878764892578126,-0.9648304581642151,-0.09996037930250168,0.04777509346604347,0.23838549852371216,0.04562056437134743,-0.2173752784729004,2.662123918533325
1788678788188634000,11.894634033203126,-0.965008020401001,-0.09638892114162445,0.05486450716853142,0.23761026561260223,0.061521098017692566,-0.21372836828231812,2.66534686088562
1788678788204533800,11.91053369140625,-0.9656444787979126,-0.0924072265625,0.0594179630279541,0.23550227284431458,0.07286175340414047,-0.20794659852981567,2.670776605606079
1788678788220403000,11.92640283203125,-0.9665998816490173,-0.08916015177965164,0.060755908489227295,0.2324732542037964,0.07765369117259979,-0.2019832283258438,2.6774187088012695
1788678788236302600,11.942302490234376,-0.9676368832588196,-0.08779224008321762,0.05925817787647247,0.22904138267040253,0.076027050614357,-0.1983451098203659,2.6843128204345703
1788678788252263200,11.95826318359375,-0.9684565663337708,-0.08877229690551758,0.05716820806264877,0.2257063090801239,0.07214289158582687,-0.1990627646446228,2.690859079360962
1788678788268162800,11.974162841796876,-0.9689400792121887,-0.09190559387207031,0.056177716702222824,0.2226044237613678,0.06945084035396576,-0.20453599095344543,2.69707989692688
1788678788284032000,11.990031982421876,-0.9689842462539673,-0.0961012989282608,0.056958943605422974,0.22043073177337646,0.06964559108018875,-0.21295829117298126,2.7016799449920654
1788678788299901200,12.005901123046876,-0.9686944484710693,-0.0998043566942215,0.05909418687224388,0.21949534118175507,0.07250210642814636,-0.2210986316204071,2.703991651535034
1788678788315800800,12.02180078125,-0.9683452844619751,-0.10159342736005783,0.061752837151288986,0.2194828987121582,0.0770292654633522,-0.22577567398548126,2.7045462131500244
1788678788331700500,12.037700439453126,-0.9682263135910034,-0.10038965195417404,0.06408747285604477,0.21989241242408752,0.08210206031799316,-0.22446468472480774,2.7042105197906494
1788678788347600100,12.05360009765625,-0.9684301018714905,-0.09702684730291367,0.06546143442392349,0.22009937465190887,0.08623271435499191,-0.21847741305828094,2.704099655151367
1788678788363499800,12.069499755859376,-0.9691174626350403,-0.09197171777486801,0.0645570307970047,0.21951079368591309,0.08672662079334259,-0.20810353755950928,2.70516037940979
1788678788379399400,12.0853994140625,-0.9701201915740967,-0.08691922575235367,0.06159831956028938,0.21798531711101532,0.08332366496324539,-0.19676649570465088,2.7077651023864746
1788678788395268600,12.1012685546875,-0.9711334705352783,-0.08315637707710266,0.05800144746899605,0.21591852605342865,0.07819537073373795,-0.18765853345394135,2.7113990783691406
1788678788411137800,12.1171376953125,-0.9718020558357239,-0.08181720972061157,0.055417150259017944,0.2140929251909256,0.07398837059736252,-0.18378190696239471,2.714731216430664
1788678788427037400,12.133037353515626,-0.972088634967804,-0.08219407498836517,0.05463012680411339,0.21284596621990204,0.07250895351171494,-0.18409353494644165,2.717177629470825
1788678788442937000,12.14893701171875,-0.9721642136573792,-0.08334330469369888,0.05492511764168739,0.21197621524333954,0.07278289645910263,-0.1864101141691208,2.7190282344818115
1788678788458806300,12.16480615234375,-0.9722849726676941,-0.08449088782072067,0.05486141890287399,0.2109823226928711,0.0723746195435524,-0.18856346607208252,2.7210724353790283
1788678788474736400,12.180736328125,-0.9724211096763611,-0.08545792102813721,0.054280899465084076,0.21011404693126678,0.07099420577287674,-0.19015644490718842,2.7227628231048584
1788678788490636000,12.196635986328126,-0.9725500345230103,-0.08618491142988205,0.05326424911618233,0.20947904884815216,0.06880239397287369,-0.19111505150794983,2.723889112472534
1788678788506535700,12.21253564453125,-0.971910297870636,-0.08626770973205566,0.052289750427007675,0.21263599395751953,0.06620720773935318,-0.19108709692955017,2.7171645164489746
1788678788522435300,12.228435302734376,-0.9718694686889648,-0.08623014390468597,0.05107198283076286,0.21313318610191345,0.06370877474546432,-0.19052982330322266,2.7159130573272705
1788678788538335000,12.2443349609375,-0.9719097018241882,-0.08764583617448807,0.04913545027375221,0.21282747387886047,0.059333305805921555,-0.192468523979187,2.716170072555542
1788678788554204200,12.2602041015625,-0.9714500308036804,-0.09357944875955582,0.04416695609688759,0.21348796784877777,0.04682508111000061,-0.20204560458660126,2.713693141937256
1788678788570165000,12.2761650390625,-0.9705113768577576,-0.10084937512874603,0.038654059171676636,0.2155066430568695,0.03230363875627518,-0.21404196321964264,2.7080447673797607
1788678788586034000,12.292033935546876,-0.9701142907142639,-0.10583538562059402,0.03630031645298004,0.21531271934509277,0.025488287210464478,-0.22281579673290253,2.7076334953308105
1788678788601903000,12.307903076171876,-0.9701706767082214,-0.10656142979860306,0.03631975129246712,0.21469606459140778,0.025353465229272842,-0.224235400557518,2.7088727951049805
1788678788617772300,12.323772216796876,-0.9701871275901794,-0.10648396611213684,0.03542809188365936,0.2148093581199646,0.023586075752973557,-0.2237003743648529,2.708451986312866
1788678788633641500,12.339641357421876,-0.9702386856079102,-0.10566943883895874,0.03375500440597534,0.21524761617183685,0.020512662827968597,-0.22138448059558868,2.7072439193725586
1788678788649480200,12.355480224609375,-0.9700979590415955,-0.10543755441904068,0.03115416318178177,0.21638479828834534,0.015180877409875393,-0.2198180854320526,2.7043440341949463
1788678788665379800,12.3713798828125,-0.9695988893508911,-0.10626809298992157,0.02897695079445839,0.21850711107254028,0.009993541985750198,-0.22052115201950073,2.699388265609741
1788678788681218300,12.38721826171875,-0.9686866998672485,-0.10833095014095306,0.028002219274640083,0.22164496779441833,0.006388616282492876,-0.2241632342338562,2.692436456680298
1788678788697087500,12.40308740234375,-0.9673601388931274,-0.11148330569267273,0.028641773387789726,0.22575536370277405,0.0052160779014229774,-0.23066101968288422,2.6836585998535156
1788678788712987100,12.418987060546876,-0.9658758640289307,-0.11498276144266129,0.02967264875769615,0.23017928004264832,0.004514174070209265,-0.23801927268505096,2.674237012863159
1788678788728886800,12.43488671875,-0.9645471572875977,-0.11772241443395615,0.029743099585175514,0.23431958258152008,0.0022749900817871094,-0.2434336245059967,2.6652395725250244
1788678788744756000,12.450755859375,-0.9638632535934448,-0.11845839768648148,0.026996934786438942,0.23707900941371918,-0.004250757861882448,-0.24355703592300415,2.658712863922119
1788678788760625200,12.466625244140625,-0.9639695286750793,-0.11718455702066422,0.02169138193130493,0.2378237247467041,-0.014324824325740337,-0.23849669098854065,2.656111240386963
1788678788776524800,12.48252490234375,-0.9644206166267395,-0.1147686094045639,0.016617920249700546,0.23758122324943542,-0.02309763990342617,-0.2313241958618164,2.6558356285095215
1788678788792394000,12.49839404296875,-0.9645847678184509,-0.11296863853931427,0.014022549614310265,0.2379445880651474,-0.02741243690252304,-0.22654159367084503,2.6547694206237793
1788678788808293600,12.514293701171875,-0.9640300869941711,-0.1131802573800087,0.014874995686113834,0.2400311380624771,-0.02633407525718212,-0.22731176018714905,2.650536060333252
1788678788824193300,12.530193359375,-0.9629306793212891,-0.1149170845746994,0.017515381798148155,0.2434171438217163,-0.022826412692666054,-0.23191477358341217,2.6437323093414307
1788678788840031700,12.54603173828125,-0.9618260860443115,-0.11702387779951096,0.019962146878242493,0.2465716451406479,-0.019866742193698883,-0.23717477917671204,2.6373186111450195
1788678788863805000,12.569804931640626,-0.9612212181091309,-0.11721402406692505,0.021185386925935745,0.248728409409523,-0.01809270679950714,-0.2381199300289154,2.6330103874206543
1788678788879704600,12.58570458984375,-0.9614363312721252,-0.11543811857700348,0.02017701417207718,0.24881131947040558,-0.019171060994267464,-0.23414699733257294,2.632866859436035
1788678788895573800,12.60157373046875,-0.9618496298789978,-0.11326167732477188,0.018140705302357674,0.2483709752559662,-0.021938439458608627,-0.2288859486579895,2.633666515350342
1788678788911473400,12.617473388671876,-0.962306797504425,-0.11099164932966232,0.015976954251527786,0.24777241051197052,-0.02487238496541977,-0.22338660061359406,2.6347949504852295
1788678788927342600,12.633342529296876,-0.9627548456192017,-0.10866928845643997,0.014232078567147255,0.24716728925704956,-0.026956181973218918,-0.2180018275976181,2.6360387802124023
1788678788943242200,12.6492421875,-0.9631483554840088,-0.10609830170869827,0.013238403014838696,0.2468060702085495,-0.027492132037878036,-0.21250729262828827,2.6369571685791016
1788678788959111400,12.665111328125,-0.9639999270439148,-0.09858787804841995,0.015019873157143593,0.2464934140443802,-0.02004018798470497,-0.19878867268562317,2.6389245986938477
1788678788974980600,12.680980712890625,-0.9642913341522217,-0.0952916219830513,0.01653335429728031,0.2465529888868332,-0.0153896389529109,-0.1931287944316864,2.6394612789154053
1788678788990880300,12.69688037109375,-0.9644576907157898,-0.09209945052862167,0.018974537029862404,0.24693943560123444,-0.009045419283211231,-0.1881309598684311,2.6394293308258057
1788678789006749400,12.71274951171875,-0.9644715189933777,-0.08941337466239929,0.02148657850921154,0.2476656436920166,-0.002891754498705268,-0.1841554045677185,2.6386096477508545
1788678789022649000,12.728649169921875,-0.9644095301628113,-0.08779768645763397,0.023162225261330605,0.24833321571350098,0.0010875117732211947,-0.1818503886461258,2.637646198272705
1788678789038518300,12.744518310546875,-0.9643141031265259,-0.08730977028608322,0.02367774397134781,0.24882659316062927,0.0022524415981024504,-0.18116068840026855,2.636744499206543
1788678789054387200,12.76038720703125,-0.9642783403396606,-0.08811046183109283,0.022627074271440506,0.24878093600273132,-0.00020622166630346328,-0.18219062685966492,2.636591911315918
1788678789070256400,12.77625634765625,-0.9643853306770325,-0.08983290195465088,0.02045198157429695,0.2479371875524521,-0.0051866574212908745,-0.1844528317451477,2.6378257274627686
1788678789086095000,12.79209521484375,-0.9645541906356812,-0.092174232006073,0.01791387051343918,0.24661360681056976,-0.011100337840616703,-0.18775080144405365,2.6399197578430176
1788678789101964300,12.80796435546875,-0.9646633267402649,-0.09471844136714935,0.01581171154975891,0.24536319077014923,-0.016273608431220055,-0.19167353212833405,2.6418888568878174
1788678789117833500,12.82383349609375,-0.9646768569946289,-0.09699061512947083,0.014889505691826344,0.24447837471961975,-0.019061917439103127,-0.1956554502248764,2.643312692642212
1788678789133702400,12.839702392578126,-0.9646931886672974,-0.09877462685108185,0.015116124413907528,0.2436847686767578,-0.019359126687049866,-0.1992574781179428,2.6448028087615967
1788678789149571600,12.855571533203126,-0.964835524559021,-0.10021243244409561,0.016040144488215446,0.24247223138809204,-0.018014442175626755,-0.20253750681877136,2.647340774536133
1788678789165440800,12.871440673828126,-0.9651591777801514,-0.10154639184474945,0.016978207975625992,0.24055764079093933,-0.01642902009189129,-0.20563143491744995,2.6513683795928955
1788678789181310000,12.88731005859375,-0.9657033681869507,-0.10267733782529831,0.017702339217066765,0.23782581090927124,-0.014972207136452198,-0.20823346078395844,2.6570942401885986
1788678789197179100,12.90317919921875,-0.9664165377616882,-0.10332249850034714,0.017830433323979378,0.23461830615997314,-0.014333637431263924,-0.2096032351255417,2.66375732421875
1788678789213109200,12.919109130859376,-0.9671699404716492,-0.10356146097183228,0.017445392906665802,0.2314150333404541,-0.01450500451028347,-0.2099360078573227,2.6703546047210693
1788678789228978400,12.934978515625,-0.9684258103370667,-0.09623409062623978,0.020850596949458122,0.22903212904930115,-0.003769973060116172,-0.19721806049346924,2.676754951477051
1788678789244847600,12.95084765625,-0.9694007635116577,-0.08902326971292496,0.026473892852663994,0.22723592817783356,0.011059406213462353,-0.18569546937942505,2.682119607925415
1788678789260747300,12.966747314453125,-0.9692177772521973,-0.0904536172747612,0.029027022421360016,0.22713984549045563,0.015453481115400791,-0.18965987861156464,2.682663679122925
1788678789276647000,12.98264697265625,-0.9689586758613586,-0.09099141508340836,0.03289061412215233,0.2275039553642273,0.02275973930954933,-0.1924857646226883,2.6825599670410156
1788678789300481000,13.00648095703125,-0.9692898392677307,-0.08849658071994781,0.037803765386343,0.22631065547466278,0.03384432941675186,-0.18980608880519867,2.6860709190368652
1788678789316380700,13.022380615234376,-0.9704411029815674,-0.08445154875516891,0.03777323663234711,0.22290188074111938,0.03626979887485504,-0.1817489117383957,2.693347692489624
1788678789332249900,13.038249755859376,-0.9720008373260498,-0.07973264902830124,0.035190194845199585,0.21821729838848114,0.0341169536113739,-0.17119359970092773,2.7028374671936035
1788678789348119000,13.054119140625,-0.9733640551567078,-0.07589184492826462,0.03233826905488968,0.21390926837921143,0.03089669905602932,-0.16228711605072021,2.7114572525024414
1788678789363988200,13.06998828125,-0.9742749929428101,-0.0737072229385376,0.030690444633364677,0.21074546873569489,0.02909780666232109,-0.15720465779304504,2.7178287506103516
1788678789379887900,13.085887939453125,-0.9746823906898499,-0.0731801763176918,0.03159293532371521,0.20890413224697113,0.0313996747136116,-0.15649260580539703,2.721782684326172
1788678789395757000,13.101757080078125,-0.9747244715690613,-0.07349974662065506,0.034565988928079605,0.20812289416790009,0.037265315651893616,-0.1583326756954193,2.723827600479126
1788678789411717600,13.117717529296876,-0.974679172039032,-0.07354220747947693,0.0375232994556427,0.2078080177307129,0.04314277693629265,-0.15963251888751984,2.724921464920044
1788678789427586800,13.1335869140625,-0.9746833443641663,-0.07284360378980637,0.03945053368806839,0.20767761766910553,0.04726151376962662,-0.1590546816587448,2.725494861602783
1788678789443456000,13.1494560546875,-0.9749054312705994,-0.07137063890695572,0.04033470153808594,0.20697562396526337,0.049729011952877045,-0.15649382770061493,2.727098226547241
1788678789459355600,13.165355712890625,-0.975428581237793,-0.06928225606679916,0.040082719177007675,0.20526228845119476,0.05035676434636116,-0.15220168232917786,2.730619430541992
1788678789475255300,13.18125537109375,-0.9760366082191467,-0.06669647246599197,0.03874286636710167,0.20347782969474792,0.049030959606170654,-0.1464863419532776,2.7341315746307373
1788678789491185400,13.197185302734376,-0.9767520427703857,-0.06403740495443344,0.036495380103588104,0.20130258798599243,0.04597960039973259,-0.14024989306926727,2.7383265495300293
1788678789507054600,13.2130546875,-0.9775290489196777,-0.06178438290953636,0.03379214555025101,0.1986902952194214,0.04190502688288689,-0.13462670147418976,2.743366241455078
1788678789522923800,13.228923828125,-0.9782894253730774,-0.06011094152927399,0.031533677130937576,0.19581148028373718,0.038493186235427856,-0.13032974302768707,2.749011993408203
1788678789538823400,13.244823486328125,-0.978918731212616,-0.059109125286340714,0.03065662644803524,0.1930917650461197,0.03750888258218765,-0.1279136836528778,2.754495143890381
1788678789554723000,13.26072314453125,-0.9793103337287903,-0.05839904397726059,0.031305667012929916,0.19120913743972778,0.03930814936757088,-0.12669207155704498,2.7584404945373535
1788678789570622700,13.276622802734375,-0.9794654846191406,-0.05761972442269325,0.03310966119170189,0.1903446912765503,0.04327978938817978,-0.1258091777563095,2.7604334354400635
1788678789586492000,13.292491943359375,-0.9795504808425903,-0.0567166730761528,0.034640539437532425,0.18990562856197357,0.04670153558254242,-0.12459265440702438,2.76151704788208
1788678789602391600,13.3083916015625,-0.9795979857444763,-0.05652203410863876,0.03483250364661217,0.1896832138299942,0.047182366251945496,-0.12427163869142532,2.761995315551758
1788678789618260500,13.324260498046876,-0.9795333743095398,-0.05776147544384003,0.03431493416428566,0.18973815441131592,0.04568706825375557,-0.12651754915714264,2.7618210315704346
1788678789634160400,13.340160400390625,-0.9793323278427124,-0.060828566551208496,0.033578235656023026,0.1899491548538208,0.043049126863479614,-0.13228455185890198,2.761286497116089
1788678789650029300,13.356029296875,-0.9790833592414856,-0.06477133929729462,0.032754939049482346,0.19007275998592377,0.039916686713695526,-0.13973906636238098,2.760890007019043
1788678789665990100,13.371990234375,-0.9788395166397095,-0.06868734955787659,0.03206266090273857,0.1900719404220581,0.037066500633955,-0.14718706905841827,2.760737657546997
1788678789681920300,13.387920166015626,-0.9786162376403809,-0.07189810276031494,0.03171010687947273,0.19009308516979218,0.035149168223142624,-0.1533776968717575,2.7605786323547363
1788678789697820000,13.40381982421875,-0.9784177541732788,-0.0740770697593689,0.03160100802779198,0.1902964562177658,0.03407375141978264,-0.15763579308986664,2.7600924968719482
1788678789713689000,13.419689208984375,-0.9780715703964233,-0.07510504126548767,0.032029908150434494,0.19159679114818573,0.03431961312890053,-0.1598699986934662,2.7574563026428223
1788678789729558300,13.435558349609375,-0.9775856733322144,-0.07518430054187775,0.03287911042571068,0.1938881278038025,0.03559413179755211,-0.16043530404567719,2.752868890762329
1788678789745427500,13.451427490234375,-0.9770390391349792,-0.07484972476959229,0.03351037949323654,0.1966453343629837,0.03651939332485199,-0.16012492775917053,2.7472968101501465
1788678789761296400,13.46729638671875,-0.9764902591705322,-0.07478820532560349,0.03337102383375168,0.19939877092838287,0.03581288456916809,-0.1600506454706192,2.7416045665740967
1788678789777196000,13.483196044921876,-0.9758939146995544,-0.07547097653150558,0.032441481947898865,0.20219507813453674,0.033235665410757065,-0.1611185222864151,2.735678195953369
1788678789793095700,13.499095703125,-0.9751480221748352,-0.0772455483675003,0.031492289155721664,0.20525045692920685,0.03012012131512165,-0.16431774199008942,2.7291667461395264
1788678789809026000,13.515026123046875,-0.974249541759491,-0.07995636016130447,0.031230958178639412,0.20849306881427765,0.027917059138417244,-0.16963009536266327,2.7223188877105713
1788678789824925700,13.53092578125,-0.9733186960220337,-0.082832470536232,0.03141190484166145,0.21166694164276123,0.026491500437259674,-0.17544111609458923,2.7156522274017334
1788678789840825300,13.546825439453125,-0.9723948240280151,-0.08470553159713745,0.03203725814819336,0.21505104005336761,0.026299120858311653,-0.17947570979595184,2.708653688430786
1788678789856725000,13.56272509765625,-0.9715678691864014,-0.08511138707399368,0.032498378306627274,0.2185310274362564,0.0263817235827446,-0.18056638538837433,2.7014927864074707
1788678789872594200,13.57859423828125,-0.9712445139884949,-0.0836087018251419,0.030550511553883553,0.2208174616098404,0.022776585072278976,-0.17682112753391266,2.6965017318725586
1788678789888493800,13.594493896484375,-0.9715103507041931,-0.08109644055366516,0.026324830949306488,0.22112929821014404,0.015508349053561687,-0.1700325608253479,2.695312261581421
1788678789904363000,13.610363037109375,-0.9718205332756042,-0.07876022160053253,0.022465042769908905,0.22103647887706757,0.008966267108917236,-0.1637435257434845,2.6950461864471436
1788678789920232000,13.62623193359375,-0.9719860553741455,-0.07775966078042984,0.021199906244874,0.22078782320022583,0.0069656409323215485,-0.1612214744091034,2.6954333782196045
1788678789936070700,13.642070556640626,-0.9715287089347839,-0.07824035733938217,0.024156244471669197,0.22232171893119812,0.012312404811382294,-0.1634938269853592,2.692674398422241
1788678789951970300,13.65797021484375,-0.9706765413284302,-0.07908487319946289,0.029367120936512947,0.22510044276714325,0.02171357162296772,-0.16753539443016052,2.6876704692840576
1788678789967839500,13.673839599609375,-0.9698828458786011,-0.07937563955783844,0.03475730121135712,0.22763752937316895,0.03174954280257225,-0.1706208884716034,2.683241128921509
1788678789983708700,13.689708740234375,-0.9692531824111938,-0.07880493253469467,0.03884945437312126,0.22984541952610016,0.039676059037446976,-0.17146150767803192,2.6793313026428223
1788678789999608300,13.7056083984375,-0.9688678979873657,-0.07808446884155273,0.04005078598856926,0.2315034568309784,0.04207782819867134,-0.17067833244800568,2.6761038303375244
1788678790015477500,13.7214775390625,-0.9686662554740906,-0.07770251482725143,0.03871184587478638,0.23270057141780853,0.039408762007951736,-0.16936060786247253,2.673417568206787
1788678790031382500,13.737382568359376,-0.9685487747192383,-0.07731363922357559,0.03594832494854927,0.23375961184501648,0.03397083282470703,-0.167350634932518,2.6707992553710938
1788678790047282200,13.7532822265625,-0.9686247110366821,-0.07653578370809555,0.03309893608093262,0.23412175476551056,0.028674520552158356,-0.16450826823711395,2.6696431636810303
1788678790063151000,13.769151123046875,-0.9688116312026978,-0.07519005239009857,0.031169332563877106,0.23404903709888458,0.025530917569994926,-0.1609746217727661,2.6695685386657715
1788678790079050800,13.78505078125,-0.9688835144042969,-0.07340560853481293,0.030497709289193153,0.23440653085708618,0.024994660168886185,-0.15718717873096466,2.6688144207000732
1788678790094920000,13.800919921875,-0.9689328670501709,-0.07116754353046417,0.030667290091514587,0.2348700910806656,0.0263088196516037,-0.15291401743888855,2.667980670928955
1788678790110819600,13.816819580078125,-0.9689083695411682,-0.0687468871474266,0.030577195808291435,0.235702246427536,0.027146169915795326,-0.1481747031211853,2.666346549987793
1788678790126719200,13.83271923828125,-0.9687880277633667,-0.06665877997875214,0.029748346656560898,0.2368994653224945,0.026331409811973572,-0.14374572038650513,2.663837432861328
1788678790142710500,13.84871044921875,-0.9686631560325623,-0.06559831649065018,0.02821963094174862,0.23789113759994507,0.023697413504123688,-0.14097826182842255,2.661623954772949
1788678790158579700,13.864579833984376,-0.968525767326355,-0.06589144468307495,0.02622801624238491,0.23859667778015137,0.019556310027837753,-0.1406138837337494,2.659888505935669
1788678790174449000,13.880448974609376,-0.9684276580810547,-0.06730090081691742,0.024590980261564255,0.23877577483654022,0.015648946166038513,-0.1425781399011612,2.6592328548431396
1788678790190348500,13.8963486328125,-0.9683523774147034,-0.0688394233584404,0.023595692589879036,0.23874293267726898,0.012964630499482155,-0.14509683847427368,2.659085512161255
1788678790206309000,13.91230908203125,-0.9683461785316467,-0.06948193907737732,0.022916914895176888,0.23864798247814178,0.011340493336319923,-0.14602166414260864,2.6591546535491943
1788678790222178300,13.92817822265625,-0.9685009121894836,-0.06920582056045532,0.022159114480018616,0.23817136883735657,0.010062486864626408,-0.1451159119606018,2.6600587368011475
1788678790238047500,13.944047607421876,-0.9688380360603333,-0.06830178201198578,0.021419139578938484,0.23712629079818726,0.009205133654177189,-0.14299160242080688,2.6621828079223633
1788678790253947100,13.959947021484375,-0.9691838026046753,-0.06724907457828522,0.02103603072464466,0.23604652285575867,0.009118028916418552,-0.14074863493442535,2.6644341945648193
1788678790269846800,13.9758466796875,-0.9695529937744141,-0.06666868180036545,0.02119217999279499,0.23467682301998138,0.009899262338876724,-0.1396780163049698,2.6673271656036377
1788678790285746400,13.991746337890625,-0.9697709679603577,-0.07570019364356995,0.03194523975253105,0.2297677993774414,0.027537139132618904,-0.16221414506435394,2.678550958633423
1788678790301615600,14.00761572265625,-0.9697660207748413,-0.07742341607809067,0.033138763159513474,0.22904467582702637,0.02921304665505886,-0.16610853374004364,2.68015456199646
1788678790317484800,14.02348486328125,-0.9701132774353027,-0.07899674028158188,0.032908204942941666,0.22706155478954315,0.028383346274495125,-0.16901955008506775,2.684161424636841
1788678790333353700,14.039353759765625,-0.9706665277481079,-0.0805424302816391,0.03150571882724762,0.22433629631996155,0.02540050446987152,-0.171332448720932,2.689518451690674
1788678790349192400,14.0551923828125,-0.9712232947349548,-0.08206336200237274,0.02949380688369274,0.2216327041387558,0.021234089508652687,-0.17334409058094025,2.6947224140167236
1788678790365092000,14.071092041015625,-0.9715709090232849,-0.08369971811771393,0.027915891259908676,0.21969293057918549,0.017742479220032692,-0.1758105754852295,2.6983933448791504
1788678790380961300,14.086961181640625,-0.9715327024459839,-0.08536180108785629,0.028331346809864044,0.21916881203651428,0.017920412123203278,-0.17924046516418457,2.6994497776031494
1788678790396800000,14.102800048828126,-0.9712581038475037,-0.0865408256649971,0.030885573476552963,0.2195778489112854,0.022364825010299683,-0.182684987783432,2.698965072631836
1788678790412699600,14.11869970703125,-0.9710369110107422,-0.08685188740491867,0.03478926792740822,0.2198498249053955,0.029889103025197983,-0.1850234717130661,2.699059009552002
1788678790428599300,14.134599365234376,-0.9711320400238037,-0.08594959229230881,0.038582004606723785,0.21915020048618317,0.03791998699307442,-0.18489904701709747,2.7012147903442383
1788678790444529400,14.150529296875,-0.9719901084899902,-0.0833226814866066,0.039627835154533386,0.21615338325500488,0.04170099273324013,-0.18008077144622803,2.7077152729034424
1788678790460398600,14.166398681640626,-0.9734389185905457,-0.0791836604475975,0.037464890629053116,0.21152566373348236,0.040034160017967224,-0.170840322971344,2.7170794010162354
1788678790476267800,14.182267822265626,-0.9749374389648438,-0.07472691684961319,0.03438827395439148,0.20671355724334717,0.03663835674524307,-0.16061486303806305,2.726675271987915
1788678790492136700,14.19813671875,-0.9761298894882202,-0.07087522745132446,0.032691676169633865,0.20267848670482635,0.03551078960299492,-0.1522056609392166,2.734849214553833
1788678790508006000,14.214005859375,-0.9767736196517944,-0.06852314621210098,0.03350980579853058,0.20023773610591888,0.03844984620809555,-0.14782080054283142,2.740044593811035
1788678790523905500,14.229905517578125,-0.9770060181617737,-0.06759845465421677,0.03587447479367256,0.19900432229042053,0.04367852210998535,-0.14689426124095917,2.7429287433624268
1788678790539774700,14.245774658203125,-0.9768812656402588,-0.06804121285676956,0.03867917135357857,0.19894081354141235,0.04905970022082329,-0.148875430226326,2.7434487342834473
1788678790555644000,14.261643798828125,-0.9765502214431763,-0.0693453773856163,0.04137399420142174,0.1995723396539688,0.053778838366270065,-0.15254361927509308,2.742525815963745
1788678790571574000,14.277573974609375,-0.9761343598365784,-0.07095547765493393,0.04353533685207367,0.20057857036590576,0.057260219007730484,-0.1566282957792282,2.7407641410827637
1788678790587443200,14.293443115234375,-0.9758011102676392,-0.07224021106958389,0.04489130526781082,0.20144084095954895,0.05929499864578247,-0.1597486287355423,2.739187002182007
1788678790603312400,14.3093125,-0.9756128191947937,-0.0728253424167633,0.045127563178539276,0.20208850502967834,0.0594230517745018,-0.1610332876443863,2.7378859519958496
1788678790619212000,14.3252119140625,-0.9757050275802612,-0.07293739169836044,0.044350478798151016,0.2017746865749359,0.057892005890607834,-0.16092200577259064,2.7384135723114014
1788678790635111700,14.341111572265625,-0.9759573340415955,-0.07234653830528259,0.04316423833370209,0.20102262496948242,0.05590234696865082,-0.15924037992954254,2.739786386489868
1788678790651011300,14.35701123046875,-0.9762137532234192,-0.07134125381708145,0.04289393499493599,0.2001934051513672,0.05590042844414711,-0.15710830688476562,2.741460084915161
1788678790666880500,14.372880615234376,-0.9763215184211731,-0.07024305313825607,0.043924085795879364,0.1998322606086731,0.05843079835176468,-0.15533848106861115,2.742360830307007
1788678790682749700,14.388749755859376,-0.9761401414871216,-0.06954829394817352,0.04600117728114128,0.2004929482936859,0.06271017342805862,-0.1548415869474411,2.7413065433502197
1788678790698649300,14.4046494140625,-0.9758354425430298,-0.0695607140660286,0.04854070395231247,0.20137105882167816,0.06759144365787506,-0.1559402495622635,2.7398734092712402
1788678790714549000,14.420549072265626,-0.9756484627723694,-0.07018811255693436,0.050436072051525116,0.20159348845481873,0.0710604265332222,-0.15794895589351654,2.739703416824341
1788678790730387500,14.436387451171875,-0.9755985736846924,-0.071318618953228,0.050996821373701096,0.201296865940094,0.07177427411079407,-0.16037426888942719,2.740410327911377
1788678790746287000,14.452287109375,-0.9756227731704712,-0.0729409009218216,0.05021713301539421,0.20079392194747925,0.06967538595199585,-0.16321590542793274,2.741340160369873
1788678790762156300,14.46815625,-0.9756282567977905,-0.07498698681592941,0.04869500547647476,0.20038801431655884,0.06592334061861038,-0.16660431027412415,2.74194598197937
1788678790778056000,14.484055908203125,-0.9756050109863281,-0.07715219259262085,0.047040071338415146,0.20007415115833282,0.06184501573443413,-0.1701834350824356,2.7423245906829834
1788678790793955600,14.49995556640625,-0.9755072593688965,-0.07897008210420609,0.04574783518910408,0.2001412957906723,0.05855385959148407,-0.1732492297887802,2.7419626712799072
1788678790809886000,14.515885986328126,-0.9753389358520508,-0.08012031763792038,0.045091502368450165,0.20065271854400635,0.0567050501704216,-0.17528055608272552,2.740785598754883
1788678790825755000,14.5317548828125,-0.9739775657653809,-0.08872769773006439,0.041829559952020645,0.20431701838970184,0.04607972130179405,-0.1910914182662964,2.732454538345337
1788678790841624000,14.5476240234375,-0.9731655120849609,-0.09449148178100586,0.04002121090888977,0.20595814287662506,0.039789363741874695,-0.20176321268081665,2.728501319885254
1788678790857523700,14.563523681640625,-0.9729664921760559,-0.09508625417947769,0.04067125916481018,0.20649652183055878,0.040722642093896866,-0.20322440564632416,2.7274839878082275
1788678790873423400,14.57942333984375,-0.9728456139564514,-0.09528765827417374,0.0408610999584198,0.20693519711494446,0.04092378169298172,-0.20371772348880768,2.7266011238098145
1788678790889292500,14.59529248046875,-0.9722440838813782,-0.10077078640460968,0.03584285452961922,0.20809152722358704,0.02839919552206993,-0.21245956420898438,2.722919225692749
1788678790905161700,14.61116162109375,-0.9719839096069336,-0.10027740150690079,0.03557699918746948,0.20958544313907623,0.027748512104153633,-0.21142040193080902,2.719787359237671
1788678790921061400,14.627061279296875,-0.9715729355812073,-0.09980010241270065,0.03635134920477867,0.2115764021873474,0.02905280888080597,-0.21086756885051727,2.7158288955688477
1788678790936961000,14.6429609375,-0.9706260561943054,-0.1019834652543068,0.03673641011118889,0.2147904336452484,0.028158964589238167,-0.21541911363601685,2.709075689315796
1788678790952891100,14.65889111328125,-0.9695717692375183,-0.10404522716999054,0.037654902786016464,0.2183743119239807,0.02826133370399475,-0.2199741005897522,2.7016518115997314
1788678790968760300,14.67476025390625,-0.9686893820762634,-0.10484842956066132,0.039022065699100494,0.22164151072502136,0.029861828312277794,-0.2222542017698288,2.6950578689575195
1788678790984629500,14.69062939453125,-0.9682672023773193,-0.10398037731647491,0.0398600809276104,0.22373612225055695,0.031431540846824646,-0.22099226713180542,2.6909141540527344
1788678791000529200,14.706529052734375,-0.96856689453125,-0.10138195008039474,0.0381779782474041,0.2239251732826233,0.029229849576950073,-0.2151443213224411,2.6903486251831055
1788678791016398300,14.7223984375,-0.969184935092926,-0.09844431281089783,0.03456469997763634,0.22314727306365967,0.023572972044348717,-0.2077384740114212,2.691453456878662
1788678791032267500,14.738267578125,-0.9695960283279419,-0.09677914530038834,0.031062694266438484,0.22260375320911407,0.017509765923023224,-0.20289184153079987,2.692028522491455
1788678791048136400,14.754136474609375,-0.9693986177444458,-0.09728394448757172,0.029529158025979996,0.22345083951950073,0.014064530842006207,-0.20320607721805573,2.6899313926696777
1788678791064036000,14.7700361328125,-0.9685961008071899,-0.09938045591115952,0.030461911112070084,0.22586984932422638,0.01442725770175457,-0.20777155458927155,2.684899091720581
1788678791079905300,14.7859052734375,-0.967596709728241,-0.10163950175046921,0.032031621783971786,0.22891074419021606,0.015812503173947334,-0.21296297013759613,2.6786718368530273
1788678791095774500,14.8017744140625,-0.9668129086494446,-0.1025470569729805,0.03279484063386917,0.23169264197349548,0.016269931569695473,-0.21514008939266205,2.672929525375366
1788678791111643600,14.8176435546875,-0.9664133787155151,-0.10180234163999557,0.032311420887708664,0.23374685645103455,0.015206217765808105,-0.21348971128463745,2.6685965061187744
1788678791127482400,14.833482421875,-0.966296911239624,-0.10041194409132004,0.030284401029348373,0.23509709537029266,0.011568328365683556,-0.20983144640922546,2.6654908657073975
1788678791143351300,14.849351318359375,-0.9664239883422852,-0.09815724939107895,0.027714094147086143,0.23584286868572235,0.007422043010592461,-0.2042117863893509,2.6636366844177246
1788678791159251000,14.8652509765625,-0.9667494893074036,-0.09466392546892166,0.025658374652266502,0.2361689954996109,0.004993095528334379,-0.19641245901584625,2.662886381149292
1788678791175120100,14.8811201171875,-0.96720290184021,-0.08978061378002167,0.024370012804865837,0.2363559901714325,0.0047838869504630566,-0.18626737594604492,2.6626925468444824
1788678791190989300,14.8969892578125,-0.9676143527030945,-0.08424866944551468,0.023650163784623146,0.23678123950958252,0.005962712690234184,-0.17513419687747955,2.6621358394622803
1788678791214854100,14.920854248046876,-0.9679325222969055,-0.07707046717405319,0.02325133979320526,0.23796285688877106,0.008440845645964146,-0.16095803678035736,2.660142183303833
1788678791230723300,14.936723388671876,-0.9678659439086914,-0.07435303926467896,0.0232261773198843,0.23909801244735718,0.009519565850496292,-0.15566208958625793,2.6579604148864746
1788678791246592300,14.95259228515625,-0.9676862359046936,-0.07333379238843918,0.023115165531635284,0.24014846980571747,0.009628009051084518,-0.1536339968442917,2.6558268070220947
1788678791262492000,14.968491943359375,-0.9675037264823914,-0.07346814125776291,0.022834358736872673,0.24086827039718628,0.008897462859749794,-0.15376678109169006,2.6542816162109375
1788678791278422300,14.98442236328125,-0.9673681259155273,-0.07403171807527542,0.022255346179008484,0.24129441380500793,0.007419893518090248,-0.15458698570728302,2.653275728225708
1788678791294291500,15.00029150390625,-0.9672677516937256,-0.07436451315879822,0.021342383697628975,0.241676464676857,0.005407979711890221,-0.1547941267490387,2.6523280143737793
1788678791310221600,15.0162216796875,-0.9671867489814758,-0.07414893805980682,0.020365014672279358,0.24215073883533478,0.003524773521348834,-0.1539013683795929,2.6512179374694824
1788678791341959700,15.047959716796875,-0.9675315618515015,-0.07308026403188705,0.02239568717777729,0.24091611802577972,0.008220512419939041,-0.1527997851371765,2.6541459560394287
1788678791357890000,15.06389013671875,-0.9675813913345337,-0.0731966495513916,0.02581378072500229,0.24033795297145844,0.014949009753763676,-0.15467146039009094,2.655824661254883
1788678791373759200,15.07975927734375,-0.967576265335083,-0.07386060059070587,0.02709393948316574,0.24001413583755493,0.017186813056468964,-0.15657636523246765,2.6566426753997803
1788678791389689300,15.095689453125,-0.967477023601532,-0.07480469346046448,0.027658995240926743,0.24005748331546783,0.01782897673547268,-0.15868832170963287,2.6565797328948975
1788678791405558500,15.11155859375,-0.9674933552742004,-0.07574454694986343,0.028385257348418236,0.2396116405725479,0.018871283158659935,-0.16086041927337646,2.657559394836426
1788678791421427500,15.127427490234375,-0.967644453048706,-0.07387061417102814,0.030063411220908165,0.23938138782978058,0.023104749619960785,-0.15801091492176056,2.658388614654541
1788678791437296600,15.143296630859375,-0.9676827192306519,-0.06904801726341248,0.03164145350456238,0.2404610812664032,0.02835064008831978,-0.14940544962882996,2.65659761428833
1788678791453227000,15.15922705078125,-0.9683490991592407,-0.06298079341650009,0.03243156522512436,0.23933596909046173,0.03298220410943031,-0.13793586194515228,2.6592657566070557
1788678791469096000,15.175095947265625,-0.969024658203125,-0.05997837334871292,0.032742008566856384,0.23732209205627441,0.03530239313840866,-0.1321662962436676,2.6635677814483643
1788678791484965000,15.190965087890625,-0.9693331122398376,-0.059509892016649246,0.03330129757523537,0.2360994815826416,0.03678527846932411,-0.1314730942249298,2.6661808490753174
1788678791500834300,15.206834228515625,-0.9698240160942078,-0.05939853563904762,0.03491637110710144,0.23386743664741516,0.04030374437570572,-0.13192620873451233,2.671002149581909
1788678791524668400,15.23066845703125,-0.970287024974823,-0.058330826461315155,0.03964437544345856,0.2314499169588089,0.05039054900407791,-0.13192903995513916,2.6765987873077393
1788678791540507100,15.246507080078125,-0.9710725545883179,-0.05612415447831154,0.043438464403152466,0.22799423336982727,0.05930029973387718,-0.1291675716638565,2.684210777282715
1788678791556406800,15.26240673828125,-0.9724804162979126,-0.05261686071753502,0.044958051294088364,0.22246809303760529,0.06455996632575989,-0.1226484626531601,2.695770502090454
1788678791572276000,15.27827587890625,-0.9741644263267517,-0.048365265130996704,0.043332215398550034,0.2163025587797165,0.06395512074232101,-0.11321890354156494,2.7082295417785645
1788678791588145200,15.294145263671876,-0.9755937457084656,-0.04469476640224457,0.04032103717327118,0.21117152273654938,0.060161199420690536,-0.10442686825990677,2.7184059619903564
1788678791604014300,15.310014404296876,-0.9763710498809814,-0.043001770973205566,0.03748960420489311,0.20843476057052612,0.055586278438568115,-0.09976504743099213,2.723724603652954
1788678791619883300,15.32588330078125,-0.9765101671218872,-0.04340384155511856,0.036542102694511414,0.20786696672439575,0.05361712723970413,-0.10012760013341904,2.724806308746338
1788678791635752400,15.34175244140625,-0.9760910272598267,-0.045695312321186066,0.03880346193909645,0.2089320719242096,0.05700533837080002,-0.10561639070510864,2.7228710651397705
1788678791651621600,15.35762158203125,-0.9754105806350708,-0.04859914258122444,0.042757418006658554,0.21067577600479126,0.06338159739971161,-0.11306488513946533,2.7197425365448
1788678791667490800,15.37349072265625,-0.9748113751411438,-0.05107225105166435,0.04654794558882713,0.21205615997314453,0.06964393705129623,-0.11959809064865112,2.717367172241211
1788678791683360000,15.389360107421876,-0.974614679813385,-0.05222942307591438,0.04832121729850769,0.21228142082691193,0.07262317836284637,-0.12262963503599167,2.7171308994293213
1788678791699259600,15.405259765625,-0.974902331829071,-0.051991548389196396,0.04736603796482086,0.21123190224170685,0.07097391039133072,-0.12168387323617935,2.719174861907959
1788678791715159300,15.4211591796875,-0.9754363298416138,-0.05105757713317871,0.04436361417174339,0.2096400111913681,0.06564740836620331,-0.11848464608192444,2.7220897674560547
1788678791730998000,15.436998046875,-0.9761992692947388,-0.04971955344080925,0.03918519988656044,0.20743069052696228,0.05627042055130005,-0.11357281357049942,2.7260444164276123
1788678791746897700,15.452897705078126,-0.9769285917282104,-0.04851193726062775,0.03384887054562569,0.2052108645439148,0.04651770740747452,-0.10889279097318649,2.730034351348877
1788678791762736000,15.468736083984375,-0.97735595703125,-0.04786652326583862,0.03045971319079399,0.2038537859916687,0.040261995047330856,-0.10618334263563156,2.7324750423431396
1788678791778635800,15.4846357421875,-0.9774234890937805,-0.0478726327419281,0.02981874905526638,0.20362351834774017,0.03902367502450943,-0.10592523962259293,2.7328834533691406
1788678791794535400,15.500535400390625,-0.977256715297699,-0.048300161957740784,0.031509265303611755,0.20406745374202728,0.042127735912799835,-0.10747009515762329,2.7321417331695557
1788678791810404600,15.516404541015625,-0.9769488573074341,-0.04875844717025757,0.03414127603173256,0.20500726997852325,0.04701561853289604,-0.10948604345321655,2.730483055114746
1788678791826334700,15.532334716796875,-0.9766142964363098,-0.04900725930929184,0.03649429976940155,0.20613333582878113,0.051416561007499695,-0.11099553108215332,2.72841739654541
1788678791842173400,15.54817333984375,-0.9763017296791077,-0.04899162799119949,0.03792314976453781,0.20735658705234528,0.05409425124526024,-0.11162009090185165,2.72605562210083
1788678791858073000,15.564072998046875,-0.9760381579399109,-0.0489032119512558,0.03829313814640045,0.20854662358760834,0.0547218844294548,-0.11166653037071228,2.723649501800537
1788678791873972700,15.57997265625,-0.9758435487747192,-0.049015529453754425,0.037848085165023804,0.20951029658317566,0.05368965119123459,-0.11175457388162613,2.7216243743896484
1788678791889872400,15.595872314453125,-0.9756724834442139,-0.04962723329663277,0.03698429465293884,0.21031567454338074,0.05164440721273422,-0.11263461410999298,2.7198827266693115
1788678791905741600,15.611741455078125,-0.975518524646759,-0.051040925085544586,0.03587626293301582,0.21088217198848724,0.048810143023729324,-0.11496716737747192,2.7186052799224854
1788678791921641200,15.62764111328125,-0.975348711013794,-0.05327773839235306,0.03467872366309166,0.21131454408168793,0.045467350631952286,-0.11886468529701233,2.717582941055298
1788678791937540900,15.643540771484375,-0.975086510181427,-0.05583161488175392,0.03383355587720871,0.21200139820575714,0.0426463857293129,-0.12354084104299545,2.7160582542419434
1788678791953471000,15.659470947265625,-0.9746657609939575,-0.06577223539352417,0.032663494348526,0.21126756072044373,0.036256223917007446,-0.14249509572982788,2.717266798019409
1788678791969370600,15.67537060546875,-0.9740660190582275,-0.07983701676130295,0.030975917354226112,0.20943239331245422,0.027297956869006157,-0.16931559145450592,2.7203409671783447
1788678791985270300,15.691270263671875,-0.9733216166496277,-0.08544319123029709,0.030297083780169487,0.21077631413936615,0.023338250815868378,-0.18007080256938934,2.7171783447265625
1788678792001170000,15.707169921875,-0.9730550646781921,-0.08471892029047012,0.030742553994059563,0.2122299075126648,0.024258004501461983,-0.178873673081398,2.714280605316162
1788678792017039000,15.7230390625,-0.9727913737297058,-0.08415017277002335,0.031297918409109116,0.21357931196689606,0.02535056695342064,-0.17802923917770386,2.7116074562072754
1788678792033000000,15.739,-0.9723721742630005,-0.08421081304550171,0.032130997627973557,0.21533344686031342,0.026646509766578674,-0.1785534918308258,2.708108901977539
1788678792048960500,15.75496044921875,-0.9721063375473022,-0.08512946218252182,0.033422380685806274,0.21597528457641602,0.028680535033345222,-0.1809321492910385,2.70695161819458
1788678792064829700,15.77082958984375,-0.9712361097335815,-0.08666564524173737,0.035516053438186646,0.21892504394054413,0.03158623352646828,-0.1849489063024521,2.701115369796753
1788678792080729300,15.786729248046875,-0.9704212546348572,-0.088224396109581,0.03772951662540436,0.2215302735567093,0.03476470708847046,-0.18907058238983154,2.6960160732269287
1788678792096598500,15.8025986328125,-0.969698965549469,-0.08907655626535416,0.040350738912820816,0.2238779067993164,0.03909984603524208,-0.1919996291399002,2.6915624141693115
1788678792112467700,15.8184677734375,-0.9693778157234192,-0.08848512917757034,0.04305555671453476,0.22499620914459229,0.04448937624692917,-0.19210512936115265,2.689749002456665
1788678792128336600,15.834336669921875,-0.969515860080719,-0.08783483505249023,0.044538624584674835,0.22436682879924774,0.04783949255943298,-0.1914682388305664,2.6913514137268066
1788678792144205800,15.850205810546875,-0.9700576066970825,-0.08738955855369568,0.0402219295501709,0.22301022708415985,0.039773229509592056,-0.18860174715518951,2.693419933319092
1788678792160105500,15.86610546875,-0.9703279733657837,-0.086964450776577,0.0357423834502697,0.2227630764245987,0.031159745529294014,-0.18575870990753174,2.6931657791137695
1788678792176005000,15.882005126953125,-0.970171332359314,-0.0861058235168457,0.03379198908805847,0.22407932579517365,0.027441784739494324,-0.18324273824691772,2.6901376247406006
1788678792191904800,15.89790478515625,-0.9697058796882629,-0.08521999418735504,0.03516077622771263,0.2262120395898819,0.030138956382870674,-0.18219049274921417,2.6859850883483887
1788678792207804400,15.913804443359375,-0.9690976738929749,-0.08502788096666336,0.037609972059726715,0.22848550975322723,0.034625209867954254,-0.1830071359872818,2.6816844940185547
1788678792223795700,15.929795654296875,-0.9687716960906982,-0.08553264290094376,0.03760161250829697,0.2296772599220276,0.03414811193943024,-0.18403272330760956,2.67917799949646
1788678792239665000,15.945664794921875,-0.968874454498291,-0.08648108690977097,0.03477152809500694,0.2293344885110855,0.02819487266242504,-0.1845734715461731,2.679353713989258
1788678792255534000,15.9615341796875,-0.9692283272743225,-0.08761940896511078,0.030589358881115913,0.22799910604953766,0.019678330048918724,-0.184845969080925,2.681342124938965
1788678792271403300,15.9774033203125,-0.9696088433265686,-0.08793884515762329,0.026092324405908585,0.22681427001953125,0.010889958590269089,-0.18339510262012482,2.683011054992676
1788678792287272200,15.993272216796875,-0.9700831174850464,-0.08698558062314987,0.022713374346494675,0.2255139946937561,0.004914187826216221,-0.17998097836971283,2.6852126121520996
1788678792303141400,16.009141357421875,-0.9707224369049072,-0.08414140343666077,0.021747689694166183,0.22393131256103516,0.004607722163200378,-0.17397212982177734,2.688556432723999
1788678792319041000,16.025041015625,-0.9713038206100464,-0.08010738343000412,0.02241297997534275,0.2228214293718338,0.007950200699269772,-0.16637186706066132,2.6912500858306885
1788678792334940700,16.040940673828125,-0.9719554781913757,-0.07573186606168747,0.023759834468364716,0.22136573493480682,0.012818943709135056,-0.15839675068855286,2.6947436332702637
1788678792350809900,16.056809814453125,-0.972374439239502,-0.071848563849926,0.025202320888638496,0.22065939009189606,0.017505263909697533,-0.1514277160167694,2.696622133255005
1788678792366709500,16.07270947265625,-0.9725844264030457,-0.0691743791103363,0.02621040679514408,0.22047102451324463,0.0207054503262043,-0.14663806557655334,2.6972768306732178
1788678792382639600,16.0886396484375,-0.9727599620819092,-0.06779833137989044,0.026646535843610764,0.22007164359092712,0.022232726216316223,-0.14412979781627655,2.6982200145721436
1788678792398539500,16.10453955078125,-0.9731215238571167,-0.06784210354089737,0.02649526856839657,0.21847181022167206,0.022154510021209717,-0.1441124677658081,2.701503038406372
1788678792414408400,16.120408447265625,-0.9734886288642883,-0.06869969516992569,0.025952277705073357,0.2166261374950409,0.02098752371966839,-0.1455135941505432,2.7052063941955566
1788678792430277600,16.136277587890625,-0.9737143516540527,-0.06976374983787537,0.025160016492009163,0.21536149084568024,0.019156895577907562,-0.14722824096679688,2.7076635360717773
1788678792446146800,16.152146728515625,-0.974021315574646,-0.0705735832452774,0.024333836510777473,0.21379834413528442,0.017418717965483665,-0.14842982590198517,2.710739850997925
1788678792461985500,16.167985595703126,-0.9747800827026367,-0.07058590650558472,0.025554021820425987,0.21016310155391693,0.020376872271299362,-0.14890213310718536,2.718412399291992
1788678792477854500,16.1838544921875,-0.9760244488716125,-0.07026562839746475,0.027868075296282768,0.20411379635334015,0.026006879284977913,-0.14909017086029053,2.7312216758728027
1788678792493754000,16.199754150390625,-0.9764889478683472,-0.07019446045160294,0.029231607913970947,0.2017120122909546,0.029098916798830032,-0.14943651854991913,2.7363641262054443
1788678792509654000,16.215654052734376,-0.9768611192703247,-0.07013887166976929,0.029667533934116364,0.199856698513031,0.030268626287579536,-0.149446040391922,2.7402472496032715
1788678792525553700,16.2315537109375,-0.977631688117981,-0.06915541738271713,0.02869538962841034,0.1965460628271103,0.02924220822751522,-0.14702610671520233,2.7469496726989746
1788678792541453300,16.247453369140626,-0.9786092042922974,-0.06662630289793015,0.02708803303539753,0.19274687767028809,0.027611887082457542,-0.14131435751914978,2.754605531692505
1788678792557322200,16.263322265625,-0.9794610142707825,-0.0650961771607399,0.026164213195443153,0.18903453648090363,0.02690119482576847,-0.13784636557102203,2.762140989303589
1788678792573252600,16.279252685546876,-0.9799561500549316,-0.06546808034181595,0.02673114649951458,0.18624047935009003,0.028280463069677353,-0.13871294260025024,2.767937421798706
1788678792589152300,16.29515234375,-0.9802255630493164,-0.06585288047790527,0.02856610156595707,0.18440525233745575,0.032034482806921005,-0.14009463787078857,2.7719364166259766
1788678792605021400,16.311021484375,-0.980117917060852,-0.06678564101457596,0.032092440873384476,0.18406185507774353,0.038729485124349594,-0.14321869611740112,2.773104190826416
1788678792620951600,16.32695166015625,-0.9797796010971069,-0.06768817454576492,0.036760617047548294,0.18465937674045563,0.0475650280714035,-0.14674144983291626,2.77251935005188
1788678792636820700,16.34282080078125,-0.9795956611633301,-0.06759603321552277,0.04155499115586281,0.18465165793895721,0.057108473032712936,-0.1483232080936432,2.7732133865356445
1788678792652720400,16.358720458984376,-0.9800546765327454,-0.06568272411823273,0.04457271844148636,0.18218696117401123,0.06415576487779617,-0.14549927413463593,2.7786765098571777
1788678792668620000,16.3746201171875,-0.9814624190330505,-0.06129197031259537,0.0433422327041626,0.17634177207946777,0.0640963464975357,-0.1360166221857071,2.7904086112976074
1788678792684519700,16.390519775390626,-0.9832411408424377,-0.055296409875154495,0.039496827870607376,0.1691720187664032,0.05944009870290756,-0.12240839004516602,2.804461717605591
1788678792700419300,16.40641943359375,-0.984818160533905,-0.0489080511033535,0.03583177924156189,0.16265715658664703,0.05501437559723854,-0.10819865018129349,2.8171987533569336
1788678792716319000,16.422319091796876,-0.9859861731529236,-0.0431063286960125,0.03425681218504906,0.1574794501066208,0.0542527437210083,-0.09594109654426575,2.8274378776550293
1788678792732157400,16.438157470703125,-0.9866511821746826,-0.03855035454034805,0.036014776676893234,0.15406619012355804,0.059450600296258926,-0.08727959543466568,2.834390163421631
1788678792748087800,16.454087890625,-0.9868897199630737,-0.03565147891640663,0.03990202024579048,0.152268186211586,0.06818580627441406,-0.08261371403932571,2.8382441997528076
1788678792763957000,16.46995703125,-0.9868694543838501,-0.03441168740391731,0.044087477028369904,0.1515280306339264,0.0769185721874237,-0.08137042820453644,2.8400168418884277
1788678792779826000,16.485825927734375,-0.9868219494819641,-0.034421902149915695,0.046410273760557175,0.15114142000675201,0.08155670762062073,-0.08205766975879669,2.840985059738159
1788678792795725600,16.5017255859375,-0.986945390701294,-0.03502466902136803,0.046081408858299255,0.15029528737068176,0.08079785853624344,-0.08308205008506775,2.8427083492279053
1788678792811625200,16.517625244140625,-0.987346887588501,-0.0355754978954792,0.04340226948261261,0.14831310510635376,0.07548623532056808,-0.08322099596261978,2.84653902053833
1788678792827494400,16.533494384765625,-0.9880446195602417,-0.03554566204547882,0.03910939395427704,0.14482727646827698,0.06726236641407013,-0.08166033774614334,2.853255033493042
1788678792843394000,16.54939404296875,-0.9888114333152771,-0.03453553467988968,0.03427450358867645,0.14101268351078033,0.05825229734182358,-0.07804374396800995,2.8605613708496094
1788678792859293700,16.565293701171875,-0.9895395636558533,-0.03263014927506447,0.029983997344970703,0.13728676736354828,0.05053691565990448,-0.07287494093179703,2.8677191734313965
1788678792875163000,16.581162841796875,-0.9902026057243347,-0.030468156561255455,0.02665732428431511,0.13364124298095703,0.04476560652256012,-0.06751561164855957,2.8747987747192383
1788678792891062500,16.5970625,-0.9907400012016296,-0.029078379273414612,0.024691428989171982,0.13030372560024261,0.04144447669386864,-0.06409688293933868,2.8813793659210205
1788678792906931700,16.612931640625,-0.990925133228302,-0.029434634372591972,0.024751299992203712,0.12879566848278046,0.04157033935189247,-0.06475600600242615,2.8844380378723145
1788678792922801000,16.62880078125,-0.990795910358429,-0.03150026127696037,0.026533443480730057,0.12894706428050995,0.0445764996111393,-0.0693189799785614,2.884303569793701
1788678792938670000,16.644670166015626,-0.9906120896339417,-0.03427302837371826,0.028856966644525528,0.12915250658988953,0.04847598820924759,-0.07542794942855835,2.884131669998169
1788678792954569700,16.66056982421875,-0.9905322790145874,-0.0368717759847641,0.030681690201163292,0.1286269873380661,0.05148860067129135,-0.08102698624134064,2.8854126930236816
1788678792970439000,16.67643896484375,-0.9905908703804016,-0.03896421194076538,0.03130248934030533,0.12740378081798553,0.05230134725570679,-0.0852746069431305,2.888000965118408
1788678792986307800,16.692307861328125,-0.9906890392303467,-0.04070068523287773,0.030202995985746384,0.12635912001132965,0.04977252706885338,-0.08839135617017746,2.890070915222168
1788678793002268700,16.7082685546875,-0.9907909631729126,-0.04244348779320717,0.027880940586328506,0.12551699578762054,0.04479481279850006,-0.09123080968856812,2.891613006591797
1788678793018168300,16.724168212890625,-0.9908641576766968,-0.04472461715340614,0.02546476013958454,0.12465771287679672,0.03950251266360283,-0.09512419253587723,2.893173933029175
1788678793034037500,16.74003759765625,-0.9908172488212585,-0.04818156361579895,0.023667993023991585,0.12409523874521255,0.03513120114803314,-0.10152675211429596,2.8941845893859863
1788678793049906700,16.75590673828125,-0.9905969500541687,-0.05263282358646393,0.02291167341172695,0.12418772280216217,0.03252270817756653,-0.11018937081098557,2.8939547538757324
1788678793065775600,16.771775634765625,-0.9902295470237732,-0.05753404274582863,0.02340567857027054,0.12484940886497498,0.03222538158297539,-0.12007652968168259,2.892690896987915
1788678793081644800,16.787644775390625,-0.9898689389228821,-0.06205756589770317,0.024149499833583832,0.125400573015213,0.03252263367176056,-0.12927420437335968,2.891672372817993
1788678793097514000,16.803513916015625,-0.9895208477973938,-0.06555424630641937,0.02445310913026333,0.12630616128444672,0.03213759511709213,-0.13633368909358978,2.8898725509643555
1788678793113413600,16.81941357421875,-0.9891847372055054,-0.06830742955207825,0.024211274459958076,0.12752045691013336,0.03079146519303322,-0.14178678393363953,2.887364149093628
1788678793129313300,16.835313232421875,-0.9893116354942322,-0.07146008312702179,0.024273298680782318,0.12476645410060883,0.030534518882632256,-0.1479891687631607,2.8929522037506104
1788678793145274000,16.851274169921876,-0.9887145161628723,-0.07468751817941666,0.024474065750837326,0.12754039466381073,0.029702704399824142,-0.1545466035604477,2.887317180633545
1788678793161204200,16.867204345703126,-0.9877873063087463,-0.07884243875741959,0.02678683213889599,0.1316910684108734,0.03259430453181267,-0.16354234516620636,2.8791887760162354
1788678793177134300,16.88313427734375,-0.9866780638694763,-0.08306775987148285,0.030347099527716637,0.1365472972393036,0.03777345269918442,-0.17307265102863312,2.869835138320923
1788678793193003500,16.89900341796875,-0.9856895208358765,-0.08631076663732529,0.03331197798252106,0.14091436564922333,0.04204099625349045,-0.18051832914352417,2.8614020347595215
1788678793208872700,16.914872802734376,-0.985304594039917,-0.08731858432292938,0.03297322243452072,0.14304982125759125,0.04068228229880333,-0.18251606822013855,2.856964111328125
1788678793224742000,16.930741943359376,-0.9857584238052368,-0.08552297204732895,0.028051504865288734,0.14205411076545715,0.03150644525885582,-0.17751039564609528,2.858154296875
1788678793240610800,16.94661083984375,-0.9865394234657288,-0.08236460387706757,0.021464021876454353,0.13962554931640625,0.0196317657828331,-0.16931350529193878,2.862065076828003
1788678793256480000,16.96247998046875,-0.9870757460594177,-0.07955302298069,0.01704701967537403,0.13806593418121338,0.011842507869005203,-0.16247078776359558,2.864612579345703
1788678793272379600,16.978379638671875,-0.9870049953460693,-0.07889152318239212,0.016630785539746284,0.13899891078472137,0.011040762066841125,-0.16105128824710846,2.862665891647339
1788678793288248800,16.994248779296875,-0.986431896686554,-0.07993166148662567,0.01822081208229065,0.1422363966703415,0.013387973420321941,-0.16360650956630707,2.856278896331787
1788678793304118000,17.010117919921875,-0.9855751395225525,-0.08106639981269836,0.02113116905093193,0.14704880118370056,0.018062880262732506,-0.16678079962730408,2.8468856811523438
1788678793319987200,17.0259873046875,-0.9848002791404724,-0.07991088181734085,0.02658745087683201,0.1519078016281128,0.028484955430030823,-0.16623476147651672,2.837873697280884
1788678793335856400,17.0418564453125,-0.9844397902488708,-0.0759744718670845,0.03087575174868107,0.15541213750839233,0.03766496852040291,-0.15986154973506927,2.8314573764801025
1788678793351725300,17.057725341796875,-0.9842137098312378,-0.07221204787492752,0.03293759748339653,0.1581893265247345,0.042499084025621414,-0.15316306054592133,2.82612681388855
1788678793367625000,17.073625,-0.9839524626731873,-0.06988782435655594,0.032816629856824875,0.16086146235466003,0.04257768392562866,-0.14863716065883636,2.8206605911254883
1788678793383524900,17.08952490234375,-0.9837626218795776,-0.06832654029130936,0.03205520659685135,0.16283495724201202,0.04126444458961487,-0.14538522064685822,2.8165273666381836
1788678793399393800,17.105393798828125,-0.9838038682937622,-0.06625115126371384,0.03138260915875435,0.16357210278511047,0.040488261729478836,-0.14109055697917938,2.814938545227051
1788678793415263000,17.121262939453125,-0.9839892387390137,-0.06302742660045624,0.031239716336131096,0.1637582778930664,0.041221387684345245,-0.13467487692832947,2.8145501613616943
1788678793431162600,17.13716259765625,-0.9841086864471436,-0.05862967297434807,0.03188418969511986,0.1645481139421463,0.0438227616250515,-0.12622381746768951,2.8130173683166504
1788678793447031800,17.15303173828125,-0.98385089635849,-0.05465459078550339,0.03449806943535805,0.1669141948223114,0.05001309886574745,-0.11934347450733185,2.808473587036133
1788678793462931500,17.168931396484375,-0.9833839535713196,-0.05235797166824341,0.03735382854938507,0.16976262629032135,0.05609512701630592,-0.11591797322034836,2.8029558658599854
1788678793478800600,17.184800537109375,-0.9828891158103943,-0.052557021379470825,0.04035549983382225,0.1718669831752777,0.061728570610284805,-0.11745689809322357,2.7990055084228516
1788678793494669800,17.200669921875,-0.9824371337890625,-0.0549209862947464,0.04227667301893234,0.17324447631835938,0.06457015126943588,-0.12287016212940216,2.7964718341827393
1788678793510539000,17.2165390625,-0.9819900393486023,-0.05830300226807594,0.042671918869018555,0.1745726764202118,0.06403234601020813,-0.12976853549480438,2.793881893157959
1788678793526377500,17.23237744140625,-0.9817689657211304,-0.061439868062734604,0.040797799825668335,0.17518655955791473,0.05915633216500282,-0.13534681499004364,2.792440891265869
1788678793542307600,17.2483076171875,-0.9818392395973206,-0.06360440701246262,0.03699716925621033,0.17486414313316345,0.05091404914855957,-0.1382777988910675,2.7926180362701416
1788678793558176800,17.2641767578125,-0.9820955395698547,-0.06470094621181488,0.03221777454018593,0.17396607995033264,0.04117751494050026,-0.13873927295207977,2.793816089630127
1788678793574046000,17.2800458984375,-0.9823909401893616,-0.06456438452005386,0.028550921007990837,0.17298659682273865,0.034085460007190704,-0.1371624618768692,2.79533314704895
1788678793589915100,17.2959150390625,-0.9826381206512451,-0.06349151581525803,0.02786819264292717,0.17208920419216156,0.03322364017367363,-0.13477766513824463,2.7970919609069824
1788678793605814800,17.311814697265625,-0.9828101396560669,-0.06254100799560547,0.029760895296931267,0.17113478481769562,0.03743456304073334,-0.13351444900035858,2.7992968559265137
1788678793621775400,17.327775390625,-0.9829704165458679,-0.062181923538446426,0.03281885012984276,0.1697811484336853,0.043810680508613586,-0.1337887942790985,2.8024582862854004
1788678793637675000,17.343675048828125,-0.9831460118293762,-0.062312688678503036,0.03658857196569443,0.1679357886314392,0.05150754004716873,-0.13522574305534363,2.80671763420105
1788678793653544200,17.359544189453125,-0.9833225011825562,-0.06267797946929932,0.039643898606300354,0.16606222093105316,0.05772004649043083,-0.13685886561870575,2.8109493255615234
1788678793669443800,17.37544384765625,-0.9835293889045715,-0.06302167475223541,0.04139608144760132,0.16427023708820343,0.061344701796770096,-0.13800527155399323,2.8148465156555176
1788678793685374200,17.391374267578126,-0.9837130308151245,-0.06403259187936783,0.04299916326999664,0.1623561978340149,0.06448428332805634,-0.14040258526802063,2.8189890384674072
1788678793701304300,17.40730419921875,-0.9837058186531067,-0.06659156829118729,0.04455719143152237,0.16094465553760529,0.06698823720216751,-0.14587228000164032,2.822141647338867
1788678793717234400,17.423234375,-0.9836472272872925,-0.06964538991451263,0.04597075656056404,0.1596071869134903,0.0690595731139183,-0.15227532386779785,2.825145721435547
1788678793733103600,17.439103515625,-0.9837836623191833,-0.07148383557796478,0.04711926728487015,0.1576058268547058,0.07110186666250229,-0.1561354100704193,2.82944917678833
1788678793749003300,17.455003173828125,-0.984276533126831,-0.07083109021186829,0.04760240018367767,0.1546502262353897,0.07273253798484802,-0.15477541089057922,2.8355417251586914
1788678793764842000,17.470842041015626,-0.9852160215377808,-0.06593364477157593,0.04774583503603935,0.15074016153812408,0.07505763322114944,-0.14481785893440247,2.8433902263641357
1788678793780772000,17.486772216796876,-0.986165463924408,-0.05845872685313225,0.04916166141629219,0.14711704850196838,0.08052968978881836,-0.13013195991516113,2.8506650924682617
1788678793796732700,17.502732666015625,-0.9868839383125305,-0.05157561972737312,0.0511627160012722,0.14416109025478363,0.086812824010849,-0.11681514233350754,2.856569766998291
1788678793812601900,17.518601806640625,-0.9873632192611694,-0.04848011955618858,0.052832093089818954,0.14132390916347504,0.09131308645009995,-0.11089500784873962,2.862330436706543
1788678793828501500,17.53450146484375,-0.9876341223716736,-0.0496169738471508,0.05328865349292755,0.1388428658246994,0.09219969063997269,-0.11304494738578796,2.867481231689453
1788678793844370700,17.55037060546875,-0.9878833293914795,-0.053138721734285355,0.05195678770542145,0.13624711334705353,0.08892425149679184,-0.11943136900663376,2.87280535697937
1788678793860270300,17.566270263671875,-0.9881844520568848,-0.05647951364517212,0.04916325584053993,0.13373379409313202,0.08279918134212494,-0.12509997189044952,2.8777503967285156
1788678793876170000,17.582169921875,-0.9884181022644043,-0.05753456801176071,0.04672081768512726,0.13242609798908234,0.07782044261693954,-0.12644721567630768,2.880152463912964
1788678793892130800,17.598130859375,-0.9886685609817505,-0.05581294000148773,0.04602489992976189,0.13153380155563354,0.07697906345129013,-0.12277688831090927,2.8817973136901855
1788678793908030500,17.614030517578126,-0.9889978170394897,-0.051428500562906265,0.046689022332429886,0.13060830533504486,0.07951761037111282,-0.1141691654920578,2.8835363388061523
1788678793923930000,17.62993017578125,-0.9893901944160461,-0.045925430953502655,0.04723121225833893,0.12948791682720184,0.08209586888551712,-0.10329166054725647,2.8855650424957275
1788678793939860200,17.645860107421875,-0.989880383014679,-0.04083334282040596,0.045971352607011795,0.12789130210876465,0.08100403100252151,-0.0927317664027214,2.8883793354034424
1788678793955820800,17.66182080078125,-0.9903616309165955,-0.03725481033325195,0.04357080161571503,0.12608566880226135,0.07726182788610458,-0.08488065749406815,2.8916122913360596
1788678793971690000,17.67768994140625,-0.9906100630760193,-0.036192912608385086,0.04164024814963341,0.12509214878082275,0.07375938445329666,-0.08221645653247833,2.893401861190796
1788678793987528700,17.69352880859375,-0.990662693977356,-0.03719058260321617,0.040703631937503815,0.12468992173671722,0.07168609648942947,-0.08393583446741104,2.894190788269043
1788678794003428400,17.709428466796876,-0.9905836582183838,-0.039372581988573074,0.04103004187345505,0.12454059720039368,0.07182195782661438,-0.08833833783864975,2.894631862640381
1788678794019328000,17.725327880859375,-0.9905219078063965,-0.0411531999707222,0.04179709404706955,0.1242004856467247,0.07295256853103638,-0.09203862398862839,2.895477771759033
1788678794035197200,17.741197265625,-0.9905452728271484,-0.04168209061026573,0.04206932336091995,0.12374511361122131,0.07341093569993973,-0.09312227368354797,2.8964500427246094
1788678794051066400,17.75706640625,-0.9906247854232788,-0.04106815159320831,0.04149379953742027,0.123508520424366,0.07243271917104721,-0.09174457937479019,2.8968443870544434
1788678794066935300,17.772935302734375,-0.9907196760177612,-0.039975106716156006,0.04053064063191414,0.12342517822980881,0.07078222930431366,-0.08933202177286148,2.896872043609619
1788678794082774000,17.78877392578125,-0.9908058047294617,-0.039118293672800064,0.039673056453466415,0.1232876256108284,0.06929074972867966,-0.08741092681884766,2.897033452987671
1788678794098673700,17.804673583984375,-0.990829348564148,-0.03916698321700096,0.03899960592389107,0.12329762428998947,0.06793654710054398,-0.087343730032444,2.8969578742980957
1788678794114542800,17.82054296875,-0.9904622435569763,-0.049923837184906006,0.03722069784998894,0.1229100376367569,0.06186045706272125,-0.1082562729716301,2.8980205059051514
1788678794130412000,17.836412109375,-0.9900460243225098,-0.060573235154151917,0.035443875938653946,0.12199778854846954,0.05589543655514717,-0.1289457529783249,2.8999898433685303
1788678794146281200,17.85228125,-0.9899798035621643,-0.06167539581656456,0.03393417224287987,0.12241220474243164,0.052561596035957336,-0.13079531490802765,2.898982286453247
1788678794162180900,17.868180908203126,-0.990216851234436,-0.06298532336950302,0.03219759091734886,0.12027841061353683,0.04906565323472023,-0.1328742504119873,2.903108835220337
1788678794178111000,17.884111083984376,-0.9906203150749207,-0.0639229565858841,0.031091509386897087,0.11669950187206268,0.04712184518575668,-0.1343069076538086,2.9102344512939453
1788678794193980200,17.899980224609376,-0.9904983043670654,-0.06406497955322266,0.031097445636987686,0.11765142530202866,0.046971458941698074,-0.13463620841503143,2.9083077907562256
1788678794209849000,17.91584912109375,-0.9901394248008728,-0.06461434811353683,0.03183653578162193,0.12014762312173843,0.04798012599349022,-0.13602367043495178,2.9033539295196533
1788678794225749000,17.9317490234375,-0.9896920919418335,-0.0657242089509964,0.0331789068877697,0.12283769249916077,0.05002801492810249,-0.138688862323761,2.898097038269043
1788678794241679000,17.94767919921875,-0.9890026450157166,-0.0683305487036705,0.03536055237054825,0.12631092965602875,0.05326231196522713,-0.14459435641765594,2.8913955688476562
1788678794257609200,17.963609130859375,-0.9881092309951782,-0.07193534076213837,0.037919025868177414,0.13048970699310303,0.0568540059030056,-0.1526481658220291,2.883341073989868
1788678794273508900,17.9795087890625,-0.987246036529541,-0.07522481679916382,0.039778321981430054,0.13455207645893097,0.05908651277422905,-0.15991604328155518,2.8754172325134277
1788678794289408500,17.995408447265625,-0.9867006540298462,-0.07665929198265076,0.03944128751754761,0.13780297338962555,0.057497911155223846,-0.1628689020872116,2.8687610626220703
1788678794305277700,18.011277587890625,-0.9867824912071228,-0.07438692450523376,0.036101169884204865,0.13936889171600342,0.05116911977529526,-0.15752080082893372,2.8650166988372803
1788678794321147000,18.02714697265625,-0.9871070981025696,-0.0693739727139473,0.03263622894883156,0.1405055969953537,0.04543928802013397,-0.1466553658246994,2.862149238586426
1788678794337046500,18.043046630859376,-0.9871019721031189,-0.0643983781337738,0.03180410712957382,0.1430768370628357,0.04479242488741875,-0.13666139543056488,2.8567707538604736
1788678794352915700,18.058915771484376,-0.9866721630096436,-0.06188218668103218,0.0340130552649498,0.14660097658634186,0.049428533762693405,-0.13247469067573547,2.849867820739746
1788678794368784600,18.07478466796875,-0.9858927726745605,-0.06264084577560425,0.038537364453077316,0.15035474300384521,0.057711586356163025,-0.13551728427410126,2.842830181121826
1788678794384623400,18.090623291015625,-0.985046923160553,-0.06477149575948715,0.04280518367886543,0.15380193293094635,0.0651000514626503,-0.141242116689682,2.8364272117614746
1788678794400492500,18.106492431640625,-0.9845651984214783,-0.06665471941232681,0.04370032995939255,0.15581655502319336,0.0660237967967987,-0.1453818827867508,2.832487106323242
1788678794416361700,18.12236181640625,-0.9845273494720459,-0.06595569849014282,0.041738830506801605,0.15688709914684296,0.062169112265110016,-0.1434585154056549,2.8300130367279053
1788678794432231000,18.13823095703125,-0.9845815896987915,-0.06465103477239609,0.03810211643576622,0.1580120176076889,0.055163923650979996,-0.13980460166931152,2.8271970748901367
1788678794448099800,18.154099853515625,-0.984734833240509,-0.06326821446418762,0.0341460257768631,0.15851961076259613,0.04764790087938309,-0.13584791123867035,2.8256192207336426
1788678794464030200,18.1700302734375,-0.9848492741584778,-0.06169555336236954,0.031091101467609406,0.15905626118183136,0.04199034720659256,-0.1317933201789856,2.824122905731201
1788678794479929900,18.185929931640626,-0.9849258065223694,-0.059687212109565735,0.029309837147593498,0.1596858650445938,0.03899889439344406,-0.12727905809879303,2.822615623474121
1788678794495829500,18.20182958984375,-0.9849700331687927,-0.057476162910461426,0.028609946370124817,0.1603495329618454,0.03822397440671921,-0.12270748615264893,2.8211798667907715
1788678794511698700,18.21769873046875,-0.9849787354469299,-0.055760275572538376,0.028530005365610123,0.16091549396514893,0.03854097053408623,-0.11931007355451584,2.820017099380493
1788678794527659300,18.2336591796875,-0.9849822521209717,-0.05487960949540138,0.028853241354227066,0.1611391305923462,0.03943626210093498,-0.1176810935139656,2.8195972442626953
1788678794543528400,18.249528564453126,-0.98494952917099,-0.05456426739692688,0.02893534116446972,0.16143108904361725,0.03966491296887398,-0.11709563434123993,2.8190109729766846
1788678794559397600,18.265397705078126,-0.9849348068237305,-0.05459551513195038,0.0280891302973032,0.16165946424007416,0.03794817626476288,-0.11689382791519165,2.8184502124786377
1788678794575266800,18.281266845703126,-0.9849250912666321,-0.0551120899617672,0.02665286511182785,0.16178622841835022,0.03491702675819397,-0.1174565851688385,2.818028688430786
1788678794591166500,18.29716650390625,-0.9848777055740356,-0.056417178362607956,0.02487887814640999,0.16190753877162933,0.030962176620960236,-0.11946818232536316,2.8175721168518066
1788678794607066000,18.313066162109376,-0.9848589301109314,-0.05804955214262009,0.023213502019643784,0.16169247031211853,0.027157368138432503,-0.122151680290699,2.817800283432007
1788678794622965800,18.3289658203125,-0.9852060675621033,-0.05912814661860466,0.021755380555987358,0.15937255322933197,0.024207746610045433,-0.12375690042972565,2.8223397731781006
1788678794638834700,18.344834716796875,-0.9862532615661621,-0.0590483732521534,0.02082144096493721,0.15291939675807953,0.02318883128464222,-0.12315236777067184,2.8353705406188965
1788678794654703900,18.360703857421875,-0.9866384267807007,-0.058252058923244476,0.02045602723956108,0.15077492594718933,0.022970611229538918,-0.12141403555870056,2.8397016525268555
1788678794670603500,18.376603515625,-0.9870423674583435,-0.0575731061398983,0.020069150254130363,0.14842510223388672,0.02269246242940426,-0.11989878118038177,2.8444442749023438
1788678794686503200,18.392503173828125,-0.9873816967010498,-0.05795758590102196,0.019918804988265038,0.14601923525333405,0.02257484942674637,-0.12056142091751099,2.8493130207061768
1788678794702372400,18.408372314453125,-0.9877285957336426,-0.0594513937830925,0.020633628591895103,0.14294078946113586,0.023949941620230675,-0.12365736067295074,2.855637550354004
1788678794718272000,18.42427197265625,-0.9880362749099731,-0.06040472909808159,0.021942107006907463,0.1401936560869217,0.02663625031709671,-0.12584833800792694,2.86137056350708
1788678794734141200,18.44014111328125,-0.9883536100387573,-0.060307733714580536,0.023839592933654785,0.13766542077064514,0.030768467113375664,-0.12610849738121033,2.866741180419922
1788678794750010400,18.45601025390625,-0.9887227416038513,-0.05940411239862442,0.025826286524534225,0.13502420485019684,0.035309839993715286,-0.12476618587970734,2.872349262237549
1788678794765879600,18.471879638671876,-0.9889758229255676,-0.059061091393232346,0.028336651623249054,0.13279971480369568,0.04068886116147041,-0.12466887384653091,2.877169370651245
1788678794781779200,18.487779296875,-0.9889979362487793,-0.06092575192451477,0.031084608286619186,0.131167933344841,0.045899711549282074,-0.12902316451072693,2.880843162536621
1788678794797648400,18.5036484375,-0.9889049530029297,-0.06484034657478333,0.03311972692608833,0.12948302924633026,0.04919535666704178,-0.13724926114082336,2.884584426879883
1788678794813548000,18.519548095703126,-0.9888854622840881,-0.06857741624116898,0.03441936522722244,0.12735028564929962,0.051165223121643066,-0.14490361511707306,2.8891537189483643
1788678794829417000,18.5354169921875,-0.9890559911727905,-0.070187047123909,0.03521731123328209,0.124906986951828,0.05273209512233734,-0.14817726612091064,2.894259452819824
1788678794845286100,18.5512861328125,-0.9894735217094421,-0.06887245178222656,0.035727303475141525,0.12215752899646759,0.05447845906019211,-0.145536869764328,2.8998939990997314
1788678794861185800,18.567185791015625,-0.9900709986686707,-0.06504946947097778,0.036560334265232086,0.11912773549556732,0.05747363716363907,-0.13795505464076996,2.9060709476470947
1788678794877055000,18.583054931640625,-0.9906339049339294,-0.060662586241960526,0.03823304921388626,0.11620201170444489,0.06221188232302666,-0.1294354647397995,2.9120917320251465
1788678794892985000,18.598985107421875,-0.9910106658935547,-0.05826505646109581,0.039972059428691864,0.11360202729701996,0.06655451655387878,-0.12488879263401031,2.9174869060516357
1788678794908884700,18.614884765625,-0.9911371469497681,-0.059641364961862564,0.040856920182704926,0.11144918203353882,0.06830432265996933,-0.12767909467220306,2.9220099449157715
1788678794924815000,18.630815185546876,-0.9910770654678345,-0.06368586421012878,0.040673352777957916,0.1098008081316948,0.06730332970619202,-0.13558214902877808,2.925485134124756
1788678794940714800,18.64671484375,-0.9910082221031189,-0.06745472550392151,0.039644476026296616,0.10854008048772812,0.06463523954153061,-0.1427871137857437,2.9280364513397217
1788678794956584000,18.662583984375,-0.9910669922828674,-0.06895305961370468,0.03849431499838829,0.10747016966342926,0.062176354229450226,-0.1454606056213379,2.9300906658172607
1788678794972452900,18.678452880859375,-0.9913230538368225,-0.06712605804204941,0.03801245242357254,0.10643191635608673,0.061733655631542206,-0.1416519433259964,2.932065963745117
1788678794988383200,18.69438330078125,-0.9916844964027405,-0.06279675662517548,0.03864600509405136,0.105474554002285,0.06401180475950241,-0.13309407234191895,2.933938980102539
1788678795004313300,18.710313232421875,-0.9920762181282043,-0.05697336047887802,0.04007551819086075,0.10455985367298126,0.06815837323665619,-0.12172478437423706,2.9357330799102783
1788678795020243500,18.726243408203125,-0.9924164414405823,-0.051185205578804016,0.04176510497927666,0.10365986824035645,0.07279270142316818,-0.11047740280628204,2.9374704360961914
1788678795036143000,18.74214306640625,-0.9927298426628113,-0.04648540914058685,0.04313641041517258,0.10230332612991333,0.0766015350818634,-0.10129403322935104,2.9400975704193115
1788678795052012300,18.75801220703125,-0.9930271506309509,-0.04316794499754906,0.043927114456892014,0.10051915049552917,0.07899902015924454,-0.09470642358064651,2.943575620651245
1788678795067881500,18.773881591796876,-0.9932491779327393,-0.041337478905916214,0.04451688379049301,0.09882108867168427,0.08068397641181946,-0.0910409614443779,2.946937084197998
1788678795083750700,18.789750732421876,-0.9933895468711853,-0.04069231450557709,0.044927965849637985,0.09748274832963943,0.08174785226583481,-0.08972638845443726,2.9496281147003174
1788678795099619800,18.805619873046876,-0.9934788942337036,-0.04100797325372696,0.04484497010707855,0.09647318720817566,0.0816151350736618,-0.09025627374649048,2.951674461364746
1788678795115458300,18.821458251953125,-0.9935361742973328,-0.042024385184049606,0.044321220368146896,0.09568460285663605,0.08045481145381927,-0.09211743623018265,2.9532809257507324
1788678795131388400,18.837388427734375,-0.9935725927352905,-0.043301817029714584,0.04358277842402458,0.0950746014714241,0.07880409806966782,-0.09447469562292099,2.954521417617798
1788678795147257600,18.853257568359375,-0.99362713098526,-0.04424792900681496,0.04264300689101219,0.0944928303360939,0.07681011408567429,-0.0961388349533081,2.9556620121002197
1788678795163126800,18.869126708984375,-0.9937556385993958,-0.04444652050733566,0.04154214262962341,0.09353400021791458,0.07466564327478409,-0.09625774621963501,2.9575002193450928
1788678795179026400,18.8850263671875,-0.9938987493515015,-0.044957567006349564,0.03954464942216873,0.09263001382350922,0.0706675723195076,-0.0968438908457756,2.959158182144165
1788678795194895600,18.9008955078125,-0.9940757155418396,-0.043753426522016525,0.03791617602109909,0.09198588877916336,0.0676845982670784,-0.09410277009010315,2.960238218307495
1788678795210825700,18.91682568359375,-0.9941545724868774,-0.04267727956175804,0.03702748194336891,0.09200207889080048,0.06609548628330231,-0.09179770946502686,2.960069179534912
1788678795226725400,18.932725341796875,-0.9940861463546753,-0.04284562170505524,0.03687182813882828,0.09272230416536331,0.06568779051303864,-0.09215252846479416,2.9586129188537598
1788678795242594600,18.948594482421875,-0.9939014315605164,-0.04464668780565262,0.0368608795106411,0.09385126084089279,0.0652371421456337,-0.09581422805786133,2.956425666809082
1788678795258494200,18.964494140625,-0.9936231970787048,-0.04777955263853073,0.03670435771346092,0.09530404955148697,0.06421186774969101,-0.10212331265211105,2.9536290168762207
1788678795274363400,18.98036328125,-0.9932714700698853,-0.051627449691295624,0.03637565299868584,0.09707297384738922,0.06265689432621002,-0.10984308272600174,2.9501960277557373
1788678795290232600,18.996232666015626,-0.9929102659225464,-0.05558221414685249,0.03570668771862984,0.09881739318370819,0.06037626788020134,-0.11770478636026382,2.946758508682251
1788678795306132200,19.01213232421875,-0.992620587348938,-0.058974117040634155,0.03453267738223076,0.10016971826553345,0.057213351130485535,-0.12431605905294418,2.9440066814422607
1788678795322031900,19.028031982421876,-0.9923535585403442,-0.06214441731572151,0.03334017097949982,0.10129639506340027,0.054066043347120285,-0.13046272099018097,2.941676139831543
1788678795337962000,19.0439619140625,-0.991974413394928,-0.0660911500453949,0.032847579568624496,0.10266359895467758,0.05211866274476051,-0.13830646872520447,2.9389493465423584
1788678795353800700,19.05980078125,-0.9915603995323181,-0.07076877355575562,0.032916467636823654,0.10351988673210144,0.05120497941970825,-0.1476944088935852,2.937333345413208
1788678795369670000,19.075669921875,-0.9911229014396667,-0.07493600249290466,0.03261958807706833,0.1048617735505104,0.04956625774502754,-0.1560148149728775,2.934650182723999
1788678795385569500,19.091569580078126,-0.9907559156417847,-0.07754917442798615,0.031192412599921227,0.10684565454721451,0.045845482498407364,-0.16102512180805206,2.9304378032684326
1788678795401469200,19.10746923828125,-0.9906270503997803,-0.07748585939407349,0.02859259955585003,0.10879606753587723,0.040317386388778687,-0.1604279726743698,2.9260599613189697
1788678795417338000,19.123338134765625,-0.9906363487243652,-0.07560928165912628,0.026820357888936996,0.11046987771987915,0.036891695111989975,-0.15636469423770905,2.922372817993164
1788678795433207300,19.139207275390625,-0.9905670881271362,-0.07346964627504349,0.02748963236808777,0.11235452443361282,0.038405343890190125,-0.15231871604919434,2.91864013671875
1788678795449076500,19.155076416015625,-0.9903231859207153,-0.07228216528892517,0.029858510941267014,0.11464665085077286,0.04306581988930702,-0.15058016777038574,2.9143340587615967
1788678795464945700,19.170945556640625,-0.9899290204048157,-0.07181378453969955,0.032881058752536774,0.11748245358467102,0.048796653747558594,-0.1504742056131363,2.9090213775634766
1788678795480845300,19.18684521484375,-0.9895089864730835,-0.07130952924489975,0.03553510084748268,0.1205168217420578,0.05376800522208214,-0.15025269985198975,2.903245449066162
1788678795496714500,19.202714599609376,-0.9892177581787109,-0.0704938992857933,0.03704231604933739,0.12290941923856735,0.05661536008119583,-0.14912542700767517,2.8985917568206787
1788678795512614100,19.2186142578125,-0.9891071915626526,-0.06948794424533844,0.03716877102851868,0.1243259459733963,0.056895434856414795,-0.14723552763462067,2.8957111835479736
1788678795528513800,19.234513671875,-0.9890923500061035,-0.06904853135347366,0.03587492182850838,0.12506625056266785,0.0543007031083107,-0.14608325064182281,2.8940110206604004
1788678795544444000,19.25044384765625,-0.9891325235366821,-0.0689348354935646,0.03363636136054993,0.1254330277442932,0.04979342967271805,-0.14532053470611572,2.892941951751709
1788678795560313000,19.26631298828125,-0.9892537593841553,-0.06805200129747391,0.031292326748371124,0.1255657821893692,0.045299723744392395,-0.14298661053180695,2.8923280239105225
1788678795576212700,19.282212646484375,-0.9894219636917114,-0.06585755944252014,0.02971857413649559,0.12579245865345,0.04265942424535751,-0.13823844492435455,2.8916285037994385
1788678795592112400,19.2981123046875,-0.9895910024642944,-0.06259144842624664,0.029353521764278412,0.12621568143367767,0.04267818108201027,-0.13166974484920502,2.8906900882720947
1788678795608042500,19.31404248046875,-0.9897403120994568,-0.05901496857404709,0.02967657707631588,0.12669095396995544,0.04414770379662514,-0.12466112524271011,2.8897244930267334
1788678795623911700,19.32991162109375,-0.9898310303688049,-0.05623776093125343,0.029721684753894806,0.12723438441753387,0.04486128315329552,-0.11917691677808762,2.8885884284973145
1788678795639780900,19.34578076171875,-0.9898266792297363,-0.05551851913332939,0.02909301221370697,0.12772813439369202,0.043727438896894455,-0.11761036515235901,2.8875038623809814
1788678795655680500,19.361680419921875,-0.9897457957267761,-0.056399013847112656,0.02782406657934189,0.12825065851211548,0.04091203585267067,-0.11905936896800995,2.8863086700439453
1788678795671580200,19.377580078125,-0.9896206259727478,-0.05795960873365402,0.02615523897111416,0.12887075543403625,0.03711213916540146,-0.12175796180963516,2.8848676681518555
1788678795687449300,19.393449462890626,-0.9894863963127136,-0.059222955256700516,0.024754775688052177,0.12960200011730194,0.03390469402074814,-0.12393417954444885,2.88322114944458
1788678795703379500,19.40937939453125,-0.9893493056297302,-0.059756163507699966,0.024068450555205345,0.1305294781923294,0.032281141728162766,-0.12484679371118546,2.881256580352783
1788678795719248600,19.42524853515625,-0.9892250895500183,-0.059609655290842056,0.023822547867894173,0.13157908618450165,0.0316956527531147,-0.12452540546655655,2.879096746444702
1788678795735117800,19.441117919921876,-0.9891396760940552,-0.05904962867498398,0.023761678487062454,0.1324811726808548,0.031606972217559814,-0.12342575192451477,2.8772590160369873
1788678795751017500,19.457017578125,-0.9890280365943909,-0.05895696207880974,0.025004805997014046,0.13312582671642303,0.03402961045503616,-0.12359215319156647,2.876101493835449
1788678795766856000,19.47285595703125,-0.9887504577636719,-0.06018177419900894,0.028874456882476807,0.1338547021150589,0.04133301600813866,-0.1270812600851059,2.875103712081909
1788678795782755600,19.488755615234375,-0.988067090511322,-0.060709498822689056,0.03093598037958145,0.13813285529613495,0.04474757984280586,-0.1288730949163437,2.8666787147521973
1788678795798655500,19.504655517578126,-0.9878643751144409,-0.06066182255744934,0.031750865280628204,0.13941286504268646,0.046217724680900574,-0.12906226515769958,2.864180564880371
1788678795814555100,19.52055517578125,-0.9880403876304626,-0.06095542386174202,0.03185499459505081,0.1380065530538559,0.04653046280145645,-0.12960779666900635,2.8670544624328613
1788678795830393600,19.5363935546875,-0.9881875514984131,-0.061497945338487625,0.03194452449679375,0.1366860717535019,0.04673771932721138,-0.13064710795879364,2.8697550296783447
1788678795846262800,19.5522626953125,-0.9881470203399658,-0.062396399676799774,0.03276650235056877,0.13637635111808777,0.04817912355065346,-0.13263936340808868,2.8705015182495117
1788678795862223400,19.568223388671875,-0.987938404083252,-0.06423383951187134,0.034732479602098465,0.136548712849617,0.05158986896276474,-0.13683006167411804,2.8704373836517334
1788678795878123000,19.584123046875,-0.9875514507293701,-0.06785661727190018,0.03766925632953644,0.13681645691394806,0.05645362287759781,-0.14483721554279327,2.8703596591949463
1788678795894023000,19.60002294921875,-0.9870689511299133,-0.07258590310811996,0.04058701545000076,0.1370367407798767,0.060999516397714615,-0.1550387740135193,2.870431900024414
1788678795909922600,19.615922607421876,-0.9867529273033142,-0.07631140947341919,0.043136268854141235,0.1365082710981369,0.0652063637971878,-0.16310007870197296,2.8719871044158936
1788678795925852700,19.631852783203126,-0.9867159724235535,-0.07734542340040207,0.04533480107784271,0.1354777216911316,0.06951505690813065,-0.1656765341758728,2.874469757080078
1788678795941782800,19.64778271484375,-0.9871614575386047,-0.07442931830883026,0.046832285821437836,0.13333937525749207,0.07362071424722672,-0.16011999547481537,2.8789801597595215
1788678795957682400,19.663682373046875,-0.9878751635551453,-0.06917968392372131,0.048178937286138535,0.13036760687828064,0.07810521125793457,-0.14980338513851166,2.885037899017334
1788678795973582000,19.67958203125,-0.9884957671165466,-0.06455463916063309,0.04949197545647621,0.12751296162605286,0.08228728920221329,-0.14070956408977509,2.890817880630493
1788678795989481700,19.695481689453125,-0.9888781905174255,-0.06323648989200592,0.05026262253522873,0.12487959116697311,0.08451713621616364,-0.13805808126926422,2.8962013721466064
1788678796005411800,19.711411865234375,-0.9889596700668335,-0.06605970114469528,0.05073096975684166,0.12256120890378952,0.0851268321275711,-0.14358896017074585,2.9011170864105225
1788678796021281000,19.727281005859375,-0.9888640642166138,-0.07067366689443588,0.05112375319004059,0.12058017402887344,0.08515772223472595,-0.15269500017166138,2.90543270111084
1788678796037150200,19.743150146484375,-0.988772451877594,-0.07474400103092194,0.0513344332575798,0.11877370625734329,0.08495628833770752,-0.1606946885585785,2.9093382358551025
1788678796053049900,19.7590498046875,-0.9888021945953369,-0.07673729956150055,0.05156216770410538,0.11714471131563187,0.08524450659751892,-0.16457845270633698,2.9127840995788574
1788678796068949500,19.774949462890625,-0.9890375137329102,-0.07561395317316055,0.052139803767204285,0.11562377959489822,0.08690138906240463,-0.16233938932418823,2.91591215133667
1788678796084818700,19.790818603515625,-0.9894657135009766,-0.07197265326976776,0.052825599908828735,0.11396083235740662,0.0893235132098198,-0.15509001910686493,2.9191999435424805
1788678796100718300,19.80671826171875,-0.9900508522987366,-0.06646448373794556,0.05320344492793083,0.11203284561634064,0.09152991324663162,-0.14402490854263306,2.9228413105010986
1788678796116618000,19.822617919921875,-0.990716814994812,-0.06024155393242836,0.052861977368593216,0.1098036989569664,0.09243976324796677,-0.13135088980197906,2.926912546157837
1788678796132456700,19.838456787109376,-0.9914075136184692,-0.0543799065053463,0.051526378840208054,0.10723377764225006,0.0912775918841362,-0.1191578134894371,2.9315524101257324
1788678796148356400,19.8543564453125,-0.9919764995574951,-0.05014081671833992,0.04947474226355553,0.10498038679361343,0.08827625215053558,-0.11008700728416443,2.9355857372283936
1788678796164225500,19.8702255859375,-0.9923302531242371,-0.048471033573150635,0.047268833965063095,0.10342570394277573,0.08436081558465958,-0.10617554932832718,2.938377857208252
1788678796180125200,19.886125244140626,-0.9924555420875549,-0.049585264176130295,0.045966241508722305,0.10227596759796143,0.08166244626045227,-0.10803485661745071,2.94062876701355
1788678796196055300,19.90205517578125,-0.9924577474594116,-0.05200600251555443,0.04557269439101219,0.10122315585613251,0.08052675426006317,-0.11269190907478333,2.9428553581237793
1788678796211985400,19.9179853515625,-0.9925016164779663,-0.05360543727874756,0.04499300569295883,0.10021334141492844,0.07917866855859756,-0.11568261682987213,2.9449212551116943
1788678796227824000,19.93382421875,-0.9927456974983215,-0.053270019590854645,0.04333404824137688,0.09869440644979477,0.0760963037610054,-0.11457131057977676,2.9477787017822266
1788678796243693300,19.949693359375,-0.9931737184524536,-0.051461443305015564,0.040224988013505936,0.09664279222488403,0.07043934613466263,-0.11021823436021805,2.951476812362671
1788678796259593000,19.965593017578126,-0.9935997724533081,-0.04969067871570587,0.036717742681503296,0.09456358850002289,0.06396927684545517,-0.10588737577199936,2.955209970474243
1788678796275462000,19.9814619140625,-0.9939284920692444,-0.048986706882715225,0.0334925539791584,0.09265433251857758,0.05784399434924126,-0.10377117246389389,2.9586939811706543
1788678796291300600,19.997300537109375,-0.9941269755363464,-0.04922660067677498,0.0311838760972023,0.09119138866662979,0.05333531275391579,-0.10374840348958969,2.961414337158203
1788678796307139300,20.013139404296876,-0.994166374206543,-0.04999236762523651,0.030433351173996925,0.09059659391641617,0.05176200345158577,-0.10510920733213425,2.96256160736084
1788678796323039000,20.0290390625,-0.9941088557243347,-0.050704628229141235,0.03044295497238636,0.09082892537117004,0.05163190886378288,-0.10654349625110626,2.962117910385132
1788678796338908200,20.044908203125,-0.9940096139907837,-0.05145876482129097,0.0300913043320179,0.09160429239273071,0.05071159824728966,-0.10802397131919861,2.9605414867401123
1788678796354777000,20.060777099609375,-0.9938353896141052,-0.05255139246582985,0.029750049114227295,0.09297636896371841,0.049682967364788055,-0.11020994186401367,2.957770586013794
1788678796370646300,20.076646240234375,-0.9935659170150757,-0.05386833846569061,0.029676809906959534,0.09510209411382675,0.04905777797102928,-0.11292801797389984,2.9535117149353027
1788678796386515500,20.092515380859375,-0.9932478666305542,-0.054927460849285126,0.03000001236796379,0.09768132120370865,0.049210187047719955,-0.11522886902093887,2.948371410369873
1788678796402384600,20.108384521484375,-0.9928313493728638,-0.05545028671622276,0.031375329941511154,0.101127989590168,0.05145832523703575,-0.11671622842550278,2.9415836334228516
1788678796418253800,20.12425390625,-0.992293119430542,-0.05600981041789055,0.03355429694056511,0.10531561821699142,0.05520901083946228,-0.11850102990865707,2.9333930015563965
1788678796434123000,20.140123046875,-0.9916424751281738,-0.05764055252075195,0.035496000200510025,0.10983134806156158,0.05820542201399803,-0.12242033332586288,2.924546003341675
1788678796449961500,20.15596142578125,-0.9908894300460815,-0.060226667672395706,0.037404440343379974,0.1145070493221283,0.06087196245789528,-0.12827357649803162,2.9154043197631836
1788678796465861000,20.171861083984375,-0.9901142120361328,-0.0625738650560379,0.03871971741318703,0.11941197514533997,0.06232474371790886,-0.13355441391468048,2.9057130813598633
1788678796481791200,20.187791259765625,-0.9895105361938477,-0.06263863295316696,0.03877655416727066,0.12426536530256271,0.06176460534334183,-0.1340010017156601,2.895881175994873
1788678796497691000,20.20369091796875,-0.9892103672027588,-0.05936817824840546,0.03783053532242775,0.1284804344177246,0.06011343374848366,-0.1275215446949005,2.8871142864227295
1788678796513651700,20.219651611328125,-0.9890274405479431,-0.054908446967601776,0.03773127496242523,0.13185669481754303,0.060618866235017776,-0.11884170770645142,2.880124092102051
1788678796529551400,20.23555126953125,-0.9885493516921997,-0.05267911031842232,0.0393969751894474,0.1358051896095276,0.06405086815357208,-0.11510644108057022,2.872236967086792
1788678796545451000,20.251450927734375,-0.9877269268035889,-0.054236505180597305,0.04221130535006523,0.14025729894638062,0.06871415674686432,-0.11926513910293579,2.8635826110839844
1788678796561350700,20.2673505859375,-0.9867440462112427,-0.05794764682650566,0.04504348337650299,0.1447392851114273,0.07277486473321915,-0.12774527072906494,2.85495924949646
1788678796577219800,20.2832197265625,-0.9858381152153015,-0.06216872110962868,0.04603106901049614,0.1487937569618225,0.07300298660993576,-0.13670021295547485,2.8469913005828857
1788678796593058600,20.29905859375,-0.9852489829063416,-0.06434694677591324,0.044567689299583435,0.15217673778533936,0.06897325068712234,-0.14082486927509308,2.839970827102661
1788678796608958200,20.314958251953126,-0.9851321578025818,-0.06314259022474289,0.04105429723858833,0.15440957248210907,0.062012992799282074,-0.1375189870595932,2.8349146842956543
1788678796624827100,20.3308271484375,-0.985338568687439,-0.05984028801321983,0.03647242859005928,0.15555311739444733,0.053735218942165375,-0.12963546812534332,2.83193039894104
1788678796640726800,20.346726806640625,-0.9855911135673523,-0.055726636201143265,0.03304119035601616,0.15624681115150452,0.048082832247018814,-0.12046365439891815,2.830047607421875
1788678796656565500,20.3625654296875,-0.9857653379440308,-0.05187884345650673,0.03154749050736427,0.15678071975708008,0.04623783007264137,-0.11240939050912857,2.828747510910034
1788678796688395300,20.394395263671875,-0.986168384552002,-0.04538791999220848,0.03189878538250923,0.1561868041753769,0.04899974912405014,-0.09964943677186966,2.8298909664154053
1788678796704264400,20.410264404296875,-0.9863383173942566,-0.042633358389139175,0.03186248987913132,0.15589699149131775,0.0498027428984642,-0.09417551010847092,2.830420970916748
1788678796720164000,20.4261640625,-0.9864116311073303,-0.040961578488349915,0.03152433782815933,0.1559506207704544,0.049640629440546036,-0.0907670184969902,2.8302454948425293
1788678796736033300,20.442033203125,-0.9864160418510437,-0.040863554924726486,0.03067863918840885,0.15611672401428223,0.047978729009628296,-0.09031857550144196,2.829831838607788
1788678796751902500,20.45790234375,-0.9864077568054199,-0.04192705824971199,0.028994329273700714,0.15620861947536469,0.04430311545729637,-0.0919019877910614,2.8295164108276367
1788678796767802000,20.473802001953125,-0.9863927960395813,-0.04365461692214012,0.026314495131373405,0.15630432963371277,0.038446974009275436,-0.09448787569999695,2.8291027545928955
1788678796783701800,20.48970166015625,-0.9863911867141724,-0.04507668688893318,0.02342897281050682,0.15637028217315674,0.03227841109037399,-0.09640293568372726,2.8287112712860107
1788678796799571000,20.505571044921876,-0.9864979386329651,-0.04564538970589638,0.021067176014184952,0.15586715936660767,0.027468184009194374,-0.09677651524543762,2.82951283454895
1788678796815470600,20.521470703125,-0.9866400957107544,-0.04538106918334961,0.019695306196808815,0.1552228182554245,0.02489272877573967,-0.09581039845943451,2.8306949138641357
1788678796831339800,20.53733984375,-0.9868049621582031,-0.04480866342782974,0.019043078646063805,0.15442000329494476,0.0238534826785326,-0.09445647895336151,2.832268238067627
1788678796847239400,20.553239501953126,-0.98701012134552,-0.044432926923036575,0.018840771168470383,0.15323799848556519,0.023680347949266434,-0.09362245351076126,2.8346519470214844
1788678796863139000,20.56913916015625,-0.9872382283210754,-0.04417061433196068,0.01913302205502987,0.15180161595344543,0.02447592280805111,-0.09315736591815948,2.8375957012176514
1788678796879008300,20.58500830078125,-0.9874395132064819,-0.043805208057165146,0.019906144589185715,0.15049313008785248,0.026242977008223534,-0.09263388812541962,2.8403220176696777
1788678796894877200,20.600877197265625,-0.9876943230628967,-0.04270509257912636,0.02088143490254879,0.14899729192256927,0.028644723817706108,-0.09070603549480438,2.8434433937072754
1788678796910776800,20.61677685546875,-0.9882603287696838,-0.040930770337581635,0.02201312594115734,0.14553925395011902,0.03172176703810692,-0.08741936832666397,2.850545883178711
1788678796926646000,20.63264599609375,-0.9885393977165222,-0.039843879640102386,0.024193599820137024,0.14358672499656677,0.03653312101960182,-0.08582758903503418,2.8546764850616455
1788678796942484700,20.648484619140625,-0.9885571599006653,-0.0410759299993515,0.02772415056824684,0.14247466623783112,0.04329496622085571,-0.08923014998435974,2.8572494983673096
1788678796958384400,20.66438427734375,-0.9883700013160706,-0.04515630006790161,0.032109420746564865,0.14161446690559387,0.05095139145851135,-0.09851586073637009,2.859480619430542
1788678796974253600,20.680253662109376,-0.9881458282470703,-0.05107475817203522,0.035504184663295746,0.14035171270370483,0.05620590224862099,-0.1111333891749382,2.8625364303588867
1788678796990122800,20.696122802734376,-0.9881672263145447,-0.056001510471105576,0.03669688478112221,0.1379953771829605,0.057522181421518326,-0.1211014986038208,2.867579936981201
1788678797006022400,20.7120224609375,-0.9885356426239014,-0.05655942112207413,0.03688032180070877,0.13504880666732788,0.05810338258743286,-0.12208635360002518,2.873595952987671
1788678797021922000,20.727922119140626,-0.9890379309654236,-0.05307123810052872,0.03758646920323372,0.13257017731666565,0.06071705371141434,-0.1151992529630661,2.8786041736602783
1788678797037791000,20.743791015625,-0.9895142912864685,-0.04805328696966171,0.039247605949640274,0.1304304152727127,0.06554824858903885,-0.10553277283906937,2.882941722869873
1788678797053660200,20.75966015625,-0.989806056022644,-0.045287638902664185,0.041624169796705246,0.12845437228679657,0.07118400931358337,-0.1005147323012352,2.8870625495910645
1788678797069529300,20.775529296875,-0.9898368120193481,-0.04808284342288971,0.043670110404491425,0.12650735676288605,0.07477937638759613,-0.10643837600946426,2.891343593597412
1788678797085429000,20.791428955078125,-0.9897398352622986,-0.05497795715928078,0.04448176175355911,0.12415312975645065,0.07501006871461868,-0.12016180157661438,2.8965301513671875
1788678797101328600,20.80732861328125,-0.9896577596664429,-0.06299450993537903,0.0436893031001091,0.12124566733837128,0.07192187011241913,-0.13569633662700653,2.9026715755462646
1788678797117258800,20.8232587890625,-0.9897187352180481,-0.06895486265420914,0.04221336171030998,0.11798397451639175,0.0680735632777214,-0.14698147773742676,2.9093070030212402
1788678797133158700,20.83915869140625,-0.9899637699127197,-0.07096029818058014,0.040830954909324646,0.11519206315279007,0.06527762860059738,-0.15047022700309753,2.914836883544922
1788678797149027600,20.855027587890625,-0.9903331995010376,-0.0697464719414711,0.04004114866256714,0.11301536858081818,0.06428735703229904,-0.14773181080818176,2.919097661972046
1788678797164927200,20.87092724609375,-0.9908046126365662,-0.06602880358695984,0.040107522159814835,0.11107650399208069,0.06549807637929916,-0.1402122527360916,2.9229111671447754
1788678797180796400,20.88679638671875,-0.9912855625152588,-0.061573393642902374,0.04044234752655029,0.10920670628547668,0.06736154109239578,-0.13128358125686646,2.9265737533569336
1788678797196726500,20.9027265625,-0.9917411804199219,-0.05753687024116516,0.040351226925849915,0.10728830844163895,0.06825894117355347,-0.1230924054980278,2.9302754402160645
1788678797212626400,20.91862646484375,-0.9921262860298157,-0.054613061249256134,0.03962107002735138,0.10551348328590393,0.06760668754577637,-0.11699393391609192,2.9336483478546143
1788678797228495400,20.934495361328125,-0.9924263954162598,-0.052884574979543686,0.0387117825448513,0.10389652103185654,0.06632132083177567,-0.11325408518314362,2.936734676361084
1788678797244364500,20.950364501953125,-0.9926553964614868,-0.05196266621351242,0.03815875202417374,0.10236741602420807,0.06557010859251022,-0.11120352149009705,2.939720392227173
1788678797260233700,20.966233642578125,-0.9928314089775085,-0.05134973302483559,0.03782599791884422,0.10108549892902374,0.06516673415899277,-0.10983125865459442,2.9422447681427
1788678797276133400,20.98213330078125,-0.9929922819137573,-0.05096146836876869,0.03720437362790108,0.09992581605911255,0.06412583589553833,-0.10885891318321228,2.9445009231567383
1788678797292033000,20.998032958984375,-0.9931625127792358,-0.05067364126443863,0.03629855811595917,0.09870551526546478,0.06250201165676117,-0.1080300584435463,2.9468536376953125
1788678797307932700,21.0139326171875,-0.9942443370819092,-0.05046543851494789,0.03485827147960663,0.08784355223178864,0.060832250863313675,-0.10667631030082703,2.968595027923584
1788678797323771400,21.029771484375,-0.9947078824043274,-0.04977204650640488,0.034130532294511795,0.08315163850784302,0.05998799577355385,-0.1048855111002922,2.9779422283172607
1788678797339671000,21.045671142578126,-0.9947905540466309,-0.048614997416734695,0.03442033380270004,0.08272702246904373,0.06079544499516487,-0.10259836912155151,2.978776454925537
1788678797355540200,21.061540283203126,-0.9948210716247559,-0.04785322770476341,0.0346522256731987,0.08270671963691711,0.06138182058930397,-0.10111495852470398,2.978806495666504
1788678797371500800,21.077500732421875,-0.9949845671653748,-0.046869244426488876,0.035193584859371185,0.0810588151216507,0.06278512626886368,-0.09913615137338638,2.98213267326355
1788678797387431000,21.093430908203125,-0.995157778263092,-0.04685573652386665,0.0351785309612751,0.07891819626092911,0.06297039240598679,-0.0989716574549675,2.9864392280578613
1788678797403330600,21.10933056640625,-0.9951210021972656,-0.048277247697114944,0.03436798229813576,0.07888226211071014,0.06113782152533531,-0.10168056935071945,2.986497402191162
1788678797419169300,21.125169189453125,-0.9950478076934814,-0.05075203627347946,0.03308796137571335,0.07879923284053802,0.05821174755692482,-0.10641675442457199,2.9866409301757812
1788678797435038500,21.14103857421875,-0.9949513077735901,-0.053519681096076965,0.03166443854570389,0.07877134531736374,0.054947540163993835,-0.11171971261501312,2.9866535663604736
1788678797450907600,21.15690771484375,-0.9948142170906067,-0.05573718622326851,0.031036684289574623,0.07921469956636429,0.05330481752753258,-0.11607388406991959,2.9857707023620605
1788678797466807300,21.172807373046876,-0.9946585297584534,-0.05690348520874977,0.031221797689795494,0.08026052266359329,0.0533752478659153,-0.1184878870844841,2.983725070953369
1788678797482676500,21.188676513671876,-0.9945254921913147,-0.05752544850111008,0.031628116965293884,0.08129966259002686,0.05396949499845505,-0.11985047906637192,2.9816999435424805
1788678797498545400,21.20454541015625,-0.9942641854286194,-0.0586465485394001,0.03218064457178116,0.0834493488073349,0.054639168083667755,-0.12229584902524948,2.9774696826934814
1788678797514414600,21.22041455078125,-0.9938643574714661,-0.06125481426715851,0.03286674618721008,0.08603134751319885,0.05526886507868767,-0.1277603805065155,2.9724345207214355
1788678797530314200,21.236314208984375,-0.9933648705482483,-0.06497100740671158,0.033363066613674164,0.08883681893348694,0.05527370050549507,-0.13542111217975616,2.96695613861084
1788678797546214000,21.2522138671875,-0.9929317235946655,-0.06790299713611603,0.03258210048079491,0.09172941744327545,0.0527966134250164,-0.14129319787025452,2.961087703704834
1788678797562144300,21.268144287109376,-0.9927229285240173,-0.0683276504278183,0.029775241389870644,0.094583660364151,0.04667682200670242,-0.14176775515079498,2.9549269676208496
1788678797578013200,21.28401318359375,-0.9928596615791321,-0.06544024497270584,0.02560640126466751,0.09639354795217514,0.03859326243400574,-0.13529492914676666,2.950640916824341
1788678797593882400,21.29988232421875,-0.9931715726852417,-0.060391221195459366,0.02213161252439022,0.09733177721500397,0.03246228024363518,-0.12458796054124832,2.94823956489563
1788678797609751600,21.31575146484375,-0.9933348298072815,-0.05635382607579231,0.020870540291070938,0.09835965186357498,0.030588438734412193,-0.11632423102855682,2.9459781646728516
1788678797625590300,21.33159033203125,-0.9931424856185913,-0.056215353310108185,0.021568771451711655,0.10021337866783142,0.031794559210538864,-0.11624429374933243,2.9423129558563232
1788678797641459200,21.347459228515625,-0.9926707148551941,-0.05948797985911369,0.02329813502728939,0.10258370637893677,0.034316521137952805,-0.1231953576207161,2.937758207321167
1788678797657328400,21.363328369140625,-0.9921075105667114,-0.06384635716676712,0.024679245427250862,0.10505858808755875,0.035874634981155396,-0.1322556585073471,2.9329662322998047
1788678797673197600,21.379197509765625,-0.9916441440582275,-0.0672500878572464,0.025290053337812424,0.10714384913444519,0.036103811115026474,-0.1392451971769333,2.9288523197174072
1788678797689066800,21.395066650390625,-0.9914806485176086,-0.06863328814506531,0.024797942489385605,0.10789184272289276,0.034719400107860565,-0.14192411303520203,2.9272758960723877
1788678797704905500,21.410905517578126,-0.9915216565132141,-0.068030945956707,0.023055236786603928,0.10828252881765366,0.03129928559064865,-0.1403617113828659,2.9262382984161377
1788678797720774400,21.4267744140625,-0.9916345477104187,-0.0659218430519104,0.020753903314471245,0.10901660472154617,0.027039198204874992,-0.13568170368671417,2.9244368076324463
1788678797736674000,21.442674072265625,-0.9918470978736877,-0.06272352486848831,0.01852717064321041,0.10937085747718811,0.023226551711559296,-0.12883305549621582,2.923438549041748
1788678797752573700,21.45857373046875,-0.9920596480369568,-0.05882744863629341,0.01670554094016552,0.10989996045827866,0.020365042611956596,-0.12068530172109604,2.922163724899292
1788678797768443000,21.47444287109375,-0.9922414422035217,-0.05428683012723923,0.015509222634136677,0.11076699942350388,0.01886948011815548,-0.11139735579490662,2.9202990531921387
1788678797784373200,21.490373291015626,-0.9924288392066956,-0.04989979416131973,0.014529977925121784,0.11128329485654831,0.01782834529876709,-0.10245703905820847,2.919175148010254
1788678797800242200,21.5062421875,-0.9925535321235657,-0.046628836542367935,0.01335854921489954,0.11173537373542786,0.01617266610264778,-0.09569446742534637,2.918163776397705
1788678797816111400,21.522111328125,-0.9933812618255615,-0.04487306997179985,0.011690959334373474,0.10508804023265839,0.013854614458978176,-0.09173791110515594,2.931436061859131
1788678797831980500,21.53798046875,-0.9933304190635681,-0.04410334676504135,0.010153446346521378,0.10605016350746155,0.010861186310648918,-0.08989296108484268,2.9293625354766846
1788678797847880200,21.553880126953125,-0.9933058023452759,-0.04345598444342613,0.008249914273619652,0.10671098530292511,0.007142741698771715,-0.08820520341396332,2.927868604660034
1788678797863779800,21.56977978515625,-0.9933643341064453,-0.04252063110470772,0.005928413476794958,0.10669728368520737,0.0027144767809659243,-0.08584745973348618,2.9277095794677734
1788678797879679500,21.585679443359375,-0.9934926629066467,-0.041388221085071564,0.0037561876233667135,0.10604444891214371,-0.0013190483441576362,-0.08313014358282089,2.9288649559020996
1788678797895579100,21.6015791015625,-0.9936363101005554,-0.04047323018312454,0.003176175756379962,0.1050652489066124,-0.0021999813616275787,-0.0811879113316536,2.93080997467041
1788678797911417900,21.61741796875,-0.9937432408332825,-0.04050476849079132,0.004643607884645462,0.10398200899362564,0.000808260403573513,-0.08155877888202667,2.9331109523773193
1788678797927348000,21.633347900390625,-0.9937868118286133,-0.041684187948703766,0.007821764796972275,0.1029025986790657,0.006992552429437637,-0.08456088602542877,2.9355320930480957
1788678797943247600,21.64924755859375,-0.9937434792518616,-0.043690070509910583,0.011640005744993687,0.1021261066198349,0.01426793821156025,-0.08932969719171524,2.937411308288574
1788678797959116800,21.66511669921875,-0.9937070608139038,-0.04587618261575699,0.015342339873313904,0.10102594643831253,0.021318769082427025,-0.09441513568162918,2.939964532852173
1788678797975047000,21.681046875,-0.9937286376953125,-0.047733206301927567,0.018177254125475883,0.09947088360786438,0.02676367573440075,-0.09864381700754166,2.9433813095092773
1788678797990916000,21.696916015625,-0.9937970638275146,-0.04909698665142059,0.020048214122653008,0.0977492704987526,0.03041105717420578,-0.10167939960956573,2.947052240371704
1788678798006815700,21.712815673828125,-0.993919849395752,-0.050338875502347946,0.02165592648088932,0.09550143033266068,0.03362298011779785,-0.10439146310091019,2.9517662525177
1788678798022685000,21.728684814453125,-0.9939942955970764,-0.052049871534109116,0.02362002618610859,0.09331770241260529,0.03746939077973366,-0.1080932542681694,2.9564056396484375
1788678798038584600,21.74458447265625,-0.9940431118011475,-0.055149875581264496,0.026435859501361847,0.09021054208278656,0.042901359498500824,-0.11466338485479355,2.9630489349365234
1788678798054423300,21.76042333984375,-0.9937317371368408,-0.060055483132600784,0.02949438989162445,0.08955894410610199,0.048256903886795044,-0.12496605515480042,2.964850425720215
1788678798070353400,21.776353515625,-0.9933935403823853,-0.0656076967716217,0.03187725692987442,0.08859362453222275,0.05221712216734886,-0.13641950488090515,2.9672658443450928
1788678798086253000,21.792253173828126,-0.9932615756988525,-0.06930087506771088,0.03382541239261627,0.08651439100503922,0.05581037700176239,-0.14401789009571075,2.971855401992798
1788678798102152700,21.808152587890625,-0.9936074614524841,-0.06769757717847824,0.03638095408678055,0.08269014954566956,0.06175273284316063,-0.14101319015026093,2.979893684387207
1788678798117991400,21.823991455078126,-0.9943183660507202,-0.06051844358444214,0.040369290858507156,0.0777105912566185,0.07151003926992416,-0.126964271068573,2.9901480674743652
1788678798133860400,21.8398603515625,-0.9949986934661865,-0.050775475800037384,0.04509638622403145,0.07325118780136108,0.08287888020277023,-0.107858806848526,2.9990954399108887
1788678798149760000,21.855760009765625,-0.9953418374061584,-0.044830214232206345,0.04870937764644623,0.07008881866931915,0.09122864902019501,-0.09621914476156235,3.0053865909576416
1788678798165659600,21.87165966796875,-0.9953047633171082,-0.04801781103014946,0.04899678751826286,0.06827962398529053,0.09158375859260559,-0.10245482623577118,3.009302854537964
1788678798181590000,21.887590087890626,-0.9950022101402283,-0.057831574231386185,0.04639648646116257,0.06688518822193146,0.08532575517892838,-0.12159094959497452,3.01254940032959
1788678798197489700,21.90348974609375,-0.994515597820282,-0.06991084665060043,0.04219287261366844,0.06535294651985168,0.07565131038427353,-0.14507809281349182,3.015854597091675
1788678798213328100,21.919328125,-0.9940444231033325,-0.07977603375911713,0.03861596807837486,0.06340619176626205,0.06761607527732849,-0.1642361730337143,3.0197601318359375
1788678798229227800,21.935227783203125,-0.9938022494316101,-0.0846417173743248,0.037097249180078506,0.06178046762943268,0.06428713351488113,-0.1736900359392166,3.023020029067993
1788678798245158100,21.951158203125,-0.9939261078834534,-0.08457350730895996,0.036867376416921616,0.05999128147959709,0.06414491683244705,-0.17341089248657227,3.0266008377075195
1788678798261027000,21.967027099609375,-0.9943583607673645,-0.08057323098182678,0.037466321140527725,0.05792893469333649,0.06612403690814972,-0.16533026099205017,3.0306897163391113
1788678798276896300,21.982896240234375,-0.994895339012146,-0.07451552897691727,0.038955140858888626,0.05579647049307823,0.07007473707199097,-0.1532161831855774,3.0349254608154297
1788678798292765400,21.998765380859375,-0.9954240918159485,-0.06804486364126205,0.040750350803136826,0.05329441279172897,0.07467710226774216,-0.14027006924152374,3.0398645401000977
1788678798308634600,22.014634521484375,-0.9959226846694946,-0.06235538050532341,0.04144040495157242,0.05032459646463394,0.07697916775941849,-0.128728449344635,3.045581340789795
1788678798324503800,22.03050390625,-0.9963357448577881,-0.05816801264882088,0.04080773517489433,0.04760683327913284,0.07640199363231659,-0.12008359283208847,3.050696611404419
1788678798340373000,22.046373046875,-0.9965932369232178,-0.056054290384054184,0.039722248911857605,0.04562797769904137,0.07462549209594727,-0.11560890823602676,3.0544090270996094
1788678798356242000,22.062241943359375,-0.9967101812362671,-0.05576154962182045,0.03906208276748657,0.043972983956336975,0.07351315766572952,-0.11484384536743164,3.0576415061950684
1788678798372111000,22.078111083984375,-0.9967376589775085,-0.05628523603081703,0.03907867521047592,0.042649731040000916,0.073660708963871,-0.11579521745443344,3.060337781906128
1788678798388010800,22.0940107421875,-0.9967494010925293,-0.056726545095443726,0.03937499597668648,0.04150296002626419,0.07435844838619232,-0.11661680042743683,3.062706708908081
1788678798403910400,22.109910400390625,-0.9967991709709167,-0.05667349323630333,0.03951060399413109,0.040230877697467804,0.07478372007608414,-0.11642612516880035,3.065276622772217
1788678798419810000,22.12581005859375,-0.9968862533569336,-0.05618560314178467,0.039355725049972534,0.03888783976435661,0.07466142624616623,-0.1153377816081047,3.0679259300231934
1788678798435679200,22.14167919921875,-0.9971635341644287,-0.05573691800236702,0.03897557407617569,0.032236818224191666,0.07468955218791962,-0.11391676217317581,3.081218957901001
1788678798451548400,22.15754833984375,-0.9973478317260742,-0.0551658570766449,0.0391031838953495,0.026926226913928986,0.07557635754346848,-0.11238130182027817,3.0918633937835693
1788678798467448000,22.173447998046875,-0.9974052309989929,-0.055011387914419174,0.039077360183000565,0.02508910931646824,0.07573743909597397,-0.1119317039847374,3.0955395698547363
1788678798483317200,22.189317138671875,-0.9974290132522583,-0.0565977543592453,0.03748225048184395,0.022959550842642784,0.07271578162908554,-0.11487814038991928,3.0997464656829834
1788678798499217000,22.205216796875,-0.9974556565284729,-0.05746955797076225,0.03619052842259407,0.021672198548913002,0.07023920118808746,-0.11647854000329971,3.1022415161132812
1788678798515086000,22.221086181640626,-0.997419536113739,-0.05900409072637558,0.034909192472696304,0.021312762051820755,0.06765668839216232,-0.11947572976350784,3.1029114723205566
1788678798530924500,22.236924560546875,-0.9973088502883911,-0.06123233586549759,0.033533018082380295,0.022390665486454964,0.06468453258275986,-0.1239539235830307,3.1007134914398193
1788678798546824200,22.25282421875,-0.9971539378166199,-0.0637233704328537,0.03233792632818222,0.024033701047301292,0.06198309361934662,-0.1289958655834198,3.0974020957946777
1788678798562693400,22.268693359375,-0.996986985206604,-0.06583168357610703,0.031629279255867004,0.026131562888622284,0.06019756197929382,-0.13331425189971924,3.09320330619812
1788678798578562600,22.2845625,-0.9969285130500793,-0.06697036325931549,0.030527804046869278,0.026768716052174568,0.05784544721245766,-0.1355786919593811,3.091831684112549
1788678798594431700,22.300431640625,-0.9969547986984253,-0.06703167408704758,0.029578614979982376,0.026700640097260475,0.055940303951501846,-0.13565027713775635,3.09184193611145
1788678798610301000,22.316301025390626,-0.996830403804779,-0.0677504688501358,0.029578406363725662,0.02939748950302601,0.05553639307618141,-0.137240931391716,3.0864458084106445
1788678798626170000,22.332170166015626,-0.9965847730636597,-0.06961221247911453,0.03042006865143776,0.032367266714572906,0.056720536202192307,-0.14118677377700806,3.0806708335876465
1788678798642039000,22.3480390625,-0.9962601661682129,-0.071530781686306,0.0317782498896122,0.036593955010175705,0.05873651057481766,-0.1453637182712555,3.0724408626556396
1788678798657877800,22.363877685546875,-0.9960088729858398,-0.07201795279979706,0.03326147794723511,0.04090815410017967,0.0610586479306221,-0.14670807123184204,3.0639829635620117
1788678798673777400,22.37977734375,-0.9959479570388794,-0.07021064311265945,0.03389822691679001,0.04482380673289299,0.06190185248851776,-0.1433819830417633,3.0560877323150635
1788678798689646600,22.395646484375,-0.9960841536521912,-0.06651684641838074,0.03324652090668678,0.047819025814533234,0.06046688184142113,-0.1361122876405716,3.0497751235961914
1788678798705546200,22.411546142578125,-0.9961947798728943,-0.0631738007068634,0.032602619379758835,0.05042025074362755,0.059115905314683914,-0.12951625883579254,3.044287919998169
1788678798721446000,22.42744580078125,-0.996085524559021,-0.06244633346796036,0.032778751105070114,0.05328989773988724,0.05916549265384674,-0.12824860215187073,3.038496255874634
1788678798737315000,22.443315185546876,-0.9957860112190247,-0.06478600949048996,0.033307887613773346,0.05571151524782181,0.059679605066776276,-0.13313019275665283,3.0337941646575928
1788678798753184300,22.459184326171876,-0.9953979253768921,-0.06876513361930847,0.0330437533557415,0.057987943291664124,0.05842258408665657,-0.14119833707809448,3.0293447971343994
1788678798769053200,22.47505322265625,-0.9950252175331116,-0.07256369292736053,0.031243152916431427,0.06069072335958481,0.05398966744542122,-0.14874565601348877,3.0237791538238525
1788678798784922400,22.49092236328125,-0.9948266744613647,-0.07438504695892334,0.028289111331105232,0.06313969194889069,0.047458164393901825,-0.15215925872325897,3.018444776535034
1788678798800791600,22.50679150390625,-0.9948168992996216,-0.07391437143087387,0.025515343993902206,0.06500004976987839,0.04164276272058487,-0.15095214545726776,3.0142502784729004
1788678798816660700,22.52266064453125,-0.9948529005050659,-0.0729164257645607,0.02350429631769657,0.06632108241319656,0.037517838180065155,-0.14874783158302307,3.0112569332122803
1788678798832530000,22.538530029296876,-0.9949027299880981,-0.07139702141284943,0.022443221881985664,0.06758229434490204,0.03538912534713745,-0.14561375975608826,3.0085253715515137
1788678798848429600,22.5544296875,-0.995032548904419,-0.06895086914300919,0.021847929805517197,0.06840117275714874,0.0343925915658474,-0.14066901803016663,3.006746530532837
1788678798864298800,22.570298828125,-0.9952858090400696,-0.06552033871412277,0.021184735000133514,0.06829676032066345,0.03352556377649307,-0.1337147206068039,3.0068118572235107
1788678798880168000,22.58616796875,-0.9955723285675049,-0.061790503561496735,0.020593326538801193,0.06777653098106384,0.03289572894573212,-0.12615971267223358,3.0077245235443115
1788678798896036900,22.602036865234375,-0.9957348108291626,-0.05929810553789139,0.020386062562465668,0.06767886132001877,0.03281814604997635,-0.12114589661359787,3.007854461669922
1788678798911936500,22.6179365234375,-0.9957599639892578,-0.05867568403482437,0.02042134664952755,0.0678396224975586,0.032950978726148605,-0.11991170793771744,3.007524013519287
1788678798927805700,22.6338056640625,-0.9956842660903931,-0.05991620570421219,0.020089682191610336,0.06796593219041824,0.03210693225264549,-0.12235110998153687,3.0072498321533203
1788678798943735800,22.64973583984375,-0.9955889582633972,-0.06159717217087746,0.01946703903377056,0.06804000586271286,0.030626313760876656,-0.1256302148103714,3.0070483684539795
1788678798959635500,22.665635498046875,-0.9955451488494873,-0.06259746104478836,0.01884157955646515,0.06794539093971252,0.029250597581267357,-0.127543106675148,3.0071730613708496
1788678798975535400,22.681535400390626,-0.9955523610115051,-0.06267152726650238,0.018762772902846336,0.06779257953166962,0.029102269560098648,-0.1276761293411255,3.007472276687622
1788678798991251000,22.6972509765625,-0.9956135153770447,-0.061938244849443436,0.019405405968427658,0.06738639622926712,0.030540892854332924,-0.12628380954265594,3.0083632469177246
1788678799007150600,22.713150634765626,-0.9957216382026672,-0.060894306749105453,0.02019388973712921,0.06650347262620926,0.03237087279558182,-0.12427311390638351,3.0102264881134033
1788678799023019800,22.729019775390626,-0.9958553314208984,-0.060169465839862823,0.020890938118100166,0.06492580473423004,0.03405887261033058,-0.12286175042390823,3.0134799480438232
1788678799038919400,22.74491943359375,-0.9955009818077087,-0.06800305098295212,0.019728606566786766,0.0629611387848854,0.031017769128084183,-0.13831911981105804,3.017418384552002
1788678799054819000,22.760819091796876,-0.9951534867286682,-0.0755559504032135,0.018650151789188385,0.06010957062244415,0.02837240882217884,-0.15322044491767883,3.0231127738952637
1788678799086588000,22.792587890625,-0.9954491257667542,-0.07623520493507385,0.01870180107653141,0.05403302609920502,0.029348282143473625,-0.15441042184829712,3.035409450531006
1788678799102456800,22.808456787109375,-0.9954081773757935,-0.07777188718318939,0.018848061561584473,0.052524689584970474,0.029725195840001106,-0.15745937824249268,3.038501739501953
1788678799118356500,22.8243564453125,-0.9953153729438782,-0.08007512241601944,0.019575074315071106,0.05051988735795021,0.03129115700721741,-0.16208665072917938,3.04270601272583
1788678799134256000,22.840256103515625,-0.9950982332229614,-0.08346456289291382,0.020885298028588295,0.04875610023736954,0.03391634672880173,-0.16895005106925964,3.0465505123138428
1788678799150125300,22.856125244140625,-0.9947106242179871,-0.08828981220722198,0.022523751482367516,0.04741819575428963,0.03703443333506584,-0.1787317842245102,3.049643039703369
1788678799165964000,22.871964111328126,-0.9941913485527039,-0.09419471770524979,0.024045666679739952,0.0461825393140316,0.03984410688281059,-0.19066931307315826,3.052565336227417
1788678799181863700,22.88786376953125,-0.9937155842781067,-0.09942670911550522,0.02533928118646145,0.04474114626646042,0.04232965037226677,-0.20122642815113068,3.0558793544769287
1788678799197732900,22.90373291015625,-0.9935778975486755,-0.10142078995704651,0.026347290724515915,0.04269248992204666,0.04464782029390335,-0.2052261382341385,3.060307025909424
1788678799213602000,22.91960205078125,-0.9939166307449341,-0.09879748523235321,0.027667421847581863,0.040041521191596985,0.0480617955327034,-0.19993805885314941,3.065884590148926
1788678799229501700,22.935501708984376,-0.9945573806762695,-0.09273500740528107,0.029814664274454117,0.03697149455547333,0.05341140925884247,-0.18776652216911316,3.072309732437134
1788678799245371000,22.951370849609376,-0.9951456785202026,-0.08669977635145187,0.03228127211332321,0.03355931118130684,0.059377700090408325,-0.17562595009803772,3.0794012546539307
1788678799261301000,22.967301025390626,-0.9953529834747314,-0.08539290726184845,0.03284914791584015,0.030025647953152657,0.06121459975838661,-0.17282383143901825,3.0865838527679443
1788678799277261600,22.983261474609375,-0.9951193928718567,-0.08968188613653183,0.0313883014023304,0.02663395181298256,0.058686453849077225,-0.1811494678258896,3.0934078693389893
1788678799293161200,22.9991611328125,-0.9944697022438049,-0.09809935092926025,0.029146580025553703,0.023605339229106903,0.05442678928375244,-0.19777652621269226,3.099529504776001
1788678799309060900,23.015060791015625,-0.9936820268630981,-0.1068367063999176,0.02721012383699417,0.02101564034819603,0.05077766254544258,-0.2151225060224533,3.1047844886779785
1788678799324960500,23.03096044921875,-0.9930515885353088,-0.11315181851387024,0.026197990402579308,0.018946439027786255,0.04902876541018486,-0.2276860624551773,3.109046220779419
1788678799340829700,23.04682958984375,-0.9927095174789429,-0.11628042906522751,0.026573752984404564,0.01733902469277382,0.050112802535295486,-0.23391421139240265,3.1125526428222656
1788678799356729300,23.062729248046875,-0.9927443861961365,-0.11569027602672577,0.02870064228773117,0.01583367958664894,0.054825685918331146,-0.23270516097545624,3.1161062717437744
1788678799372598500,23.0785986328125,-0.9930585622787476,-0.11236120015382767,0.03169045224785805,0.014334045350551605,0.06131630390882492,-0.2259896993637085,3.1196863651275635
1788678799388498200,23.094498291015626,-0.9935773015022278,-0.10703155398368835,0.03441315144300461,0.012814775109291077,0.06724199652671814,-0.21522808074951172,3.123065710067749
1788678799404397800,23.110397705078125,-0.9942226409912109,-0.10076060891151428,0.03535056859254837,0.010916939936578274,0.06956930458545685,-0.20251013338565826,3.126703977584839
1788678799420297500,23.12629736328125,-0.9947783946990967,-0.09541358798742294,0.03500782325863838,0.009314564056694508,0.06919367611408234,-0.1916540414094925,3.1295199394226074
1788678799436258300,23.14225830078125,-0.9950843453407288,-0.0925319567322731,0.03426790609955788,0.008409788832068443,0.06786169856786728,-0.18579770624637604,3.1310153007507324
1788678799452127200,23.158127197265625,-0.9951207041740417,-0.09233356267213821,0.03379400819540024,0.008209360763430595,0.06693826615810394,-0.18538092076778412,3.1313185691833496
1788678799468027000,23.17402685546875,-0.9949153661727905,-0.09440115094184875,0.03407714515924454,0.008410054259002209,0.06747877597808838,-0.18954849243164062,3.131103754043579
1788678799483926800,23.1899267578125,-0.9946132898330688,-0.09726760536432266,0.0347435437142849,0.008744356222450733,0.06877272576093674,-0.19533474743366241,3.1307506561279297
1788678799499857000,23.20585693359375,-0.9943711161613464,-0.09949313849210739,0.035288505256175995,0.009056642651557922,0.06982266902923584,-0.1998327225446701,3.1303799152374268
1788678799515756500,23.221756591796876,-0.9942971467971802,-0.10015687346458435,0.03547398000955582,0.009132233448326588,0.07018595188856125,-0.20117351412773132,3.130310535430908
1788678799531625700,23.237625732421876,-0.9944104552268982,-0.09913317859172821,0.03517158329486847,0.009136047214269638,0.06956810504198074,-0.1991138905286789,3.1301701068878174
1788678799547464200,23.253464111328125,-0.9946153163909912,-0.09722835570573807,0.03469274193048477,0.009133124724030495,0.0685923621058464,-0.19528214633464813,3.1299493312835693
1788678799563333400,23.26933349609375,-0.9948394298553467,-0.09503909945487976,0.03433254361152649,0.009127918630838394,0.06785934418439865,-0.19088108837604523,3.1297414302825928
1788678799579202600,23.28520263671875,-0.9950783848762512,-0.09288346022367477,0.03336819261312485,0.008846228010952473,0.06595557183027267,-0.1865226775407791,3.1299843788146973
1788678799595102200,23.301102294921876,-0.9953204989433289,-0.09091152250766754,0.031533610075712204,0.008832642808556557,0.06223970279097557,-0.18254132568836212,3.1295430660247803
1788678799611001900,23.317001953125,-0.9956092238426208,-0.08848956972360611,0.0265621580183506,0.01505072321742773,0.051055360585451126,-0.17793913185596466,3.1159162521362305
1788678799626901500,23.332901611328126,-0.9959584474563599,-0.08545134216547012,0.02280324138700962,0.015646621584892273,0.04340021312236786,-0.17176897823810577,3.1139121055603027
1788678799642770700,23.348770751953126,-0.995916485786438,-0.08613243699073792,0.021142302080988884,0.01687115803360939,0.03981120511889458,-0.1731385588645935,3.111170768737793
1788678799658670300,23.36467041015625,-0.995749831199646,-0.08771810680627823,0.02048029564321041,0.019194643944501877,0.038017984479665756,-0.17639006674289703,3.1064064502716064
1788678799674539500,23.38053955078125,-0.995518147945404,-0.08962515741586685,0.020540114492177963,0.02211400307714939,0.03754974529147148,-0.18033118546009064,3.1005680561065674
1788678799690378000,23.3963779296875,-0.99526447057724,-0.09164899587631226,0.02066846191883087,0.02493831142783165,0.03721003234386444,-0.18450592458248138,3.0949320793151855
1788678799706277600,23.412277587890625,-0.9949305653572083,-0.09448634833097458,0.02066834643483162,0.027538878843188286,0.036591626703739166,-0.19029958546161652,3.0897409915924072
1788678799722177300,23.42817724609375,-0.9944658279418945,-0.09864650666713715,0.02004070021212101,0.0300848837941885,0.03461192548274994,-0.19871217012405396,3.084557056427002
1788678799738077000,23.444076904296875,-0.9939402937889099,-0.10328765213489532,0.018528155982494354,0.0327279157936573,0.030738472938537598,-0.20803359150886536,3.0789706707000732
1788678799753946000,23.459946044921875,-0.9935469627380371,-0.1065412163734436,0.01598929613828659,0.035466212779283524,0.024785399436950684,-0.21448223292827606,3.0728981494903564
1788678799769907000,23.475906982421876,-0.9935516119003296,-0.10620929300785065,0.012230672873556614,0.037753183394670486,0.016663551330566406,-0.21359270811080933,3.0674192905426025
1788678799785776000,23.491776123046876,-0.9940146207809448,-0.10178593546152115,0.00790583435446024,0.03888557478785515,0.007966931909322739,-0.2043883353471756,3.0642101764678955
1788678799801645000,23.50764501953125,-0.9945910573005676,-0.09603942930698395,0.004617695696651936,0.03929002955555916,0.001669521676376462,-0.19259114563465118,3.0627875328063965
1788678799817544700,23.523544677734375,-0.9948668479919434,-0.09288009256124496,0.0030068198684602976,0.040052998811006546,-0.0014830962754786015,-0.1861201971769333,3.060978412628174
1788678799833475000,23.53947509765625,-0.9946448802947998,-0.09445074945688248,0.0031523266807198524,0.04184114187955856,-0.001662659808062017,-0.18928192555904388,3.057351589202881
1788678799849344300,23.55534423828125,-0.9940627813339233,-0.09913836419582367,0.004849802237004042,0.04458051919937134,0.0008188714855350554,-0.19883960485458374,3.0520408153533936
1788678799865182700,23.5711826171875,-0.9934584498405457,-0.10363876074552536,0.006687697488814592,0.047482866793870926,0.00352172227576375,-0.20805445313453674,3.0464420318603516
1788678799881082400,23.587082275390625,-0.9931077361106873,-0.10577124357223511,0.007863541133701801,0.04987771064043045,0.005184021312743425,-0.21246376633644104,3.0417821407318115
1788678799896982000,23.60298193359375,-0.9931952953338623,-0.10431936383247375,0.007659032475203276,0.051206111907958984,0.004631569143384695,-0.20953325927257538,3.0390570163726807
1788678799912881700,23.618881591796875,-0.993578314781189,-0.10045469552278519,0.006322263740003109,0.051682330667972565,0.002224941737949848,-0.20163626968860626,3.0378787517547607
1788678799928750800,23.634750732421875,-0.9940963983535767,-0.09515612572431564,0.005288253538310528,0.05186230316758156,0.0006559510948136449,-0.19089452922344208,3.0374093055725098
1788678799944620000,23.6506201171875,-0.9946191310882568,-0.08948268741369247,0.005190527532249689,0.051949165761470795,0.0010448833927512169,-0.17950411140918732,3.037321090698242
1788678799960489200,23.6664892578125,-0.9950799345970154,-0.08435623347759247,0.005697418004274368,0.051647864282131195,0.0026632030494511127,-0.16927820444107056,3.0381052494049072
1788678799976388900,23.682388916015626,-0.9954163432121277,-0.08066209405660629,0.006163204088807106,0.05100944638252258,0.004094419535249472,-0.16192011535167694,3.0395257472991943
1788678799992288500,23.69828857421875,-0.9955512285232544,-0.07926420867443085,0.00665622903034091,0.05050482228398323,0.005313979461789131,-0.15916670858860016,3.040642261505127
1788678800008157700,23.71415771484375,-0.9954984784126282,-0.07990659028291702,0.0070752487517893314,0.0504753403365612,0.006098590325564146,-0.16049619019031525,3.0407626628875732
1788678800024057300,23.730057373046876,-0.9953784942626953,-0.08136077970266342,0.007118446286767721,0.05051214247941971,0.006032080855220556,-0.16341501474380493,3.040680170059204
1788678800039957000,23.74595703125,-0.9953385591506958,-0.08191198855638504,0.007201796863228083,0.05039689689874649,0.006163503043353558,-0.16452749073505402,3.040921449661255
1788678800055826200,23.761826171875,-0.9953930377960205,-0.08144966512918472,0.007344042882323265,0.05004843696951866,0.00655515119433403,-0.1636129766702652,3.041654586791992
1788678800071695000,23.777695068359375,-0.995469868183136,-0.0807822197675705,0.007351153064519167,0.049598824232816696,0.006710504647344351,-0.16227297484874725,3.042571544647217
1788678800087564300,23.793564208984375,-0.995538592338562,-0.08092787116765976,0.006400685291737318,0.04809151962399483,0.005026580765843391,-0.1624630093574524,3.0454628467559814
1788678800111368200,23.8173681640625,-0.9953431487083435,-0.08389018476009369,0.0020726483780890703,0.04743589833378792,-0.0038875516038388014,-0.16798461973667145,3.0460216999053955
1788678800127298300,23.83329833984375,-0.9954745173454285,-0.08253151178359985,0.002137967851012945,0.04705958440899849,-0.0035597237292677164,-0.16526857018470764,3.046821117401123
1788678800143198000,23.849197998046876,-0.9957970380783081,-0.07886889576911926,0.004496445879340172,0.0463448166847229,0.001665552263148129,-0.15815003216266632,3.048710823059082
1788678800159067100,23.865067138671876,-0.9961192011833191,-0.07511095702648163,0.006986717693507671,0.04534446448087692,0.0071891723200678825,-0.15084394812583923,3.051156520843506
1788678800174936000,23.88093603515625,-0.9963610768318176,-0.07275662571191788,0.00777865806594491,0.043710459023714066,0.009238923899829388,-0.14618384838104248,3.0545852184295654
1788678800190835700,23.896835693359375,-0.9965822696685791,-0.07070292532444,0.008353845216333866,0.041893064975738525,0.010836091823875904,-0.1421002447605133,3.058339834213257
1788678800206766000,23.91276611328125,-0.9967678189277649,-0.0687648355960846,0.01043933629989624,0.04020611196756363,0.015429728664457798,-0.13836568593978882,3.062032699584961
1788678800222604500,23.9286044921875,-0.9968642592430115,-0.06759032607078552,0.01409146934747696,0.03866139054298401,0.02308431640267372,-0.13626767694950104,3.065640926361084
1788678800238473700,23.9444736328125,-0.9967820048332214,-0.06849389523267746,0.018527040258049965,0.03729623928666115,0.03213836997747421,-0.1383700668811798,3.069021463394165
1788678800262308000,23.96830810546875,-0.9962864518165588,-0.0742901936173439,0.024895166978240013,0.03570133447647095,0.04482154920697212,-0.15037226676940918,3.073331356048584
1788678800278146600,23.984146484375,-0.9959814548492432,-0.07795510441064835,0.027733566239476204,0.03427821025252342,0.05054953694343567,-0.1578395515680313,3.0767853260040283
1788678800294107400,24.000107421875,-0.9960129261016846,-0.0776987373828888,0.029460545629262924,0.03245363011956215,0.05434058979153633,-0.1573384702205658,3.08073353767395
1788678800309945900,24.01594580078125,-0.9964336156845093,-0.07271887362003326,0.030493080615997314,0.030035868287086487,0.057048551738262177,-0.14728273451328278,3.08553409576416
1788678800325815000,24.03181494140625,-0.9971172213554382,-0.06316810101270676,0.032274167984724045,0.026936974376440048,0.061501190066337585,-0.1280604749917984,3.0915205478668213
1788678800341653800,24.04765380859375,-0.9976504445075989,-0.053884606808423996,0.03455093130469322,0.024418501183390617,0.0667564645409584,-0.10942158848047256,3.0963077545166016
1788678800357553400,24.063553466796876,-0.9978315830230713,-0.050638388842344284,0.035637266933918,0.022316159680485725,0.0692809447646141,-0.10282885283231735,3.1004374027252197
1788678800373422600,24.079422607421876,-0.9976919293403625,-0.054583653807640076,0.034793462604284286,0.020518839359283447,0.067650705575943,-0.1105683371424675,3.1042110919952393
1788678800389291800,24.095291748046876,-0.9972671270370483,-0.06396102160215378,0.03199787065386772,0.018532441928982735,0.0620056688785553,-0.12911690771579742,3.108440399169922
1788678800405160700,24.11116064453125,-0.9967175722122192,-0.07386945188045502,0.0287479218095541,0.01646493934094906,0.055515848100185394,-0.14874856173992157,3.1126949787139893
1788678800421060400,24.127060302734375,-0.9962383508682251,-0.08121282607316971,0.026449237018823624,0.014632170088589191,0.051023613661527634,-0.16331368684768677,3.116396427154541
1788678800436960000,24.1429599609375,-0.9960000514984131,-0.08470173180103302,0.025296691805124283,0.013024228624999523,0.04891063645482063,-0.17020542919635773,3.119614362716675
1788678800452890400,24.158890380859376,-0.9960638284683228,-0.08425156772136688,0.025106817483901978,0.01132801454514265,0.048823632299900055,-0.1692150980234146,3.1229896545410156
1788678800468790000,24.1747900390625,-0.996362566947937,-0.08058768510818481,0.02599276788532734,0.00957189779728651,0.05094069987535477,-0.1617916226387024,3.1265103816986084
1788678800484659200,24.1906591796875,-0.9967805743217468,-0.07485859841108322,0.027667053043842316,0.007704461924731731,0.054644808173179626,-0.1502259224653244,3.1302475929260254
1788678800500589300,24.20658935546875,-0.9971950054168701,-0.0685097947716713,0.029551031067967415,0.005943236872553825,0.0587087981402874,-0.13741858303546906,3.133714199066162
1788678800516489000,24.222489013671876,-0.9975076913833618,-0.06325078010559082,0.030971212312579155,0.004306006245315075,0.061778221279382706,-0.12679246068000793,3.1368820667266846
1788678800532388600,24.238388671875,-0.9976556301116943,-0.060500502586364746,0.03182017058134079,0.003251871094107628,0.06360699981451035,-0.12122093886137009,3.138934850692749
1788678800548288300,24.254288330078126,-0.9976208806037903,-0.060565266758203506,0.03279956802725792,0.002937749959528446,0.06561633944511414,-0.121332548558712,3.1396901607513428
1788678800564188000,24.27018798828125,-0.9974483847618103,-0.06252264231443405,0.03433176502585411,0.0030094648245722055,0.06870390474796295,-0.1252601593732834,3.1398684978485107
1788678800580057000,24.28605712890625,-0.9972890615463257,-0.06451430916786194,0.035280413925647736,0.002789213554933667,0.0706571713089943,-0.12923508882522583,3.140573024749756
1788678800595926300,24.30192626953125,-0.9972488284111023,-0.06539617478847504,0.03485660254955292,0.001790927373804152,0.06994234770536423,-0.13093113899230957,-3.140597105026245
1788678800611826000,24.317825927734376,-0.9972907900810242,-0.06524693220853806,0.03395944461226463,0.0008748521795496345,0.06825423985719681,-0.1305704563856125,-3.138883113861084
1788678800627694800,24.33369482421875,-0.9974045157432556,-0.06408358365297318,0.032810308039188385,0.0010319881839677691,0.06590664386749268,-0.12825356423854828,-3.1394283771514893
1788678800643533600,24.349533447265625,-0.9975831508636475,-0.06099040433764458,0.033212799578905106,0.0022450387477874756,0.0665355920791626,-0.12213857471942902,3.1411614418029785
1788678800659433200,24.36543310546875,-0.997852087020874,-0.055706363171339035,0.03442544490098953,0.0017352934228256345,0.06899265944957733,-0.11152393370866776,-3.1412179470062256
1788678800675302400,24.381302490234376,-0.9981697797775269,-0.04937055706977844,0.03491687402129173,0.0008182608289644122,0.07002340257167816,-0.09877808392047882,-3.1397695541381836
1788678800691171600,24.397171630859376,0.9984240531921387,0.04376457631587982,-0.03512898087501526,0.00008560363494325429,0.07048247754573822,-0.0874968022108078,-3.1383345127105713
1788678800707071200,24.4130712890625,0.9985944628715515,0.03984563425183296,-0.034934673458337784,0.001009827246889472,0.07013092935085297,-0.07959271222352982,-3.1367766857147217
1788678800722940400,24.4289404296875,0.998715341091156,0.0387907512485981,-0.03255707770586014,0.0017226306954398751,0.0654066875576973,-0.0774470642209053,-3.135607957839966
1788678800738840000,24.444840087890626,0.9987125992774963,0.04077507182955742,-0.030138779431581497,0.001465660985559225,0.06055711209774017,-0.0814468264579773,-3.1361894607543945
1788678800754678500,24.460678466796875,0.9985879063606262,0.045014940202236176,-0.02821425534784794,0.00006267129356274381,0.056613825261592865,-0.09002074599266052,-3.138916492462158
1788678800770578200,24.476578125,-0.99840247631073,-0.04961854964494705,0.02698579616844654,0.0015011811628937721,0.05402882769703865,-0.09932280331850052,3.1412715911865234
1788678800786477800,24.492477783203125,-0.9981744885444641,-0.05403163284063339,0.02681869827210903,0.0030134611297398806,0.053552672266960144,-0.10823885351419449,3.1384565830230713
1788678800802347000,24.508346923828125,-0.9978984594345093,-0.05835985392332077,0.027699600905179977,0.005049720872193575,0.05509788170456886,-0.11702106148004532,3.134700298309326
1788678800818216200,24.52421630859375,-0.9975245594978333,-0.06335955858230591,0.02938217483460903,0.008195540867745876,0.058082204312086105,-0.12723001837730408,3.128862142562866
1788678800834055000,24.540054931640626,-0.997020959854126,-0.06934262812137604,0.03134151175618172,0.012594183906912804,0.061384253203868866,-0.13951370120048523,3.1206207275390625
1788678800849924000,24.555924072265626,-0.9964620471000671,-0.0754883661866188,0.032360900193452835,0.017827296629548073,0.06256473809480667,-0.15218313038349152,3.110586643218994
1788678800865793000,24.57179296875,-0.9960474371910095,-0.0804862231016159,0.029973618686199188,0.022655192762613297,0.056841619312763214,-0.16240732371807098,3.1007375717163086
1788678800881662200,24.587662109375,-0.995981752872467,-0.0827416479587555,0.023771170526742935,0.024683762341737747,0.04388932138681412,-0.16676375269889832,3.0957047939300537
1788678800897561900,24.603561767578125,-0.9961850047111511,-0.08250551670789719,0.01750008389353752,0.022408466786146164,0.031608302146196365,-0.16592612862586975,3.099240303039551
1788678800913461500,24.61946142578125,-0.9962929487228394,-0.08256230503320694,0.014922484755516052,0.019006526097655296,0.026969121769070625,-0.16583885252475739,3.105684280395508
1788678800929422300,24.63542236328125,-0.9960361123085022,-0.08541738986968994,0.017080802470445633,0.018010081723332405,0.031416021287441254,-0.17161400616168976,3.10813570022583
1788678800945322000,24.651322021484376,-0.9954325556755066,-0.09086038917303085,0.021739985793828964,0.019643766805529594,0.040395256131887436,-0.1827605962753296,3.105832099914551
1788678800961221600,24.6672216796875,-0.9947622418403625,-0.09629668295383453,0.02565862610936165,0.02273130789399147,0.047580424696207047,-0.19396506249904633,3.1005284786224365
1788678800977121300,24.683121337890626,-0.9942691922187805,-0.09997066855430603,0.02733473852276802,0.026220308616757393,0.0501498207449913,-0.2015916109085083,3.093935012817383
1788678800993021000,24.69902099609375,-0.9941184520721436,-0.10088982433080673,0.02706940285861492,0.028586389496922493,0.04908481612801552,-0.2035430520772934,3.089111328125
1788678801008951000,24.714950927734375,-0.9941772222518921,-0.10055820643901825,0.025052277371287346,0.029531987383961678,0.044806480407714844,-0.2028125673532486,3.0867602825164795
1788678801024850700,24.7308505859375,-0.9943837523460388,-0.09928792715072632,0.022114548832178116,0.0292198546230793,0.0389653779566288,-0.2000853419303894,3.0867514610290527
1788678801040750300,24.746750244140625,-0.9946525692939758,-0.0976763442158699,0.01902538165450096,0.0276363305747509,0.03309200704097748,-0.19662414491176605,3.089301347732544
1788678801056650000,24.76264990234375,-0.9949562549591064,-0.09566880017518997,0.01643177680671215,0.025290779769420624,0.028386175632476807,-0.19238831102848053,3.0935049057006836
1788678801072519200,24.778519287109376,-0.9952719807624817,-0.09315175563097,0.01460467092692852,0.02330518327653408,0.025171760469675064,-0.18719474971294403,3.097132444381714
1788678801088418800,24.794418701171875,-0.9955680966377258,-0.09028465300798416,0.014153451658785343,0.02219509705901146,0.024579385295510292,-0.18139037489891052,3.099247694015503
1788678801104288000,24.8102880859375,-0.9958228468894958,-0.08748134970664978,0.014769287779927254,0.02158430963754654,0.026042915880680084,-0.17577315866947174,3.1005446910858154
1788678801120218000,24.826218017578125,-0.9960052967071533,-0.08518104255199432,0.01604665443301201,0.02145383320748806,0.028734173625707626,-0.17120520770549774,3.100985527038574
1788678801136087300,24.84208740234375,-0.996089518070221,-0.08386241644620895,0.01732717454433441,0.02173677086830139,0.03132232278585434,-0.16862013936042786,3.100602626800537
1788678801151956500,24.85795654296875,-0.9960806965827942,-0.0837114229798317,0.018335236236453056,0.02189972996711731,0.033337708562612534,-0.168364018201828,3.1004412174224854
1788678801167825700,24.87382568359375,-0.9959967136383057,-0.08450372517108917,0.01927724853157997,0.02186531201004982,0.03521956875920296,-0.1699913889169693,3.100694417953491
1788678801183725300,24.889725341796876,-0.9958718419075012,-0.08563452959060669,0.020275529474020004,0.022249417379498482,0.037131331861019135,-0.17231574654579163,3.1001243591308594
1788678801199625000,24.905625,-0.9958027005195618,-0.08634141832590103,0.02085409313440323,0.022074665874242783,0.038307223469018936,-0.17375165224075317,3.1006011962890625
1788678801215524600,24.921524658203126,-0.9958246350288391,-0.08640646934509277,0.02052275836467743,0.021123522892594337,0.03780230134725571,-0.17383255064487457,3.1024692058563232
1788678801231424300,24.93742431640625,-0.9959429502487183,-0.08630282431840897,0.01905011385679245,0.01692909374833107,0.035564422607421875,-0.1734182983636856,3.110691547393799
1788678801247293400,24.95329345703125,-0.9960044026374817,-0.08627425879240036,0.017114482820034027,0.015467103570699692,0.0319063775241375,-0.17325396835803986,3.1133079528808594
1788678801263193000,24.969193115234376,-0.9960460066795349,-0.08638789504766464,0.01535016018897295,0.01392372790724039,0.028606008738279343,-0.1733875572681427,3.1161227226257324
1788678801279092700,24.9850927734375,-0.9960741400718689,-0.08645540475845337,0.01451223623007536,0.012297872453927994,0.027195492759346962,-0.17345744371414185,3.1192660331726074
1788678801294992400,25.000992431640626,-0.9961165189743042,-0.086134172976017,0.014920865185558796,0.010494648478925228,0.02834365703165531,-0.17277076840400696,3.1229770183563232
1788678801310892000,25.01689208984375,-0.9961639642715454,-0.08554413914680481,0.0163732897490263,0.008458341471850872,0.031643521040678024,-0.17154914140701294,3.1273324489593506
1788678801326761200,25.03276123046875,-0.9962000250816345,-0.08497206121683121,0.01810891553759575,0.0061211250722408295,0.03556203842163086,-0.17034263908863068,3.132340431213379
1788678801342660900,25.048660888671876,-0.996230959892273,-0.08453124761581421,0.019161056727170944,0.003371518338099122,0.03816283121705055,-0.16936300694942474,3.138063907623291
1788678801358530000,25.064530029296876,-0.9962568879127502,-0.08425059169530869,0.019338062033057213,0.0004833245475310832,0.03901343047618866,-0.16868802905082703,-3.1392641067504883
1788678801374429700,25.0804296875,0.996222972869873,0.08441738784313202,-0.020269451662898064,0.0016844674246385694,0.04126919433474541,-0.16893112659454346,-3.134716272354126
1788678801390359800,25.09635986328125,0.9960817694664001,0.08537336438894272,-0.022893209010362625,0.002914842450991273,0.046802353113889694,-0.17077308893203735,-3.1317331790924072
1788678801406290000,25.1122900390625,0.9958950281143188,0.0863882377743721,-0.026868481189012527,0.002895947778597474,0.054860569536685944,-0.17276985943317413,-3.1310248374938965
1788678801422220000,25.128219970703125,0.9957622289657593,0.08647395670413971,-0.031106874346733093,0.003496315097436309,0.06354387104511261,-0.17285701632499695,-3.1290626525878906
1788678801438089200,25.144089111328125,0.9958680868148804,0.0843077078461647,-0.03317447006702423,0.006201845593750477,0.06813516467809677,-0.16830062866210938,-3.1233882904052734
1788678801453928000,25.159927978515626,0.9962985515594482,0.07925292104482651,-0.0309313852339983,0.01230898592621088,0.06442947685718536,-0.15781189501285553,-3.111788272857666
1788678801469797000,25.175797119140626,0.9967851042747498,0.07307225465774536,-0.026330148801207542,0.01966196298599243,0.05598210543394089,-0.1451483964920044,-3.0980758666992188
1788678801485727200,25.191727294921876,0.9970972537994385,0.06806682795286179,-0.022092826664447784,0.026000075042247772,0.048052411526441574,-0.1349993348121643,-3.0862038135528564
1788678801501627000,25.207626953125,0.9971479177474976,0.06601990014314651,-0.02067897655069828,0.030162334442138672,0.04562801122665405,-0.13078831136226654,-3.078125238418579
1788678801517496000,25.22349609375,0.996961236000061,0.06717563420534134,-0.023180661723017693,0.03191137686371803,0.0509788915514946,-0.13285402953624725,-3.074205160140991
1788678801533395700,25.239395751953126,0.9966446757316589,0.0696793869137764,-0.027754569426178932,0.032772764563560486,0.06049764156341553,-0.13750489056110382,-3.071682929992676
1788678801549295400,25.25529541015625,0.9963432550430298,0.07181762903928757,-0.03188880905508995,0.033550065010786057,0.06910793483257294,-0.14144140481948853,-3.0693743228912354
1788678801565256000,25.271255859375,0.9962056875228882,0.07232040911912918,-0.03408881649374962,0.03437817841768265,0.0737016573548317,-0.14222721755504608,-3.067349433898926
1788678801581186300,25.287186279296876,0.9961877465248108,0.07192575931549072,-0.034413281828165054,0.035389985889196396,0.07446572929620743,-0.14133745431900024,-3.065298080444336
1788678801597086000,25.3030859375,0.9962270259857178,0.0714501217007637,-0.0326809287071228,0.03685848042368889,0.07114189863204956,-0.14041288197040558,-3.0626254081726074
1788678801612955000,25.318954833984375,0.9962650537490845,0.07108467072248459,-0.029883820563554764,0.03885788843035698,0.06575699150562286,-0.13977055251598358,-3.059020519256592
1788678801636819700,25.34281982421875,0.9962587952613831,0.07030729204416275,-0.02511495351791382,0.04352552443742752,0.05673450231552124,-0.13834309577941895,-3.0503385066986084
1788678801652689000,25.35868896484375,0.9961624145507812,0.06996647268533707,-0.023106394335627556,0.047236014157533646,0.05317306891083717,-0.13764728605747223,-3.043161392211914
1788678801668558000,25.37455810546875,0.9960140585899353,0.07022856175899506,-0.023052889853715897,0.049926213920116425,0.05346829071640968,-0.13803330063819885,-3.0377275943756104
1788678801684457700,25.390457763671876,0.9958474636077881,0.0712674930691719,-0.024892358109354973,0.05088357254862785,0.057422664016485214,-0.139865443110466,-3.0354666709899902
1788678801700327000,25.406326904296876,0.9957174062728882,0.0728040486574173,-0.027475135400891304,0.049916822463274,0.06266095489263535,-0.1427256464958191,-3.0369327068328857
1788678801716195800,25.42219580078125,0.9956269860267639,0.07437799870967865,-0.029293393716216087,0.048340871930122375,0.06627261638641357,-0.1457892507314682,-3.0397212505340576
1788678801732095500,25.438095458984375,0.9955659508705139,0.07583503425121307,-0.02972198836505413,0.047055434435606,0.067108154296875,-0.14874832332134247,-3.042130708694458
1788678801747995100,25.4539951171875,0.9955255389213562,0.07723066210746765,-0.028473924845457077,0.04640619084239006,0.06464803963899612,-0.15170873701572418,-3.043515682220459
1788678801763895000,25.46989501953125,0.9954657554626465,0.0788867175579071,-0.02681189961731434,0.04589001461863518,0.06139712780714035,-0.15521979331970215,-3.0446836948394775
1788678801779794700,25.485794677734376,0.9953688383102417,0.08103141188621521,-0.0258178748190403,0.04481321945786476,0.05945001170039177,-0.1596759706735611,-3.0468521118164062
1788678801795755300,25.50175537109375,0.9952263236045837,0.08368116617202759,-0.026021888479590416,0.04295406863093376,0.05983281880617142,-0.1650766134262085,-3.050374746322632
1788678801811624400,25.51762451171875,0.9949962496757507,0.08709466457366943,-0.028056859970092773,0.04012169688940048,0.06380487978458405,-0.17191188037395477,-3.0554895401000977
1788678801827493600,25.53349365234375,0.9946581125259399,0.0909901112318039,-0.031124643981456757,0.03751486539840698,0.0699249804019928,-0.17963740229606628,-3.0598957538604736
1788678801843362800,25.54936279296875,0.9943431615829468,0.09417492896318436,-0.03339468687772751,0.036023400723934174,0.07454953342676163,-0.18594813346862793,-3.062213182449341
1788678801859262500,25.565262451171876,0.9942032098770142,0.09579852968454361,-0.033367034047842026,0.03562645986676216,0.07457226514816284,-0.1892363429069519,-3.0628745555877686
1788678801875131400,25.58113134765625,0.994271457195282,0.0957791656255722,-0.03112116828560829,0.03580605238676071,0.07005321979522705,-0.18936198949813843,-3.062943696975708
1788678801891000600,25.59700048828125,0.9944746494293213,0.09474524855613708,-0.02794232964515686,0.03553661331534386,0.06346455216407776,-0.1875552088022232,-3.0641839504241943
1788678801906930700,25.6129306640625,0.9946749210357666,0.09370645135641098,-0.025754757225513458,0.03431800380349159,0.058709517121315,-0.18571287393569946,-3.067147731781006
1788678801930765000,25.63676513671875,0.9947559237480164,0.09413319826126099,-0.02744550071656704,0.029091568663716316,0.06118156760931015,-0.1867661476135254,-3.077387809753418
1788678801946664700,25.652664794921876,0.994757354259491,0.09465489536523819,-0.02943447045981884,0.025136379525065422,0.06449856609106064,-0.1879420429468155,-3.08498477935791
1788678801962534000,25.668533935546876,0.9948718547821045,0.09408921003341675,-0.02867157943546772,0.023565297946333885,0.06261478364467621,-0.18694919347763062,-3.0883560180664062
1788678801978403000,25.684403076171876,0.9951231479644775,0.09264743328094482,-0.023851288482546806,0.024032648652791977,0.052841994911432266,-0.18428613245487213,-3.0884172916412354
1788678801994272000,25.70027197265625,0.9953659176826477,0.09153861552476883,-0.015765909105539322,0.02487599290907383,0.036554694175720215,-0.18245507776737213,-3.0882749557495117
1788678802010172000,25.716171875,0.9954215884208679,0.09203600883483887,-0.00785374641418457,0.024570651352405548,0.02050543949007988,-0.18387776613235474,-3.0903446674346924
1788678802026071600,25.732071533203126,0.9952172040939331,0.09515463560819626,-0.0037020344752818346,0.02178790792822838,0.011727257631719112,-0.19038580358028412,-3.0966947078704834
1788678802041940500,25.7479404296875,0.9948704242706299,0.09960634261369705,-0.00374782201834023,0.017244961112737656,0.011112986132502556,-0.19937989115715027,-3.1058168411254883
1788678802057809700,25.7638095703125,0.9945080876350403,0.10368949174880981,-0.0058773295022547245,0.012947657145559788,0.014691058546304703,-0.20757532119750977,-3.114025592803955
1788678802073678800,25.779678955078126,0.9943181276321411,0.10568936914205551,-0.007742529734969139,0.010059642605483532,0.017924176529049873,-0.21159738302230835,-3.119455575942993
1788678802089517600,25.795517578125,0.9943916201591492,0.10514350235462189,-0.008010081015527248,0.008134338073432446,0.018040133640170097,-0.21052907407283783,-3.123326539993286
1788678802105417200,25.811417236328126,0.9945597052574158,0.10375820845365524,-0.00608777953311801,0.006951959803700447,0.013850345276296139,-0.20779497921466827,-3.126168727874756
1788678802121316900,25.82731689453125,0.9947893023490906,0.10171239078044891,-0.002801782451570034,0.006404136773198843,0.007022423204034567,-0.20373544096946716,-3.1279995441436768
1788678802137216500,25.843216552734376,0.9950635433197021,0.09900335967540741,0.0005568354390561581,0.006823968142271042,0.000247877644142136,-0.19833460450172424,-3.12785267829895
1788678802153085700,25.859085693359376,0.9953950047492981,0.09554532170295715,0.002459871117025614,0.0073395068757236,-0.003559594275429845,-0.1914135068655014,-3.127187728881836
1788678802168954600,25.87495458984375,0.9957985281944275,0.09121616184711456,0.002161964075639844,0.007763450033962727,-0.0029383732471615076,-0.18271435797214508,-3.126269817352295
1788678802184854300,25.890854248046875,0.9962496161460876,0.08606984466314316,0.0003303795529063791,0.008861467242240906,0.0008801697986200452,-0.17235197126865387,-3.123727321624756
1788678802200723500,25.906723388671875,0.9966556429862976,0.08109833300113678,-0.002120436169207096,0.009806227870285511,0.005894750822335482,-0.16232454776763916,-3.1214356422424316
1788678802216623000,25.922623046875,0.9969353079795837,0.07749561220407486,-0.0045531317591667175,0.009680232964456081,0.010707354173064232,-0.15504854917526245,-3.1213414669036865
1788678802232492300,25.9384921875,0.9970448017120361,0.07602450996637344,-0.006182992365211248,0.009145638905465603,0.013880658894777298,-0.15207204222679138,-3.122190237045288
1788678802248392000,25.954391845703125,0.9969987869262695,0.07665114849805832,-0.007146367337554693,0.00818272028118372,0.015688957646489143,-0.15332528948783875,-3.1239731311798096
1788678802264230700,25.970230712890626,0.9968361258506775,0.07878720015287399,-0.007614497095346451,0.007245614659041166,0.016528159379959106,-0.15761731564998627,-3.1257503032684326
1788678802280130300,25.98613037109375,0.9966437816619873,0.08120808750391006,-0.00758496904745698,0.0069976444356143475,0.016473254188895226,-0.16247886419296265,-3.126209259033203
1788678802296030000,26.002030029296876,0.9964898228645325,0.0830496996641159,-0.007086166180670261,0.007783052045851946,0.015631284564733505,-0.16616973280906677,-3.1246702671051025
1788678802311929600,26.0179296875,0.9963834881782532,0.08417616039514542,-0.006527575198560953,0.009584533050656319,0.014831893146038055,-0.16841334104537964,-3.1211025714874268
1788678802327798800,26.033798828125,0.9963229894638062,0.08459862321615219,-0.00631008530035615,0.011997098103165627,0.01481582596898079,-0.16923029720783234,-3.1162543296813965
1788678802343668000,26.04966796875,0.9963018894195557,0.08441639691591263,-0.0061988080851733685,0.014770346693694592,0.015060162171721458,-0.168826162815094,-3.1106700897216797
1788678802359537000,26.065536865234375,0.9963066577911377,0.08374945819377899,-0.005934011656790972,0.017995385453104973,0.015049451030790806,-0.16744813323020935,-3.1042094230651855
1788678802375406000,26.081406005859375,0.9962632060050964,0.08347025513648987,-0.005530834197998047,0.021489450708031654,0.014814058318734169,-0.16685208678245544,-3.0972204208374023
1788678802391275300,26.097275146484375,0.9961585402488708,0.08341186493635178,-0.007976236753165722,0.025437725707888603,0.020418737083673477,-0.16654595732688904,-3.0888278484344482
1788678802407175000,26.1131748046875,0.9962042570114136,0.08089599013328552,-0.012576689012348652,0.029578140005469322,0.030239664018154144,-0.16113020479679108,-3.079786777496338
1788678802423074600,26.129074462890625,0.9963420033454895,0.07714509963989258,-0.015544777736067772,0.03331320360302925,0.03655238449573517,-0.15328973531723022,-3.07193922996521
1788678802438943700,26.14494384765625,0.9965225458145142,0.07261664420366287,-0.01855434477329254,0.036408230662345886,0.04272158816456795,-0.14387302100658417,-3.0654754638671875
1788678802454843400,26.160843505859376,0.9965043067932129,0.07139544934034348,-0.020150605589151382,0.038418155163526535,0.04612136632204056,-0.14121228456497192,-3.061262607574463
1788678802470743000,26.176742919921875,0.9964514374732971,0.07173710316419601,-0.022054197266697884,0.038107141852378845,0.04994076490402222,-0.141758531332016,-3.0615978240966797
1788678802486642700,26.192642578125,0.996377170085907,0.07219858467578888,-0.024396395310759544,0.0377449132502079,0.05464721471071243,-0.14251430332660675,-3.0619630813598633
1788678802502542300,26.208542236328125,0.9963657259941101,0.0716555193066597,-0.026309149339795113,0.03779783472418785,0.05845925584435463,-0.14127078652381897,-3.0616202354431152
1788678802518411500,26.22441162109375,0.9964478015899658,0.06932976096868515,-0.027111181989312172,0.03937123715877533,0.06008326634764671,-0.1364552527666092,-3.0585036277770996
1788678802534280700,26.24028076171875,0.9966017603874207,0.06500029563903809,-0.02649802900850773,0.04310121387243271,0.05893224477767944,-0.12762075662612915,-3.0513834953308105
1788678802550150000,26.25614990234375,0.996753990650177,0.059429820626974106,-0.025238903239369392,0.04808904603123665,0.05644088611006737,-0.11630844324827194,-3.041889190673828
1788678802565988400,26.27198828125,0.9968157410621643,0.05437710881233215,-0.024765262380242348,0.05280451476573944,0.055454980581998825,-0.10599081963300705,-3.0328028202056885
1788678802581857500,26.287857421875,0.9967808127403259,0.05106636881828308,-0.02595064416527748,0.05609721317887306,0.05777877941727638,-0.09905433654785156,-3.026289701461792
1788678802597757200,26.303757080078125,0.9966802000999451,0.049873724579811096,-0.029079582542181015,0.057408656924963,0.06403221935033798,-0.09622590243816376,-3.0234358310699463
1788678802613656800,26.31965673828125,0.9965319633483887,0.05034829303622246,-0.03367648273706436,0.05705351009964943,0.07327170670032501,-0.09665507078170776,-3.023668050765991
1788678802629587000,26.3355869140625,0.9963815212249756,0.0514623187482357,-0.038870323449373245,0.055358998477458954,0.08365897089242935,-0.0984073132276535,-3.0264647006988525
1788678802645486600,26.351486572265625,0.9962953329086304,0.05190709978342056,-0.04332374408841133,0.05314463749527931,0.09242699295282364,-0.09898632764816284,-3.0304276943206787
1788678802661355800,26.367355712890625,0.9963269233703613,0.05098649486899376,-0.045506179332733154,0.05159782990813255,0.09654319286346436,-0.09705469012260437,-3.033416748046875
1788678802677225000,26.383224853515625,0.9963884949684143,0.04982217773795128,-0.04579019919037819,0.05129271745681763,0.09694644063711166,-0.09472870081663132,-3.0341272354125977
1788678802693094100,26.39909423828125,0.9964499473571777,0.048970792442560196,-0.04464075341820717,0.05192943289875984,0.09460064023733139,-0.0930919498205185,-3.033048152923584
1788678802708963300,26.41496337890625,0.9964704513549805,0.048782575875520706,-0.04335872083902359,0.052791692316532135,0.09208757430315018,-0.0927758738398552,-3.031456470489502
1788678802724832500,26.43083251953125,0.9964136481285095,0.04923970624804497,-0.043229278177022934,0.053541459143161774,0.09195297211408615,-0.09363387525081635,-3.029916524887085
1788678802740671000,26.4466708984375,0.9963175654411316,0.049545809626579285,-0.044332146644592285,0.05414034053683281,0.09425824135541916,-0.09406506270170212,-3.028578758239746
1788678802756570600,26.462570556640625,0.9962349534034729,0.0489506870508194,-0.046428512781858444,0.05444544553756714,0.09841755777597427,-0.0926094502210617,-3.02783465385437
1788678802772470300,26.47847021484375,0.9961872100830078,0.047522708773612976,-0.048592209815979004,0.05469435825943947,0.10260207206010818,-0.0894869789481163,-3.0272974967956543
1788678802788339500,26.49433935546875,0.9961944222450256,0.04573710635304451,-0.050088610500097275,0.05473523959517479,0.10538429021835327,-0.08574791252613068,-3.0272891521453857
1788678802804208600,26.510208740234376,0.9962010979652405,0.04454540088772774,-0.05176013335585594,0.054038431495428085,0.10852942615747452,-0.08325441926717758,-3.0286850929260254
1788678802820047400,26.52604736328125,0.9963052868843079,0.04435911029577255,-0.05387137830257416,0.050060346722602844,0.1124095469713211,-0.08309237658977509,-3.0365073680877686
1788678802835947000,26.541947021484376,0.9963198304176331,0.0449845977127552,-0.05526355654001236,0.04763564094901085,0.11506926268339157,-0.08447349071502686,-3.0411739349365234
1788678802851816200,26.557816162109376,0.9963021874427795,0.04591086134314537,-0.05573269724845886,0.04656321555376053,0.11602064222097397,-0.08639945089817047,-3.04316782951355
1788678802867746300,26.573746337890626,0.9963347315788269,0.04649411886930466,-0.05564987659454346,0.045370422303676605,0.11581365019083023,-0.08771011233329773,-3.0454928874969482
1788678802883584800,26.589584716796875,0.9963976740837097,0.04665415361523628,-0.05546132102608681,0.04403693601489067,0.11533494293689728,-0.08820180594921112,-3.0481624603271484
1788678802899484400,26.605484375,0.9964606165885925,0.04684597998857498,-0.055786073207855225,0.04194793850183487,0.11582151055335999,-0.08879677206277847,-3.0522971153259277
1788678802923349200,26.629349365234376,0.996217668056488,0.055004462599754333,-0.05658606439828873,0.03637181967496872,0.11767154932022095,-0.10567311942577362,-3.0623748302459717
1788678802939218400,26.645218505859376,0.9962665438652039,0.057021189481019974,-0.055519949644804,0.03345267102122307,0.115393728017807,-0.11012447625398636,-3.068094491958618
1788678802955057200,26.66105712890625,0.9965044260025024,0.05754883214831352,-0.05191696062684059,0.031175076961517334,0.10793987661600113,-0.11169037222862244,-3.0730042457580566
1788678802970956800,26.676956787109376,0.9968596696853638,0.05626203864812851,-0.04717492312192917,0.02966604195535183,0.09813693910837173,-0.10959095507860184,-3.0767040252685547
1788678802986856400,26.6928564453125,0.9972215294837952,0.053875237703323364,-0.042894549667835236,0.02840365283191204,0.089222252368927,-0.10520835220813751,-3.079941511154175
1788678803002725400,26.708725341796875,0.9974928498268127,0.05212236940860748,-0.040106989443302155,0.026131879538297653,0.0832659900188446,-0.102064348757267,-3.084954023361206
1788678803018564000,26.724564208984376,0.997641384601593,0.05195261538028717,-0.0386270210146904,0.022815799340605736,0.07994330674409866,-0.10207471251487732,-3.091775417327881
1788678803034433300,26.740433349609376,0.9976800084114075,0.053444672375917435,-0.03759247809648514,0.01911061815917492,0.07756097614765167,-0.10539957135915756,-3.099194049835205
1788678803050333000,26.7563330078125,0.9977102875709534,0.055404968559741974,-0.03535020351409912,0.01596624217927456,0.0728088915348053,-0.10964696109294891,-3.1055922508239746
1788678803066202000,26.7722021484375,0.9978291988372803,0.05663018673658371,-0.03053533472120762,0.014054495841264725,0.06296854466199875,-0.11239266395568848,-3.1098809242248535
1788678803082101800,26.788101806640626,0.9980319142341614,0.0566495843231678,-0.023345163092017174,0.013346787542104721,0.048436664044857025,-0.11269138753414154,-3.1121153831481934
1788678803098001400,26.80400146484375,0.9981929063796997,0.05620879679918289,-0.016639629378914833,0.013215660117566586,0.034930743277072906,-0.11200869828462601,-3.11315655708313
1788678803113870600,26.81987060546875,0.9982178807258606,0.056727174669504166,-0.013736337423324585,0.012428672052919865,0.02902345173060894,-0.11315201967954636,-3.115048408508301
1788678803129739800,26.83573974609375,0.9981087446212769,0.058717723935842514,-0.015286208130419254,0.009879671037197113,0.031898945569992065,-0.11717928200960159,-3.1199252605438232
1788678803145608700,26.851608642578125,0.9979110360145569,0.061446916311979294,-0.018996624276041985,0.006081335712224245,0.038964029401540756,-0.12271381914615631,-3.1270105838775635
1788678803161447400,26.867447509765626,0.9977031350135803,0.06386353820562363,-0.02246156521141529,0.0023184840101748705,0.04550201818346977,-0.12767614424228668,-3.13403582572937
1788678803177316600,26.883316650390626,-0.9976276755332947,-0.0645207092165947,0.023997455835342407,0.0006307018920779228,0.04821961745619774,-0.12912407517433167,-3.1397390365600586
1788678803193185800,26.899185791015626,-0.9976968169212341,-0.06382525712251663,0.022826893255114555,0.0025329552590847015,0.04561309143900871,-0.12781991064548492,3.139434576034546
1788678803209085400,26.91508544921875,-0.9978383779525757,-0.06274905055761337,0.0192637350410223,0.0031790912616997957,0.03835708275437355,-0.12567991018295288,3.137634515762329
1788678803224985000,26.930985107421876,-0.9980050325393677,-0.061423882842063904,0.014337047934532166,0.0027689754497259855,0.02849581278860569,-0.12299193441867828,3.137798309326172
1788678803240884700,26.946884765625,-0.9981542229652405,-0.05993274226784706,0.009715278632938862,0.001397596439346671,0.019367553293704987,-0.11995889246463776,3.1399552822113037
1788678803256723200,26.96272314453125,0.9982930421829224,0.05804576724767685,-0.006451261229813099,0.00021999463206157088,0.012993954122066498,-0.11615152657032013,-3.1403963565826416
1788678803272622800,26.978622802734375,0.9984344244003296,0.05564361438155174,-0.00544211408123374,0.0017143303994089365,0.011127077974379063,-0.11132413893938065,-3.1375386714935303
1788678803288492000,26.994491943359375,0.9985663294792175,0.05307072028517723,-0.006525082979351282,0.0025311829522252083,0.013375812210142612,-0.10615549981594086,-3.135812282562256
1788678803304422100,27.010422119140625,0.9986682534217834,0.05066242814064026,-0.009496823884546757,0.002200118266046047,0.019291408360004425,-0.10132139921188354,-3.1362082958221436
1788678803320260900,27.0262607421875,0.9987179636955261,0.048691242933273315,-0.013794014230370522,0.001156345591880381,0.027800539508461952,-0.09737956523895264,-3.1379222869873047
1788678803336160500,27.042160400390625,-0.9987055659294128,-0.04725300893187523,0.01882670633494854,0.000048040656110970303,0.037777725607156754,-0.09452620148658752,-3.139901876449585
1788678803352090600,27.058090576171875,-0.9986529350280762,-0.04631783068180084,0.02338000014424324,0.0007249800837598741,0.04684796184301376,-0.09267738461494446,-3.14087176322937
1788678803367959800,27.073959716796875,-0.9985772967338562,-0.04648280143737793,0.026119140908122063,0.0007240622071549296,0.05234668403863907,-0.09300518780946732,-3.140606164932251
1788678803383829000,27.0898291015625,-0.9984801411628723,-0.04823119193315506,0.026668529957532883,0.00021695386385545135,0.05350930988788605,-0.09647693485021591,-3.1394433975219727
1788678803399698200,27.1056982421875,0.9983319044113159,0.05193183198571205,-0.025227975100278854,0.00035452720476314425,0.05070342496037483,-0.10385913401842117,-3.138246536254883
1788678803415628300,27.121628173828125,0.9981439113616943,0.056467361748218536,-0.022801565006375313,0.0005248957895673811,0.04588610678911209,-0.11294112354516983,-3.137946367263794
1788678803431497500,27.13749755859375,0.9979559183120728,0.060619354248046875,-0.020214563235640526,0.0008348006522282958,0.040758151561021805,-0.12125404179096222,-3.1374452114105225
1788678803447397000,27.153397216796876,0.9977853894233704,0.06381405889987946,-0.018716828897595406,0.001377189066261053,0.037843335419893265,-0.12764021754264832,-3.136413335800171
1788678803463327200,27.1693271484375,0.9976138472557068,0.06629098951816559,-0.01920844241976738,0.0017655789852142334,0.03891053423285484,-0.13258589804172516,-3.135469436645508
1788678803479166000,27.185166015625,0.9974023699760437,0.068670354783535,-0.021660488098859787,0.0019521150970831513,0.04390387609601021,-0.13733065128326416,-3.1346583366394043
1788678803495065600,27.201065673828126,0.9971393346786499,0.07109137624502182,-0.025635898113250732,0.0014486652798950672,0.05187761038541794,-0.14218027889728546,-3.1349918842315674
1788678803510995700,27.21699560546875,0.9968863725662231,0.07283768802881241,-0.030192462727427483,0.0008734744042158127,0.06100785732269287,-0.14568382501602173,-3.1353871822357178
1788678803526895400,27.232895263671875,0.9967568516731262,0.07307346910238266,-0.033694833517074585,0.000906814937479794,0.06808128952980042,-0.14613138139247894,-3.1347880363464355
1788678803542764500,27.2487646484375,0.9967426061630249,0.07242225110530853,-0.03546874225139618,0.0011133661027997732,0.071678526699543,-0.14479917287826538,-3.13415789604187
1788678803558633700,27.2646337890625,0.9966782927513123,0.07241097837686539,-0.037268370389938354,0.000520697794854641,0.07522203773260117,-0.1448076367378235,-3.13508939743042
1788678803574503000,27.2805029296875,-0.9964392185211182,-0.07381457090377808,0.040717218071222305,0.0015612838324159384,0.08189699053764343,-0.1477677822113037,-3.1386611461639404
1788678803598306600,27.304306640625,-0.9957910180091858,-0.076727494597435,0.04985141381621361,0.005291278474032879,0.09981533139944077,-0.1539439857006073,3.138669967651367
1788678803614175700,27.32017578125,-0.9954572319984436,-0.07712951302528381,0.0556299053132534,0.0046129291877150536,0.11160416156053543,-0.15468767285346985,3.1409828662872314
1788678803630075400,27.336075439453126,-0.995568037033081,-0.07427807152271271,0.05767234042286873,0.001042812829837203,0.11621728539466858,-0.1485639214515686,-3.1350290775299072
1788678803645975000,27.35197509765625,0.9959701299667358,0.06899993121623993,-0.05715632811188698,0.003979346714913845,0.11574819684028625,-0.13742096722126007,-3.125627279281616
1788678803661844200,27.36784423828125,0.9961444139480591,0.06574901193380356,-0.05740266293287277,0.008849839679896832,0.11678004264831543,-0.13034377992153168,-3.116194725036621
1788678803677682700,27.3836826171875,0.995849609375,0.06840690225362778,-0.05868280306458473,0.012666065245866776,0.1199910044670105,-0.13517066836357117,-3.1080245971679688
1788678803693551900,27.3995517578125,0.9956117868423462,0.07428614050149918,-0.0545649528503418,0.016168825328350067,0.11249586939811707,-0.14668121933937073,-3.1008412837982178
1788678803709482000,27.41548193359375,0.9954395890235901,0.07967183738946915,-0.048814304172992706,0.019224558025598526,0.10167636722326279,-0.15738913416862488,-3.094947338104248
1788678803725381600,27.431381591796875,0.995430588722229,0.08114176243543625,-0.04523056373000145,0.022095121443271637,0.09499116241931915,-0.1602279394865036,-3.0895748138427734
1788678803741281300,27.44728125,0.9956589341163635,0.07787717133760452,-0.04508190229535103,0.02379266358911991,0.09473254531621933,-0.15353548526763916,-3.086516857147217
1788678803757150500,27.463150390625,0.9959374666213989,0.07280269265174866,-0.0468839667737484,0.02470461092889309,0.09814436733722687,-0.14318612217903137,-3.0849480628967285
1788678803773050000,27.479050048828125,0.996367335319519,0.06659677624702454,-0.046055927872657776,0.026381874457001686,0.09625884145498276,-0.13065101206302643,-3.0823469161987305
1788678803796854000,27.50285400390625,0.9969545006752014,0.060340311378240585,-0.03981276974081993,0.02925499528646469,0.08359405398368835,-0.11825910210609436,-3.0779693126678467
1788678803812784000,27.5187841796875,0.9972729682922363,0.05818609520792961,-0.033759575337171555,0.030352024361491203,0.07139287143945694,-0.11425391584634781,-3.0766568183898926
1788678803828653300,27.5346533203125,0.9973562359809875,0.05939147248864174,-0.029093433171510696,0.030113717541098595,0.06207387149333954,-0.1169833317399025,-3.077587842941284
1788678803844522200,27.550522216796875,0.9972206354141235,0.06325982511043549,-0.026951083913445473,0.028685105964541435,0.0578647144138813,-0.12494667619466782,-3.0804576873779297
1788678803860361000,27.56636083984375,0.9969304800033569,0.06837638467550278,-0.02742905542254448,0.02649676240980625,0.058885034173727036,-0.13529178500175476,-3.0844578742980957
1788678803876230100,27.582230224609376,0.9966130256652832,0.07272306084632874,-0.029586300253868103,0.02446785569190979,0.06322705000638962,-0.14400285482406616,-3.0879387855529785
1788678803892099300,27.598099365234376,0.9964298605918884,0.0749165415763855,-0.03176689147949219,0.022494187578558922,0.06746964156627655,-0.1484132558107376,-3.091433048248291
1788678803907968500,27.613968505859376,0.9964266419410706,0.0749189481139183,-0.03333950415253639,0.02024184912443161,0.0703047439455986,-0.14849793910980225,-3.0957374572753906
1788678803923837400,27.62983740234375,0.9965396523475647,0.07370991259813309,-0.034077130258083344,0.017728853970766068,0.07135332375764847,-0.14622190594673157,-3.100787401199341
1788678803939737000,27.645737060546875,0.9967105388641357,0.07228704541921616,-0.033331047743558884,0.015225108712911606,0.06941334158182144,-0.14357636868953705,-3.106050729751587
1788678803955606300,27.661606201171875,0.9968739748001099,0.0713970884680748,-0.031276632100343704,0.01290377601981163,0.0648987665772438,-0.14201754331588745,-3.1110877990722656
1788678803971475500,27.677475341796875,0.9969488382339478,0.07171356678009033,-0.028885692358016968,0.010768266394734383,0.05978378280997276,-0.1428527981042862,-3.1157124042510986
1788678803987405600,27.693405517578125,0.9968948364257812,0.07338202744722366,-0.027253514155745506,0.00855101179331541,0.056223198771476746,-0.1463642567396164,-3.120314836502075
1788678804003274800,27.709274658203125,0.9967424869537354,0.07569215446710587,-0.027073901146650314,0.006501543801277876,0.055617805570364,-0.1511135995388031,-3.124335765838623
1788678804019144000,27.72514404296875,0.9966056942939758,0.07730089128017426,-0.027891991659998894,0.0048910523764789104,0.05706033110618591,-0.15441712737083435,-3.12736177444458
1788678804035043600,27.741043701171876,0.9966158866882324,0.07669096440076828,-0.02943689189851284,0.0029657473787665367,0.05986674875020981,-0.1532878428697586,-3.131042242050171
1788678804050912800,27.756912841796876,0.9967668056488037,0.07403109222650528,-0.031226366758346558,0.0005735146114602685,0.06306733936071396,-0.14808832108974457,-3.1357619762420654
1788678804066782000,27.772781982421876,-0.9970260262489319,-0.06981544196605682,0.032583825290203094,0.0018061676528304815,0.06540581583976746,-0.13978813588619232,-3.1406352519989014
1788678804082681600,27.788681640625,-0.9972766041755676,-0.06568795442581177,0.033271633088588715,0.004188225604593754,0.06643537431955338,-0.13167700171470642,3.137575387954712
1788678804098642200,27.80464208984375,-0.9974172711372375,-0.06322645395994186,0.0333741158246994,0.006881609559059143,0.06628701835870743,-0.12692616879940033,3.1320080757141113
1788678804114541800,27.820541748046875,-0.9973729252815247,-0.0632190853357315,0.03387674689292908,0.010145599022507668,0.06688195466995239,-0.12713563442230225,3.1255075931549072
1788678804130441500,27.83644140625,-0.997096061706543,-0.0659349113702774,0.03539975360035896,0.014109903015196323,0.06940021365880966,-0.13287651538848877,3.1179120540618896
1788678804146310700,27.852310546875,-0.9967551827430725,-0.06955236941576004,0.03631336987018585,0.017974132671952248,0.07064428925514221,-0.14041978120803833,3.110501527786255
1788678804162210300,27.868210205078125,-0.9964881539344788,-0.07266237586736679,0.03518323600292206,0.022220207378268242,0.06767018139362335,-0.146905779838562,3.1019845008850098
1788678804178079500,27.88407958984375,-0.9965003728866577,-0.07347419857978821,0.030335620045661926,0.025853293016552925,0.057322144508361816,-0.1485484093427658,3.093982696533203
1788678804193979100,27.899979248046876,-0.9968628287315369,-0.07087264955043793,0.021629801020026207,0.02781830169260502,0.039595115929841995,-0.14299079775810242,3.0886316299438477
1788678804209909200,27.9159091796875,-0.9973009824752808,-0.06635726243257523,0.013382317498326302,0.028434721753001213,0.02312655933201313,-0.1335136890411377,3.0861310958862305
1788678804225839600,27.931839599609376,-0.9975277781486511,-0.06282109767198563,0.010337545536458492,0.029749592766165733,0.017022540792822838,-0.12628202140331268,3.0830399990081787
1788678804241739300,27.9477392578125,-0.9974402785301208,-0.061942968517541885,0.013329654932022095,0.03314288705587387,0.02266325242817402,-0.12477590888738632,3.0765769481658936
1788678804257639000,27.963638916015626,-0.9971320629119873,-0.06267035752534866,0.019584255293011665,0.03763844817876816,0.03462335839867592,-0.1267949640750885,3.068333387374878
1788678804273538600,27.97953857421875,-0.9968424439430237,-0.06248199939727783,0.025772981345653534,0.041676945984363556,0.0465671643614769,-0.12705929577350616,3.060986280441284
1788678804289407700,27.99540771484375,-0.9967185854911804,-0.060181982815265656,0.030179379507899284,0.04493783041834831,0.05519656091928482,-0.12299124151468277,3.0548815727233887
1788678804305276700,28.011276611328125,-0.9967765212059021,-0.05677424371242523,0.0313122496008873,0.047254208475351334,0.05747738108038902,-0.11640443652868271,3.050199508666992
1788678804321176300,28.02717626953125,-0.9968551993370056,-0.05410207435488701,0.03044111654162407,0.0492543950676918,0.055733468383550644,-0.11109094321727753,3.0459530353546143
1788678804337076000,28.043075927734375,-0.9969167113304138,-0.05265016853809357,0.02807825803756714,0.050958551466464996,0.050936341285705566,-0.10804742574691772,3.0422043800354004
1788678804352945200,28.058945068359375,-0.996959388256073,-0.051712315529584885,0.02529587596654892,0.052517928183078766,0.04527560994029045,-0.10596533119678497,3.0387351512908936
1788678804368875300,28.074875244140625,-0.9970282912254333,-0.050626978278160095,0.023213278502225876,0.05322396382689476,0.04113156348466873,-0.10360933840274811,3.0370616912841797
1788678804384775200,28.090775146484376,-0.9971475005149841,-0.04873890057206154,0.021938832476735115,0.05329399183392525,0.03875966742634773,-0.09970326721668243,3.0367355346679688
1788678804400644000,28.10664404296875,-0.9973002076148987,-0.045730724930763245,0.021830562502145767,0.05314536392688751,0.03886260837316513,-0.09367183595895767,3.0369365215301514
1788678804416513300,28.12251318359375,-0.9974456429481506,-0.04234690219163895,0.0228691715747118,0.05278288945555687,0.041319120675325394,-0.08700139075517654,3.037653923034668
1788678804432382500,28.138382568359376,-0.9974896907806396,-0.03956347703933716,0.025096509605646133,0.05309759080410004,0.046035271137952805,-0.08168425410985947,3.037112236022949
1788678804448312600,28.1543125,-0.9973971843719482,-0.03793942183256149,0.027979256585240364,0.05455808341503143,0.05185721069574356,-0.07881590723991394,3.034345865249634
1788678804464212200,28.170212158203125,-0.9972190856933594,-0.03742973878979683,0.030962089076638222,0.056519389152526855,0.057729486376047134,-0.07823099195957184,3.0306196212768555
1788678804480081400,28.186081298828125,-0.9970314502716064,-0.037716444581747055,0.033535998314619064,0.05814748629927635,0.06272422522306442,-0.07919177412986755,3.027569055557251
1788678804495950600,28.20195068359375,-0.9968991875648499,-0.03850590065121651,0.03509305417537689,0.05897372215986252,0.06568925827741623,-0.0810006856918335,3.026078939437866
1788678804511819800,28.21781982421875,-0.9968369603157043,-0.0394434854388237,0.03534596040844917,0.05925446003675461,0.06606882065534592,-0.08292125910520554,3.0255892276763916
1788678804527719400,28.233719482421876,-0.9968399405479431,-0.04055172950029373,0.0342983640730381,0.059070885181427,0.06386292725801468,-0.08500156551599503,3.0259315967559814
1788678804543619000,28.249619140625,-0.9968612790107727,-0.042134106159210205,0.03256294131278992,0.05858351290225983,0.060253847390413284,-0.087932288646698,3.026843309402466
1788678804559518700,28.265518798828126,-0.9968078136444092,-0.04447663202881813,0.031359799206256866,0.05841837078332901,0.057600654661655426,-0.09246499091386795,3.027181386947632
1788678804575388000,28.281387939453126,-0.9966358542442322,-0.047745026648044586,0.0317969024181366,0.05853624641895294,0.05810759961605072,-0.09905325621366501,3.0271408557891846
1788678804591318000,28.297318115234376,-0.9963981509208679,-0.05167469382286072,0.03326182812452316,0.05843048170208931,0.060629405081272125,-0.10706860572099686,3.027693271636963
1788678804607248100,28.313248046875,-0.996197521686554,-0.05547647178173065,0.034745242446660995,0.05749494582414627,0.06330554932355881,-0.11477825045585632,3.0299301147460938
1788678804623117300,28.329117431640626,-0.9961074590682983,-0.05848978832364082,0.03527213633060455,0.055721577256917953,0.06426320225000381,-0.12074827402830124,3.0337164402008057
1788678804638956000,28.3449560546875,-0.996176540851593,-0.06042113155126572,0.034354887902736664,0.05292930826544762,0.06257455796003342,-0.12433711439371109,3.0393240451812744
1788678804654825200,28.3608251953125,-0.9963337182998657,-0.06144576147198677,0.03260292485356331,0.04980658367276192,0.05935121327638626,-0.12602196633815765,3.0454418659210205
1788678804670694100,28.376694091796875,-0.9965029954910278,-0.06167146936058998,0.03066284768283367,0.04730977490544319,0.05574752017855644,-0.12614721059799194,3.050234079360962
1788678804686624500,28.39262451171875,-0.9966033101081848,-0.06161288172006607,0.029855281114578247,0.045763853937387466,0.05432474985718727,-0.1258719116449356,3.053241729736328
1788678804702493400,28.408493408203125,-0.9965540170669556,-0.06178060919046402,0.03139372169971466,0.04558169096708298,0.05742792785167694,-0.12633316218852997,3.0538110733032227
1788678804718393000,28.42439306640625,-0.996457576751709,-0.061857905238866806,0.033953770995140076,0.045750636607408524,0.0625489205121994,-0.1267232745885849,3.053800344467163
1788678804734293000,28.44029296875,-0.9964362382888794,-0.06118214875459671,0.0368514321744442,0.04487455263733864,0.06854202598333359,-0.125565305352211,3.055893898010254
1788678804750162000,28.456161865234375,-0.996533215045929,-0.05958756431937218,0.03935457020998001,0.04268540069460869,0.07396981865167618,-0.1224273070693016,3.0605127811431885
1788678804766031000,28.472031005859375,-0.9968740940093994,-0.056282494217157364,0.03945285454392433,0.03895903378725052,0.07484204322099686,-0.11554413288831711,3.067800521850586
1788678804781961200,28.487961181640625,-0.9974173307418823,-0.05128786712884903,0.03695887327194214,0.03409307450056076,0.07067765295505524,-0.10502386093139648,3.0769729614257812
1788678804797830400,28.503830322265625,-0.9979379773139954,-0.04590475931763649,0.033833183348178864,0.0294608436524868,0.0651540532708168,-0.0937509834766388,3.0856237411499023
1788678804813669000,28.519669189453126,-0.9982473254203796,-0.041992008686065674,0.032485052943229675,0.026147855445742607,0.06293224543333054,-0.08564029633998871,3.091914415359497
1788678804829568800,28.53556884765625,-0.9982934594154358,-0.040357962250709534,0.03453921526670456,0.02425762265920639,0.06728113442659378,-0.08234689384698868,3.0957767963409424
1788678804845438000,28.55143798828125,-0.9981259703636169,-0.040419358760118484,0.03913992643356323,0.024062810465693474,0.07652366906404495,-0.08266497403383255,3.0965523719787598
1788678804861307100,28.56730712890625,-0.9978572726249695,-0.040887314826250076,0.044743094593286514,0.024642355740070343,0.08769980818033218,-0.08390296250581741,3.095895767211914
1788678804877176000,28.583176025390625,-0.9976289868354797,-0.04085392504930496,0.04955045506358147,0.02474026009440422,0.09734132140874863,-0.08406488597393036,3.096101760864258
1788678804893045200,28.599045166015625,-0.9975734949111938,-0.04040118679404259,0.05136809125542641,0.024004869163036346,0.10106796026229858,-0.08316832035779953,3.097684144973755
1788678804908975600,28.6149755859375,-0.9976944327354431,-0.040296539664268494,0.05000469833612442,0.021948572248220444,0.09850522875785828,-0.08269655704498291,3.101679801940918
1788678804924844500,28.630844482421875,-0.997929036617279,-0.040603309869766235,0.04620278626680374,0.018823258578777313,0.09112399071455002,-0.0828726515173912,3.1076531410217285
1788678804940713700,28.646713623046875,-0.9982014894485474,-0.04091691970825195,0.04088366776704788,0.015752095729112625,0.08069674670696259,-0.08307017385959625,3.113389730453491
1788678804956583000,28.6625830078125,-0.9984527826309204,-0.04105434939265251,0.03523631393909454,0.012846975587308407,0.06960424780845642,-0.08298221975564957,3.118751049041748
1788678804972482600,28.678482666015626,-0.9986067414283752,-0.041247110813856125,0.031118834391236305,0.010719635523855686,0.06151781231164932,-0.08314220607280731,3.1226840019226074
1788678804988321300,28.6943212890625,-0.9986709952354431,-0.041620511561632156,0.028790617361664772,0.009758018888533115,0.05692277476191521,-0.08379028737545013,3.1244380474090576
1788678805004221000,28.710220947265626,-0.9987162947654724,-0.04158711060881615,0.027541613206267357,0.008818525820970535,0.05449647456407547,-0.08365072309970856,3.1262145042419434
1788678805020090000,28.726090087890626,-0.9987511038780212,-0.04133759066462517,0.026969434693455696,0.007748952601104975,0.053440555930137634,-0.08308546245098114,3.1282975673675537
1788678805035989800,28.74198974609375,-0.9987583160400391,-0.04117764160037041,0.02724114991724491,0.006649109534919262,0.05407819151878357,-0.08270955830812454,3.130516290664673
1788678805051889400,28.757889404296876,-0.9987468719482422,-0.041263189166784286,0.02773180417716503,0.005757025443017483,0.05513589456677437,-0.08283697068691254,3.132349729537964
1788678805067789000,28.7737890625,-0.9987314343452454,-0.04153147339820862,0.027963103726506233,0.005365107674151659,0.0556313619017601,-0.08335411548614502,3.133169412612915
1788678805083658000,28.789657958984375,-0.9987221956253052,-0.04158695787191391,0.02797534130513668,0.006486859172582626,0.055561844259500504,-0.08352767676115036,3.130924940109253
1788678805099527200,28.805527099609375,-0.9987282156944275,-0.04075121507048607,0.027923211455345154,0.010088838636875153,0.05516662821173668,-0.0820542499423027,3.123655080795288
1788678805115396400,28.821396240234375,-0.9987509250640869,-0.038983553647994995,0.028076183050870895,0.013737769797444344,0.05521007254719734,-0.07872241735458374,3.1162593364715576
1788678805131265500,28.837265625,-0.9988304376602173,-0.0369272381067276,0.027853727340698242,0.014085736125707626,0.05478178709745407,-0.0746220201253891,3.1154356002807617
1788678805147165200,28.853165283203126,-0.99888014793396,-0.03570350632071495,0.02752499468624592,0.014355692081153393,0.05413055792450905,-0.07217998802661896,3.1148059368133545
1788678805163064800,28.86906494140625,-0.9988204836845398,-0.03700343891978264,0.027640450745821,0.01498209498822689,0.05428536981344223,-0.07481759041547775,3.1136274337768555
1788678805178995000,28.884994873046875,-0.9986860752105713,-0.03953005000948906,0.02839910238981247,0.016034942120313644,0.05566231161355972,-0.07995213568210602,3.1117103099823
1788678805194864000,28.900864013671875,-0.9985207319259644,-0.0422406867146492,0.029449308291077614,0.01745835319161415,0.05757854878902435,-0.08548876643180847,3.10909104347229
1788678805210702800,28.916702880859376,-0.9983695149421692,-0.04425826296210289,0.03044055961072445,0.019313303753733635,0.059345412999391556,-0.08966812491416931,3.1055710315704346
1788678805226572000,28.932572021484376,-0.9982262849807739,-0.0456581711769104,0.03125397115945816,0.021975170820951462,0.06068781018257141,-0.09266053885221481,3.100385904312134
1788678805242471700,28.9484716796875,-0.9980282783508301,-0.04705183580517769,0.03261760622262955,0.02572695165872574,0.06301569193601608,-0.09574262797832489,3.0930683612823486
1788678805258340600,28.964340576171875,-0.9977026581764221,-0.049069564789533615,0.03533779829740524,0.03054451011121273,0.06790842860937119,-0.10024020820856094,3.083789825439453
1788678805274209800,28.980209716796875,-0.9972583651542664,-0.05169273540377617,0.03909296169877052,0.035712067037820816,0.07476910948753357,-0.10609312355518341,3.073974609375
1788678805290079000,28.996078857421875,-0.996804416179657,-0.054188456386327744,0.04284187778830528,0.04011452570557594,0.08166153728961945,-0.11169987916946411,3.065717935562134
1788678805305948200,29.0119482421875,-0.9964811205863953,-0.055832020938396454,0.04507484659552574,0.043317634612321854,0.0856696292757988,-0.11543236672878265,3.059659242630005
1788678805321878300,29.027878173828125,-0.9964137077331543,-0.055960338562726974,0.044439785182476044,0.04531393572688103,0.08415151387453079,-0.11580545455217361,3.055582046508789
1788678805337747500,29.04374755859375,-0.9966219067573547,-0.054348379373550415,0.04054306074976921,0.04634081572294235,0.07632973790168762,-0.11232320964336395,3.05295729637146
1788678805353647000,29.059647216796876,-0.9968492984771729,-0.052469104528427124,0.03617611527442932,0.04722125455737114,0.06761583685874939,-0.10823534429073334,3.050586700439453
1788678805369485800,29.07548583984375,-0.9968277812004089,-0.05232584476470947,0.03458033874630928,0.048997122794389725,0.06423121690750122,-0.10791774094104767,3.0468361377716064
1788678805385355000,29.09135498046875,-0.9965821504592896,-0.05387158319354057,0.035507846623659134,0.05158653110265732,0.06566786020994186,-0.1112678125500679,3.041816473007202
1788678805401224000,29.107223876953125,-0.9962212443351746,-0.05615495517849922,0.03737793490290642,0.0547061450779438,0.06884793937206268,-0.11623669415712357,3.0358829498291016
1788678805417093000,29.123093017578125,-0.9959345459938049,-0.05744584649801254,0.038573890924453735,0.05767540633678436,0.07076814025640488,-0.11915590614080429,3.030123233795166
1788678805432931800,29.138931884765626,-0.9957737326622009,-0.05780034512281418,0.03841010108590126,0.060153357684612274,0.07010307908058167,-0.12002106755971909,3.0251357555389404
1788678805448831500,29.15483154296875,-0.9957201480865479,-0.05775583162903786,0.03688063472509384,0.06201329454779625,0.06681115180253983,-0.119878388941288,3.0212044715881348
1788678805464700700,29.17070068359375,-0.9957864880561829,-0.0570039376616478,0.0344836488366127,0.06301383674144745,0.061963967978954315,-0.118148073554039,3.0188660621643066
1788678805480569600,29.186569580078125,-0.9959407448768616,-0.055283017456531525,0.032402146607637405,0.0632147490978241,0.05796337127685547,-0.11446359753608704,3.0181398391723633
1788678805496438800,29.202438720703125,-0.9961618781089783,-0.05216056481003761,0.03172281011939049,0.06272591650485992,0.0570220910012722,-0.10811089724302292,3.0189096927642822
1788678805512308000,29.218307861328125,-0.9963623881340027,-0.048140689730644226,0.03236885741353035,0.06242324411869049,0.0588204450905323,-0.1001395583152771,3.019402265548706
1788678805528177200,29.23417724609375,-0.996486485004425,-0.04382382705807686,0.034004583954811096,0.06275270879268646,0.0625738576054573,-0.0917360708117485,3.018683910369873
1788678805544076800,29.250076904296876,-0.9965453147888184,-0.039781562983989716,0.035604078322649,0.06361883133649826,0.06618145853281021,-0.08391689509153366,3.016866445541382
1788678805559976400,29.2659765625,-0.9965497255325317,-0.03664865717291832,0.03663517162203789,0.06483327597379684,0.06852656602859497,-0.07787346094846725,3.0143308639526367
1788678805575815200,29.281815185546876,-0.9965127110481262,-0.034612733870744705,0.03717513009905815,0.06620091944932938,0.06975536048412323,-0.07397356629371643,3.011504650115967
1788678805591714800,29.29771484375,-0.9964739084243774,-0.03384154662489891,0.03664654120802879,0.06746602058410645,0.06870246678590775,-0.0724526047706604,3.008880376815796
1788678805607614500,29.313614501953126,-0.9964669346809387,-0.034229230135679245,0.035003550350666046,0.06824066489934921,0.06530863046646118,-0.07305889576673508,3.0072286128997803
1788678805623514000,29.32951416015625,-0.9964543581008911,-0.0356779545545578,0.03286021575331688,0.06874638795852661,0.060793351382017136,-0.07569321244955063,3.006131649017334
1788678805639413800,29.345413818359376,-0.9964040517807007,-0.03774600103497505,0.030929084867239,0.06926575303077698,0.05661608651280403,-0.07958918809890747,3.0050392150878906
1788678805655283000,29.361282958984376,-0.9963188767433167,-0.03977169096469879,0.029553787782788277,0.06995437294244766,0.053537517786026,-0.08348233997821808,3.003633499145508
1788678805671213000,29.377213134765626,-0.9962342381477356,-0.0411563366651535,0.02884022891521454,0.07065214216709137,0.05186333879828453,-0.08618461340665817,3.002228021621704
1788678805687082200,29.393082275390626,-0.9957729578018188,-0.04243183135986328,0.0298170056194067,0.07580703496932983,0.05318482220172882,-0.08914363384246826,2.9920008182525635
1788678805702982000,29.40898193359375,-0.9954489469528198,-0.043407291173934937,0.030547166243195534,0.07914592325687408,0.05419782176613808,-0.0913819819688797,2.9853897094726562
1788678805718881500,29.424881591796876,-0.9953681230545044,-0.04473395273089409,0.031069807708263397,0.07922109961509705,0.05503526329994202,-0.09411515295505524,2.9853403568267822
1788678805734781200,29.44078125,-0.9953092932701111,-0.04646186903119087,0.03143058344721794,0.07882171869277954,0.05553458258509636,-0.09759754687547684,2.9862489700317383
1788678805750650400,29.456650390625,-0.9954467415809631,-0.04705216735601425,0.029410209506750107,0.07750453799962997,0.05153100937604904,-0.09839338064193726,2.9887259006500244
1788678805766580500,29.47258056640625,-0.9957160949707031,-0.0463392473757267,0.02749790996313095,0.07513999938964844,0.0480385459959507,-0.09656385332345963,2.9932732582092285
1788678805782480100,29.488480224609376,-0.9959216117858887,-0.046229343861341476,0.027304632589221,0.07250872254371643,0.04792226850986481,-0.09618951380252838,2.998544931411743
1788678805798349300,29.504349365234376,-0.996017575263977,-0.046206943690776825,0.028561275452375412,0.07069765776395798,0.05061732977628708,-0.09623274952173233,3.002307653427124
1788678805822214000,29.5282138671875,-0.9957034587860107,-0.04777632653713226,0.03471799194812775,0.07132207602262497,0.06267823278903961,-0.10026232153177261,3.001723051071167
1788678805838052600,29.544052490234375,-0.9952422976493835,-0.04955430328845978,0.041218701750040054,0.0730632096529007,0.07528819143772125,-0.10485222935676575,2.998983144760132
1788678805853952300,29.5599521484375,-0.994776725769043,-0.05086922273039818,0.04791126027703285,0.07440559566020966,0.08838668465614319,-0.1085498183965683,2.9970831871032715
1788678805893625000,29.599625,-0.9952875375747681,-0.04584239795804024,0.051215995103120804,0.06839685142040253,0.09629231691360474,-0.09841756522655487,3.00911283493042
1788678805909494300,29.615494384765626,-0.9959709644317627,-0.041680339723825455,0.04729588329792023,0.06377974897623062,0.08936747163534164,-0.0891759991645813,3.017681837081909
1788678805925363500,29.631363525390626,-0.9965193867683411,-0.038807403296232224,0.04314056783914566,0.0598510317504406,0.08170464634895325,-0.08260257542133331,3.0249948501586914
1788678805941263000,29.64726318359375,-0.9967978000640869,-0.03799383342266083,0.040784481912851334,0.05733424052596092,0.0772780179977417,-0.08050797134637833,3.0297963619232178
1788678805957193200,29.663193115234375,-0.9967682957649231,-0.03906750679016113,0.041632041335105896,0.056512054055929184,0.07893072068691254,-0.08268210291862488,3.031589984893799
1788678805973123300,29.679123291015625,-0.9965254068374634,-0.040769241750240326,0.044939085841178894,0.05705709755420685,0.08533566445112228,-0.08649115264415741,3.030900478363037
1788678805989023000,29.69502294921875,-0.996277391910553,-0.041584208607673645,0.04835846647620201,0.057996638119220734,0.09202353656291962,-0.08858388662338257,3.029378652572632
1788678806004923000,29.7109228515625,-0.9961662888526917,-0.04103301465511322,0.05027240514755249,0.058665286749601364,0.09586003422737122,-0.08776251971721649,3.0281589031219482
1788678806020791800,29.726791748046875,-0.9962458610534668,-0.039357442408800125,0.05013447254896164,0.05858127772808075,0.09576794505119324,-0.08439340442419052,3.028170347213745
1788678806036661000,29.742660888671875,-0.9965240955352783,-0.036631084978580475,0.04782376438379288,0.0575399175286293,0.09150930494070053,-0.07859195023775101,3.0298397541046143
1788678806052591000,29.758591064453125,-0.9969302415847778,-0.033352695405483246,0.04390639439225197,0.05558692663908005,0.08414895832538605,-0.0714426189661026,3.033200740814209
1788678806068460300,29.774460205078125,-0.997331440448761,-0.030302397906780243,0.0395723320543766,0.053346503525972366,0.07593213021755219,-0.06471031159162521,3.037174940109253
1788678806084329500,29.79032958984375,-0.9976186156272888,-0.028286783024668694,0.03613195940852165,0.051492396742105484,0.06935984641313553,-0.06019623205065727,3.0405426025390625
1788678806100198700,29.80619873046875,-0.9977614879608154,-0.027503950521349907,0.03413006290793419,0.05050579831004143,0.0654873326420784,-0.05836543068289757,3.0423531532287598
1788678806116037400,29.822037353515626,-0.9977978467941284,-0.027389273047447205,0.03336228430271149,0.05036080256104469,0.06397024542093277,-0.058050815016031265,3.0425922870635986
1788678806131937000,29.83793701171875,-0.9977641105651855,-0.027601292356848717,0.03323233500123024,0.050996970385313034,0.06365269422531128,-0.058502018451690674,3.0413219928741455
1788678806147806000,29.853805908203125,-0.9977074265480042,-0.028094271197915077,0.03318965807557106,0.05185724422335625,0.063468337059021,-0.059537142515182495,3.039623975753784
1788678806163675100,29.869675048828125,-0.9976257085800171,-0.02888716757297516,0.03331546485424042,0.052902258932590485,0.06357811391353607,-0.06120028346776962,3.0375823974609375
1788678806179544300,29.88554443359375,-0.9973987340927124,-0.0340479277074337,0.0325886607170105,0.05453978851437569,0.06148974597454071,-0.07153446227312088,3.0345382690429688
1788678806195413500,29.90141357421875,-0.9969983696937561,-0.042898163199424744,0.02992849610745907,0.05708252266049385,0.055025652050971985,-0.08907333016395569,3.0296616554260254
1788678806211343600,29.917343505859375,-0.9965384602546692,-0.05215761065483093,0.025525905191898346,0.059491708874702454,0.0449422150850296,-0.10719647258520126,3.0247490406036377
1788678806227212800,29.933212890625,-0.9960418939590454,-0.061112988740205765,0.020597796887159348,0.061167966574430466,0.03382478281855583,-0.12458407878875732,3.0210344791412354
1788678806243082000,29.94908203125,-0.9957242608070374,-0.0660395696759224,0.01807616651058197,0.06200950965285301,0.028063412755727768,-0.13415826857089996,3.019087076187134
1788678806258981600,29.964981689453126,-0.9955072402954102,-0.06872762739658356,0.017057107761502266,0.06285695731639862,0.02557186782360077,-0.13943339884281158,3.0172646045684814
1788678806274881300,29.98088134765625,-0.9952707886695862,-0.07105080783367157,0.01658703200519085,0.06413082033395767,0.02415662445127964,-0.14405478537082672,3.0146424770355225
1788678806290750500,29.99675048828125,-0.9950321316719055,-0.073234923183918,0.016205092892050743,0.06546104699373245,0.022914975881576538,-0.148407980799675,3.0119097232818604
1788678806306619600,30.01261962890625,-0.9948167204856873,-0.07494627684354782,0.015516411513090134,0.06694849580526352,0.021080773323774338,-0.15177525579929352,3.008803606033325
1788678806322488600,30.028488525390625,-0.9946449995040894,-0.07597020268440247,0.014479948207736015,0.0685582235455513,0.01860852912068367,-0.15371684730052948,3.0053887367248535
1788678806338357800,30.044357666015625,-0.9944827556610107,-0.07664211094379425,0.013364281505346298,0.07036750763654709,0.01598704606294632,-0.1549385040998459,3.0015532970428467
1788678806354257400,30.06025732421875,-0.9941937923431396,-0.0780320093035698,0.013163288123905659,0.07291468977928162,0.014980880543589592,-0.15773069858551025,2.9963576793670654
1788678806378122200,30.084122314453126,-0.9933174848556519,-0.08252488821744919,0.016181908547878265,0.07904529571533203,0.019372764974832535,-0.16728414595127106,2.9843974113464355
1788678806393961000,30.0999609375,-0.9925577640533447,-0.08589635044336319,0.019252486526966095,0.08414404094219208,0.024132460355758667,-0.17464052140712738,2.974559783935547
1788678806409830000,30.115829833984375,-0.9919384717941284,-0.0880374163389206,0.02100616879761219,0.08869288861751556,0.0264848954975605,-0.17934143543243408,2.965620994567871
1788678806425729500,30.1317294921875,-0.9917365908622742,-0.08730258792638779,0.020175984129309654,0.09181404113769531,0.02437395416200161,-0.17780257761478424,2.9591336250305176
1788678806441629200,30.147629150390625,-0.9920235872268677,-0.08279894292354584,0.018923204392194748,0.09314291179180145,0.02244030311703682,-0.16859975457191467,2.956254243850708
1788678806457468000,30.163468017578126,-0.9924887418746948,-0.07542367279529572,0.020870573818683624,0.09403052926063538,0.0275742057710886,-0.15425017476081848,2.954803228378296
1788678806473337000,30.179337158203126,-0.9926824569702148,-0.06930796056985855,0.02488466165959835,0.09570226818323135,0.036519285291433334,-0.14284998178482056,2.951984405517578
1788678806489236700,30.19523681640625,-0.9922709465026855,-0.06796783953905106,0.02989114262163639,0.09942550212144852,0.046282362192869186,-0.14129862189292908,2.9451353549957275
1788678806505106000,30.21110595703125,-0.9914821982383728,-0.07069166004657745,0.03412487730383873,0.10393000394105911,0.05358408764004707,-0.14780986309051514,2.936678171157837
1788678806520944400,30.2269443359375,-0.990731418132782,-0.07459412515163422,0.03634953498840332,0.10754432529211044,0.056701745837926865,-0.1562589704990387,2.929778814315796
1788678806536783000,30.242783203125,-0.9902923107147217,-0.07690059393644333,0.036678727716207504,0.10982795059680939,0.056514766067266464,-0.16106025874614716,2.925248384475708
1788678806552652300,30.25865234375,-0.990167498588562,-0.07763383537530899,0.03441939875483513,0.11116061359643936,0.05160137265920639,-0.16210216283798218,2.922192335128784
1788678806568552000,30.274552001953126,-0.9901496171951294,-0.07818136364221573,0.028556890785694122,0.11258802562952042,0.03947331756353378,-0.1619599610567093,2.9183530807495117
1788678806584421000,30.290421142578126,-0.9901304841041565,-0.07863897830247879,0.020911792293190956,0.11410611122846603,0.023774856701493263,-0.16119520366191864,2.9140384197235107
1788678806600290300,30.306290283203126,-0.9900708794593811,-0.07835263758897781,0.013427043333649635,0.11593184620141983,0.008527894504368305,-0.15893079340457916,2.909144401550293
1788678806616190000,30.32218994140625,-0.9899786114692688,-0.07677149772644043,0.006926664151251316,0.11832460016012192,-0.004506942816078663,-0.1542544811964035,2.9033281803131104
1788678806632089600,30.338089599609376,-0.989851176738739,-0.07403232157230377,0.0035214272793382406,0.12124992907047272,-0.011102980002760887,-0.14795511960983276,2.8969979286193848
1788678806647958500,30.35395849609375,-0.9898399710655212,-0.07077878713607788,0.0012997797457501292,0.12331097573041916,-0.015031995251774788,-0.1409057080745697,2.892655611038208
1788678806663827700,30.36982763671875,-0.9899654388427734,-0.06750001758337021,0.001210888964124024,0.12414023280143738,-0.014492559246718884,-0.13434982299804688,2.891122817993164
1788678806679697000,30.38569677734375,-0.9900761246681213,-0.06431121379137039,0.002986194333061576,0.12491763383150101,-0.01023860927671194,-0.12844493985176086,2.889920949935913
1788678806695566000,30.401566162109376,-0.9900588989257812,-0.06180272623896599,0.0061388639733195305,0.12619918584823608,-0.003469989402219653,-0.1242455318570137,2.8878116607666016
1788678806711465700,30.4174658203125,-0.9897893071174622,-0.06042977049946785,0.010660354048013687,0.12865373492240906,0.005596063565462828,-0.12267594039440155,2.8834238052368164
1788678806727335000,30.4333349609375,-0.9892667531967163,-0.060467060655355453,0.013546842150390148,0.13233119249343872,0.010882671922445297,-0.12353541702032089,2.8763105869293213
1788678806743204000,30.4492041015625,-0.9887704253196716,-0.06159546598792076,0.01357299368828535,0.13548001646995544,0.010232297703623772,-0.1258169710636139,2.8698956966400146
1788678806759073000,30.465072998046875,-0.9884147047996521,-0.06237785145640373,0.012809467501938343,0.13777251541614532,0.008200550451874733,-0.12718254327774048,2.8651247024536133
1788678806774973000,30.480972900390626,-0.9882590770721436,-0.06224426254630089,0.012546543031930923,0.13896849751472473,0.007559298072010279,-0.12685400247573853,2.862665891647339
1788678806790841900,30.496841796875,-0.9882372617721558,-0.06164928898215294,0.013030949980020523,0.13934390246868134,0.008642854169011116,-0.12581145763397217,2.8619790077209473
1788678806806741500,30.512741455078125,-0.988384485244751,-0.06058989465236664,0.01488581858575344,0.13857677578926086,0.01273155678063631,-0.12421707808971405,2.8637897968292236
1788678806822610700,30.528610595703125,-0.9885958433151245,-0.05984225124120712,0.016812270507216454,0.1371666043996811,0.016953762620687485,-0.12324351817369461,2.866901397705078
1788678806838480000,30.54447998046875,-0.9888356924057007,-0.06044330075383186,0.017418084666132927,0.13508231937885284,0.01826009526848793,-0.12456461787223816,2.87119722366333
1788678806854318600,30.560318603515626,-0.9890545010566711,-0.06231559067964554,0.016841743141412735,0.13268128037452698,0.016917971894145012,-0.1280861347913742,2.8759708404541016
1788678806870218200,30.57621826171875,-0.9890814423561096,-0.06511816382408142,0.015484262257814407,0.13129295408725739,0.013652771711349487,-0.13327448070049286,2.8785622119903564
1788678806886056700,30.592056640625,-0.9890221953392029,-0.06760575622320175,0.014130600728094578,0.13063237071037292,0.010386679321527481,-0.13785523176193237,2.8796653747558594
1788678806901956400,30.607956298828125,-0.9890509843826294,-0.06866176426410675,0.01326470635831356,0.12995357811450958,0.008475958369672298,-0.13972173631191254,2.8808982372283936
1788678806917856000,30.62385595703125,-0.9890890717506409,-0.06842020153999329,0.013832662254571915,0.12973181903362274,0.009705194272100925,-0.1393873542547226,2.8814332485198975
1788678806933725200,30.63972509765625,-0.9889564514160156,-0.06764335185289383,0.016504863277077675,0.13083231449127197,0.015090491622686386,-0.13855428993701935,2.8795807361602783
1788678806949594400,30.655594482421876,-0.9886891841888428,-0.06767302006483078,0.020484520122408867,0.13226670026779175,0.02282819338142872,-0.13968785107135773,2.877209186553955
1788678806965463600,30.671463623046876,-0.9883472323417664,-0.06869740784168243,0.025287488475441933,0.1334581822156906,0.031981151551008224,-0.14303061366081238,2.875444173812866
1788678806981363200,30.68736328125,-0.9882296323776245,-0.06941153109073639,0.029143264517188072,0.13317257165908813,0.039540845900774,-0.14546367526054382,2.876570463180542
1788678806997232400,30.703232421875,-0.988572359085083,-0.0674305111169815,0.03181758150458336,0.13101720809936523,0.04571561887860298,-0.14213529229164124,2.881319999694824
1788678807013101600,30.7191015625,-0.9892441630363464,-0.06191246584057808,0.033664681017398834,0.12817847728729248,0.05119770020246506,-0.1315019428730011,2.887256145477295
1788678807028940000,30.73493994140625,-0.9899020791053772,-0.055570170283317566,0.03540867194533348,0.12550736963748932,0.05658472329378128,-0.11918814480304718,2.892740249633789
1788678807044809200,30.750809326171876,-0.9902591109275818,-0.05304271727800369,0.03652173653244972,0.12344921380281448,0.05966037139296532,-0.11431806534528732,2.8969602584838867
1788678807060678400,30.766678466796876,-0.9903303384780884,-0.05609127879142761,0.03586803376674652,0.12170965224504471,0.057837456464767456,-0.12011739611625671,2.9005017280578613
1788678807076517000,30.78251708984375,-0.9902184009552002,-0.06245933845639229,0.034192830324172974,0.11998887360095978,0.05321776494383812,-0.13228780031204224,2.9039461612701416
1788678807092416800,30.798416748046876,-0.9901038408279419,-0.06880339235067368,0.03203842043876648,0.11804306507110596,0.04771307110786438,-0.14430919289588928,2.9077165126800537
1788678807108316400,30.81431640625,-0.9900891780853271,-0.07277189195156097,0.029865160584449768,0.11634351313114166,0.0427081324160099,-0.1516309380531311,2.9108939170837402
1788678807124185300,30.830185302734375,-0.990293025970459,-0.07331743091344833,0.0282990001142025,0.11464540660381317,0.03970745950937271,-0.15228813886642456,2.9141101837158203
1788678807140024000,30.846024169921876,-0.990687370300293,-0.07035940885543823,0.027443625032901764,0.11329198628664017,0.038857702165842056,-0.14614632725715637,2.916712999343872
1788678807155923700,30.861923828125,-0.9912427663803101,-0.06485046446323395,0.026229465380311012,0.1120014563202858,0.037825170904397964,-0.13484890758991241,2.9191195964813232
1788678807171853800,30.877853759765625,-0.9919299483299255,-0.058058254420757294,0.024382686242461205,0.11004383116960526,0.03586307913064957,-0.12083964049816132,2.922787666320801
1788678807187692500,30.893692626953126,-0.9926214814186096,-0.051624227315187454,0.02226349711418152,0.10743393003940582,0.033304356038570404,-0.10747714340686798,2.9277586936950684
1788678807203561700,30.909561767578126,-0.993162214756012,-0.047270726412534714,0.020404234528541565,0.10477614402770996,0.03077724389731884,-0.09832912683486938,2.932889699935913
1788678807219461400,30.92546142578125,-0.9935492873191833,-0.044752828776836395,0.019304776564240456,0.10239322483539581,0.029326681047677994,-0.09301570802927017,2.9375667572021484
1788678807235330600,30.94133056640625,-0.9937269687652588,-0.04382568225264549,0.01992357149720192,0.10094199329614639,0.030882852151989937,-0.09125036001205444,2.9405388832092285
1788678807251199500,30.957199462890625,-0.9938139319419861,-0.04320463538169861,0.021301575005054474,0.10006766021251678,0.03383700177073479,-0.09026044607162476,2.942416191101074
1788678807267099400,30.973099365234376,-0.9938944578170776,-0.04214533418416977,0.022715480998158455,0.09940670430660248,0.03692709654569626,-0.08840728551149368,2.943854570388794
1788678807282968300,30.98896826171875,-0.9939503073692322,-0.04050254821777344,0.024333888664841652,0.09914805740118027,0.04050063714385033,-0.08544428646564484,2.944478988647461
1788678807298837500,31.00483740234375,-0.9940671324729919,-0.03804125636816025,0.025517331436276436,0.09865256398916245,0.04338108003139496,-0.08075356483459473,2.9455106258392334
1788678807314767600,31.020767578125,-0.9936622977256775,-0.035299986600875854,0.02585180290043354,0.10354233533143997,0.044206392019987106,-0.07557796686887741,2.935608148574829
1788678807330667300,31.036667236328125,-0.9935237765312195,-0.03901306912302971,0.025086939334869385,0.10372628271579742,0.04191146045923233,-0.08281981945037842,2.9352784156799316
1788678807346536400,31.052536376953125,-0.993429958820343,-0.040207866579294205,0.025774646550416946,0.10400015115737915,0.043017178773880005,-0.08535212278366089,2.934813976287842
1788678807370255600,31.076255615234373,-0.9930906891822815,-0.04365892708301544,0.025756487622857094,0.10583651810884476,0.04210725426673889,-0.0922974944114685,2.9311933517456055
1788678807386094300,31.09209423828125,-0.9927882552146912,-0.04744110628962517,0.02550519071519375,0.10709965974092484,0.04069443419575691,-0.0998268648982048,2.928701639175415
1788678807402024400,31.1080244140625,-0.9925404787063599,-0.05149368569254875,0.023977842181921005,0.10787427425384521,0.036708764731884,-0.10759982466697693,2.9270496368408203
1788678807417893600,31.1238935546875,-0.9924296140670776,-0.05477941036224365,0.021276161074638367,0.10784294456243515,0.0306170042604208,-0.11356231570243835,2.926851511001587
1788678807433793300,31.139793212890623,-0.9923105239868164,-0.05698233097791672,0.017504874616861343,0.10847363620996475,0.022534742951393127,-0.11715377122163773,2.9251503944396973
1788678807449662500,31.155662353515623,-0.9921122193336487,-0.05814636871218681,0.014118794351816177,0.11015015840530396,0.015313662588596344,-0.11876481771469116,2.9213569164276123
1788678807465562000,31.17156201171875,-0.9918084144592285,-0.058665141463279724,0.012127747759222984,0.11281563341617584,0.010897904634475708,-0.11938898265361786,2.9157228469848633
1788678807481431300,31.187431396484374,-0.9913541674613953,-0.05959909036755562,0.012154724448919296,0.11626386642456055,0.010316808708012104,-0.12129110842943192,2.9087300300598145
1788678807497300500,31.203300537109374,-0.9907522201538086,-0.061973873525857925,0.013607976026833057,0.11993392556905746,0.012196328490972519,-0.12640196084976196,2.901430130004883
1788678807513139000,31.219138916015623,-0.9900657534599304,-0.06584878265857697,0.015412379987537861,0.12327296286821365,0.014414654113352299,-0.1345951110124588,2.894819498062134
1788678807529008000,31.235008056640623,-0.9894041419029236,-0.06979136914014816,0.01716677099466324,0.12615062296390533,0.016530588269233704,-0.14292100071907043,2.889141321182251
1788678807544907800,31.25090771484375,-0.9889636039733887,-0.07159791141748428,0.017952585592865944,0.1284625083208084,0.017300430685281754,-0.14675413072109222,2.88451886177063
1788678807560777000,31.26677685546875,-0.9889154434204102,-0.06935848295688629,0.01744036190211773,0.1301208883523941,0.016612539067864418,-0.14219677448272705,2.881120204925537
1788678807576676600,31.282676513671873,-0.9891406297683716,-0.06400730460882187,0.016086725518107414,0.13132095336914062,0.015143843367695808,-0.1312257945537567,2.878606081008911
1788678807592668000,31.29866796875,-0.989303469657898,-0.05865653604269028,0.015287552028894424,0.13268156349658966,0.01479039341211319,-0.12040570378303528,2.875843048095703
1788678807608506400,31.31450634765625,-0.9891660213470459,-0.055945418775081635,0.016189808025956154,0.13475416600704193,0.01706518419086933,-0.11529718339443207,2.8717844486236572
1788678807624406000,31.330406005859373,-0.9886937737464905,-0.05671188235282898,0.01838076487183571,0.13758812844753265,0.02088557556271553,-0.11746929585933685,2.866273880004883
1788678807640305700,31.3463056640625,-0.9880152344703674,-0.05960105359554291,0.02070198394358158,0.14087264239788055,0.024304190650582314,-0.12392311543226242,2.859846830368042
1788678807656174800,31.3621748046875,-0.9873477816581726,-0.06229511648416519,0.021787533536553383,0.14418432116508484,0.0252746120095253,-0.1296597272157669,2.853219747543335
1788678807672044000,31.3780439453125,-0.9869323372840881,-0.06285833567380905,0.021115457639098167,0.14685940742492676,0.02341807447373867,-0.130647212266922,2.847684621810913
1788678807687943700,31.393943603515623,-0.9867696166038513,-0.06133275106549263,0.019017739221453667,0.1488700807094574,0.019428830593824387,-0.12704642117023468,2.8433547019958496
1788678807703782400,31.409782470703124,-0.9867626428604126,-0.05826450511813164,0.01637178659439087,0.1504550278186798,0.014885716140270233,-0.12020215392112732,2.839872360229492
1788678807719682000,31.42568212890625,-0.9867681264877319,-0.05450376868247986,0.014278852380812168,0.15203377604484558,0.01168063934892416,-0.11214179545640945,2.836507558822632
1788678807735490000,31.441489990234373,-0.9867426753044128,-0.05103515461087227,0.01291185338050127,0.15351763367652893,0.009866125881671906,-0.1048736572265625,2.8334248065948486
1788678807751389700,31.4573896484375,-0.9866639375686646,-0.048840735107660294,0.012287882156670094,0.1547832041978836,0.009174855425953865,-0.10035104304552078,2.830839157104492
1788678807767289300,31.473289306640623,-0.986529529094696,-0.04786049947142601,0.01193910837173462,0.1559695601463318,0.008668974041938782,-0.09831417351961136,2.828416347503662
1788678807783189000,31.48918896484375,-0.9863548874855042,-0.047447655349969864,0.011464206501841545,0.15723025798797607,0.0077318293042480946,-0.09735922515392303,2.8258185386657715
1788678807799058200,31.50505810546875,-0.9861997365951538,-0.04663221538066864,0.010714780539274216,0.15849556028842926,0.006380958948284388,-0.09551902860403061,2.8231959342956543
1788678807814897000,31.52089697265625,-0.9860936999320984,-0.04529834911227226,0.009502938948571682,0.15961509943008423,0.004299369174987078,-0.09250231832265854,2.82084321975708
1788678807830796500,31.536796630859374,-0.985994815826416,-0.044077109545469284,0.007836734876036644,0.1606551706790924,0.0012967254733666778,-0.08955729752779007,2.818615198135376
1788678807846696200,31.5526962890625,-0.9858245849609375,-0.04333489015698433,0.00604837853461504,0.1619739681482315,-0.0021210864651948214,-0.08751221746206284,2.8158037662506104
1788678807862534700,31.56853466796875,-0.9857379198074341,-0.04361583665013313,0.005197151098400354,0.16245435178279877,-0.003940290305763483,-0.087788887321949,2.814746379852295
1788678807878434300,31.584434326171873,-0.9856325387954712,-0.045056797564029694,0.005634574219584465,0.1626858115196228,-0.003567660693079233,-0.09077683836221695,2.8142659664154053
1788678807894303500,31.600303466796873,-0.9852890372276306,-0.046444207429885864,0.008029360324144363,0.16426803171634674,0.0005664006457664073,-0.0942995697259903,2.8112170696258545
1788678807910172700,31.616172607421873,-0.9851718544960022,-0.0479218028485775,0.006921944674104452,0.16459700465202332,-0.0021470244973897934,-0.09685243666172028,2.8103978633880615
1788678807926102800,31.632102783203123,-0.9851481914520264,-0.0499180443584919,0.005584565922617912,0.1641951948404312,-0.005416634492576122,-0.10035562515258789,2.8110156059265137
1788678807941972000,31.647971923828123,-0.9851692914962769,-0.05242333188652992,0.0042937942780554295,0.16332440078258514,-0.008711774833500385,-0.1048864871263504,2.8125576972961426
1788678807965806300,31.671806396484374,-0.9852349758148193,-0.05665609985589981,0.005306931212544441,0.16147427260875702,-0.007890796288847923,-0.11359716206789017,2.816244125366211
1788678807981675300,31.68767529296875,-0.9853069186210632,-0.05921098589897156,0.007652432192116976,0.1600186973810196,-0.0038975069765001535,-0.11941465735435486,2.8193612098693848
1788678807997575000,31.703574951171873,-0.9854329824447632,-0.06171555072069168,0.009746415540575981,0.15817135572433472,-0.00031686044530943036,-0.1250418722629547,2.8232688903808594
1788678808013444000,31.719444091796873,-0.9855596423149109,-0.0644078254699707,0.01199872326105833,0.1561409831047058,0.003568127751350403,-0.13107752799987793,2.8275811672210693
1788678808029343700,31.73534375,-0.9855573773384094,-0.06755326688289642,0.015291162766516209,0.15452949702739716,0.009352152235805988,-0.13832177221775055,2.8311851024627686
1788678808045243400,31.751243408203123,-0.9847770929336548,-0.07102039456367493,0.018936065956950188,0.15751706063747406,0.015083608217537403,-0.14636605978012085,2.825481653213501
1788678808061143000,31.76714306640625,-0.9843658804893494,-0.07399411499500275,0.021701475605368614,0.1583593338727951,0.019518740475177765,-0.15314577519893646,2.8240747451782227
1788678808077012200,31.78301220703125,-0.984320878982544,-0.07508405297994614,0.024156253784894943,0.15776987373828888,0.024158958345651627,-0.15606866776943207,2.8256194591522217
1788678808092911900,31.798911865234373,-0.9847425222396851,-0.07285264879465103,0.02644388936460018,0.15580585598945618,0.02972758375108242,-0.15231063961982727,2.8300230503082275
1788678808108781000,31.814781005859373,-0.9853218197822571,-0.06823115050792694,0.02882881835103035,0.15379977226257324,0.03620508685708046,-0.1438223272562027,2.8345181941986084
1788678808124650200,31.830650146484373,-0.9859134554862976,-0.06340109556913376,0.031109537929296494,0.15161515772342682,0.042516209185123444,-0.13485774397850037,2.839292049407959
1788678808140489000,31.846489013671874,-0.9863308072090149,-0.0621875524520874,0.03200048208236694,0.1491984874010086,0.04497950151562691,-0.1326121836900711,2.8443238735198975
1788678808156358000,31.86235791015625,-0.9865024089813232,-0.06595956534147263,0.03166838735342026,0.14649078249931335,0.04359639063477516,-0.13987243175506592,2.849811315536499
1788678808172257500,31.878257568359373,-0.9863938093185425,-0.07230257242918015,0.031796254217624664,0.1441829353570938,0.042381394654512405,-0.15239578485488892,2.854541063308716
1788678808188126700,31.894126708984373,-0.9862128496170044,-0.07779895514249802,0.032801900058984756,0.14232271909713745,0.043142881244421005,-0.1635172963142395,2.858482599258423
1788678808204026400,31.9100263671875,-0.9862443804740906,-0.07997699826955795,0.03445044159889221,0.14049549400806427,0.0461479015648365,-0.16822636127471924,2.862478256225586
1788678808219926000,31.925926025390623,-0.986489474773407,-0.07840092480182648,0.036813460290431976,0.1390562504529953,0.05155640468001366,-0.16567859053611755,2.865798234939575
1788678808235856400,31.9418564453125,-0.9868154525756836,-0.07443927228450775,0.039601076394319534,0.1381521373987198,0.05835437402129173,-0.1585206687450409,2.8680410385131836
1788678808251725300,31.957725341796873,-0.9871469736099243,-0.06991162151098251,0.042306262999773026,0.137344092130661,0.06509961932897568,-0.150211364030838,2.8700032234191895
1788678808267594500,31.973594482421873,-0.9875296354293823,-0.06620929390192032,0.04430362582206726,0.13578931987285614,0.07029899954795837,-0.14328902959823608,2.8733456134796143
1788678808283433200,31.98943310546875,-0.9878738522529602,-0.06347010284662247,0.04533594846725464,0.1342446357011795,0.07329322397708893,-0.13801082968711853,2.876530408859253
1788678808299332900,32.00533276367187,-0.9882030487060547,-0.06174866482615471,0.045168686658144,0.1326713114976883,0.07361716777086258,-0.1344301402568817,2.879636287689209
1788678808315232500,32.021232421875,-0.9884694814682007,-0.06090519577264786,0.04410158097743988,0.13142941892147064,0.07186681032180786,-0.13238470256328583,2.881984233856201
1788678808331132200,32.03713208007812,-0.9886093139648438,-0.0610077939927578,0.04289616644382477,0.1307273954153061,0.06952673941850662,-0.1322261244058609,2.883256196975708
1788678808347031800,32.05303173828125,-0.9886202812194824,-0.06154152378439903,0.04273197427392006,0.13044802844524384,0.06910228729248047,-0.133224755525589,2.8838210105895996
1788678808362901000,32.06890087890625,-0.9885441660881042,-0.06195254623889923,0.04381376504898071,0.13047082722187042,0.07115814834833145,-0.13432204723358154,2.883932113647461
1788678808378739500,32.08473950195312,-0.9885095953941345,-0.061950359493494034,0.044776882976293564,0.13040731847286224,0.07309241592884064,-0.134561225771904,2.884188413619995
1788678808394639000,32.10063916015625,-0.9885970950126648,-0.06151748448610306,0.04471353068947792,0.1299695521593094,0.07313333451747894,-0.13365235924720764,2.8850512504577637
1788678808410477800,32.11647778320312,-0.988773763179779,-0.060825593769550323,0.04376690089702606,0.12927208840847015,0.07150733470916748,-0.13198404014110565,2.8863155841827393
1788678808426377500,32.13237744140625,-0.9890193939208984,-0.05992100015282631,0.04222973436117172,0.12832364439964294,0.06878525018692017,-0.12972776591777802,2.888007402420044
1788678808442277000,32.14827709960937,-0.9892586469650269,-0.059038642793893814,0.04067334160208702,0.12738747894763947,0.06601488590240479,-0.12751682102680206,2.889677047729492
1788678808458176800,32.1641767578125,-0.98930823802948,-0.05885428935289383,0.03954176977276802,0.12744393944740295,0.06379236280918121,-0.1268688440322876,2.8894147872924805
1788678808474046000,32.1800458984375,-0.9890586137771606,-0.060881733894348145,0.03995980694890022,0.1282956451177597,0.06401579827070236,-0.1310594081878662,2.887805700302124
1788678808489945600,32.19594555664062,-0.9887052178382874,-0.06285059452056885,0.03968393802642822,0.13014303147792816,0.06272391974925995,-0.13502046465873718,2.884080410003662
1788678808505906400,32.21190649414063,-0.9881682395935059,-0.06452668458223343,0.03986643999814987,0.13330626487731934,0.06222231313586235,-0.13859865069389343,2.8777272701263428
1788678808521806000,32.22780615234375,-0.9874796867370605,-0.06503432989120483,0.04035681486129761,0.13793425261974335,0.06241317838430405,-0.14003051817417145,2.868400812149048
1788678808545670700,32.25167065429687,-0.9864040613174438,-0.0639783963561058,0.04023462161421776,0.14592844247817993,0.061327140778303146,-0.13840126991271973,2.852095603942871
1788678808561570300,32.2675703125,-0.9858226180076599,-0.06354399770498276,0.03874089941382408,0.15038317441940308,0.05784831941127777,-0.1373698115348816,2.842815637588501
1788678808577409000,32.28340893554687,-0.985244870185852,-0.06488537043333054,0.036602769047021866,0.15408682823181152,0.052665792405605316,-0.1395888477563858,2.8349997997283936
1788678808593308700,32.29930859375,-0.9845990538597107,-0.06763514876365662,0.034557100385427475,0.15746745467185974,0.04725954681634903,-0.1445733606815338,2.8278403282165527
1788678808609147400,32.3151474609375,-0.9839519262313843,-0.07042644917964935,0.032918885350227356,0.16060885787010193,0.04264891520142555,-0.14972540736198425,2.8211891651153564
1788678808625077500,32.33107739257812,-0.9835041165351868,-0.07124363631010056,0.03141523152589798,0.16326996684074402,0.038983285427093506,-0.15096795558929443,2.8155248165130615
1788678808640916000,32.346916015625,-0.9833407998085022,-0.06907431781291962,0.03002191334962845,0.16543377935886383,0.03658803924918175,-0.14630183577537537,2.810922861099243
1788678808656815600,32.36281567382812,-0.9833406805992126,-0.06487248092889786,0.029043707996606827,0.16730007529258728,0.03575959429144859,-0.13773663341999054,2.8070180416107178
1788678808672746000,32.37874609375,-0.9832614064216614,-0.06160852313041687,0.028754444792866707,0.16904014348983765,0.03603532537817955,-0.13125240802764893,2.8034541606903076
1788678808688645600,32.39464575195313,-0.9828312993049622,-0.062186598777770996,0.02981223538517952,0.17113381624221802,0.037656884640455246,-0.1328319013118744,2.7993078231811523
1788678808704545300,32.41054516601562,-0.9820163249969482,-0.06663206219673157,0.032127927988767624,0.17370089888572693,0.0403723306953907,-0.14251072704792023,2.794332504272461
1788678808720383700,32.4263837890625,-0.9811347126960754,-0.07244689762592316,0.03422444313764572,0.17594014108181,0.0421818345785141,-0.1548209935426712,2.7899906635284424
1788678808736253000,32.4422529296875,-0.9804410338401794,-0.07694759219884872,0.03516214340925217,0.17770281434059143,0.04218032583594322,-0.1641177237033844,2.7864596843719482
1788678808752183300,32.45818334960938,-0.9801236391067505,-0.07806441187858582,0.03488451987504959,0.17901596426963806,0.04100970923900604,-0.16628050804138184,2.783700466156006
1788678808768083000,32.4740830078125,-0.9801241755485535,-0.07660801708698273,0.03343779221177101,0.17991584539413452,0.03849960118532181,-0.16292251646518707,2.7816498279571533
1788678808783982600,32.48998266601563,-0.9803091287612915,-0.07413014769554138,0.031198225915431976,0.18034851551055908,0.03486640751361847,-0.15724118053913116,2.7804665565490723
1788678808799851500,32.5058515625,-0.9804630279541016,-0.07165057957172394,0.029396310448646545,0.1808159202337265,0.03210710734128952,-0.15171344578266144,2.7792935371398926
1788678808815720700,32.521720703125,-0.9804627299308777,-0.07008262723684311,0.02896757610142231,0.18149957060813904,0.03171760216355324,-0.14848706126213074,2.7778637409210205
1788678808831590000,32.53758984375,-0.9803875088691711,-0.06940890848636627,0.0295958761125803,0.18206293880939484,0.033122461289167404,-0.14740510284900665,2.7768115997314453
1788678808847489500,32.55348950195312,-0.9802964329719543,-0.06922868639230728,0.030514849349856377,0.18246962130069733,0.034948933869600296,-0.14739850163459778,2.776111125946045
1788678808863358700,32.56935864257812,-0.9802278280258179,-0.06923048198223114,0.031071338802576065,0.18274319171905518,0.036010511219501495,-0.14761494100093842,2.7756288051605225
1788678808879228000,32.58522778320312,-0.9801907539367676,-0.06969158351421356,0.0310431607067585,0.18277199566364288,0.035782549530267715,-0.14851507544517517,2.77555775642395
1788678808895066400,32.60106640625,-0.9802526235580444,-0.0705779418349266,0.030670449137687683,0.18216200172901154,0.03481477126479149,-0.15010546147823334,2.7767391204833984
1788678808910966000,32.61696606445312,-0.9801552295684814,-0.07176467776298523,0.030130678787827492,0.18231201171875,0.03328954428434372,-0.15225498378276825,2.7763288021087646
1788678808926835200,32.63283520507812,-0.9799473285675049,-0.07311926037073135,0.02947992831468582,0.18299655616283417,0.03139650449156761,-0.15471196174621582,2.774796724319458
1788678808942734800,32.64873486328125,-0.9799008369445801,-0.07402097433805466,0.028741344809532166,0.18300069868564606,0.02960028499364853,-0.1562204360961914,2.7746546268463135
1788678808958634500,32.66463452148437,-0.979963481426239,-0.07396658509969711,0.02817891538143158,0.1827746331691742,0.028540145605802536,-0.15590065717697144,2.775036096572876
1788678808974534100,32.6805341796875,-0.9800282716751099,-0.07298829406499863,0.028131762519478798,0.18282745778560638,0.028795834630727768,-0.15395516157150269,2.77494740486145
1788678808990403300,32.6964033203125,-0.9802370667457581,-0.07172810286283493,0.028337905183434486,0.1821741759777069,0.029767131432890892,-0.1515251249074936,2.776350975036621
1788678809006333400,32.71233349609375,-0.9804920554161072,-0.07065878063440323,0.02855289727449417,0.1811831146478653,0.030734863132238388,-0.1494632065296173,2.778440475463867
1788678809022172200,32.72817211914062,-0.9806122779846191,-0.07127580791711807,0.03258831799030304,0.17960375547409058,0.0387672483921051,-0.15207937359809875,2.782252788543701
1788678809038071800,32.74407177734375,-0.9805582761764526,-0.07180343568325043,0.040725450962781906,0.17802031338214874,0.054997190833091736,-0.15594613552093506,2.786703109741211
1788678809053971500,32.75997143554687,-0.98040771484375,-0.0690493956208229,0.0467945821583271,0.17844665050506592,0.06795453280210495,-0.15268635749816895,2.7867090702056885
1788678809077775000,32.78377514648437,-0.9805827736854553,-0.06185810640454292,0.05088058114051819,0.1790037602186203,0.07848712056875229,-0.13998636603355408,2.785977602005005
1788678809093705500,32.79970556640625,-0.98073810338974,-0.06115205958485603,0.05318325012922287,0.17772144079208374,0.08348634093999863,-0.13930201530456543,2.7888872623443604
1788678809109574700,32.81557470703125,-0.9806830286979675,-0.06136725842952728,0.05554260313510895,0.17722856998443604,0.08816935867071152,-0.14051304757595062,2.790221691131592
1788678809125443600,32.83144360351562,-0.9804667830467224,-0.06336599588394165,0.05772215873003006,0.17702484130859375,0.09184889495372772,-0.14520271122455597,2.791023015975952
1788678809141312800,32.84731274414062,-0.980368435382843,-0.06635135412216187,0.05927465483546257,0.17595992982387543,0.09408701956272125,-0.15153677761554718,2.79355525970459
1788678809157212400,32.86321240234375,-0.9804524779319763,-0.06828757375478745,0.05992667004466057,0.1745237410068512,0.09496084600687027,-0.15544797480106354,2.796677350997925
1788678809173112000,32.87911206054687,-0.9807642698287964,-0.06744704395532608,0.06000790745019913,0.17306464910507202,0.09563281387090683,-0.1536739319562912,2.7996389865875244
1788678809188981200,32.89498120117187,-0.9813899397850037,-0.06311159580945969,0.05994565039873123,0.17116470634937286,0.09722557663917542,-0.14490187168121338,2.80330753326416
1788678809204789200,32.91078930664062,-0.9821924567222595,-0.05594809353351593,0.06031028553843498,0.16891023516654968,0.10059768706560135,-0.13064900040626526,2.807565689086914
1788678809220719600,32.9267197265625,-0.9829083681106567,-0.04910711944103241,0.06075338274240494,0.16669920086860657,0.10395504534244537,-0.11705783009529114,2.8116908073425293
1788678809236619300,32.94261938476563,-0.9835077524185181,-0.04694518446922302,0.05991842597723007,0.164068803191185,0.10328830778598785,-0.11223889887332916,2.8168046474456787
1788678809252519000,32.95851879882812,-0.9839402437210083,-0.05031747370958328,0.05810408294200897,0.16110175848007202,0.09897828102111816,-0.11801385879516602,2.822862148284912
1788678809268418600,32.97441845703125,-0.98416668176651,-0.0559731163084507,0.05650661885738373,0.15839843451976776,0.09440828114748001,-0.1284276247024536,2.8285112380981445
1788678809284287700,32.99028784179688,-0.9843488335609436,-0.06088927388191223,0.05530938133597374,0.15585480630397797,0.09088999778032303,-0.1375463306903839,2.833798885345459
1788678809300187400,33.0061875,-0.9845370054244995,-0.06328479200601578,0.05516709014773369,0.15374869108200073,0.09019772708415985,-0.14205344021320343,2.8381898403167725
1788678809316056600,33.022056640625,-0.9847758412361145,-0.06258347630500793,0.05602571368217468,0.1521872580051422,0.09234010428190231,-0.14077873528003693,2.8414535522460938
1788678809331895000,33.03789501953125,-0.9849722385406494,-0.06048176810145378,0.057838067412376404,0.15108412504196167,0.09671833366155624,-0.13705118000507355,2.843830108642578
1788678809347764200,33.05376416015625,-0.985216498374939,-0.05760285630822182,0.05952094867825508,0.1499592512845993,0.10105185210704803,-0.131734699010849,2.8461639881134033
1788678809363633400,33.06963330078125,-0.9855141639709473,-0.05446210876107216,0.06036769226193428,0.1488342136144638,0.10377758741378784,-0.12564623355865479,2.848348379135132
1788678809379563500,33.0855634765625,-0.9858548641204834,-0.051494572311639786,0.05996769294142723,0.14779196679592133,0.10394548624753952,-0.11954235285520554,2.850209951400757
1788678809395432700,33.1014326171875,-0.986143946647644,-0.04962610453367233,0.05853860080242157,0.14707402884960175,0.10170754790306091,-0.11535162478685379,2.8513717651367188
1788678809411271400,33.117271484375,-0.9863865971565247,-0.04917839542031288,0.05691135302186012,0.14623278379440308,0.09868884831666946,-0.11390859633684158,2.8528661727905273
1788678809427201500,33.13320141601562,-0.9865337014198303,-0.049914490431547165,0.05595500022172928,0.1453581005334854,0.09668023139238358,-0.1150050237774849,2.8545830249786377
1788678809443040000,33.1490400390625,-0.9865723252296448,-0.05068722739815712,0.05596834048628807,0.14482231438159943,0.09655565023422241,-0.11648742854595184,2.855722188949585
1788678809459031300,33.16503125,-0.9865859746932983,-0.05085310339927673,0.05677022039890289,0.14435769617557526,0.0981629267334938,-0.11699909716844559,2.856767416000366
1788678809474931000,33.18093090820312,-0.9865977168083191,-0.050472430884838104,0.05776676908135414,0.14401580393314362,0.10029415041208267,-0.11649393290281296,2.8575491905212402
1788678809490830600,33.19683056640625,-0.9866053462028503,-0.04990575462579727,0.05867290124297142,0.14379483461380005,0.10228138417005539,-0.11560562998056412,2.858060598373413
1788678809506760700,33.2127607421875,-0.9866219758987427,-0.0495280846953392,0.0592489019036293,0.1435743123292923,0.10355839133262634,-0.11499752849340439,2.8585455417633057
1788678809522599400,33.22859936523437,-0.9866545796394348,-0.04929083585739136,0.05933620035648346,0.14339643716812134,0.10381776839494705,-0.11453349888324738,2.858898878097534
1788678809538529500,33.24452954101562,-0.9866379499435425,-0.049223944544792175,0.05911301076412201,0.1436253786087036,0.10336462408304214,-0.11436179280281067,2.8584046363830566
1788678809554398700,33.26039868164062,-0.9864654541015625,-0.05262596532702446,0.056396421045064926,0.14469271898269653,0.09688933938741684,-0.12043865770101547,2.8561601638793945
1788678809570268000,33.27626782226562,-0.9861721992492676,-0.05963650345802307,0.05063117295503616,0.14609703421592712,0.08326525241136551,-0.1328079253435135,2.8529815673828125
1788678809586137000,33.29213720703125,-0.9858675003051758,-0.06634704023599625,0.043924480676651,0.14742499589920044,0.06780077517032623,-0.14426986873149872,2.8496170043945312
1788678809602036700,33.30803662109375,-0.9857041239738464,-0.0683646872639656,0.04085196182131767,0.14847514033317566,0.06093336641788483,-0.14743931591510773,2.8470849990844727
1788678809617906000,33.32390600585938,-0.9855826497077942,-0.06889212131500244,0.03947493061423302,0.1494073122739792,0.057891640812158585,-0.14813461899757385,2.8449947834014893
1788678809633774800,33.33977490234375,-0.9854316115379333,-0.06931956857442856,0.038426291197538376,0.15047495067119598,0.05551230534911156,-0.1487315148115158,2.8426713943481445
1788678809649644000,33.35564404296875,-0.9851550459861755,-0.06978428363800049,0.038536448031663895,0.15203545987606049,0.05535706505179405,-0.14977382123470306,2.839510202407837
1788678809665574400,33.37157446289063,-0.9846381545066833,-0.07033363729715347,0.039811037480831146,0.15477727353572845,0.05731353536248207,-0.1514078825712204,2.834108591079712
1788678809681504500,33.38750439453125,-0.9839714169502258,-0.07151897251605988,0.041505735367536545,0.1579957902431488,0.05982920154929161,-0.15447433292865753,2.827803373336792
1788678809697434600,33.4034345703125,-0.9831897020339966,-0.0743858590722084,0.04295206815004349,0.16112105548381805,0.061318814754486084,-0.1608038991689682,2.8216710090637207
1788678809713334300,33.41933422851562,-0.9823535084724426,-0.07842642068862915,0.04385619983077049,0.16403499245643616,0.061350077390670776,-0.16928015649318695,2.8158891201019287
1788678809729234000,33.43523388671875,-0.9815753698348999,-0.0817539319396019,0.04379371926188469,0.167057603597641,0.05961449816823006,-0.17603521049022675,2.8096988201141357
1788678809745103000,33.45110302734375,-0.9810500144958496,-0.08247500658035278,0.04259245842695236,0.17007237672805786,0.05643072724342346,-0.17723828554153442,2.80330491065979
1788678809760972300,33.46697216796875,-0.9810897707939148,-0.0783597007393837,0.03916759416460991,0.1725938320159912,0.050538331270217896,-0.16806605458259583,2.7975730895996094
1788678809776841500,33.48284155273438,-0.981471836566925,-0.07101623713970184,0.03435862809419632,0.1746118664741516,0.04315418750047684,-0.15198415517807007,2.7927467823028564
1788678809792710400,33.49871044921875,-0.9817804098129272,-0.06430400907993317,0.030085396021604538,0.17625904083251953,0.03676033765077591,-0.1373014599084854,2.7888453006744385
1788678809808610000,33.51461010742187,-0.9816914200782776,-0.06264230608940125,0.027491789311170578,0.17776980996131897,0.03199372440576553,-0.13315841555595398,2.785438299179077
1788678809824540400,33.53054052734375,-0.981079638004303,-0.06747973710298538,0.027775589376688004,0.1793261170387268,0.030614955350756645,-0.14285315573215485,2.782205820083618
1788678809840470500,33.54647045898437,-0.9802128076553345,-0.0746096596121788,0.029463011771440506,0.18096496164798737,0.03114747256040573,-0.15758159756660461,2.7789273262023926
1788678809856339700,33.56233959960937,-0.9793763160705566,-0.08060785382986069,0.03084089420735836,0.18268366158008575,0.031416043639183044,-0.16997641324996948,2.775446653366089
1788678809872239400,33.5782392578125,-0.9788087010383606,-0.08355511724948883,0.03080638311803341,0.18439942598342896,0.02995842695236206,-0.1758349984884262,2.771815061569214
1788678809888139000,33.59413891601562,-0.9786151647567749,-0.0831167921423912,0.029543576762080193,0.18582582473754883,0.02735203690826893,-0.17454352974891663,2.768681049346924
1788678809904008200,33.61000830078125,-0.9786860942840576,-0.08042070269584656,0.027755053713917732,0.18691086769104004,0.024615386500954628,-0.1685861200094223,2.7662546634674072
1788678809919877400,33.62587744140625,-0.978877067565918,-0.07693038880825043,0.026336824521422386,0.18758456408977509,0.02299925684928894,-0.16118864715099335,2.7647764682769775
1788678809935746300,33.64174633789062,-0.979080080986023,-0.07357383519411087,0.025467563420534134,0.18799100816249847,0.022475872188806534,-0.1542557328939438,2.7639315128326416
1788678809951615500,33.65761547851562,-0.9792513847351074,-0.07077442854642868,0.024870190769433975,0.18825286626815796,0.02230878919363022,-0.14852111041545868,2.7634031772613525
1788678809967515100,33.67351513671875,-0.9794186949729919,-0.0683710053563118,0.024505047127604485,0.18831846117973328,0.022483814507722855,-0.14365074038505554,2.7632954120635986
1788678809983384300,33.68938427734375,-0.9803981184959412,-0.052115682512521744,0.027625594288110733,0.1879907101392746,0.03480184078216553,-0.11281409859657288,2.7646584510803223
1788678809999284000,33.70528393554687,-0.9805206060409546,-0.051133256405591965,0.027032528072595596,0.1877073347568512,0.034030359238386154,-0.11064846813678741,2.765181541442871
1788678810015244800,33.72124487304688,-0.9805980324745178,-0.05090545490384102,0.02607393078505993,0.18750044703483582,0.032246362417936325,-0.10983402281999588,2.765505790710449
1788678810031144400,33.73714453125,-0.9806672930717468,-0.05114052817225456,0.02463500201702118,0.18726864457130432,0.029344184324145317,-0.10975060611963272,2.765827178955078
1788678810046952400,33.75295239257812,-0.9807714223861694,-0.05153205245733261,0.023177314549684525,0.18680152297019958,0.026373090222477913,-0.10996292531490326,2.766624927520752
1788678810062852000,33.76885205078125,-0.9808960556983948,-0.05182584375143051,0.02218061313033104,0.18618597090244293,0.02436533011496067,-0.11015360057353973,2.767774820327759
1788678810078721300,33.78472119140625,-0.9809672832489014,-0.05178568884730339,0.021924961358308792,0.18585175275802612,0.02391313575208187,-0.10997124761343002,2.768432140350342
1788678810094621000,33.80062084960937,-0.9810765981674194,-0.051435377448797226,0.022660477086901665,0.18528270721435547,0.025559112429618835,-0.10954021662473679,2.7696778774261475
1788678810110459600,33.81645971679688,-0.9813292622566223,-0.051236193627119064,0.023829810321331024,0.18384753167629242,0.02810259349644184,-0.109540194272995,2.7727363109588623
1788678810126359300,33.832359375,-0.981576144695282,-0.05161280930042267,0.025219550356268883,0.1822318136692047,0.03089294768869877,-0.11074163019657135,2.7761805057525635
1788678810142289400,33.84828930664062,-0.981784462928772,-0.052624672651290894,0.02686409093439579,0.18057745695114136,0.03396802395582199,-0.11327636986970901,2.779729127883911
1788678810158189000,33.86418896484375,-0.9820237159729004,-0.05618106573820114,0.030551955103874207,0.17759400606155396,0.0403590127825737,-0.12149263173341751,2.7862253189086914
1788678810174058200,33.88005834960938,-0.9821503162384033,-0.057740386575460434,0.03277300298213959,0.17599111795425415,0.04441503807902336,-0.12528248131275177,2.7897632122039795
1788678810189927400,33.89592749023438,-0.9824334979057312,-0.05722714215517044,0.034745968878269196,0.17419040203094482,0.04873296245932579,-0.1248728334903717,2.79367733001709
1788678810205827000,33.9118271484375,-0.9830260276794434,-0.0554690808057785,0.035896457731723785,0.17115618288516998,0.05199400708079338,-0.12164267152547836,2.799992561340332
1788678810221757200,33.92775708007812,-0.9833837747573853,-0.05835440754890442,0.035511139780282974,0.16819648444652557,0.05064183101058006,-0.12705683708190918,2.806016206741333
1788678810237626400,33.94362646484375,-0.9835979342460632,-0.059962499886751175,0.03751777485013008,0.16592784225940704,0.054397039115428925,-0.13078095018863678,2.8109130859375
1788678810253495600,33.95949560546875,-0.9837014079093933,-0.061113227158784866,0.040552105754613876,0.16417165100574493,0.06029249355196953,-0.13394954800605774,2.8149027824401855
1788678810269395200,33.97539526367188,-0.9837634563446045,-0.062058426439762115,0.042561762034893036,0.16293154656887054,0.06415830552577972,-0.13639342784881592,2.8177149295806885
1788678810285294800,33.991294921875,-0.9838590025901794,-0.0629914328455925,0.042713142931461334,0.16195432841777802,0.06430111080408096,-0.1382242739200592,2.819748878479004
1788678810301225000,34.00722485351562,-0.9841591119766235,-0.06303605437278748,0.040591031312942505,0.16065438091754913,0.06024717167019844,-0.13755060732364655,2.822118043899536
1788678810325120300,34.03112036132813,-0.984839916229248,-0.05791407451033592,0.03918224200606346,0.15874840319156647,0.059299882501363754,-0.1268523633480072,2.8257253170013428
1788678810341050400,34.04705029296875,-0.9853408336639404,-0.054043177515268326,0.0397222526371479,0.15685983002185822,0.06180345267057419,-0.11924596130847931,2.829545497894287
1788678810356919600,34.06291943359375,-0.985772967338562,-0.05456903204321861,0.03945399448275566,0.15400424599647522,0.061458196491003036,-0.12002549320459366,2.8353381156921387
1788678810372758000,34.07875805664062,-0.9859893918037415,-0.060183022171258926,0.03900659829378128,0.15060384571552277,0.05933395400643349,-0.13080139458179474,2.8423349857330322
1788678810388657700,34.09465771484375,-0.9859696626663208,-0.06829020380973816,0.03884463757276535,0.14728018641471863,0.0571274571120739,-0.14663110673427582,2.8492305278778076
1788678810404557300,34.11055737304687,-0.9858174324035645,-0.0752602070569992,0.03948286920785904,0.14471036195755005,0.056824471801519394,-0.16050101816654205,2.854661226272583
1788678810420457200,34.12645727539063,-0.9857779741287231,-0.07782134413719177,0.04115678742527962,0.14314979314804077,0.05971834063529968,-0.16597327589988708,2.858147382736206
1788678810436326100,34.142326171875,-0.9860317707061768,-0.0755738690495491,0.04315707087516785,0.14201202988624573,0.06453285366296768,-0.1620018035173416,2.860752820968628
1788678810452164900,34.15816479492187,-0.9864360094070435,-0.07026088982820511,0.04492234066128731,0.14138436317443848,0.06961563229560852,-0.15190187096595764,2.8621745109558105
1788678810468064500,34.174064453125,-0.986863374710083,-0.06368803977966309,0.04620581865310669,0.1411018967628479,0.0740073025226593,-0.13919125497341156,2.8627188205718994
1788678810483964200,34.18996411132812,-0.9873051047325134,-0.057147812098264694,0.0468154177069664,0.14060990512371063,0.0770609974861145,-0.12634596228599548,2.8635365962982178
1788678810507767800,34.21376782226562,-0.9879330992698669,-0.048969924449920654,0.046562399715185165,0.13936366140842438,0.0789097473025322,-0.10995767265558243,2.8656554222106934
1788678810523667500,34.22966748046875,-0.988288164138794,-0.04563673585653305,0.045679375529289246,0.13826557993888855,0.07816232740879059,-0.1030183881521225,2.8676204681396484
1788678810539567000,34.24556713867187,-0.9884986281394958,-0.04445473477244377,0.04459526017308235,0.1374976933002472,0.07639788836240768,-0.10031856596469879,2.8690085411071777
1788678810555375400,34.26137524414062,-0.9885351657867432,-0.04496892914175987,0.044029515236616135,0.1372498869895935,0.07516015321016312,-0.1011653020977974,2.8694801330566406
1788678810571336000,34.2773359375,-0.9884647727012634,-0.04570616036653519,0.043775398284196854,0.13759368658065796,0.0744226947426796,-0.1025841236114502,2.8687937259674072
1788678810587205000,34.293205078125,-0.9884008765220642,-0.04627639055252075,0.04340266436338425,0.1379798799753189,0.07348816096782684,-0.10364209115505219,2.8680005073547363
1788678810603074300,34.30907421875,-0.9883547425270081,-0.04674501344561577,0.04291816055774689,0.13830386102199554,0.0723639726638794,-0.10446269065141678,2.8673160076141357
1788678810619004400,34.32500439453125,-0.9880527853965759,-0.047187354415655136,0.04236814007163048,0.14046351611614227,0.07091996818780899,-0.10534428805112839,2.8629016876220703
1788678810634843100,34.34084301757812,-0.9878210425376892,-0.04786438122391701,0.04130122810602188,0.142171710729599,0.06842735409736633,-0.10650787502527237,2.8593556880950928
1788678810650712300,34.35671240234375,-0.9877628087997437,-0.04869808256626129,0.03992138430476189,0.1426866203546524,0.06539455056190491,-0.10780550539493561,2.858198404312134
1788678810666612000,34.37261206054688,-0.9877390265464783,-0.04960336908698082,0.038613978773355484,0.1428992599248886,0.06251765042543411,-0.10924333333969116,2.8576595783233643
1788678810682511600,34.38851171875,-0.987433671951294,-0.055291302502155304,0.03663118928670883,0.14344269037246704,0.056919243186712265,-0.11998966336250305,2.856494426727295
1788678810698380800,34.404380859375,-0.986609935760498,-0.06836622953414917,0.0330926850438118,0.14433272182941437,0.04606343060731888,-0.14496147632598877,2.8544154167175293
1788678810714249700,34.42024975585937,-0.985846996307373,-0.07775858789682388,0.02966848947107792,0.1455308049917221,0.03635244071483612,-0.16266793012619019,2.851433038711548
1788678810730180000,34.43618017578125,-0.9853484034538269,-0.08036570250988007,0.028024299070239067,0.14779908955097198,0.03192324936389923,-0.1674416959285736,2.8464982509613037
1788678810746049000,34.45204907226562,-0.9849666953086853,-0.08244718611240387,0.027107080444693565,0.14935991168022156,0.029202278703451157,-0.1713501513004303,2.8431148529052734
1788678810761918200,34.46791821289062,-0.9845721125602722,-0.08389541506767273,0.027018101885914803,0.1511598378419876,0.028271131217479706,-0.1742507368326187,2.8393843173980713
1788678810777787400,34.48378735351562,-0.9841078519821167,-0.0849541500210762,0.027825886383652687,0.1534285545349121,0.029156437143683434,-0.17666418850421906,2.834852695465088
1788678810793687000,34.49968701171875,-0.983576238155365,-0.08638740330934525,0.028778884559869766,0.15584267675876617,0.030178166925907135,-0.17987556755542755,2.8300371170043945
1788678810809647900,34.51564794921875,-0.98284512758255,-0.08944322913885117,0.029629362747073174,0.15854834020137787,0.030410759150981903,-0.18628866970539093,2.8245580196380615
1788678810825547500,34.53154760742188,-0.9816502928733826,-0.09533707052469254,0.030059918761253357,0.16238844394683838,0.028617659583687782,-0.19823387265205383,2.8165600299835205
1788678810841416400,34.54741650390625,-0.9801284074783325,-0.10213813930749893,0.028823958709836006,0.16758708655834198,0.022777533158659935,-0.21145020425319672,2.8053157329559326
1788678810857316400,34.56331640625,-0.9784221649169922,-0.10679914057254791,0.02378695271909237,0.17526596784591675,0.009334085509181023,-0.21907557547092438,2.788116693496704
1788678810873246500,34.57924658203125,-0.9771173596382141,-0.107350192964077,0.017065923660993576,0.18282878398895264,-0.006045372225344181,-0.21774432063102722,2.770988941192627
1788678810889115600,34.59511572265625,-0.9767472147941589,-0.10485217720270157,0.009491458535194397,0.18676413595676422,-0.021088168025016785,-0.20991162955760956,2.7615113258361816
1788678810904984600,34.61098461914062,-0.9769030809402466,-0.10274757444858551,0.007399464957416058,0.18721266090869904,-0.024529969319701195,-0.204951211810112,2.760383367538452
1788678810920853800,34.62685375976562,-0.9768211841583252,-0.1027335524559021,0.012069212272763252,0.18740476667881012,-0.01525181531906128,-0.20669694244861603,2.760913848876953
1788678810936784000,34.64278393554687,-0.9761829972267151,-0.10466071218252182,0.01987915113568306,0.1889914572238922,-0.0007659680559299886,-0.213467538356781,2.759037494659424
1788678810952683800,34.65868383789063,-0.975329577922821,-0.10655011981725693,0.027953021228313446,0.19130584597587585,0.014100788161158562,-0.22031612694263458,2.7557804584503174
1788678810968583400,34.67458349609375,-0.9746716022491455,-0.10701258480548859,0.033298153430223465,0.1935325413942337,0.024089299142360687,-0.22334504127502441,2.7522695064544678
1788678810984452400,34.69045239257812,-0.9745354056358337,-0.1048339307308197,0.03481326624751091,0.19513769447803497,0.027606280520558357,-0.2196781486272812,2.7493913173675537
1788678811000352000,34.70635205078125,-0.9747807383537292,-0.10311783850193024,0.030852116644382477,0.1954929232597351,0.020298073068261147,-0.2147439867258072,2.7479305267333984
1788678811016221200,34.72222119140625,-0.9753834009170532,-0.10228914767503738,0.023605745285749435,0.19392508268356323,0.00652005709707737,-0.21024321019649506,2.749760627746582
1788678811032120800,34.73812084960937,-0.9760330319404602,-0.10253237187862396,0.015643693506717682,0.19131606817245483,-0.00888560339808464,-0.20762424170970917,2.753547191619873
1788678811047990000,34.75398999023437,-0.9764853715896606,-0.10344812273979187,0.009583944454789162,0.18889972567558289,-0.02081179805099964,-0.2071298509836197,2.7572529315948486
1788678811063889700,34.7698896484375,-0.9767624139785767,-0.10391221940517426,0.008833978325128555,0.18724144995212555,-0.02213386446237564,-0.20779545605182648,2.7604877948760986
1788678811079758800,34.7857587890625,-0.9769085049629211,-0.10275914520025253,0.011932454071938992,0.18694381415843964,-0.015435721725225449,-0.20670275390148163,2.761837959289551
1788678811095658500,34.80165844726562,-0.977211594581604,-0.09842900931835175,0.0168242696672678,0.1873132884502411,-0.004073594696819782,-0.20000553131103516,2.7624154090881348
1788678811111558100,34.81755810546875,-0.9776135087013245,-0.09227869659662247,0.02192886918783188,0.18781794607639313,0.008363005705177784,-0.18980060517787933,2.7627763748168945
1788678811127457800,34.83345776367187,-0.977939248085022,-0.08602224290370941,0.026128355413675308,0.1885533332824707,0.018968721851706505,-0.1790575087070465,2.7623565196990967
1788678811143357400,34.849357421875,-0.9781320095062256,-0.08138071000576019,0.02911028452217579,0.18917599320411682,0.026547333225607872,-0.17104896903038025,2.761775493621826
1788678811159226600,34.8652265625,-0.9780888557434082,-0.07964266836643219,0.031047681346535683,0.18982954323291779,0.030940141528844833,-0.16837723553180695,2.760806083679199
1788678811175156700,34.88115673828125,-0.9777201414108276,-0.08082783222198486,0.03295900300145149,0.19090323150157928,0.03409533202648163,-0.1714770793914795,2.75886869430542
1788678811191026000,34.89702587890625,-0.977067232131958,-0.08421605080366135,0.03524119406938553,0.19236773252487183,0.0370662696659565,-0.1790837198495865,2.7561280727386475
1788678811206925600,34.91292553710937,-0.976535975933075,-0.0880478173494339,0.03563012555241585,0.19327609241008759,0.036190617829561234,-0.18682147562503815,2.7541937828063965
1788678811222794800,34.92879467773437,-0.9764126539230347,-0.09089913964271545,0.03288495913147926,0.1930658519268036,0.02966538816690445,-0.19137407839298248,2.754016876220703
1788678811238633500,34.94463354492188,-0.9766876101493835,-0.09214665740728378,0.028284305706620216,0.19180844724178314,0.020274868234992027,-0.19202527403831482,2.7557077407836914
1788678811254533000,34.960533203125,-0.9770398736000061,-0.09169669449329376,0.02445593848824501,0.19075335562229156,0.01304011233150959,-0.18964752554893494,2.757211685180664
1788678811270402000,34.97640209960937,-0.97730952501297,-0.08998026698827744,0.023054204881191254,0.19036343693733215,0.010993548668920994,-0.185720294713974,2.7578678131103516
1788678811286301700,34.9923017578125,-0.977606475353241,-0.08812179416418076,0.02366533875465393,0.18963180482387543,0.01306622102856636,-0.18228000402450562,2.759594440460205
1788678811302171000,35.0081708984375,-0.9780277013778687,-0.08665898442268372,0.026155758649110794,0.18779776990413666,0.01892123930156231,-0.18030919134616852,2.763887643814087
1788678811318040000,35.0240400390625,-0.9783549904823303,-0.0868324488401413,0.029369253665208817,0.1855241060256958,0.025673983618617058,-0.18180318176746368,2.7691261768341064
1788678811333970200,35.03997021484375,-0.9783631563186646,-0.0886629968881607,0.03203493356704712,0.18416936695575714,0.030559422448277473,-0.18636587262153625,2.7723188400268555
1788678811349869800,35.05586987304687,-0.9782180190086365,-0.09173239022493362,0.03394803777337074,0.18309052288532257,0.03345439210534096,-0.19309744238853455,2.774779796600342
1788678811365769500,35.07176953125,-0.9779707193374634,-0.09485884010791779,0.03543354198336601,0.18253624439239502,0.03538679704070091,-0.19980086386203766,2.776090621948242
1788678811381638700,35.087638671875,-0.9777150750160217,-0.09664484113454819,0.035816919058561325,0.182893767952919,0.0354241207242012,-0.20348496735095978,2.7753591537475586
1788678811397538300,35.10353833007812,-0.9777011871337891,-0.09486981481313705,0.03580966591835022,0.1838964968919754,0.0358521044254303,-0.20001007616519928,2.773353338241577
1788678811413499100,35.1194990234375,-0.9777944087982178,-0.09005040675401688,0.03871815651655197,0.18522967398166656,0.0431598462164402,-0.191615492105484,2.771305561065674
1788678811429368300,35.13536840820313,-0.9786160588264465,-0.08259645104408264,0.040458183735609055,0.18398849666118622,0.04959145188331604,-0.1774783581495285,2.774327039718628
1788678811445268000,35.15126806640625,-0.9799073934555054,-0.07497349381446838,0.04062751680612564,0.18030548095703125,0.05331164225935936,-0.16229644417762756,2.7819950580596924
1788678811461167600,35.16716772460938,-0.9808204770088196,-0.06986436992883682,0.04183371737599373,0.17708797752857208,0.05802363529801369,-0.1524551957845688,2.7887725830078125
1788678811477067300,35.1830673828125,-0.9808012843132019,-0.06818930804729462,0.045999675989151,0.17681367695331573,0.06692634522914886,-0.15059565007686615,2.7899253368377686
1788678811492997400,35.19899731445312,-0.9800381660461426,-0.06891182065010071,0.052707623690366745,0.17888063192367554,0.07969005405902863,-0.15454362332820892,2.7866923809051514
1788678811508897000,35.21489697265625,-0.9789890050888062,-0.0699550211429596,0.0600852407515049,0.18187019228935242,0.09352175146341324,-0.15950125455856323,2.7817132472991943
1788678811524827100,35.2308271484375,-0.9779615998268127,-0.07011844217777252,0.06696240603923798,0.1849069446325302,0.10664911568164825,-0.16262580454349518,2.7765562534332275
1788678811540726800,35.24672680664062,-0.9773516654968262,-0.06815242767333984,0.07079494744539261,0.18742215633392334,0.1145549938082695,-0.16044233739376068,2.7718818187713623
1788678811556596000,35.26259594726562,-0.9770702719688416,-0.0663488432765007,0.07169602066278458,0.1891860067844391,0.11670427769422531,-0.15743224322795868,2.7682905197143555
1788678811572526000,35.27852612304687,-0.9771409034729004,-0.06550440192222595,0.06966719776391983,0.18987169861793518,0.11286573112010956,-0.15509070456027985,2.7665278911590576
1788678811588395300,35.29439526367187,-0.9775856733322144,-0.06533963233232498,0.06498440355062485,0.18929877877235413,0.10371260344982147,-0.15294873714447021,2.767002820968628
1788678811604234000,35.31023388671875,-0.9783509373664856,-0.06558963656425476,0.05864966660737991,0.1873168647289276,0.09135125577449799,-0.15088336169719696,2.7701573371887207
1788678811620103200,35.32610327148438,-0.9793816804885864,-0.06626316159963608,0.051656294614076614,0.1837182193994522,0.07777806371450424,-0.14932861924171448,2.7765517234802246
1788678811636002800,35.3420029296875,-0.9803130030632019,-0.06734742224216461,0.04604895040392876,0.17980657517910004,0.06685731559991837,-0.14915534853935242,2.783787488937378
1788678811651933000,35.35793286132812,-0.9808435440063477,-0.06877083331346512,0.04302728921175003,0.17710211873054504,0.060773082077503204,-0.15071725845336914,2.788909912109375
1788678811667802000,35.37380200195312,-0.9810187220573425,-0.07014559954404831,0.04330185428261757,0.17551854252815247,0.061091355979442596,-0.15343011915683746,2.7922072410583496
1788678811683671300,35.38967138671875,-0.9810075759887695,-0.07081665098667145,0.04628002271056175,0.1745489537715912,0.066939577460289,-0.155728280544281,2.7946465015411377
1788678811699509800,35.405509765625,-0.9808720946311951,-0.07066808640956879,0.04988083615899086,0.17437893152236938,0.0741831362247467,-0.15666916966438293,2.7955358028411865
1788678811715409400,35.42140942382812,-0.9808016419410706,-0.07006783783435822,0.05270357429981232,0.1741868406534195,0.0800355076789856,-0.15644320845603943,2.79634165763855
1788678811731278600,35.43727856445312,-0.9807963371276855,-0.06893590092658997,0.056195806711912155,0.17357534170150757,0.08746568113565445,-0.155356764793396,2.798084259033203
1788678811747178200,35.45317822265625,-0.9808472990989685,-0.06863554567098618,0.058521952480077744,0.17263561487197876,0.09234780818223953,-0.1554735153913498,2.800346612930298
1788678811763047400,35.46904736328125,-0.980767011642456,-0.06887231022119522,0.06034918129444122,0.17236799001693726,0.09595280885696411,-0.1565384417772293,2.801180839538574
1788678811778916600,35.48491650390625,-0.9804477095603943,-0.0693172812461853,0.060641031712293625,0.1738966405391693,0.09614135324954987,-0.1576668918132782,2.7981152534484863
1788678811794785800,35.50078588867188,-0.9800971746444702,-0.07076761871576309,0.054260771721601486,0.17736175656318665,0.0823850929737091,-0.15863031148910522,2.7900924682617188
1788678811810716000,35.5167158203125,-0.9795815348625183,-0.07332999259233475,0.04255397245287895,0.1822965145111084,0.057397522032260895,-0.15986031293869019,2.7782084941864014
1788678811826585000,35.53258520507813,-0.9796867370605469,-0.07455457746982574,0.03880690783262253,0.1820700764656067,0.04954896122217178,-0.16090482473373413,2.778090715408325
1788678811842454300,35.54845434570313,-0.9797773957252502,-0.07719969749450684,0.0364299938082695,0.1809680163860321,0.04405921325087547,-0.16521292924880981,2.779951572418213
1788678811858292700,35.56429272460937,-0.9796944260597229,-0.0813371017575264,0.03228912129998207,0.18038983643054962,0.03443620726466179,-0.17186510562896729,2.780381202697754
1788678811874162000,35.58016186523437,-0.9794546365737915,-0.08614250272512436,0.026923784986138344,0.18034213781356812,0.02202632836997509,-0.17941738665103912,2.779402732849121
1788678811898026800,35.60402685546875,-0.9788466095924377,-0.09252268821001053,0.018913667649030685,0.18149743974208832,0.003504387568682432,-0.18912197649478912,2.77524995803833
1788678811913865200,35.619865234375,-0.9783318638801575,-0.09579624980688095,0.015294083394110203,0.18290986120700836,-0.005216922610998154,-0.19425533711910248,2.771430015563965
1788678811929764900,35.63576489257812,-0.9777970910072327,-0.09821383655071259,0.013651778921484947,0.1846093088388443,-0.009756595827639103,-0.19840604066848755,2.7674121856689453
1788678811945634000,35.65163403320312,-0.9772014021873474,-0.09943212568759918,0.014217687770724297,0.1870526224374771,-0.009604496881365776,-0.20100003480911255,2.76236629486084
1788678811961533700,35.66753369140625,-0.9766017198562622,-0.09969207644462585,0.013968557119369507,0.19004091620445251,-0.010826725512742996,-0.20138660073280334,2.7561144828796387
1788678811977433300,35.68343334960937,-0.9763632416725159,-0.09725857526063919,0.01111310813575983,0.1926969289779663,-0.01608898863196373,-0.1954442262649536,2.7502999305725098
1788678811993333000,35.6993330078125,-0.9767010807991028,-0.09199290722608566,0.004617827478796244,0.19383250176906586,-0.027095191180706024,-0.1825006902217865,2.7472915649414062
1788678812009202200,35.7152021484375,-0.9776116013526917,-0.08459614962339401,-0.00217328779399395,0.1926508992910385,-0.03736228868365288,-0.16531899571418762,2.7493574619293213
1788678812025132300,35.73113232421875,-0.9784030914306641,-0.07809174805879593,-0.006652465555816889,0.19127145409584045,-0.043397244065999985,-0.15083687007427216,2.7521955966949463
1788678812041032000,35.74703198242187,-0.9785462617874146,-0.07545479387044907,-0.007763215806335211,0.19155554473400116,-0.0445847325026989,-0.14520759880542755,2.751727819442749
1788678812056901000,35.76290112304687,-0.9779649376869202,-0.07730024307966232,-0.005671296268701553,0.19384820759296417,-0.04153713583946228,-0.14955197274684906,2.7471213340759277
1788678812072800800,35.77880078125,-0.9769383072853088,-0.08177988231182098,-0.002057646866887808,0.19722972810268402,-0.03675483912229538,-0.15965352952480316,2.740236282348633
1788678812088670000,35.794669921875,-0.975989580154419,-0.0860709622502327,0.00026451938902027905,0.2000902146100998,-0.03442422300577164,-0.168916717171669,2.7342565059661865
1788678812104569600,35.81056958007812,-0.9754675030708313,-0.0876205638051033,0.0010871263220906258,0.20195241272449493,-0.03377550095319748,-0.17223136126995087,2.730381965637207
1788678812120469200,35.82646923828125,-0.9752475619316101,-0.0865735411643982,0.001041037729009986,0.20346057415008545,-0.033690597862005234,-0.1701040416955948,2.7273709774017334
1788678812136369000,35.84236889648437,-0.975219190120697,-0.08431070297956467,0.00014210029621608555,0.20454634726047516,-0.03469322621822357,-0.16525205969810486,2.7252254486083984
1788678812152238000,35.85823803710937,-0.975317656993866,-0.08165791630744934,-0.0007745124166831374,0.20515087246894836,-0.03547360748052597,-0.15964429080486298,2.724114179611206
1788678812168107300,35.87410717773437,-0.9755010008811951,-0.07850278168916702,-0.0013859521131962538,0.20550744235515594,-0.03539155423641205,-0.15318787097930908,2.723611354827881
1788678812183976400,35.8899765625,-0.9758367538452148,-0.07421602308750153,-0.0010121363447979093,0.20550808310508728,-0.032829392701387405,-0.14493633806705475,2.7240817546844482
1788678812199876000,35.9058759765625,-0.9762362837791443,-0.06924331933259964,0.0007056440226733685,0.2053477019071579,-0.027315393090248108,-0.13590344786643982,2.725085735321045
1788678812215745300,35.92174536132813,-0.9764398336410522,-0.0654313862323761,0.002069181529805064,0.20562045276165009,-0.02306080237030983,-0.12898793816566467,2.7250046730041504
1788678812231675400,35.93767529296875,-0.9764168858528137,-0.06338907778263092,0.0028544205706566572,0.2063586413860321,-0.0207517109811306,-0.12529397010803223,2.7237350940704346
1788678812247605500,35.95360546875,-0.9760761857032776,-0.06364739686250687,0.003303650300949812,0.20787867903709412,-0.0201738178730011,-0.1259557157754898,2.7206430435180664
1788678812263474700,35.969474609375,-0.975769579410553,-0.0649624690413475,0.003263838356360793,0.20890934765338898,-0.020947232842445374,-0.1284937858581543,2.718419075012207
1788678812279374300,35.98537426757812,-0.975771427154541,-0.06554196029901505,0.0032625969033688307,0.20871955156326294,-0.02117188833653927,-0.12963265180587769,2.7187654972076416
1788678812295213000,36.00121313476563,-0.9759442210197449,-0.06516535580158234,0.003304945770651102,0.20802755653858185,-0.02083592116832733,-0.12892742455005646,2.7202231884002686
1788678812311112700,36.01711279296875,-0.9761922359466553,-0.06408451497554779,0.0030624205246567726,0.20720207691192627,-0.02074570208787918,-0.12672561407089233,2.7219736576080322
1788678812326981600,36.03298168945312,-0.976473331451416,-0.06310179829597473,0.0026424669194966555,0.20618242025375366,-0.021025022491812706,-0.1246466264128685,2.7240936756134033
1788678812342881500,36.04888159179688,-0.976733922958374,-0.06272310763597488,0.0022725204471498728,0.20506489276885986,-0.021451057866215706,-0.123775415122509,2.7263755798339844
1788678812358750500,36.06475048828125,-0.9768334031105042,-0.062492210417985916,0.008760293945670128,0.20448607206344604,-0.008510452695190907,-0.12600484490394592,2.728344202041626
1788678812374619600,36.08061962890625,-0.976449191570282,-0.06262873113155365,0.01674865558743477,0.20577701926231384,0.006991975009441376,-0.12956269085407257,2.726644277572632
1788678812390488800,36.09648876953125,-0.9763302803039551,-0.06456808000802994,0.017303114756941795,0.20569580793380737,0.007289357949048281,-0.13359494507312775,2.7267885208129883
1788678812406388500,36.11238842773437,-0.9762245416641235,-0.0666549876332283,0.018792666494846344,0.20540092885494232,0.00939962174743414,-0.13830099999904633,2.7274866104125977
1788678812422227200,36.12822729492188,-0.9763854146003723,-0.06850381195545197,0.02032640390098095,0.2038765549659729,0.011880938895046711,-0.14254261553287506,2.730741500854492
1788678812438126800,36.144126953125,-0.9767106175422668,-0.0660647302865982,0.023688005283474922,0.20275788009166718,0.01967366226017475,-0.13910630345344543,2.7335925102233887
1788678812454026500,36.16002661132813,-0.9770340919494629,-0.06447704136371613,0.02526354417204857,0.20151622593402863,0.023602375760674477,-0.13659897446632385,2.736405611038208
1788678812469865000,36.17586499023437,-0.9774765968322754,-0.06509328633546829,0.025366252288222313,0.19914552569389343,0.02389247715473175,-0.13779310882091522,2.741274118423462
1788678812493699300,36.19969921875,-0.9757100939750671,-0.06724174320697784,0.027662040665745735,0.20664779841899872,0.026463238522410393,-0.14313778281211853,2.726073741912842
1788678812509537800,36.21553784179687,-0.9755301475524902,-0.07055938243865967,0.029480397701263428,0.20613910257816315,0.02875642292201519,-0.15038596093654633,2.727266550064087
1788678812525468200,36.23146826171875,-0.975446343421936,-0.07398248463869095,0.030878903344273567,0.20512805879116058,0.03026960976421833,-0.15765239298343658,2.7294411659240723
1788678812541337300,36.24733740234375,-0.9756770133972168,-0.07547134160995483,0.03145989403128624,0.2033928781747818,0.031094606965780258,-0.1607602834701538,2.733057737350464
1788678812557175800,36.26317578125,-0.9763525724411011,-0.07259707897901535,0.03187614306807518,0.20112009346485138,0.03345150128006935,-0.1552049219608307,2.7378947734832764
1788678812573014500,36.2790146484375,-0.9774142503738403,-0.06580513715744019,0.033326100558042526,0.19804196059703827,0.03949188068509102,-0.14231762290000916,2.744584321975708
1788678812588883700,36.2948837890625,-0.9783993363380432,-0.05868726968765259,0.03547919541597366,0.19501741230487823,0.04694291576743126,-0.1290350705385208,2.7511372566223145
1788678812604813800,36.31081372070312,-0.9788385629653931,-0.056871380656957626,0.03649743273854256,0.1931544691324234,0.04989488422870636,-0.12576636672019958,2.7550806999206543
1788678812620683000,36.32668310546875,-0.9787129759788513,-0.06238526850938797,0.03653988614678383,0.1920776516199112,0.04802396893501282,-0.13657572865486145,2.757293224334717
1788678812636521500,36.342521484375,-0.9782847762107849,-0.07236143201589584,0.03622385486960411,0.19081610441207886,0.043805062770843506,-0.15603679418563843,2.759751558303833
1788678812652421000,36.35842114257812,-0.9778284430503845,-0.08248487859964371,0.03511696681380272,0.1892479509115219,0.0380500853061676,-0.17550331354141235,2.762589931488037
1788678812668290300,36.37429028320312,-0.9775387048721313,-0.08910529315471649,0.03324614465236664,0.1880771368741989,0.03205046057701111,-0.18781566619873047,2.7644596099853516
1788678812684159500,36.39015942382812,-0.9776091575622559,-0.09126652032136917,0.03144761547446251,0.1869811713695526,0.027869023382663727,-0.19137215614318848,2.7663049697875977
1788678812700089600,36.40608959960937,-0.9780161380767822,-0.08961652964353561,0.030243320390582085,0.18584582209587097,0.02631199173629284,-0.18763303756713867,2.7684998512268066
1788678812715989200,36.4219892578125,-0.9786602258682251,-0.08539839088916779,0.02960735373198986,0.18453912436962128,0.026864975690841675,-0.17903435230255127,2.771254777908325
1788678812731889000,36.43788891601562,-0.9794018864631653,-0.08000779896974564,0.029566703364253044,0.18302057683467865,0.029043786227703094,-0.16833610832691193,2.7745652198791504
1788678812747788500,36.45378857421875,-0.9801603555679321,-0.07468144595623016,0.029281064867973328,0.1812485307455063,0.030714211985468864,-0.15766631066799164,2.778315782546997
1788678812763688200,36.46968823242187,-0.9807422161102295,-0.0704677551984787,0.028079673647880554,0.17997382581233978,0.030050022527575493,-0.14887797832489014,2.7808568477630615
1788678812779587800,36.485587890625,-0.9811076521873474,-0.06795348972082138,0.0265027042478323,0.1791864037513733,0.02794143557548523,-0.14332744479179382,2.7823069095611572
1788678812795426600,36.50142651367187,-0.9811667799949646,-0.06799451261758804,0.025493908673524857,0.17899321019649506,0.02595439739525318,-0.1430416852235794,2.7825629711151123
1788678812811265300,36.51726538085938,-0.9809678196907043,-0.06932833045721054,0.025375600904226303,0.17958831787109375,0.02515311911702156,-0.14564643800258636,2.781292676925659
1788678812827134500,36.53313452148438,-0.9806525707244873,-0.070598304271698,0.026076052337884903,0.18071109056472778,0.025915134698152542,-0.14843374490737915,2.779055595397949
1788678812843034000,36.5490341796875,-0.9803433418273926,-0.071285180747509,0.027243265882134438,0.1819429248571396,0.02779247611761093,-0.15024597942829132,2.7766783237457275
1788678812858903000,36.56490307617187,-0.9801388382911682,-0.07100999355316162,0.028677523136138916,0.18292926251888275,0.030585626140236855,-0.1502559781074524,2.7748684883117676
1788678812874772200,36.58077221679687,-0.9799818396568298,-0.07004635781049728,0.029974989593029022,0.183931365609169,0.033357493579387665,-0.14886420965194702,2.7730202674865723
1788678812890671900,36.596671875,-0.9798346757888794,-0.06894401460886002,0.03064013086259365,0.18501897156238556,0.03491608053445816,-0.14697405695915222,2.770904779434204
1788678812906571500,36.61257153320312,-0.9796569347381592,-0.06807149201631546,0.03105076216161251,0.1862110197544098,0.03587327152490616,-0.1454497128725052,2.7685325145721436
1788678812922440700,36.62844067382812,-0.9794124364852905,-0.06713585555553436,0.03182428702712059,0.18770015239715576,0.03753230348229408,-0.14395086467266083,2.765599489212036
1788678812938340400,36.64434033203125,-0.9786911606788635,-0.06930070370435715,0.03202185407280922,0.1906190663576126,0.03667010739445686,-0.14840000867843628,2.759596824645996
1788678812954209500,36.66020947265625,-0.9772816896438599,-0.07319213449954987,0.030158068984746933,0.19660647213459015,0.0305391363799572,-0.15554365515708923,2.7469189167022705
1788678812970078700,36.67607861328125,-0.9762142896652222,-0.0738392248749733,0.028967374935746193,0.20177806913852692,0.027092812582850456,-0.15649375319480896,2.7360687255859375
1788678812985917200,36.69191723632812,-0.9756686091423035,-0.0744246169924736,0.02888946793973446,0.20419904589653015,0.02630757912993431,-0.157678484916687,2.731044292449951
1788678813001847600,36.70784765625,-0.9750065207481384,-0.0757211372256279,0.02961781434714794,0.2067643702030182,0.02679014392197132,-0.16059443354606628,2.725811004638672
1788678813017747200,36.72374731445313,-0.9743432402610779,-0.07704608887434006,0.02993774600327015,0.20933929085731506,0.026436910033226013,-0.1633991003036499,2.7204887866973877
1788678813033646800,36.73964672851562,-0.9737394452095032,-0.07821164280176163,0.029487673193216324,0.21176616847515106,0.024640854448080063,-0.1655598133802414,2.7153518199920654
1788678813049516000,36.75551611328125,-0.9730702638626099,-0.07881959527730942,0.02863287553191185,0.21471379697322845,0.022184723988175392,-0.166457399725914,2.7090916633605957
1788678813065415700,36.77141577148438,-0.972070038318634,-0.0803697407245636,0.028604799881577492,0.218637615442276,0.020767368376255035,-0.16956965625286102,2.7008819580078125
1788678813081345800,36.787345703125,-0.9705833792686462,-0.08268050104379654,0.0292485561221838,0.22422385215759277,0.020003532990813255,-0.17449729144573212,2.6892693042755127
1788678813097215000,36.80321508789063,-0.9691814184188843,-0.08551342040300369,0.030742807313799858,0.22897540032863617,0.020769858732819557,-0.18081843852996826,2.679471015930176
1788678813113145000,36.81914501953125,-0.9679757952690125,-0.08791923522949219,0.03246372938156128,0.2328931838274002,0.022284485399723053,-0.1864061802625656,2.671454906463623
1788678813128983800,36.83498388671875,-0.9670473337173462,-0.08877763897180557,0.032907433807849884,0.2363370805978775,0.022075459361076355,-0.18837088346481323,2.6642940044403076
1788678813144883500,36.85088354492188,-0.9665322303771973,-0.08728323131799698,0.031739551573991776,0.23914401233196259,0.019949637353420258,-0.18495750427246094,2.6583361625671387
1788678813160783000,36.866783203125,-0.9665982127189636,-0.08302459120750427,0.029268506914377213,0.24070370197296143,0.016873063519597054,-0.1754923164844513,2.6549620628356934
1788678813176682800,36.88268286132813,-0.9667522311210632,-0.07819759100675583,0.027374817058444023,0.24192149937152863,0.01530288252979517,-0.16519077122211456,2.6524477005004883
1788678813192582400,36.89858251953125,-0.9664763808250427,-0.07653213292360306,0.026620034128427505,0.24363426864147186,0.014351044781506062,-0.16160660982131958,2.648874521255493
1788678813208482000,36.91448193359375,-0.9656043648719788,-0.07893883436918259,0.027282647788524628,0.24623708426952362,0.014007671736180782,-0.16665373742580414,2.6433892250061035
1788678813224320500,36.93032055664062,-0.9643123745918274,-0.08414150029420853,0.02954813465476036,0.2492964118719101,0.015276731923222542,-0.1779475212097168,2.636988401412964
1788678813240189700,36.94618969726562,-0.9630575776100159,-0.08939455449581146,0.03140996769070625,0.2520759403705597,0.015711627900600433,-0.18914538621902466,2.6310784816741943
1788678813256089300,36.96208935546875,-0.9621862173080444,-0.09250660985708237,0.03196197748184204,0.2542019486427307,0.014757705852389336,-0.1955099254846573,2.6264586448669434
1788678813271928000,36.97792797851562,-0.9617857336997986,-0.09279884397983551,0.03139105811715126,0.2556779384613037,0.013181974180042744,-0.19580602645874023,2.62323260307312
1788678813287827700,36.99382763671875,-0.9618056416511536,-0.0907035768032074,0.030239811167120934,0.25649234652519226,0.011856320314109325,-0.19115296006202698,2.6215035915374756
1788678813303727400,37.00972729492187,-0.9620930552482605,-0.0875868871808052,0.028648745268583298,0.2566801607608795,0.010337091982364655,-0.1842818707227707,2.6211061477661133
1788678813319596500,37.02559643554687,-0.9624658823013306,-0.08415184915065765,0.02791682258248329,0.25651252269744873,0.010734330862760544,-0.17723503708839417,2.6216230392456055
1788678813335465700,37.0414658203125,-0.9627283215522766,-0.08085126429796219,0.02869614027440548,0.2565028667449951,0.013980924151837826,-0.1712324470281601,2.622023582458496
1788678813351304200,37.05730419921875,-0.963024914264679,-0.07758793234825134,0.029280634596943855,0.2563314139842987,0.01684970036149025,-0.16519968211650848,2.62270450592041
1788678813367173400,37.07317333984375,-0.9634606838226318,-0.0741051584482193,0.028528833761811256,0.25580865144729614,0.017275501042604446,-0.15804782509803772,2.623915910720825
1788678813383073000,37.08907299804687,-0.9639225602149963,-0.07075507938861847,0.027126280590891838,0.25516876578330994,0.01637287810444832,-0.15081949532032013,2.625263214111328
1788678813398942200,37.10494213867187,-0.9643243551254272,-0.06805110722780228,0.024730514734983444,0.2546294629573822,0.013178260996937752,-0.1443416178226471,2.626230478286743
1788678813414894600,37.12089453125,-0.964745819568634,-0.06594299525022507,0.020201897248625755,0.25398629903793335,0.005534756928682327,-0.13793544471263885,2.627122402191162
1788678813430763800,37.136763671875,-0.9650751948356628,-0.06424278020858765,0.01528109423816204,0.25351399183273315,-0.003105147974565625,-0.13213029503822327,2.6276183128356934
1788678813446632700,37.1526328125,-0.965199887752533,-0.06280820816755295,0.01213381253182888,0.2535688281059265,-0.008498651906847954,-0.1277456283569336,2.627237319946289
1788678813462532400,37.16853247070313,-0.9651517271995544,-0.06185712665319443,0.011154779233038425,0.25403058528900146,-0.009973572567105293,-0.12539872527122498,2.626235246658325
1788678813478401500,37.18440161132813,-0.9651132822036743,-0.06128104403614998,0.011465620249509811,0.2543022632598877,-0.009107116609811783,-0.12443866580724716,2.6257479190826416
1788678813494301200,37.20030126953125,-0.9653083086013794,-0.06052478402853012,0.012553993612527847,0.25369107723236084,-0.006521993782371283,-0.12353378534317017,2.6271958351135254
1788678813510170400,37.21617041015625,-0.9656134247779846,-0.059292394667863846,0.013542666099965572,0.25276845693588257,-0.0038489890284836292,-0.1216532289981842,2.6293082237243652
1788678813526039600,37.23203955078125,-0.9658107757568359,-0.057794343680143356,0.014770927838981152,0.2522922158241272,-0.0006348013412207365,-0.11937329173088074,2.6305277347564697
1788678813541908700,37.24790869140625,-0.9662503600120544,-0.05645204335451126,0.016306942328810692,0.25081393122673035,0.003217466874048114,-0.11754412204027176,2.633843183517456
1788678813557778000,37.26377783203125,-0.9667967557907104,-0.0557229146361351,0.01761634275317192,0.24877460300922394,0.006381459534168243,-0.11677569150924683,2.638256549835205
1788678813573646800,37.27964672851562,-0.9671359062194824,-0.05582742765545845,0.018920917063951492,0.2473326474428177,0.009044918231666088,-0.11761593073606491,2.641383171081543
1788678813589577200,37.2955771484375,-0.9675740003585815,-0.057159166783094406,0.02028057537972927,0.2451983541250229,0.011297888122498989,-0.12085092812776566,2.645894765853882
1788678813605415700,37.31141577148438,-0.9678593873977661,-0.059449777007102966,0.02165381982922554,0.2434030920267105,0.013079164549708366,-0.12595202028751373,2.6496639251708984
1788678813621284900,37.32728491210938,-0.9679526686668396,-0.06278491765260696,0.02319466695189476,0.2420492172241211,0.014638722874224186,-0.13316740095615387,2.6524927616119385
1788678813637184500,37.3431845703125,-0.9677779078483582,-0.06747455894947052,0.025007445365190506,0.24130463600158691,0.01600385084748268,-0.14315809309482574,2.6540277004241943
1788678813653053700,37.3590537109375,-0.9672477841377258,-0.07419700920581818,0.026872267946600914,0.24125602841377258,0.016385965049266815,-0.15714596211910248,2.6540074348449707
1788678813668923000,37.3749228515625,-0.9665816426277161,-0.0816069096326828,0.028327766805887222,0.24136684834957123,0.015599357895553112,-0.1722852885723114,2.6535251140594482
1788678813684792000,37.3907919921875,-0.9661362767219543,-0.08705655485391617,0.02926224283874035,0.2411344051361084,0.014806694351136684,-0.18335489928722382,2.653775453567505
1788678813700630500,37.40663061523438,-0.966278076171875,-0.08799485862255096,0.030031897127628326,0.24012848734855652,0.016054408624768257,-0.18554075062274933,2.6559371948242188
1788678813716499700,37.42249975585938,-0.9673988819122314,-0.08320289105176926,0.0308342557400465,0.23720431327819824,0.020505957305431366,-0.17652414739131927,2.662499189376831
1788678813732338400,37.43833837890625,-0.9690826535224915,-0.07347775995731354,0.03289318084716797,0.23323389887809753,0.02985563687980175,-0.15841743350028992,2.6715965270996094
1788678813748238000,37.45423803710938,-0.9704655408859253,-0.06379909068346024,0.036095861345529556,0.2298334389925003,0.04115249961614609,-0.1408873349428177,2.6794095039367676
1788678813764107300,37.47010717773438,-0.9711534976959229,-0.060365866869688034,0.03837628662586212,0.22747334837913513,0.04752619192004204,-0.1351189762353897,2.6846446990966797
1788678813780007000,37.4860068359375,-0.9712269306182861,-0.06471206992864609,0.039992623031139374,0.225679412484169,0.04900382459163666,-0.1442509889602661,2.688506603240967
1788678813795937000,37.50193701171875,-0.9709261655807495,-0.07318505644798279,0.041307106614112854,0.22414326667785645,0.04804658517241478,-0.1613309383392334,2.6917169094085693
1788678813811806200,37.51780615234375,-0.9705149531364441,-0.08102556318044662,0.0420336090028286,0.22308914363384247,0.046173784881830215,-0.17694948613643646,2.693805694580078
1788678813827675400,37.53367529296875,-0.9703001976013184,-0.08504022657871246,0.042163170874118805,0.22250404953956604,0.04475536197423935,-0.18484282493591309,2.694906711578369
1788678813843544300,37.54954443359375,-0.9705078601837158,-0.08446964621543884,0.04156329482793808,0.22192750871181488,0.0439336821436882,-0.18343192338943481,2.696021556854248
1788678813859383000,37.56538305664063,-0.9710935950279236,-0.08014368265867233,0.04062003269791603,0.22114282846450806,0.044129617512226105,-0.17450399696826935,2.697639226913452
1788678813875282700,37.58128271484375,-0.9718657732009888,-0.07397038489580154,0.039432674646377563,0.22011436522006989,0.04468121752142906,-0.16184358298778534,2.6997592449188232
1788678813891152000,37.59715185546875,-0.9726683497428894,-0.06775536388158798,0.03800687566399574,0.21881727874279022,0.044795162975788116,-0.14899073541164398,2.7023723125457764
1788678813907082000,37.61308203125,-0.9733571410179138,-0.06262107193470001,0.036731041967868805,0.21749790012836456,0.04470670595765114,-0.13832387328147888,2.705010414123535
1788678813923012000,37.62901220703125,-0.97380131483078,-0.0595206655561924,0.03563273698091507,0.21656106412410736,0.04401415213942528,-0.1317366510629654,2.706843852996826
1788678813938911700,37.64491186523438,-0.9739945530891418,-0.05849193409085274,0.03494548052549362,0.2160835862159729,0.04316936060786247,-0.12940479815006256,2.7077560424804688
1788678813954781000,37.66078100585938,-0.9739614129066467,-0.059144143015146255,0.03498462960124016,0.21604925394058228,0.04297085851430893,-0.13069680333137512,2.7078239917755127
1788678813970650000,37.67665014648438,-0.9738943576812744,-0.05961699038743973,0.03513108938932419,0.21619775891304016,0.043035633862018585,-0.13169214129447937,2.7075297832489014
1788678813986549800,37.6925498046875,-0.9737774729728699,-0.05935867503285408,0.03490915521979332,0.21683035790920258,0.04262464866042137,-0.13111838698387146,2.7062015533447266
1788678814002419000,37.7084189453125,-0.9737049341201782,-0.05853605642914772,0.03429817408323288,0.21747654676437378,0.041692014783620834,-0.12927153706550598,2.704805850982666
1788678814018257700,37.72425756835938,-0.973709762096405,-0.057235948741436005,0.033097948879003525,0.21798618137836456,0.03982963413000107,-0.12622712552547455,2.703629493713379
1788678814034157300,37.7401572265625,-0.9737491011619568,-0.05601060390472412,0.03162889927625656,0.21834628283977509,0.03743020445108414,-0.12320411205291748,2.7027337551116943
1788678814050026200,37.75602612304687,-0.9736047387123108,-0.05706729739904404,0.031420353800058365,0.21874640882015228,0.03650926798582077,-0.1251949518918991,2.7018678188323975
1788678814065926000,37.77192578125,-0.9729247093200684,-0.06219622865319252,0.033251918852329254,0.22009913623332977,0.03768175095319748,-0.1360815316438675,2.699202060699463
1788678814081795000,37.78779516601563,-0.9720460176467896,-0.0673554316163063,0.03475742042064667,0.22222034633159637,0.03805520012974739,-0.14692077040672302,2.6948962211608887
1788678814097633800,37.8036337890625,-0.9707608819007874,-0.07175780832767487,0.035185009241104126,0.22635430097579956,0.036274753510951996,-0.15587839484214783,2.6862680912017822
1788678814113564000,37.81956396484375,-0.9689285755157471,-0.07315321266651154,0.03476566821336746,0.23370365798473358,0.033606987446546555,-0.15867522358894348,2.670909881591797
1788678814129433000,37.83543310546875,-0.9683354496955872,-0.07252345234155655,0.033766936510801315,0.23648831248283386,0.031486283987760544,-0.1570700854063034,2.6650054454803467
1788678814145302300,37.85130224609375,-0.9681873917579651,-0.07174814492464066,0.032591260969638824,0.23749381303787231,0.029386034235358238,-0.15503203868865967,2.6627798080444336
1788678814161140700,37.867140625,-0.9678413271903992,-0.0714719146490097,0.0319039449095726,0.23907537758350372,0.0279164370149374,-0.1542123407125473,2.659407138824463
1788678814177071000,37.88307104492188,-0.9673198461532593,-0.07182793319225311,0.03170127049088478,0.24109773337841034,0.027022073045372963,-0.15486566722393036,2.6551570892333984
1788678814192940300,37.89894018554688,-0.9666783213615417,-0.07294590771198273,0.03171074390411377,0.2433239370584488,0.02613401599228382,-0.15710794925689697,2.650472640991211
1788678814208840000,37.91483984375,-0.9659314751625061,-0.0751890018582344,0.03169025108218193,0.24559886753559113,0.02461136132478714,-0.16152246296405792,2.6456146240234375
1788678814224770000,37.93077001953125,-0.9649495482444763,-0.07903741300106049,0.031823016703128815,0.24821923673152924,0.02250095270574093,-0.16913768649101257,2.639946460723877
1788678814240669700,37.94666967773438,-0.9637280106544495,-0.08405038714408875,0.03236555680632591,0.25122958421707153,0.02048075944185257,-0.17922373116016388,2.633413553237915
1788678814256569300,37.9625693359375,-0.9624708294868469,-0.08820924162864685,0.033011339604854584,0.25451797246932983,0.01897767186164856,-0.18770185112953186,2.6263301372528076
1788678814272438500,37.9784384765625,-0.9614660143852234,-0.0898776650428772,0.03290177136659622,0.2577257454395294,0.017254739999771118,-0.19094613194465637,2.6194489002227783
1788678814288338200,37.99433813476563,-0.961219310760498,-0.08712844550609589,0.031029675155878067,0.25981396436691284,0.01462750043720007,-0.1846708506345749,2.614971399307251
1788678814304207400,38.01020727539063,-0.9614226222038269,-0.08169173449277878,0.028055742383003235,0.2611628770828247,0.01144746970385313,-0.17259036004543304,2.6120996475219727
1788678814320076300,38.026076171875,-0.9615756869316101,-0.07607003301382065,0.02601262368261814,0.26250502467155457,0.010220442898571491,-0.16064108908176422,2.6094136238098145
1788678814335945500,38.04194555664063,-0.9612676501274109,-0.07424377650022507,0.025428518652915955,0.2642078101634979,0.009775755926966667,-0.15681502223014832,2.605900764465332
1788678814359749400,38.06574926757813,-0.9596698880195618,-0.08094551414251328,0.027705198153853416,0.267794668674469,0.00996773224323988,-0.17103318870067596,2.5981943607330322
1788678814375679500,38.08167944335938,-0.9585140943527222,-0.08659350872039795,0.029695674777030945,0.2699454724788666,0.010349493473768234,-0.18305525183677673,2.5935051441192627
1788678814391548700,38.09754858398438,-0.9576813578605652,-0.08991659432649612,0.030533205717802048,0.2717152535915375,0.009795082733035088,-0.18995589017868042,2.5896122455596924
1788678814407417600,38.11341748046875,-0.9572444558143616,-0.0901600643992424,0.02987855300307274,0.27324262261390686,0.008076567202806473,-0.19008119404315948,2.5862574577331543
1788678814423286800,38.12928686523438,-0.9571787118911743,-0.08792182058095932,0.028096405789256096,0.2743889093399048,0.005632941145449877,-0.1847822219133377,2.583759069442749
1788678814439186400,38.1451865234375,-0.957324206829071,-0.08429556339979172,0.02578863315284252,0.275244802236557,0.0030192495323717594,-0.1765078455209732,2.58193302154541
1788678814455025200,38.16102514648438,-0.9574998617172241,-0.08018753677606583,0.023820951581001282,0.27603718638420105,0.001366758020594716,-0.1674920618534088,2.5803494453430176
1788678814470955300,38.17695532226563,-0.95753413438797,-0.07643821835517883,0.022697750478982925,0.2770747244358063,0.0011238344013690948,-0.15963955223560333,2.578343629837036
1788678814486794000,38.1927939453125,-0.9575632810592651,-0.0732593983411789,0.02212947979569435,0.277877539396286,0.0016862209886312485,-0.15319813787937164,2.576852321624756
1788678814502693600,38.20869360351563,-0.9576568007469177,-0.07128321379423141,0.02140192687511444,0.27812623977661133,0.00135494873393327,-0.1489851474761963,2.57639741897583
1788678814518532000,38.22453198242187,-0.9576647281646729,-0.07041402906179428,0.02062157727777958,0.27837908267974854,0.00029672528035007417,-0.1468747854232788,2.5758354663848877
1788678814534431700,38.240431640625,-0.9576006531715393,-0.07028430700302124,0.02000751905143261,0.27867716550827026,-0.0008640669984742999,-0.14628101885318756,2.5751407146453857
1788678814550301000,38.25630102539063,-0.9575322270393372,-0.07026848942041397,0.01922672614455223,0.2789708077907562,-0.002410881919786334,-0.1458122283220291,2.5744240283966064
1788678814566200600,38.27220068359375,-0.9574041366577148,-0.07021711766719818,0.018473921343684196,0.27947360277175903,-0.003914902918040752,-0.1452888697385788,2.573275327682495
1788678814582100200,38.28810034179688,-0.9571084976196289,-0.07027458399534225,0.01788986846804619,0.2805083096027374,-0.0052351318299770355,-0.145065575838089,2.5710220336914062
1788678814597969400,38.30396948242188,-0.956933319568634,-0.07032962143421173,0.017449093982577324,0.28111913800239563,-0.006211921107023954,-0.1449187844991684,2.5696773529052734
1788678814613838600,38.31983862304688,-0.9568173289299011,-0.07018181681632996,0.017187772318720818,0.281566858291626,-0.006700495723634958,-0.1444835513830185,2.568716526031494
1788678814629738200,38.33573828125,-0.9563566446304321,-0.06960678845643997,0.017196202650666237,0.2832688093185425,-0.006611341144889593,-0.14337077736854553,2.5651917457580566
1788678814645546500,38.35154638671875,-0.9565495848655701,-0.06852135062217712,0.017086483538150787,0.2828882038593292,-0.006140798795968294,-0.1412242352962494,2.5660736560821533
1788678814661446100,38.36744604492188,-0.9568966031074524,-0.06606678664684296,0.019556330516934395,0.28213784098625183,0.0001482999650761485,-0.13791006803512573,2.5681581497192383
1788678814677345800,38.383345703125,-0.957334041595459,-0.0628221407532692,0.02387813664972782,0.281060129404068,0.010499575175344944,-0.1341075450181961,2.5711731910705566
1788678814693184300,38.39918432617188,-0.9577392935752869,-0.061782676726579666,0.026380890980362892,0.2796827256679535,0.016117028892040253,-0.13349612057209015,2.5744235515594482
1788678814709084000,38.415083984375,-0.9580691456794739,-0.06362280994653702,0.027706138789653778,0.2780073881149292,0.017883921042084694,-0.13775035738945007,2.577989339828491
1788678814732857000,38.43885717773438,-0.95855313539505,-0.06839627027511597,0.02796991728246212,0.27516454458236694,0.016155891120433807,-0.14704491198062897,2.5836915969848633
1788678814748756700,38.4547568359375,-0.9591545462608337,-0.07019374519586563,0.026774629950523376,0.2727244794368744,0.01322341337800026,-0.1498173177242279,2.5885307788848877
1788678814764626000,38.4706259765625,-0.9598307609558105,-0.07029152661561966,0.02527143619954586,0.270454078912735,0.010609341785311699,-0.14915792644023895,2.5930819511413574
1788678814780586800,38.48658666992188,-0.9603481292724609,-0.06975538283586502,0.02531820349395275,0.2687467336654663,0.011259051971137524,-0.14812837541103363,2.5967018604278564
1788678814796486400,38.502486328125,-0.960665762424469,-0.0704946517944336,0.026114894077181816,0.2673383057117462,0.012625569477677345,-0.14996813237667084,2.5997068881988525
1788678814812355300,38.51835522460937,-0.9605525135993958,-0.07241106033325195,0.027807913720607758,0.26706209778785706,0.014923910610377789,-0.15457697212696075,2.6003870964050293
1788678814828224500,38.534224609375,-0.9601320028305054,-0.07280699163675308,0.030773665755987167,0.268139123916626,0.02029966190457344,-0.1569555252790451,2.598519802093506
1788678814844246300,38.55024633789063,-0.9600498080253601,-0.06893875449895859,0.03354542702436447,0.26912200450897217,0.027622463181614876,-0.1509980410337448,2.5970699787139893
1788678814860115500,38.56611547851563,-0.9606764912605286,-0.061022572219371796,0.0348341204226017,0.2686328589916229,0.034470148384571075,-0.13638347387313843,2.598618268966675
1788678814875954200,38.5819541015625,-0.96173495054245,-0.05092915892601013,0.03489026799798012,0.26693591475486755,0.040205683559179306,-0.11685339361429214,2.602461576461792
1788678814891853800,38.59785375976563,-0.9627038836479187,-0.04335283115506172,0.03470981493592262,0.2647963762283325,0.0441148579120636,-0.10203088074922562,2.607011079788208
1788678814907723000,38.61372290039063,-0.9633501172065735,-0.043386660516262054,0.03450790047645569,0.26245662569999695,0.04395415261387825,-0.10188291221857071,2.6118617057800293
1788678814923561500,38.6295615234375,-0.9635599255561829,-0.05197273939847946,0.034502625465393066,0.26011669635772705,0.03974128141999245,-0.11838343739509583,2.616610527038574
1788678814939430700,38.6454306640625,-0.963293731212616,-0.06491682678461075,0.035545118153095245,0.25804591178894043,0.03535044193267822,-0.14390870928764343,2.620673656463623
1788678814955330300,38.66133032226563,-0.9626984000205994,-0.07681701332330704,0.03770287707448006,0.2566896080970764,0.03363683447241783,-0.16804896295070648,2.623279333114624
1788678814971169000,38.6771689453125,-0.9623061418533325,-0.0845412164926529,0.04015018790960312,0.2553578019142151,0.034691087901592255,-0.1842551827430725,2.6260335445404053
1788678814987038000,38.69303784179687,-0.9623258113861084,-0.08733991533517838,0.041936248540878296,0.25405165553092957,0.037013255059719086,-0.1905580312013626,2.6289126873016357
1788678815002937600,38.7089375,-0.9627729058265686,-0.08625870198011398,0.042999863624572754,0.2525446116924286,0.039951249957084656,-0.18893590569496155,2.6323180198669434
1788678815018776300,38.7247763671875,-0.9634866118431091,-0.0828309953212738,0.043377719819545746,0.25090035796165466,0.04274485632777214,-0.18238963186740875,2.636000394821167
1788678815034615000,38.74061499023438,-0.9643097519874573,-0.07833686470985413,0.04279500991106033,0.2492760419845581,0.04415569081902504,-0.17328345775604248,2.6394996643066406
1788678815050484200,38.75648413085938,-0.9652658700942993,-0.07376770675182343,0.0408208854496479,0.247293159365654,0.04290548712015152,-0.1633255034685135,2.6435093879699707
1788678815066353200,38.77235327148438,-0.9661953449249268,-0.06977083534002304,0.038548972457647324,0.24517904222011566,0.04077482223510742,-0.15433934330940247,2.6477224826812744
1788678815082252800,38.78825268554687,-0.966691792011261,-0.0669979602098465,0.03670145571231842,0.2442769706249237,0.0386580228805542,-0.14800313115119934,2.6494343280792236
1788678815098152400,38.80415234375,-0.9667187929153442,-0.06602218747138977,0.035582393407821655,0.24460136890411377,0.03689662739634514,-0.14557036757469177,2.6486411094665527
1788678815114052400,38.82005224609375,-0.9665371179580688,-0.06732596457004547,0.035370420664548874,0.24499432742595673,0.035783521831035614,-0.14801709353923798,2.6477503776550293
1788678815129952000,38.83595190429688,-0.9662913084030151,-0.06953544169664383,0.03536844998598099,0.24534688889980316,0.03463979437947273,-0.15232647955417633,2.6469337940216064
1788678815145821000,38.85182104492188,-0.966189980506897,-0.07139694690704346,0.03486211225390434,0.24528388679027557,0.0327436588704586,-0.1556965559720993,2.6469171047210693
1788678815161690000,38.86769018554688,-0.9662615656852722,-0.07242467254400253,0.03407737612724304,0.2448103129863739,0.030779488384723663,-0.15729518234729767,2.64774489402771
1788678815177559300,38.88355932617188,-0.9663434028625488,-0.07245471328496933,0.0330461822450161,0.24461975693702698,0.028777360916137695,-0.15684199333190918,2.64799165725708
1788678815193428500,38.89942846679688,-0.9662999510765076,-0.07185336947441101,0.03235512599349022,0.24506081640720367,0.02764904871582985,-0.1553458273410797,2.647002935409546
1788678815209267200,38.91526708984375,-0.9661474823951721,-0.07119768857955933,0.03196721151471138,0.24590235948562622,0.027078047394752502,-0.15390340983867645,2.6452269554138184
1788678815225136000,38.93113623046875,-0.9658584594726562,-0.07085341215133667,0.03182531148195267,0.24715252220630646,0.026770997792482376,-0.15319868922233582,2.64262056350708
1788678815241005300,38.94700537109375,-0.9620802998542786,-0.07371121644973755,0.03153795748949051,0.2607176601886749,0.022534402087330818,-0.15894564986228943,2.61411190032959
1788678815256905000,38.96290502929688,-0.9604641199111938,-0.07607709616422653,0.030659982934594154,0.26604726910591125,0.018664421513676643,-0.1631758213043213,2.6026721000671387
1788678815272774100,38.97877416992188,-0.9597038626670837,-0.07705463469028473,0.03002587892115116,0.26856935024261475,0.016466638073325157,-0.1647718995809555,2.5972204208374023
1788678815288673800,38.994673828125,-0.9588926434516907,-0.07729493826627731,0.031148137524724007,0.2712566554546356,0.01805068738758564,-0.16589324176311493,2.591728925704956
1788678815304543000,39.01054296875,-0.9580171704292297,-0.07745026051998138,0.03186039626598358,0.2742069959640503,0.01883278414607048,-0.16664020717144012,2.585624933242798
1788678815320442600,39.02644262695313,-0.9573066830635071,-0.0771162360906601,0.03386053815484047,0.27653318643569946,0.022494833916425705,-0.16715218126773834,2.5810554027557373
1788678815336311800,39.04231176757813,-0.9565747380256653,-0.07579610496759415,0.03623083978891373,0.27911829948425293,0.027382617816329002,-0.16599592566490173,2.576056480407715
1788678815352181000,39.05818090820313,-0.9559686183929443,-0.07324011623859406,0.038053613156080246,0.281623899936676,0.031928081065416336,-0.1621740609407425,2.5712056159973145
1788678815368019500,39.07401953125,-0.9555912017822266,-0.07127434760332108,0.03867156431078911,0.28331971168518066,0.03395521640777588,-0.15879765152931213,2.5678343772888184
1788678815383888600,39.089888671875,-0.9550755620002747,-0.0713668018579483,0.03929571062326431,0.28494447469711304,0.034838151186704636,-0.15938960015773773,2.564495086669922
1788678815399788300,39.10578833007813,-0.9538834691047668,-0.07369810342788696,0.0413629524409771,0.28803494572639465,0.036967065185308456,-0.16517683863639832,2.5581445693969727
1788678815415657500,39.12165747070313,-0.9521825313568115,-0.0774829089641571,0.04204532504081726,0.2925358712673187,0.03527038171887398,-0.17301718890666962,2.5485048294067383
1788678815431557000,39.13755712890625,-0.9506583213806152,-0.08127415180206299,0.0379081666469574,0.2969951927661896,0.024183720350265503,-0.17798319458961487,2.538144826889038
1788678815447456800,39.15345678710938,-0.9500940442085266,-0.08473991602659225,0.02718733251094818,0.29900044202804565,0.0010023751528933644,-0.17822180688381195,2.531895160675049
1788678815463387000,39.16938696289063,-0.9503965973854065,-0.08788607269525528,0.014152183197438717,0.2980305254459381,-0.02588970772922039,-0.1764022707939148,2.5315563678741455
1788678815479225600,39.1852255859375,-0.9506484866142273,-0.0916224792599678,0.006175784394145012,0.2963690757751465,-0.043269336223602295,-0.17881354689598083,2.533301830291748
1788678815495186200,39.20118627929688,-0.9500383734703064,-0.09638556838035583,0.006562796421349049,0.2968061566352844,-0.045565418899059296,-0.1881437599658966,2.5316781997680664
1788678815511055400,39.21705541992188,-0.9482826590538025,-0.10137970000505447,0.014098362065851688,0.3004719913005829,-0.03490249067544937,-0.2021189033985138,2.524350643157959
1788678815526924500,39.23292456054688,-0.9463362097740173,-0.1047775074839592,0.02295588329434395,0.3048648536205292,-0.020916305482387543,-0.2139345407485962,2.5160374641418457
1788678815542824200,39.24882421875,-0.944735586643219,-0.10519057512283325,0.029578199610114098,0.3090871274471283,-0.009362251497805119,-0.21878018975257874,2.508181571960449
1788678815558693400,39.264693359375,-0.9436426758766174,-0.10313384234905243,0.03318414092063904,0.3127310276031494,-0.0019235193030908704,-0.21709980070590973,2.5013489723205566
1788678815574562600,39.2805625,-0.943047821521759,-0.1006828173995018,0.032686591148376465,0.3153653144836426,-0.0018961899913847446,-0.2121005654335022,2.495950937271118
1788678815590431700,39.296431640625,-0.9427812099456787,-0.09914165735244751,0.029428862035274506,0.31696784496307373,-0.007520195096731186,-0.20707041025161743,2.492145538330078
1788678815606300700,39.31230078125,-0.9426776766777039,-0.09909966588020325,0.024852538481354713,0.31767985224723816,-0.01645003631711006,-0.2040412425994873,2.4898195266723633
1788678815622200300,39.32820043945313,-0.9426308870315552,-0.09945771843194962,0.021306868642568588,0.3179641664028168,-0.023562220856547356,-0.20243322849273682,2.4885387420654297
1788678815638130700,39.34413061523438,-0.9427267909049988,-0.09877466410398483,0.019698407500982285,0.3179963529109955,-0.026205332949757576,-0.20009566843509674,2.4883015155792236
1788678815654030300,39.3600302734375,-0.9429605603218079,-0.09607027471065521,0.019396310672163963,0.31815046072006226,-0.025025341659784317,-0.19475160539150238,2.488344192504883
1788678815669899500,39.3758994140625,-0.9432353377342224,-0.09131574630737305,0.01992114819586277,0.31870314478874207,-0.0209882240742445,-0.18603353202342987,2.487955331802368
1788678815685799200,39.39179907226563,-0.9433964490890503,-0.085354283452034,0.02088189125061035,0.31981512904167175,-0.015432496555149555,-0.17529897391796112,2.4865458011627197
1788678815701729300,39.40772924804688,-0.9434659481048584,-0.07926380634307861,0.02178214304149151,0.3211151659488678,-0.009938182309269905,-0.16429264843463898,2.4846577644348145
1788678815717598500,39.42359838867188,-0.943488597869873,-0.07421346753835678,0.02190440334379673,0.3222450315952301,-0.00657538091763854,-0.15477347373962402,2.482835054397583
1788678815733467400,39.43946728515625,-0.9434125423431396,-0.07098288089036942,0.021642688661813736,0.3232119381427765,-0.005105245858430862,-0.14846746623516083,2.4810807704925537
1788678815749336600,39.45533666992188,-0.9431964159011841,-0.07034584134817123,0.02126362733542919,0.32400617003440857,-0.005533129442483187,-0.14700791239738464,2.4794058799743652
1788678815765236200,39.471236328125,-0.9428285360336304,-0.07194533199071884,0.02066577970981598,0.3247631788253784,-0.007849619723856449,-0.14964507520198822,2.4775490760803223
1788678815781105400,39.48710546875,-0.9424321055412292,-0.07409796863794327,0.020026151090860367,0.325469046831131,-0.010611253790557384,-0.15330013632774353,2.475724935531616
1788678815797035500,39.50303540039062,-0.9421034455299377,-0.07508840411901474,0.01961630769073963,0.326217919588089,-0.01217525266110897,-0.15489916503429413,2.4739599227905273
1788678815812904700,39.51890478515625,-0.9419026374816895,-0.07402735203504562,0.018918344751000404,0.32708024978637695,-0.012937638908624649,-0.15241821110248566,2.4721503257751465
1788678815828804400,39.53480444335938,-0.9418829679489136,-0.07186993956565857,0.017893098294734955,0.32767531275749207,-0.013541345484554768,-0.14764827489852905,2.470996618270874
1788678815844673500,39.55067358398438,-0.942210853099823,-0.06927236169576645,0.017113201320171356,0.3273336589336395,-0.013235877268016338,-0.14222075045108795,2.4719183444976807
1788678815860634400,39.56663427734375,-0.9427610039710999,-0.06745055317878723,0.01623143069446087,0.3261728584766388,-0.01352574210613966,-0.1382075697183609,2.474485158920288
1788678815876503300,39.58250341796875,-0.9434177875518799,-0.0674508586525917,0.01597094163298607,0.32428109645843506,-0.013742739334702492,-0.13806505501270294,2.4784858226776123
1788678815892403000,39.59840283203125,-0.9436582922935486,-0.06907226145267487,0.018338382244110107,0.3231126368045807,-0.01012902706861496,-0.14269572496414185,2.4810845851898193
1788678815908302600,39.61430249023437,-0.9434382319450378,-0.07346444576978683,0.01987362653017044,0.32269567251205444,-0.010030093602836132,-0.15202955901622772,2.4816930294036865
1788678815924141300,39.63014135742188,-0.943352460861206,-0.07875948399305344,0.020402424037456512,0.3216626048088074,-0.012337317690253258,-0.1624346524477005,2.483358383178711
1788678815940041000,39.646041015625,-0.9432893395423889,-0.08341123908758163,0.020220454782247543,0.3206854462623596,-0.01557832956314087,-0.17116524279117584,2.484841823577881
1788678815955910100,39.66191015625,-0.9428135752677917,-0.08662592619657516,0.022436924278736115,0.32108446955680847,-0.013536781072616577,-0.17870210111141205,2.4838993549346924
1788678815971779300,39.677779296875,-0.9422382712364197,-0.08827130496501923,0.02673272415995598,0.32199475169181824,-0.006580464541912079,-0.184607595205307,2.4823997020721436
1788678815987679000,39.69367895507813,-0.9419578909873962,-0.08824086934328079,0.03207870200276375,0.3223351240158081,0.0036109602078795433,-0.18802447617053986,2.482520341873169
1788678816003578600,39.70957861328125,-0.9422688484191895,-0.08613859862089157,0.03800012916326523,0.32134974002838135,0.016543235629796982,-0.18785706162452698,2.4858133792877197
1788678816019478300,39.72547827148438,-0.9432092308998108,-0.08170519769191742,0.0424574539065361,0.31918343901634216,0.0284088384360075,-0.18224069476127625,2.4915788173675537
1788678816035408400,39.74140844726563,-0.9446735978126526,-0.07568535953760147,0.045485809445381165,0.3159031271934509,0.03870454058051109,-0.17258968949317932,2.4995129108428955
1788678816051338500,39.75733837890625,-0.946127712726593,-0.07027120888233185,0.04845595359802246,0.3123404383659363,0.04846273735165596,-0.16397440433502197,2.507855176925659
1788678816067207700,39.77320776367188,-0.9473309516906738,-0.06721711158752441,0.05147608742117882,0.30886292457580566,0.05676160007715225,-0.1598314493894577,2.5158045291900635
1788678816083046400,39.78904638671875,-0.9480743408203125,-0.06782360374927521,0.05416353419423103,0.3059762120246887,0.06205371394753456,-0.16246287524700165,2.5222833156585693
1788678816098915600,39.80491552734375,-0.9485304951667786,-0.0714142695069313,0.056910060346126556,0.30323442816734314,0.06565334647893906,-0.170820951461792,2.5283749103546143
1788678816114815200,39.82081518554688,-0.9487301707267761,-0.07579638063907623,0.058973249047994614,0.30114486813545227,0.06739077717065811,-0.18031515181064606,2.5329678058624268
1788678816130715000,39.83671484375,-0.9488610625267029,-0.07951557636260986,0.058866892009973526,0.29979103803634644,0.06522287428379059,-0.18728697299957275,2.5356738567352295
1788678816146584000,39.852583984375,-0.9493269920349121,-0.08088020980358124,0.05582888051867485,0.2985292375087738,0.05877845361828804,-0.18800216913223267,2.5377893447875977
1788678816162453000,39.86845288085937,-0.9500522017478943,-0.0812460258603096,0.05086521431803703,0.29700618982315063,0.04925404116511345,-0.18565517663955688,2.540188789367676
1788678816178413800,39.88441381835938,-0.9511014819145203,-0.08005044609308243,0.044700317084789276,0.29495757818222046,0.03843364492058754,-0.1796056628227234,2.5436198711395264
1788678816194283000,39.90028295898438,-0.9522762894630432,-0.0778268575668335,0.0387578010559082,0.2925933599472046,0.028699148446321487,-0.17174901068210602,2.5478615760803223
1788678816210243600,39.91624365234375,-0.9534586071968079,-0.07533290982246399,0.03429889678955078,0.2899399995803833,0.02201933227479458,-0.16428081691265106,2.552990436553955
1788678816226112800,39.93211279296875,-0.9545444846153259,-0.07319798320531845,0.03136500343680382,0.2872338891029358,0.01805577054619789,-0.15842148661613464,2.5584394931793213
1788678816242012400,39.94801245117188,-0.95514976978302,-0.07198821753263474,0.03159129247069359,0.2854973375797272,0.019482320174574852,-0.15619181096553802,2.5622167587280273
1788678816257851100,39.96385107421875,-0.9552841186523438,-0.07115399092435837,0.03452116623520851,0.28491702675819397,0.02572527341544628,-0.15625090897083282,2.563898801803589
1788678816273750800,39.97975073242188,-0.9552183151245117,-0.0700732171535492,0.037839729338884354,0.28498393297195435,0.03275482356548309,-0.15607069432735443,2.564279794692993
1788678816289681000,39.99568090820313,-0.955170214176178,-0.068721242249012,0.03946812078356743,0.28525370359420776,0.03663553670048714,-0.1544107049703598,2.5640065670013428
1788678816305519600,40.01151953125,-0.9551176428794861,-0.06774992495775223,0.039574313908815384,0.28564688563346863,0.037333663552999496,-0.1526186466217041,2.5632410049438477
1788678816321419300,40.02741918945313,-0.9550042748451233,-0.0678696483373642,0.03868033364415169,0.2861194312572479,0.0354602225124836,-0.15235473215579987,2.562119483947754
1788678816337319000,40.04331884765625,-0.9548985362052917,-0.0689924880862236,0.03722628951072693,0.2863970398902893,0.031958237290382385,-0.1536889672279358,2.561279296875
1788678816353218600,40.05921850585938,-0.9547556042671204,-0.07055202126502991,0.03606847673654556,0.2866414189338684,0.028780443593859673,-0.15602964162826538,2.560516595840454
1788678816369118200,40.0751181640625,-0.9545145034790039,-0.07194477319717407,0.03555327653884888,0.28716200590133667,0.02689260058104992,-0.15842564404010773,2.5592617988586426
1788678816385017900,40.09101782226563,-0.9546539783477783,-0.07303620129823685,0.03558121994137764,0.28641852736473083,0.026440612971782684,-0.1605192869901657,2.560762882232666
1788678816400917500,40.10691748046875,-0.954386830329895,-0.07402390241622925,0.03603227064013481,0.28699806332588196,0.02664296329021454,-0.162694051861763,2.559540271759033
1788678816416786700,40.12278662109375,-0.9538430571556091,-0.07483832538127899,0.0363488532602787,0.2885506749153137,0.026513833552598953,-0.16448572278022766,2.556255578994751
1788678816432686300,40.13868627929688,-0.9537256360054016,-0.07632598280906677,0.036145616322755814,0.2885745167732239,0.025249410420656204,-0.1672278344631195,2.5560719966888428
1788678816448555500,40.15455541992188,-0.95311439037323,-0.07793440669775009,0.03526969999074936,0.29026737809181213,0.022311372682452202,-0.16985160112380981,2.5522472858428955
1788678816464394000,40.17039404296875,-0.9532284140586853,-0.07868333905935287,0.03304412588477135,0.2899529039859772,0.01762317679822445,-0.1699863076210022,2.5525200366973877
1788678816480293600,40.18629370117188,-0.9549387097358704,-0.07760496437549591,0.030926451086997986,0.2848036587238312,0.015070605091750622,-0.1666015237569809,2.5631630420684814
1788678816496223700,40.2022236328125,-0.9551291465759277,-0.07688820362091064,0.030861783772706985,0.28436604142189026,0.015435893088579178,-0.16517852246761322,2.564133405685425
1788678816512093000,40.21809301757813,-0.9544007778167725,-0.07758438587188721,0.03213994950056076,0.28647303581237793,0.017137175425887108,-0.16728679835796356,2.5598220825195312
1788678816527931600,40.233931640625,-0.9534857273101807,-0.07948658615350723,0.033855538815259933,0.28879207372665405,0.01893175207078457,-0.17197959125041962,2.555030345916748
1788678816543831300,40.24983129882813,-0.9523294568061829,-0.08252011984586716,0.03579539805650711,0.2915093004703522,0.020394492894411087,-0.17899636924266815,2.549333095550537
1788678816559761400,40.26576147460938,-0.951363742351532,-0.0853474959731102,0.03635237365961075,0.2937712073326111,0.019354119896888733,-0.18480168282985687,2.544384241104126
1788678816575630600,40.28163061523438,-0.9509590864181519,-0.08630046993494034,0.03319692239165306,0.29517289996147156,0.012402158230543137,-0.18478387594223022,2.5408098697662354
1788678816591499800,40.29749975585938,-0.9510934948921204,-0.08506444841623306,0.027481019496917725,0.2956857979297638,0.0020013207104057074,-0.17901457846164703,2.5389368534088135
1788678816607369000,40.31336889648438,-0.951400101184845,-0.08210600167512894,0.02300117164850235,0.2959180474281311,-0.004897841718047857,-0.17067161202430725,2.5380756855010986
1788678816623268600,40.3292685546875,-0.9512748122215271,-0.07995212823152542,0.022593770176172256,0.29694029688835144,-0.004559161141514778,-0.16629630327224731,2.536081075668335
1788678816639168300,40.34516821289063,-0.9503122568130493,-0.08108693361282349,0.02608688734471798,0.2994178235530853,0.0010387040674686432,-0.17056335508823395,2.531226873397827
1788678816655068000,40.36106787109375,-0.9485779404640198,-0.08568125218153,0.03192786127328873,0.30304983258247375,0.008787467144429684,-0.18292053043842316,2.523939847946167
1788678816670937000,40.37693701171875,-0.9466830492019653,-0.09218261390924454,0.0375603549182415,0.30640310049057007,0.014920004643499851,-0.19886073470115662,2.517042875289917
1788678816686836700,40.39283666992188,-0.9452143907546997,-0.09886337071657181,0.040757521986961365,0.3084392845630646,0.016436973586678505,-0.21365848183631897,2.5125107765197754
1788678816702705700,40.40870556640625,-0.9443889856338501,-0.1052740067243576,0.04182935878634453,0.30870264768600464,0.01437767967581749,-0.22659911215305328,2.511364698410034
1788678816718574800,40.42457495117188,-0.9440988302230835,-0.10900910198688507,0.03780454397201538,0.30881255865097046,0.004166595637798309,-0.23123493790626526,2.5098204612731934
1788678816734444000,40.44044409179688,-0.9440479278564453,-0.10845377296209335,0.03249648958444595,0.3097665309906006,-0.005987643264234066,-0.22684426605701447,2.5067975521087646
1788678816750374100,40.4563740234375,-0.9445694088935852,-0.10387910157442093,0.027978144586086273,0.3101854622364044,-0.01186302863061428,-0.21525737643241882,2.5057241916656494
1788678816766273800,40.47227368164062,-0.9453995227813721,-0.0973265990614891,0.025903699919581413,0.3099617660045624,-0.011590994894504547,-0.20144298672676086,2.506782293319702
1788678816782204200,40.4882041015625,-0.9460715651512146,-0.09104602783918381,0.026887493208050728,0.30973613262176514,-0.005626867059618235,-0.19007053971290588,2.5082688331604004
1788678816806099500,40.51209936523438,-0.9469740390777588,-0.08469903469085693,0.0275108739733696,0.30872249603271484,-0.0001959363289643079,-0.1783459633588791,2.5112860202789307
1788678816822060000,40.52806005859375,-0.947400689125061,-0.08285927027463913,0.025545813143253326,0.30808061361312866,-0.0026908835861831903,-0.1736130267381668,2.5125598907470703
1788678816837929200,40.54392919921875,-0.947315514087677,-0.08158266544342041,0.022768305614590645,0.30890005826950073,-0.007369854487478733,-0.1694449782371521,2.5105509757995605
1788678816853798400,40.55979833984375,-0.9470586180686951,-0.08097793906927109,0.020127780735492706,0.3100280463695526,-0.012256557121872902,-0.16663211584091187,2.507841110229492
1788678816869667600,40.57566748046875,-0.946854829788208,-0.08096377551555634,0.018366429954767227,0.31076258420944214,-0.01575625129044056,-0.16549143195152283,2.5060296058654785
1788678816885597700,40.59159765625,-0.9465937614440918,-0.08129850775003433,0.0175357423722744,0.31151777505874634,-0.017696397379040718,-0.16559448838233948,2.5042643547058105
1788678816901497300,40.60749731445313,-0.9463503956794739,-0.08170483261346817,0.01747758686542511,0.3121534585952759,-0.01818091981112957,-0.16631992161273956,2.5028531551361084
1788678816917366500,40.62336645507813,-0.9463444948196411,-0.08193068206310272,0.018380731344223022,0.31206047534942627,-0.016577914357185364,-0.16732072830200195,2.5031518936157227
1788678816933235500,40.6392353515625,-0.9465306401252747,-0.08188287168741226,0.018897855654358864,0.3114768862724304,-0.015451470389962196,-0.16756482422351837,2.504473924636841
1788678816949165800,40.65516577148438,-0.9472879767417908,-0.08093035966157913,0.019925419241189957,0.30935215950012207,-0.01249469444155693,-0.16642382740974426,2.5092549324035645
1788678816965065500,40.6710654296875,-0.947961688041687,-0.07989611476659775,0.020237332209944725,0.30753183364868164,-0.010920707136392593,-0.16466732323169708,2.5132882595062256
1788678816980934700,40.6869345703125,-0.9487025737762451,-0.07919134199619293,0.020352868363261223,0.3054142892360687,-0.009886574931442738,-0.1634165495634079,2.51788067817688
1788678816996803600,40.70280346679687,-0.9494901895523071,-0.07906535267829895,0.020708102732896805,0.30296558141708374,-0.008699897676706314,-0.16341762244701385,2.523139476776123
1788678817012703200,40.718703125,-0.9502168297767639,-0.07908909767866135,0.021380461752414703,0.3006257116794586,-0.007014335598796606,-0.16389133036136627,2.5281925201416016
1788678817028572400,40.73457250976563,-0.9525662660598755,-0.07213491946458817,0.030985593795776367,0.2940305769443512,0.016817666590213776,-0.1562834233045578,2.5441222190856934
1788678817044441600,40.75044165039063,-0.9550697803497314,-0.06900100409984589,0.032014891505241394,0.2864535450935364,0.021871397271752357,-0.1507130116224289,2.560459852218628
1788678817060280300,40.7662802734375,-0.9572241306304932,-0.06807167828083038,0.03203520178794861,0.27939584851264954,0.023554174229502678,-0.1487688571214676,2.575364112854004
1788678817076180000,40.78217993164063,-0.958678126335144,-0.06837332993745804,0.03239017724990845,0.27424848079681396,0.024880705401301384,-0.14941729605197906,2.5861990451812744
1788678817092049200,40.79804907226563,-0.9590541124343872,-0.06978996098041534,0.033558256924152374,0.27243077754974365,0.02665596269071102,-0.15274253487586975,2.590089797973633
1788678817107918000,40.81391796875,-0.9592027068138123,-0.07246775925159454,0.03494943305850029,0.27102982997894287,0.028122080489993095,-0.15863168239593506,2.5930707454681396
1788678817123787300,40.82978735351563,-0.9592139720916748,-0.07560118287801743,0.03620137274265289,0.26996752619743347,0.029029885306954384,-0.16533401608467102,2.5952987670898438
1788678817139687000,40.84568701171875,-0.9593091011047363,-0.07750461250543594,0.036933720111846924,0.26898902654647827,0.029593681916594505,-0.1693800389766693,2.59734845161438
1788678817155556000,40.86155615234375,-0.9598667025566101,-0.07613011449575424,0.03685641288757324,0.2673978805541992,0.030467059463262558,-0.16663020849227905,2.600757598876953
1788678817171455700,40.87745581054688,-0.9610057473182678,-0.07068850845098495,0.03724018856883049,0.2647345960140228,0.034576527774333954,-0.15621624886989594,2.6066806316375732
1788678817187325000,40.89332495117188,-0.9622829556465149,-0.06354540586471558,0.039483845233917236,0.26156187057495117,0.0432041734457016,-0.14344367384910583,2.613893747329712
1788678817203224600,40.909224609375,-0.9631077647209167,-0.05867267772555351,0.043861277401447296,0.25895392894744873,0.05463174358010292,-0.13615259528160095,2.619995594024658
1788678817219063300,40.92506323242188,-0.9633869528770447,-0.05891246348619461,0.048873171210289,0.2569561004638672,0.06455948203802109,-0.1390754133462906,2.624783515930176
1788678817234932500,40.94093237304688,-0.9633520245552063,-0.06319746375083923,0.05294143036007881,0.2552572786808014,0.07058285921812057,-0.14934472739696503,2.6288440227508545
1788678817250862600,40.95686254882813,-0.9634110927581787,-0.06864961236715317,0.054772865027189255,0.2532319128513336,0.07175438851118088,-0.16070693731307983,2.633303165435791
1788678817266731800,40.97273168945313,-0.963615357875824,-0.07323470711708069,0.054921891540288925,0.2511291205883026,0.07012645155191422,-0.16953612864017487,2.6376726627349854
1788678817282600700,40.9886005859375,-0.9639309644699097,-0.0755264088511467,0.054068423807621,0.2494184523820877,0.06762650609016418,-0.17344412207603455,2.641078233718872
1788678817298500400,41.00450024414062,-0.9647123217582703,-0.07472191005945206,0.051709894090890884,0.24712923169136047,0.06380684673786163,-0.1705540120601654,2.6454966068267822
1788678817314369500,41.02036962890625,-0.9660670757293701,-0.07113248109817505,0.04855161905288696,0.24351073801517487,0.059984032064676285,-0.16178806126117706,2.652616500854492
1788678817330238700,41.03623876953125,-0.9676716923713684,-0.06528275460004807,0.045916274189949036,0.2392520308494568,0.058303188532590866,-0.14886488020420074,2.6611735820770264
1788678817346108000,41.05210791015625,-0.9692899584770203,-0.058452241122722626,0.04362352192401886,0.2348559945821762,0.05766213685274124,-0.1342073529958725,2.6700375080108643
1788678817361977000,41.06797705078125,-0.9706268310546875,-0.052210357040166855,0.041345007717609406,0.2311885505914688,0.0565621592104435,-0.1207638531923294,2.6773571968078613
1788678817377815600,41.08381567382813,-0.971650242805481,-0.047418415546417236,0.03936239704489708,0.22824986279010773,0.05521009862422943,-0.110340915620327,2.683190107345581
1788678817393746000,41.09974584960938,-0.9722757339477539,-0.04494699835777283,0.03839315101504326,0.22624269127845764,0.05464741960167885,-0.10496674478054047,2.687213182449341
1788678817409614800,41.11561474609375,-0.9725579619407654,-0.04412958770990372,0.03871167451143265,0.22513346374034882,0.05575542151927948,-0.1034521833062172,2.689521551132202
1788678817425423000,41.13142309570313,-0.9726266860961914,-0.04368014261126518,0.03908615931868553,0.22485947608947754,0.05671794340014458,-0.10272731631994247,2.6901166439056396
1788678817441322800,41.14732275390625,-0.9726564288139343,-0.04349548742175102,0.03896823152899742,0.224787175655365,0.056576814502477646,-0.10230983793735504,2.6902523040771484
1788678817457161500,41.16316137695313,-0.9728053212165833,-0.04295619577169418,0.038418203592300415,0.224340558052063,0.05578622594475746,-0.10098510980606079,2.6911134719848633
1788678817473061000,41.17906103515625,-0.9733470678329468,-0.04229728505015373,0.03822584077715874,0.22213810682296753,0.05592790246009827,-0.09948673844337463,2.6956217288970947
1788678817488960800,41.19496069335938,-0.9745375514030457,-0.044194068759679794,0.03745965287089348,0.21661081910133362,0.05417680740356445,-0.10254551470279694,2.706943988800049
1788678817504829700,41.21082958984375,-0.9745278358459473,-0.050271712243556976,0.036290042102336884,0.21552592515945435,0.04940149560570717,-0.11387118697166443,2.709097385406494
1788678817520699000,41.22669897460938,-0.9748114943504333,-0.05698910728096962,0.0343753919005394,0.2128690928220749,0.04311204329133034,-0.12607592344284058,2.714325428009033
1788678817536568000,41.24256811523438,-0.9746879935264587,-0.059525299817323685,0.03372751548886299,0.2128439098596573,0.04076768085360527,-0.13076694309711456,2.7142698764801025
1788678817552467700,41.2584677734375,-0.9743790626525879,-0.0638665184378624,0.03228171542286873,0.2132241129875183,0.03602704778313637,-0.1386708915233612,2.7132253646850586
1788678817568337000,41.2743369140625,-0.9740633368492126,-0.06899908185005188,0.029732536524534225,0.2134382575750351,0.02878578007221222,-0.1476469337940216,2.712297201156616
1788678817584236500,41.29023657226563,-0.9737977981567383,-0.07332035154104233,0.027661090716719627,0.21348756551742554,0.022843290120363235,-0.15523168444633484,2.7117342948913574
1788678817600105700,41.30610571289063,-0.9734581708908081,-0.07606972754001617,0.0271211639046669,0.2141425609588623,0.02048751898109913,-0.16040393710136414,2.710174560546875
1788678817615975000,41.32197485351563,-0.9729495644569397,-0.07782711833715439,0.028042824938893318,0.21569861471652985,0.021282222121953964,-0.16427923738956451,2.7070107460021973
1788678817631813400,41.3378134765625,-0.9722082018852234,-0.07973059266805649,0.029040593653917313,0.21819940209388733,0.021985789760947227,-0.1684989482164383,2.701892614364624
1788678817647743700,41.35374365234375,-0.9712768793106079,-0.08243522047996521,0.02967103384435177,0.22123603522777557,0.021488934755325317,-0.1741422861814499,2.6955535411834717
1788678817663612700,41.36961279296875,-0.9704712629318237,-0.08547690510749817,0.02977212704718113,0.22359086573123932,0.019885530695319176,-0.18019285798072815,2.6905038356781006
1788678817679481900,41.38548193359375,-0.9710968732833862,-0.08827944099903107,0.029931405559182167,0.2197311669588089,0.01967654749751091,-0.1856745332479477,2.6983768939971924
1788678817695381500,41.40138159179688,-0.9727296233177185,-0.08747849613428116,0.028931863605976105,0.21285562217235565,0.01937171258032322,-0.18353106081485748,2.7125205993652344
1788678817711250700,41.41725073242188,-0.9732311367988586,-0.08545885235071182,0.027961712330579758,0.21150915324687958,0.018573999404907227,-0.17912714183330536,2.7152626514434814
1788678817727120000,41.43311987304688,-0.9729958176612854,-0.08379457145929337,0.02586994506418705,0.2135147601366043,0.014786317944526672,-0.17500267922878265,2.7108566761016846
1788678817742989000,41.44898901367188,-0.9731510877609253,-0.08007466048002243,0.021859049797058105,0.21467924118041992,0.00827745534479618,-0.16599613428115845,2.7080321311950684
1788678817758827500,41.46482763671875,-0.9734434485435486,-0.07487381994724274,0.018347760662436485,0.21555809676647186,0.003483083099126816,-0.15429233014583588,2.70601749420166
1788678817774666200,41.48066625976563,-0.9735361337661743,-0.07060341536998749,0.016852544620633125,0.21669907867908478,0.0022373038809746504,-0.14528436958789825,2.7037172317504883
1788678817790535400,41.49653540039063,-0.9732303023338318,-0.07001233100891113,0.017864899709820747,0.21817845106124878,0.004267493728548288,-0.144574835896492,2.7008347511291504
1788678817806435000,41.51243505859375,-0.972547173500061,-0.07294479757547379,0.019846227020025253,0.2200845181941986,0.006569738034158945,-0.15119561553001404,2.696993112564087
1788678817822304300,41.52830419921875,-0.9715925455093384,-0.077737957239151,0.021046891808509827,0.22253482043743134,0.006381904240697622,-0.16112281382083893,2.6917924880981445
1788678817838173400,41.54417333984375,-0.9706904292106628,-0.08201535046100616,0.020779432728886604,0.22494874894618988,0.0034922745544463396,-0.16938039660453796,2.6864466667175293
1788678817854042400,41.56004248046875,-0.9701172709465027,-0.08372475951910019,0.019200054928660393,0.22692285478115082,-0.0007566786953248084,-0.17200644314289093,2.681964635848999
1788678817869881000,41.57588110351563,-0.9698676466941833,-0.08286593109369278,0.017106642946600914,0.22846771776676178,-0.004749998450279236,-0.1693631112575531,2.6784932613372803
1788678817885811200,41.59181127929688,-0.9699481129646301,-0.07960499823093414,0.014871549792587757,0.2294396311044693,-0.0077817318961024284,-0.1619567722082138,2.676403522491455
1788678817901680400,41.60768041992188,-0.970227837562561,-0.07520566135644913,0.012445931322872639,0.2298850566148758,-0.010548742488026619,-0.15224295854568481,2.675490140914917
1788678817917580000,41.623580078125,-0.9706867933273315,-0.07042655348777771,0.010716626420617104,0.2295483499765396,-0.011645297519862652,-0.14212217926979065,2.676335096359253
1788678817933510100,41.63951025390625,-0.9710919260978699,-0.06613070517778397,0.009001096710562706,0.22918598353862762,-0.012945284135639668,-0.13295519351959229,2.6771957874298096
1788678817949409800,41.65540991210938,-0.9710931181907654,-0.06273524463176727,0.008391224779188633,0.23015642166137695,-0.012681450694799423,-0.1260395646095276,2.6753652095794678
1788678817965279000,41.67127905273438,-0.9709593057632446,-0.060677669942379,0.00891194399446249,0.231251060962677,-0.010838390327990055,-0.12225722521543503,2.6733059883117676
1788678817981148200,41.68714819335938,-0.970706045627594,-0.06014500558376312,0.0098974434658885,0.23241008818149567,-0.008806812576949596,-0.12166672199964523,2.6710562705993652
1788678817997017300,41.70301733398438,-0.9703727960586548,-0.060940589755773544,0.010728555731475353,0.23355458676815033,-0.007703348528593779,-0.12359602749347687,2.6687300205230713
1788678818012886500,41.71888647460938,-0.9699732661247253,-0.06286270916461945,0.010542361997067928,0.23471060395240784,-0.009131417609751225,-0.12724216282367706,2.666185140609741
1788678818028755700,41.73475561523438,-0.9695615172386169,-0.06506273150444031,0.00996045209467411,0.23583489656448364,-0.01147249061614275,-0.13123910129070282,2.663628578186035
1788678818044685800,41.75068579101563,-0.9692636728286743,-0.06654585152864456,0.009371095336973667,0.23666800558567047,-0.013453132472932339,-0.1338358074426651,2.661717176437378
1788678818060555000,41.76655493164063,-0.9706200957298279,-0.0668821856379509,0.00854953471571207,0.2309769243001938,-0.014429996721446514,-0.13418620824813843,2.6733767986297607
1788678818076454700,41.78245458984375,-0.9705971479415894,-0.0662575289607048,0.0086350804194808,0.23125025629997253,-0.014005927368998528,-0.13300426304340363,2.672869920730591
1788678818092323800,41.79832373046875,-0.9706289768218994,-0.06544820964336395,0.008953052572906017,0.23133498430252075,-0.013013580814003944,-0.13157346844673157,2.672795057296753
1788678818108162300,41.81416235351563,-0.970718502998352,-0.06528390944004059,0.009423372335731983,0.2309868484735489,-0.011968141421675682,-0.13147640228271484,2.6735846996307373
1788678818124062000,41.83006201171875,-0.9708859324455261,-0.06618451327085495,0.009962644428014755,0.23000195622444153,-0.011199829168617725,-0.13349422812461853,2.6756222248077393
1788678818139931100,41.84593115234375,-0.9710263609886169,-0.06810784339904785,0.010514877736568451,0.22882016003131866,-0.010851094499230385,-0.13751405477523804,2.6779940128326416
1788678818155800300,41.86180029296875,-0.9712069034576416,-0.07037973403930664,0.011177144944667816,0.2273302525281906,-0.010393434204161167,-0.14226779341697693,2.6809914112091064
1788678818171700000,41.87769995117188,-0.9714837074279785,-0.07223185151815414,0.011896291747689247,0.22552257776260376,-0.009567980654537678,-0.14623047411441803,2.684687376022339
1788678818187508000,41.89350805664063,-0.9718980193138123,-0.0728674903512001,0.012681088410317898,0.22348123788833618,-0.008007018826901913,-0.1478455364704132,2.6889710426330566
1788678818211372800,41.91737280273438,-0.9740995168685913,-0.06734862923622131,0.016917165368795395,0.21519310772418976,0.004010741598904133,-0.13893601298332214,2.7070260047912598
1788678818227242000,41.93324194335938,-0.9744365215301514,-0.06844890117645264,0.019366124644875526,0.21310383081436157,0.008656063117086887,-0.14213025569915771,2.711599588394165
1788678818243141600,41.9491416015625,-0.974287748336792,-0.07106858491897583,0.02269747294485569,0.21259716153144836,0.014166541397571564,-0.14868052303791046,2.7129673957824707
1788678818259010800,41.9650107421875,-0.9740816354751587,-0.07424918562173843,0.02579784020781517,0.212100088596344,0.018994344398379326,-0.156227707862854,2.714285135269165
1788678818274879700,41.98087963867187,-0.9742065072059631,-0.07637826353311539,0.027466783300042152,0.21055540442466736,0.021634653210639954,-0.16107863187789917,2.7176265716552734
1788678818290779600,41.99677954101563,-0.9746876955032349,-0.0759386271238327,0.02800530195236206,0.2084059715270996,0.023241093382239342,-0.1603926569223404,2.72216796875
1788678818306618000,42.0126181640625,-0.975599467754364,-0.0719427838921547,0.027826182544231415,0.2055620402097702,0.02500947006046772,-0.15240399539470673,2.728170871734619
1788678818322517800,42.02851782226563,-0.9768545031547546,-0.0651494562625885,0.02820565365254879,0.20178018510341644,0.029099084436893463,-0.13911403715610504,2.736227512359619
1788678818338387000,42.04438696289063,-0.9779988527297974,-0.0590054951608181,0.02959444560110569,0.19789090752601624,0.03482288867235184,-0.12747250497341156,2.744521141052246
1788678818354256100,42.06025610351563,-0.9785580039024353,-0.058182697743177414,0.030892090871930122,0.19515296816825867,0.03806246817111969,-0.1262628734111786,2.7503058910369873
1788678818370155800,42.07615576171875,-0.9785534143447876,-0.06446583569049835,0.030874913558363914,0.1931946724653244,0.03586786612868309,-0.13853900134563446,2.754237413406372
1788678818386055400,42.09205541992188,-0.9781833291053772,-0.07484152913093567,0.029721861705183983,0.19150127470493317,0.029860876500606537,-0.15846337378025055,2.7573091983795166
1788678818401955000,42.107955078125,-0.9777374863624573,-0.08437467366456985,0.02809837833046913,0.19005465507507324,0.02323751151561737,-0.17658936977386475,2.759674072265625
1788678818417793800,42.12379370117188,-0.9774090051651001,-0.09040192514657974,0.026859154924750328,0.18915045261383057,0.018634987995028496,-0.1879853904247284,2.761030912399292
1788678818433693400,42.139693359375,-0.9773943424224854,-0.09164176881313324,0.025982564315199852,0.18875133991241455,0.016493236646056175,-0.19009153544902802,2.7616281509399414
1788678818449532000,42.15553198242188,-0.977802574634552,-0.08932576328516006,0.025871077552437782,0.18775993585586548,0.01734837330877781,-0.18546241521835327,2.763779878616333
1788678818465401000,42.17140112304688,-0.9785540103912354,-0.08408772945404053,0.026738863438367844,0.18613557517528534,0.021356767043471336,-0.17542119324207306,2.7675321102142334
1788678818481331200,42.18733129882813,-0.9793694615364075,-0.07787507772445679,0.027187280356884003,0.18447747826576233,0.024853529408574104,-0.1632925420999527,2.7712626457214355
1788678818497230800,42.20323095703125,-0.9802601337432861,-0.07167517393827438,0.027014102786779404,0.18227192759513855,0.027144882827997208,-0.15094095468521118,2.7759597301483154
1788678818513130500,42.21913061523438,-0.9811365604400635,-0.06658793985843658,0.026201043277978897,0.17958439886569977,0.027774659916758537,-0.14053647220134735,2.7814812660217285
1788678818528999700,42.23499975585938,-0.9817796945571899,-0.06369363516569138,0.024953868240118027,0.177282452583313,0.026658112183213234,-0.13431750237941742,2.786090850830078
1788678818544838400,42.25083837890625,-0.9821262359619141,-0.0635567381978035,0.023992005735635757,0.1755361407995224,0.025039276108145714,-0.13366204500198364,2.7895421981811523
1788678818560738000,42.26673803710938,-0.9822741746902466,-0.06557463109493256,0.023936068639159203,0.17396722733974457,0.024441275745630264,-0.13758638501167297,2.792698860168457
1788678818576607200,42.28260717773438,-0.9823378920555115,-0.06753469258546829,0.02419176883995533,0.17281801998615265,0.02443322166800499,-0.14151720702648163,2.7950379848480225
1788678818592476400,42.29847631835938,-0.9824137091636658,-0.06828651577234268,0.023956257849931717,0.17212340235710144,0.023807400837540627,-0.14290398359298706,2.7964084148406982
1788678818608376000,42.3143759765625,-0.9826015830039978,-0.06728659570217133,0.024152936413884163,0.17141541838645935,0.024644477292895317,-0.14097872376441956,2.797907829284668
1788678818624245000,42.33024487304687,-0.9828214645385742,-0.06531976908445358,0.023997703567147255,0.17093698680400848,0.02507745660841465,-0.13702796399593353,2.7989091873168945
1788678818640175400,42.34617529296875,-0.9830069541931152,-0.06363487988710403,0.02365713194012642,0.17055334150791168,0.025029510259628296,-0.133573517203331,2.7996840476989746
1788678818656105500,42.36210546875,-0.9831909537315369,-0.06284023076295853,0.023629620671272278,0.16978923976421356,0.025348791852593422,-0.13197478652000427,2.8012571334838867
1788678818672005000,42.37800512695313,-0.9833356738090515,-0.06296368688344955,0.023628149181604385,0.16890309751033783,0.025423822924494743,-0.13219530880451202,2.8030645847320557
1788678818687874300,42.39387426757813,-0.9833451509475708,-0.0637272447347641,0.02348455972969532,0.16858132183551788,0.024925239384174347,-0.1336473822593689,2.8036887645721436
1788678818703712800,42.40971264648437,-0.9833552837371826,-0.06489571183919907,0.02276441641151905,0.16817493736743927,0.023158317431807518,-0.13570402562618256,2.80440092086792
1788678818719612400,42.4256123046875,-0.9832744002342224,-0.06622020155191422,0.02144489251077175,0.1683046668767929,0.020073935389518738,-0.13788026571273804,2.803929328918457
1788678818735512000,42.44151196289062,-0.9831908941268921,-0.06920639425516129,0.018935414031147957,0.16789166629314423,0.01414056122303009,-0.1429305523633957,2.8043437004089355
1788678818751381200,42.45738134765625,-0.9835655689239502,-0.07071585208177567,0.017216255888342857,0.16523194313049316,0.010609605349600315,-0.1453075110912323,2.8094873428344727
1788678818767250400,42.47325048828125,-0.98393315076828,-0.07114670425653458,0.01635137014091015,0.16293038427829742,0.009090028703212738,-0.14585202932357788,2.8140530586242676
1788678818783089200,42.48908911132813,-0.9841029047966003,-0.07170633226633072,0.016177034005522728,0.16167223453521729,0.008748207241296768,-0.146891251206398,2.816577434539795
1788678818798958300,42.50495825195313,-0.9838522672653198,-0.07329860329627991,0.016493016853928566,0.16245001554489136,0.008737081661820412,-0.15015214681625366,2.8149702548980713
1788678818814858000,42.52085791015625,-0.9834351539611816,-0.07628175616264343,0.017001723870635033,0.16354645788669586,0.00859373714774847,-0.15623225271701813,2.8126792907714844
1788678818830757600,42.53675756835938,-0.9828473925590515,-0.08029347658157349,0.01734493300318718,0.16511528193950653,0.007683022413402796,-0.16429848968982697,2.809340000152588
1788678818846626800,42.55262670898438,-0.9823768734931946,-0.08349265158176422,0.016988467425107956,0.16636106371879578,0.005680720787495375,-0.1705201119184494,2.806570291519165
1788678818862495700,42.56849584960938,-0.9821474552154541,-0.08342434465885162,0.0156777985394001,0.16787180304527283,0.002827366115525365,-0.1699506789445877,2.8032588958740234
1788678818878426000,42.58442602539063,-0.982215940952301,-0.07944740355014801,0.013164075091481209,0.16960756480693817,-0.0011041526449844241,-0.161232128739357,2.7995190620422363
1788678818894356200,42.60035620117188,-0.9825112223625183,-0.07212404906749725,0.009756485000252724,0.17139066755771637,-0.005610444117337465,-0.14558343589305878,2.7957763671875
1788678818910225400,42.61622534179688,-0.9827035665512085,-0.06501203775405884,0.007365131750702858,0.17324230074882507,-0.008119527250528336,-0.1306988000869751,2.7920641899108887
1788678818926094300,42.63209423828125,-0.9825122952461243,-0.06206363067030907,0.006679886020720005,0.17542250454425812,-0.00871628150343895,-0.12462248653173447,2.78768253326416
1788678818941963500,42.64796362304688,-0.9817606210708618,-0.06499273329973221,0.00826262030750513,0.17847655713558197,-0.007035812828689814,-0.13093781471252441,2.7814743518829346
1788678818957832700,42.66383276367188,-0.980592668056488,-0.07159382849931717,0.011480406858026981,0.1821557581424713,-0.0036051427014172077,-0.14509983360767365,2.773995876312256
1788678818973732400,42.679732421875,-0.9794391989707947,-0.07822932302951813,0.014135133475065231,0.18541619181632996,-0.001337866997346282,-0.15915453433990479,2.7672970294952393
1788678818989601500,42.6956015625,-0.9786960482597351,-0.08232176303863525,0.014664736576378345,0.18751567602157593,-0.0021993552800267935,-0.16741667687892914,2.7628014087677
1788678819005501200,42.71150122070313,-0.9784374833106995,-0.08281481266021729,0.013219514861702919,0.188751682639122,-0.00547083280980587,-0.16783548891544342,2.7599918842315674
1788678819021400800,42.72740087890625,-0.978592574596405,-0.08040755987167358,0.010895024985074997,0.18913650512695312,-0.009213496930897236,-0.1622041016817093,2.7590038776397705
1788678819037331000,42.7433310546875,-0.9790735840797424,-0.07663891464471817,0.008714595809578896,0.18832291662693024,-0.01194281317293644,-0.15396012365818024,2.7606170177459717
1788678819053230600,42.75923071289063,-0.9795801639556885,-0.07299983501434326,0.007152187172323465,0.18719668686389923,-0.013462426140904427,-0.14621655642986298,2.7629621028900146
1788678819069130200,42.77513012695312,-0.9798049330711365,-0.07053852826356888,0.00667175417765975,0.18698157370090485,-0.013438905589282513,-0.14119163155555725,2.7635059356689453
1788678819084999400,42.79099951171875,-0.9798746109008789,-0.06911957263946533,0.006839796435087919,0.18714039027690887,-0.012586627155542374,-0.1384589970111847,2.7632968425750732
1788678819100899000,42.80689916992188,-0.9798515439033508,-0.0689384788274765,0.007133545354008675,0.18731705844402313,-0.011961421929299831,-0.13821101188659668,2.7629852294921875
1788678819116768300,42.82276831054688,-0.9797778725624084,-0.0696520283818245,0.006909696385264397,0.18744665384292603,-0.012695866636931896,-0.1395297348499298,2.7626430988311768
1788678819132668000,42.83866796875,-0.9797344207763672,-0.07060644030570984,0.0059453994035720825,0.1873496174812317,-0.014955421909689903,-0.14104604721069336,2.762648344039917
1788678819148537000,42.854537109375,-0.979759156703949,-0.07136019319295883,0.004525098018348217,0.18697403371334076,-0.018000129610300064,-0.1420004814863205,2.7631735801696777
1788678819164467200,42.87046728515625,-0.9797928929328918,-0.07193370908498764,0.0030679169576615095,0.18660685420036316,-0.02104996331036091,-0.14258794486522675,2.763686418533325
1788678819180336400,42.88633642578125,-0.9804091453552246,-0.07224459946155548,0.0017921568360179663,0.18323643505573273,-0.023199794813990593,-0.14280015230178833,2.7704007625579834
1788678819196205600,42.90220556640625,-0.9811950922012329,-0.07203090935945511,0.0010487224208191037,0.17907147109508514,-0.02398373745381832,-0.14220716059207916,2.778850793838501
1788678819212105200,42.91810522460938,-0.9820691347122192,-0.07111120969057083,0.0011874322080984712,0.17459116876125336,-0.022724514827132225,-0.14054915308952332,2.788111686706543
1788678819227974400,42.93397436523438,-0.9823724031448364,-0.07014748454093933,0.0020895132329314947,0.17326121032238007,-0.020400460809469223,-0.13899308443069458,2.791022777557373
1788678819243874000,42.9498740234375,-0.982393741607666,-0.0728965774178505,0.000643633829895407,0.1720122992992401,-0.024064792320132256,-0.14394427835941315,2.793181896209717
1788678819259712500,42.96571240234375,-0.982372522354126,-0.07541734725236893,0.00042539581772871315,0.1710447072982788,-0.02524556778371334,-0.14887067675590515,2.794938325881958
1788678819275581700,42.98158178710938,-0.9825822710990906,-0.07562856376171112,0.0014324672520160675,0.16973638534545898,-0.02311929687857628,-0.14966699481010437,2.7977452278137207
1788678819291451000,42.99745092773438,-0.9828760027885437,-0.07459291070699692,0.0028866934590041637,0.1684706062078476,-0.01967567205429077,-0.14814510941505432,2.8006203174591064
1788678819307320000,43.01332006835938,-0.983012855052948,-0.07439548522233963,0.0043390896171331406,0.16772706806659698,-0.016608471050858498,-0.14826156198978424,2.802363157272339
1788678819323219700,43.0292197265625,-0.9830909371376038,-0.07549770176410675,0.005323203280568123,0.1667454093694687,-0.014880799688398838,-0.15078820288181305,2.8044397830963135
1788678819339002400,43.04500244140625,-0.9832817912101746,-0.0760955810546875,0.006348359398543835,0.16530591249465942,-0.012822483666241169,-0.15233413875102997,2.8074960708618164
1788678819362836700,43.06883666992187,-0.9840577840805054,-0.06995896250009537,0.014115909114480019,0.1629008799791336,0.005040290299803019,-0.14277085661888123,2.8138484954833984
1788678819378675200,43.08467529296875,-0.9844529032707214,-0.0684676468372345,0.017383616417646408,0.16081850230693817,0.012327384203672409,-0.14086294174194336,2.818606376647949
1788678819394605600,43.10060546875,-0.9847551584243774,-0.06845419853925705,0.019300619140267372,0.15874113142490387,0.016444677487015724,-0.14141978323459625,2.8231101036071777
1788678819410474500,43.116474609375,-0.9851056933403015,-0.06810145825147629,0.020890580490231514,0.15650144219398499,0.020043661817908287,-0.14118161797523499,2.8279080390930176
1788678819426343700,43.13234375,-0.9855080246925354,-0.06640126556158066,0.022363461554050446,0.1544821858406067,0.023792274296283722,-0.13822723925113678,2.8322627544403076
1788678819442243300,43.14824340820312,-0.9860572814941406,-0.060775693506002426,0.025047358125448227,0.1528729796409607,0.031072955578565598,-0.12786288559436798,2.8359620571136475
1788678819458173400,43.16417333984375,-0.9867655634880066,-0.051631469279527664,0.029045652598142624,0.15094469487667084,0.04200579226016998,-0.11089201271533966,2.840339422225952
1788678819474103800,43.18010375976562,-0.9874138236045837,-0.04221971333026886,0.03293212130665779,0.1488187313079834,0.052722785621881485,-0.09331385046243668,2.8448753356933594
1788678819489973000,43.19597290039062,-0.9877498745918274,-0.0383729450404644,0.03496839851140976,0.1471560001373291,0.05803439021110535,-0.08620409667491913,2.8483097553253174
1788678819505811500,43.2118115234375,-0.987748384475708,-0.04274577274918556,0.03530376777052879,0.14587564766407013,0.05756191536784172,-0.09488637745380402,2.851076126098633
1788678819521711000,43.22771118164062,-0.9874512553215027,-0.052439432591199875,0.034903980791568756,0.1448170393705368,0.0541207529604435,-0.11391837894916534,2.853440761566162
1788678819537610800,43.24361083984375,-0.9870479702949524,-0.06254959851503372,0.034246090799570084,0.14370502531528473,0.05009566247463226,-0.13371972739696503,2.8557980060577393
1788678819553541000,43.259541015625,-0.9868153929710388,-0.0694764032959938,0.033575426787137985,0.14227168262004852,0.04702213406562805,-0.14720550179481506,2.8586888313293457
1788678819569410000,43.27541015625,-0.9869084358215332,-0.07216916978359222,0.0329449363052845,0.14042064547538757,0.04529877379536629,-0.1522889882326126,2.862379789352417
1788678819585248800,43.29124877929687,-0.9873037934303284,-0.0707545205950737,0.03269657865166664,0.13840559124946594,0.04549906402826309,-0.1493174135684967,2.866441011428833
1788678819601148400,43.3071484375,-0.9879412055015564,-0.06631355732679367,0.03277914971113205,0.1360156387090683,0.04721033200621605,-0.14040561020374298,2.871281623840332
1788678819617078500,43.32307861328125,-0.9886766076087952,-0.06075097620487213,0.032629624009132385,0.13327930867671967,0.04875197261571884,-0.1291828453540802,2.8767507076263428
1788678819633009000,43.3390087890625,-0.989331841468811,-0.05576164647936821,0.032064661383628845,0.1307104378938675,0.04923585429787636,-0.11899655312299728,2.881808042526245
1788678819648908500,43.35490844726562,-0.9898529052734375,-0.05205974727869034,0.030797693878412247,0.12857934832572937,0.0478968471288681,-0.11121198534965515,2.885910987854004
1788678819664808200,43.37080810546875,-0.9902324080467224,-0.05025064945220947,0.02942677028477192,0.12668345868587494,0.045825738459825516,-0.10718049854040146,2.8895676136016846
1788678819680677000,43.386677001953124,-0.9904478788375854,-0.05053810775279999,0.02795366570353508,0.12521038949489594,0.04297790303826332,-0.10731677711009979,2.892399549484253
1788678819696515800,43.40251586914062,-0.9905450940132141,-0.052038390189409256,0.02669406868517399,0.12409676611423492,0.04022136703133583,-0.10993937402963638,2.8945422172546387
1788678819712415500,43.41841552734375,-0.9905888438224792,-0.05433341860771179,0.025710411369800568,0.12296609580516815,0.03782999888062477,-0.11421533674001694,2.8967504501342773
1788678819728315100,43.43431518554687,-0.9905995726585388,-0.056874752044677734,0.02488175593316555,0.12189639359712601,0.035690102726221085,-0.11902705579996109,2.8988442420959473
1788678819744214800,43.45021484375,-0.9906132221221924,-0.058991678059101105,0.023984650149941444,0.12095554172992706,0.03350760415196419,-0.12298784404993057,2.900655508041382
1788678819760084000,43.466083984375,-0.9906256198883057,-0.05956205725669861,0.023241018876433372,0.12071909010410309,0.031915921717882156,-0.12393569946289062,2.90104603767395
1788678819776014000,43.48201416015625,-0.9905969500541687,-0.05780820548534393,0.02463429979979992,0.12152820825576782,0.03501700237393379,-0.12081044912338257,2.899567127227783
1788678819791944200,43.497944091796874,-0.9906347393989563,-0.05428725853562355,0.02856397069990635,0.12198320776224136,0.04364962875843048,-0.11477819085121155,2.899061441421509
1788678819807783000,43.51378295898437,-0.9906640648841858,-0.04967038705945015,0.03374127671122551,0.12238933145999908,0.05503593385219574,-0.10687582939863205,2.8986973762512207
1788678819823682600,43.5296826171875,-0.9905551671981812,-0.04549400508403778,0.03987079858779907,0.12304874509572983,0.0681864321231842,-0.10010787099599838,2.897831916809082
1788678819839551700,43.5455517578125,-0.9903819561004639,-0.042818401008844376,0.04524010792374611,0.12354567646980286,0.07948021590709686,-0.09613960981369019,2.897209405899048
1788678819855481900,43.56148193359375,-0.9902456998825073,-0.04201763868331909,0.048299480229616165,0.12375427782535553,0.0857507735490799,-0.09531436115503311,2.8970274925231934
1788678819871381500,43.57738159179687,-0.9901882410049438,-0.04299694299697876,0.048661548644304276,0.12373653799295425,0.08624226599931717,-0.0973462387919426,2.8971598148345947
1788678819887281200,43.59328125,-0.9901869297027588,-0.045614227652549744,0.04683961346745491,0.12351197749376297,0.08201048523187637,-0.10208092629909515,2.897594451904297
1788678819903150300,43.609150390625,-0.9901382327079773,-0.049469709396362305,0.043828584253787994,0.12352368235588074,0.07508714497089386,-0.10900718718767166,2.897465705871582
1788678819919019500,43.62501953125,-0.9899500608444214,-0.05391712486743927,0.040515609085559845,0.12429983913898468,0.06732457131147385,-0.11709006130695343,2.895724058151245
1788678819934949600,43.64094970703125,-0.9896536469459534,-0.0583055317401886,0.037957534193992615,0.12548062205314636,0.061012741178274155,-0.1252577155828476,2.893181085586548
1788678819958784000,43.66478393554687,-0.9887833595275879,-0.06406837701797485,0.03978489711880684,0.1289186030626297,0.06279062479734421,-0.13738934695720673,2.8866147994995117
1788678819974653000,43.68065283203125,-0.987896740436554,-0.06700015068054199,0.043829526752233505,0.13285307586193085,0.0695766732096672,-0.14452685415744781,2.8792738914489746
1788678819990583300,43.69658325195312,-0.9869818091392517,-0.06936938315629959,0.04696609824895859,0.13729165494441986,0.07457178086042404,-0.15039506554603577,2.8707821369171143
1788678820006452500,43.71245239257812,-0.9862942099571228,-0.07128287851810455,0.046289168298244476,0.1414206176996231,0.07206572592258453,-0.1543160080909729,2.8623363971710205
1788678820022352100,43.72835205078125,-0.9862362742424011,-0.0720585435628891,0.03952977433800697,0.14346790313720703,0.058014702051877975,-0.15408501029014587,2.857158660888672
1788678820038251800,43.74425170898437,-0.9867374897003174,-0.07123769819736481,0.029126668348908424,0.1429194211959839,0.0375455804169178,-0.14946724474430084,2.8567240238189697
1788678820054151400,43.7601513671875,-0.9872629046440125,-0.07032398134469986,0.0203702449798584,0.14125023782253265,0.02057270146906376,-0.14511995017528534,2.8588716983795166
1788678820070020600,43.7760205078125,-0.9873148798942566,-0.072032131254673,0.017861176282167435,0.1403632014989853,0.01521432027220726,-0.14778828620910645,2.860278606414795
1788678820085889500,43.7918896484375,-0.9867124557495117,-0.07648145407438278,0.021009501069784164,0.1418018788099289,0.02001948282122612,-0.15753963589668274,2.8577046394348145
1788678820101789200,43.8077890625,-0.9856141209602356,-0.08159403502941132,0.026662467047572136,0.14559009671211243,0.029221681877970695,-0.1694132685661316,2.8507649898529053
1788678820117658400,43.82365844726562,-0.984474241733551,-0.08484374731779099,0.03162962570786476,0.15037189424037933,0.03735633194446564,-0.17749591171741486,2.841773509979248
1788678820133527600,43.83952758789062,-0.9835622310638428,-0.08481668680906296,0.03580164164304733,0.15533781051635742,0.044805824756622314,-0.17892077565193176,2.8323323726654053
1788678820149457700,43.85545776367187,-0.9828961491584778,-0.08319440484046936,0.03878062590956688,0.15965616703033447,0.05047804117202759,-0.17684641480445862,2.8240127563476562
1788678820165326800,43.87132690429687,-0.9825385808944702,-0.08099398761987686,0.03925652801990509,0.16284024715423584,0.051554251462221146,-0.17280325293540955,2.8175766468048096
1788678820181196000,43.88719604492187,-0.9824613928794861,-0.07843863219022751,0.03747307509183884,0.16496284306049347,0.0484476312994957,-0.1672680824995041,2.8129429817199707
1788678820197065200,43.90306518554687,-0.9825478792190552,-0.07537798583507538,0.034534282982349396,0.16650940477848053,0.043329861015081406,-0.16031131148338318,2.8093297481536865
1788678820212964900,43.91896484375,-0.9827491641044617,-0.0719977617263794,0.03174044191837311,0.16737069189548492,0.038745757192373276,-0.15272940695285797,2.8071773052215576
1788678820228834000,43.934833984375,-0.9829031825065613,-0.06869931519031525,0.02982013300061226,0.16820377111434937,0.035897064954042435,-0.14559510350227356,2.8052351474761963
1788678820244733700,43.95073364257812,-0.9829239845275879,-0.06588791310787201,0.02855193242430687,0.16942274570465088,0.0341418981552124,-0.13965381681919098,2.802603006362915
1788678820260603000,43.96660278320312,-0.9836270213127136,-0.0588919036090374,0.02884545736014843,0.16786211729049683,0.03727838769555092,-0.12587156891822815,2.8058862686157227
1788678820276441300,43.98244140625,-0.983322262763977,-0.05815764144062996,0.027409205213189125,0.17012888193130493,0.03438640758395195,-0.12401928007602692,2.801091194152832
1788678820292341000,43.99834106445312,-0.9829750657081604,-0.058159757405519485,0.025767415761947632,0.17237617075443268,0.03084667958319187,-0.12353654205799103,2.796307325363159
1788678820308210200,44.01421020507812,-0.9826582670211792,-0.059030432254076004,0.024366389960050583,0.17408190667629242,0.02755323238670826,-0.12482085078954697,2.792644739151001
1788678820324109800,44.03010986328125,-0.9823086261749268,-0.06077016890048981,0.023632241412997246,0.17555123567581177,0.025301534682512283,-0.1280369907617569,2.789522886276245
1788678820339948500,44.04594848632812,-0.9819716215133667,-0.06293869018554688,0.022634422406554222,0.1767996847629547,0.022394292056560516,-0.13199447095394135,2.7867987155914307
1788678820355817700,44.06181762695312,-0.9817690253257751,-0.0650554746389389,0.021455608308315277,0.17730474472045898,0.019237812608480453,-0.13576394319534302,2.785557985305786
1788678820371717400,44.07771728515625,-0.9817560911178589,-0.07015928626060486,0.01885243132710457,0.1757192462682724,0.012491517700254917,-0.14489050209522247,2.788280725479126
1788678820387586300,44.09358642578125,-0.9817624092102051,-0.07525890320539474,0.016911644488573074,0.17376089096069336,0.007137135602533817,-0.15426097810268402,2.791795015335083
1788678820403455500,44.10945556640625,-0.9818105697631836,-0.07655373960733414,0.016673488542437553,0.17294374108314514,0.006339176092296839,-0.15673057734966278,2.79337215423584
1788678820419324700,44.12532470703125,-0.981845498085022,-0.07760366797447205,0.01712135784327984,0.1722327023744583,0.006977295968681574,-0.1589558869600296,2.794847249984741
1788678820435193900,44.14119384765625,-0.9816297888755798,-0.08473195880651474,0.01938074268400669,0.16984640061855316,0.009408483281731606,-0.17380809783935547,2.799755096435547
1788678820451093500,44.15709350585937,-0.9817009568214417,-0.08623352646827698,0.019857553765177727,0.16862037777900696,0.010064180009067059,-0.1769295036792755,2.8022780418395996
1788678820474927600,44.180927734375,-0.9819426536560059,-0.09298446774482727,0.02196802943944931,0.16327904164791107,0.013014755211770535,-0.19094282388687134,2.813291072845459
1788678820490796800,44.196796875,-0.9823257327079773,-0.09307524561882019,0.022186629474163055,0.16087548434734344,0.013895501382648945,-0.1911611109972,2.8182668685913086
1788678820506666000,44.212666015625,-0.9828062057495117,-0.09199140965938568,0.022533072158694267,0.15849916636943817,0.015405344776809216,-0.1890871524810791,2.823262929916382
1788678820522535200,44.22853515625,-0.9831058979034424,-0.09198188781738281,0.023651713505387306,0.15647007524967194,0.018043026328086853,-0.18938755989074707,2.827636241912842
1788678820538373600,44.24437353515625,-0.9831528067588806,-0.09347879886627197,0.025526806712150574,0.15498626232147217,0.021620364859700203,-0.19291485846042633,2.8309738636016846
1788678820554273500,44.2602734375,-0.9830670356750488,-0.0963144302368164,0.027118967846035957,0.1535165160894394,0.024228310212492943,-0.1990044116973877,2.8341922760009766
1788678820570112000,44.27611206054687,-0.9830146431922913,-0.0994172915816307,0.02796655334532261,0.15171153843402863,0.025353074073791504,-0.20538391172885895,2.837955951690674
1788678820586072800,44.29207275390625,-0.983208954334259,-0.10120569169521332,0.02806962840259075,0.14923082292079926,0.025548797100782394,-0.20890659093856812,2.8430118560791016
1788678820601941800,44.307941650390624,-0.9838704466819763,-0.10004927963018417,0.027438433840870857,0.14572665095329285,0.02537286840379238,-0.20632892847061157,2.8501265048980713
1788678820617841400,44.32384130859375,-0.9850143194198608,-0.09491805732250214,0.027768690139055252,0.1413019597530365,0.02842949889600277,-0.1960931420326233,2.8594298362731934
1788678820633710600,44.33971069335937,-0.9861783981323242,-0.0878855288028717,0.030652841553092003,0.13707192242145538,0.03698938712477684,-0.18276061117649078,2.8687660694122314
1788678820649610200,44.3556103515625,-0.9868892431259155,-0.08329174667596817,0.034595903009176254,0.13384757936000824,0.04671437665820122,-0.174545556306839,2.8760743141174316
1788678820665510000,44.37151000976562,-0.9870184659957886,-0.08434899151325226,0.036915626376867294,0.13159465789794922,0.05150145664811134,-0.17714890837669373,2.881079912185669
1788678820681379000,44.38737915039062,-0.9867523312568665,-0.09057226777076721,0.037193119525909424,0.12935742735862732,0.05090118944644928,-0.18949931859970093,2.8857295513153076
1788678820697248300,44.40324829101562,-0.9864693284034729,-0.09805050492286682,0.036002401262521744,0.12636497616767883,0.04724673926830292,-0.20395764708518982,2.8916196823120117
1788678820713087000,44.4190869140625,-0.9863884449005127,-0.10373381525278091,0.03385918214917183,0.12300713360309601,0.04225839674472809,-0.2146172821521759,2.898017406463623
1788678820729017000,44.43501708984375,-0.9865667223930359,-0.10648500174283981,0.031429439783096313,0.11983009427785873,0.037399277091026306,-0.2193973958492279,2.90397310256958
1788678820744947200,44.450947265625,-0.9870772361755371,-0.10547023266553879,0.029194630682468414,0.11705688387155533,0.03373829647898674,-0.2167424112558365,2.9091875553131104
1788678820760816400,44.46681640625,-0.9878575205802917,-0.10158348828554153,0.027017781510949135,0.11440441012382507,0.0308074988424778,-0.2083868682384491,2.9142205715179443
1788678820776655000,44.48265502929687,-0.9889283180236816,-0.09522981941699982,0.025220250710844994,0.11097800731658936,0.02930579148232937,-0.19518570601940155,2.9209561347961426
1788678820792493600,44.49849365234375,-0.9901225566864014,-0.08765365183353424,0.02349054627120495,0.10687629133462906,0.02823854796588421,-0.17956022918224335,2.9290826320648193
1788678820808424000,44.514423828125,-0.9912256598472595,-0.08024582266807556,0.021982599049806595,0.10270867496728897,0.027469050139188766,-0.16433775424957275,2.9373562335968018
1788678820824384500,44.53038452148437,-0.9921001195907593,-0.0742558166384697,0.02087550424039364,0.09893222153186798,0.027043884620070457,-0.15205417573451996,2.9448699951171875
1788678820840284200,44.5462841796875,-0.9926473498344421,-0.07081963121891022,0.020509108901023865,0.09599578380584717,0.027411077171564102,-0.14504343271255493,2.950770139694214
1788678820856123000,44.56212280273437,-0.9928781390190125,-0.07030271738767624,0.02152436226606369,0.0937405452132225,0.029875915497541428,-0.14413805305957794,2.955481767654419
1788678820871961300,44.57796142578125,-0.9929689764976501,-0.07131555676460266,0.022988516837358475,0.09164223074913025,0.032940834760665894,-0.14636372029781342,2.959947109222412
1788678820887891500,44.593891357421874,-0.9931097626686096,-0.07184907793998718,0.023782536387443542,0.08947110176086426,0.034764911979436874,-0.1474979817867279,2.9644627571105957
1788678820903760600,44.6097607421875,-0.9933372139930725,-0.07118658721446991,0.024014145135879517,0.08738947659730911,0.03565390035510063,-0.14614138007164001,2.968703269958496
1788678820919660300,44.62566040039062,-0.9936351180076599,-0.06955745071172714,0.023806186392903328,0.08534814417362213,0.035808056592941284,-0.14277766644954681,2.9727845191955566
1788678820935651600,44.64165161132812,-0.9938770532608032,-0.06812998652458191,0.02370193973183632,0.08369573950767517,0.036069128662347794,-0.13984857499599457,2.97609281539917
1788678820951551200,44.65755126953125,-0.9939606785774231,-0.06767108291387558,0.024179289117455482,0.08293469995260239,0.03720925748348236,-0.1389824002981186,2.977691173553467
1788678820967420400,44.67342041015625,-0.9939307570457458,-0.06796973198652267,0.025172002613544464,0.08275379240512848,0.03918077424168587,-0.13973486423492432,2.9781999588012695
1788678820983289600,44.68928955078125,-0.9938580393791199,-0.06850509345531464,0.026056909933686256,0.08291134983301163,0.0408504344522953,-0.14095580577850342,2.9780149459838867
1788678820999158800,44.70515869140625,-0.9937916398048401,-0.06894734501838684,0.02646053209900856,0.08321191370487213,0.041547562927007675,-0.14191816747188568,2.9774725437164307
1788678821015027700,44.72102783203125,-0.9932035803794861,-0.0778409093618393,0.020794028416275978,0.08399530500173569,0.028592394664883614,-0.15878331661224365,2.9751288890838623
1788678821030927400,44.73692724609375,-0.992728590965271,-0.08538533002138138,0.016373762860894203,0.08325459063053131,0.01857060380280018,-0.1731187254190445,2.9758670330047607
1788678821046796500,44.75279663085937,-0.992704451084137,-0.08598832041025162,0.01584363915026188,0.08302385360002518,0.017442898824810982,-0.17423297464847565,2.976236581802368
1788678821062665700,44.76866577148437,-0.9926890730857849,-0.0852213129401207,0.01502420287579298,0.08414316177368164,0.01572132110595703,-0.1725803166627884,2.9738311767578125
1788678821078535000,44.78453491210937,-0.992730975151062,-0.0843009278178215,0.013899004086852074,0.08476777374744415,0.013500229455530643,-0.1705583930015564,2.9723830223083496
1788678821094404000,44.80040405273437,-0.9927968382835388,-0.0848565623164177,0.012478959746658802,0.08365487307310104,0.010738398879766464,-0.1714167445898056,2.974388837814331
1788678821110303700,44.8163037109375,-0.9927036166191101,-0.08677997440099716,0.010987323708832264,0.08299476653337479,0.0075247567147016525,-0.1750093698501587,2.975431203842163
1788678821126203400,44.83220336914062,-0.992342472076416,-0.08994276076555252,0.010651559568941593,0.08398401737213135,0.006133026443421841,-0.18128855526447296,2.9732882976531982
1788678821142103000,44.84810302734375,-0.9918017983436584,-0.09395594894886017,0.01143338717520237,0.08585331588983536,0.006665781605988741,-0.18946605920791626,2.9695305824279785
1788678821157972200,44.86397216796875,-0.9912314414978027,-0.09752003848552704,0.011401599273085594,0.08843206614255905,0.005460681859403849,-0.19661062955856323,2.9641737937927246
1788678821173841400,44.87984130859375,-0.9909154176712036,-0.09838492423295975,0.00799461267888546,0.09134115278720856,-0.0021715271286666393,-0.19772866368293762,2.9575397968292236
1788678821189679900,44.89567993164062,-0.9910057783126831,-0.09602238237857819,0.0007338978466577828,0.09320282936096191,-0.016751917079091072,-0.19162486493587494,2.952436923980713
1788678821205610000,44.91160986328125,-0.9913818836212158,-0.09152044355869293,-0.006188860163092613,0.09352893382310867,-0.029884835705161095,-0.18129728734493256,2.950748920440674
1788678821221479200,44.92747924804687,-0.991582453250885,-0.08875478059053421,-0.00784438569098711,0.09394344687461853,-0.03274090960621834,-0.17544010281562805,2.9497950077056885
1788678821237348400,44.94334838867187,-0.9913241863250732,-0.09003638476133347,-0.0030172981787472963,0.09571143239736557,-0.02359594590961933,-0.17888543009757996,2.946974992752075
1788678821253187000,44.95918701171875,-0.9905436635017395,-0.09452830255031586,0.0054861558601260185,0.09928595274686813,-0.008046220056712627,-0.1894901692867279,2.941027879714966
1788678821269086700,44.97508666992187,-0.9895337224006653,-0.09955129772424698,0.013339702971279621,0.10360818356275558,0.005890293046832085,-0.20113638043403625,2.9335391521453857
1788678821284956000,44.99095581054687,-0.9887014627456665,-0.10313273966312408,0.01866152510046959,0.10716767609119415,0.015127575024962425,-0.20946314930915833,2.927241325378418
1788678821300824800,45.00682495117187,-0.9883871674537659,-0.10335949063301086,0.021175291389226913,0.10935799777507782,0.019688233733177185,-0.21050089597702026,2.923283338546753
1788678821316694000,45.02269409179687,-0.9883636832237244,-0.1028275117278099,0.02136075682938099,0.11003376543521881,0.020034730434417725,-0.20949172973632812,2.9219536781311035
1788678821332563200,45.03856323242187,-0.9885672330856323,-0.10202424228191376,0.020223058760166168,0.10916485637426376,0.01809842325747013,-0.2076193243265152,2.9235148429870605
1788678821348462800,45.054462890625,-0.9888440370559692,-0.1008581593632698,0.018765650689601898,0.10799509286880493,0.01565653458237648,-0.2049509733915329,2.92563796043396
1788678821364362500,45.07036254882812,-0.9892021417617798,-0.09883691370487213,0.017892543226480484,0.10672509670257568,0.014595412649214268,-0.20070327818393707,2.9281136989593506
1788678821380231700,45.08623168945312,-0.9895963668823242,-0.09581639617681503,0.0177855733782053,0.10583993047475815,0.015206358395516872,-0.1946304440498352,2.9299819469451904
1788678821396161800,45.10216186523437,-0.9899813532829285,-0.09229417890310287,0.018061351031064987,0.10532188415527344,0.01661195419728756,-0.18764275312423706,2.9311776161193848
1788678821412031000,45.11803100585937,-0.9902488589286804,-0.08914416283369064,0.018802862614393234,0.10539007931947708,0.018758440390229225,-0.18150807917118073,2.9312422275543213
1788678821427900200,45.13390014648437,-0.9904230833053589,-0.08648496121168137,0.01942017488181591,0.10585494339466095,0.020477617159485817,-0.17633728682994843,2.9304542541503906
1788678821443830300,45.14983032226562,-0.9907382726669312,-0.08454427868127823,0.01941468007862568,0.1044652909040451,0.021120604127645493,-0.1724320352077484,2.9333107471466064
1788678821459730000,45.16572998046875,-0.9909091591835022,-0.08321838080883026,0.019820483401417732,0.10383094102144241,0.02232237346470356,-0.1698552370071411,2.934688091278076
1788678821475599000,45.18159912109375,-0.9907851219177246,-0.08329823613166809,0.020324591547250748,0.10484898835420609,0.02314334735274315,-0.17014305293560028,2.9327027797698975
1788678821491559700,45.1975595703125,-0.9905479550361633,-0.0842815563082695,0.020648781210184097,0.10623088479042053,0.023348039016127586,-0.1722068041563034,2.9299356937408447
1788678821507428900,45.21342895507812,-0.990198016166687,-0.08578384667634964,0.020787226036190987,0.1082453653216362,0.022949157282710075,-0.17528241872787476,2.925840139389038
1788678821523267600,45.229267578125,-0.9898621439933777,-0.0869542732834816,0.02067214623093605,0.11038447916507721,0.022077541798353195,-0.1776420772075653,2.9214465618133545
1788678821539167200,45.24516723632812,-0.9897297620773315,-0.08700747042894363,0.019991617649793625,0.11164718866348267,0.020467760041356087,-0.17762432992458344,2.9187536239624023
1788678821555036400,45.26103637695312,-0.9898077845573425,-0.08629025518894196,0.01883346401154995,0.11171307414770126,0.0182868130505085,-0.17593565583229065,2.9184298515319824
1788678821570966500,45.27696655273437,-0.9899942278862,-0.08571834117174149,0.017877113074064255,0.11065363138914108,0.016680654138326645,-0.17456285655498505,2.9204323291778564
1788678821586835700,45.29283569335937,-0.990108847618103,-0.08613336831331253,0.017755091190338135,0.10931731760501862,0.01658221334218979,-0.17534178495407104,2.9231221675872803
1788678821602705000,45.30870483398437,-0.9900916218757629,-0.08739620447158813,0.019041255116462708,0.10824913531541824,0.019087187945842743,-0.178123340010643,2.92549729347229
1788678821618635000,45.32463500976562,-0.989997386932373,-0.08863905817270279,0.021787183359265327,0.10758037120103836,0.024469802156090736,-0.18118226528167725,2.927330493927002
1788678821634534700,45.34053466796875,-0.9899997711181641,-0.08889180421829224,0.024822985753417015,0.10668869316577911,0.030695447698235512,-0.18231064081192017,2.929694414138794
1788678821650464800,45.35646484375,-0.9902660846710205,-0.0877363458275795,0.026959309354424477,0.10463548451662064,0.03561842814087868,-0.1803830862045288,2.934267520904541
1788678821666303500,45.37230346679687,-0.9906737208366394,-0.08582362532615662,0.02812523953616619,0.10202384740114212,0.03882797434926033,-0.17670343816280365,2.9397873878479004
1788678821682203100,45.388203125,-0.9909878373146057,-0.08452834188938141,0.02884899638593197,0.09982843697071075,0.04093188792467117,-0.1741722822189331,2.9443717002868652
1788678821698072300,45.404072265625,-0.9911096692085266,-0.08465711027383804,0.029670488089323044,0.09825747460126877,0.04284071549773216,-0.17452427744865417,2.947709321975708
1788678821714002400,45.42000244140625,-0.9911036491394043,-0.0859510600566864,0.029905326664447784,0.09711699187755585,0.04327413812279701,-0.1771058589220047,2.9500815868377686
1788678821729871600,45.43587158203125,-0.9911336898803711,-0.08739203959703445,0.02942774072289467,0.09565949440002441,0.042308591306209564,-0.17983219027519226,2.9529733657836914
1788678821745740800,45.45174072265625,-0.9913669228553772,-0.08825942128896713,0.027129463851451874,0.09309123456478119,0.037987928837537766,-0.181033194065094,2.9577863216400146
1788678821761579300,45.46757934570312,-0.991875410079956,-0.08798588812351227,0.02312987670302391,0.08891940861940384,0.03073585405945778,-0.17961977422237396,2.965543270111084
1788678821777479000,45.48347900390625,-0.9926145672798157,-0.08647018671035767,0.017996493726968765,0.08315851539373398,0.021680612117052078,-0.17555664479732513,2.9763364791870117
1788678821793348000,45.49934814453125,-0.9932520389556885,-0.08513546735048294,0.013589623384177685,0.07757476717233658,0.013994243927299976,-0.17207835614681244,2.986912488937378
1788678821809217300,45.51521728515625,-0.9935569167137146,-0.08505435287952423,0.012383626773953438,0.07387208938598633,0.012221363373100758,-0.17168445885181427,2.994215250015259
1788678821825086500,45.53108642578125,-0.9935726523399353,-0.08589239418506622,0.014451064169406891,0.0722992792725563,0.016546007245779037,-0.17364154756069183,2.9977550506591797
1788678821840955600,45.54695556640625,-0.9934221506118774,-0.08691484481096268,0.0196086373180151,0.07192964851856232,0.02687615528702736,-0.1764208823442459,2.9994101524353027
1788678821856824600,45.562824462890624,-0.9932470917701721,-0.08724629133939743,0.02608928270637989,0.07188660651445389,0.03992379829287529,-0.1780037134885788,3.000657081604004
1788678821888532500,45.59453247070312,-0.9933894276618958,-0.08281810581684113,0.03428466245532036,0.07171616703271866,0.057093534618616104,-0.17028048634529114,3.0023300647735596
1788678821904401700,45.61040161132812,-0.993692934513092,-0.08076588064432144,0.033940237015485764,0.06999515742063522,0.05695950984954834,-0.16602596640586853,3.0056867599487305
1788678821920270800,45.62627075195312,-0.9941023588180542,-0.0791165754199028,0.03153826668858528,0.06713000684976578,0.05279996618628502,-0.16224515438079834,3.0110344886779785
1788678821936139800,45.64213989257812,-0.9946175813674927,-0.07750298827886581,0.02777799405157566,0.06290930509567261,0.04609834402799606,-0.15832732617855072,3.018918991088867
1788678821952039400,45.658039306640624,-0.9951866269111633,-0.07533200085163116,0.02461320534348488,0.05764458328485489,0.040794581174850464,-0.15337710082530975,3.02901029586792
1788678821967939000,45.67393896484375,-0.9956969618797302,-0.07325788587331772,0.022134818136692047,0.052258335053920746,0.03683748468756676,-0.14874666929244995,3.0394656658172607
1788678821983808300,45.68980834960937,-0.9960445761680603,-0.07176005840301514,0.02114875055849552,0.047943856567144394,0.035633232444524765,-0.14549309015274048,3.0479955673217773
1788678821999708000,45.7057080078125,-0.9961904287338257,-0.07130954414606094,0.021586492657661438,0.045317959040403366,0.036938779056072235,-0.14453499019145966,3.05334734916687
1788678822015577000,45.7215771484375,-0.9962334632873535,-0.07172460854053497,0.022172868251800537,0.043392591178417206,0.03836793452501297,-0.14534439146518707,3.05732798576355
1788678822031476700,45.73747680664062,-0.9962670207023621,-0.07255202531814575,0.021831559017300606,0.041372355073690414,0.03791414573788643,-0.1468965709209442,3.061375617980957
1788678822047346000,45.75334594726562,-0.9963057637214661,-0.07353466004133224,0.020874930545687675,0.039136890321969986,0.03624769300222397,-0.14870744943618774,3.0657694339752197
1788678822063215000,45.76921508789062,-0.9963249564170837,-0.07472572475671768,0.020101167261600494,0.03672349452972412,0.034970927983522415,-0.15095120668411255,3.0705528259277344
1788678822079053600,45.785053466796874,-0.9963286519050598,-0.07758738845586777,0.014306864701211452,0.03323880583047867,0.02364080585539341,-0.1561904400587082,3.076744794845581
1788678822094953500,45.80095336914062,-0.9962025284767151,-0.08059776574373245,0.010496329516172409,0.031216008588671684,0.01609230414032936,-0.161945641040802,3.080249071121216
1788678822110822400,45.81682250976562,-0.9960430860519409,-0.08348500728607178,0.008071577176451683,0.029381152242422104,0.011332472786307335,-0.1675667017698288,3.0835657119750977
1788678822126691600,45.83269165039062,-0.9959610104560852,-0.0850934386253357,0.008807816542685032,0.027263805270195007,0.01309548132121563,-0.17080913484096527,3.0879788398742676
1788678822142560800,45.84856079101562,-0.995933473110199,-0.08678170293569565,0.00790580827742815,0.02287067100405693,0.011958866380155087,-0.17409737408161163,3.0967161655426025
1788678822158491000,45.86449096679687,-0.9958809018135071,-0.08801457285881042,0.007557257078588009,0.020434202626347542,0.011636336334049702,-0.17652833461761475,3.101590633392334
1788678822174360000,45.88036010742187,-0.9959356784820557,-0.08739865571260452,0.010481934063136578,0.019071828573942184,0.017819244414567947,-0.17538444697856903,3.1048645973205566
1788678822190259700,45.896259765625,-0.9960724115371704,-0.08398915827274323,0.020707162097096443,0.018888507038354874,0.03863811120390892,-0.16890275478363037,3.1069424152374268
1788678822206129000,45.91212890625,-0.9958643317222595,-0.08592741191387177,0.02174348570406437,0.019946875050663948,0.040493618696928024,-0.17287124693393707,3.1050479412078857
1788678822221998000,45.927998046875,-0.9956731796264648,-0.08748296648263931,0.022886447608470917,0.021400004625320435,0.042500440031290054,-0.17609713971614838,3.102365732192993
1788678822237867300,45.9438671875,-0.9955762624740601,-0.08799055963754654,0.023747757077217102,0.02284158766269684,0.043968260288238525,-0.1772136092185974,3.099621295928955
1788678822261762300,45.96776220703125,-0.9957919716835022,-0.08355408161878586,0.028277363628149033,0.024848315864801407,0.05293947830796242,-0.16860799491405487,3.0961709022521973
1788678822277631500,45.98363159179687,-0.9957731366157532,-0.08127711713314056,0.03258540853857994,0.027717188000679016,0.061253614723682404,-0.1644132137298584,3.0909857749938965
1788678822293500700,45.99950073242187,-0.9954823851585388,-0.08276829868555069,0.0342104472219944,0.03152790665626526,0.06383130699396133,-0.16773131489753723,3.083639621734619
1788678822309400300,46.015400390625,-0.9952415823936462,-0.08398868888616562,0.03476957604289055,0.03509031608700752,0.06428907066583633,-0.17044226825237274,3.076599597930908
1788678822325300000,46.03130004882812,-0.9953069090843201,-0.08317219465970993,0.03205399587750435,0.037672605365514755,0.058403100818395615,-0.16877901554107666,3.0708701610565186
1788678822341138700,46.047138671875,-0.995663046836853,-0.08021681755781174,0.0266418419778347,0.03886744752526283,0.047459956258535385,-0.16252338886260986,3.067424774169922
1788678822357008000,46.0630078125,-0.9959052205085754,-0.07764499634504318,0.023115016520023346,0.04012342169880867,0.040317602455616,-0.1571551263332367,3.064234495162964
1788678822372938000,46.07893798828125,-0.9957709908485413,-0.07759955525398254,0.02426210604608059,0.042778003960847855,0.04221322387456894,-0.15726600587368011,3.0590527057647705
1788678822388807200,46.09480712890625,-0.9952785968780518,-0.07958308607339859,0.030045734718441963,0.046738166362047195,0.05308771878480911,-0.16193000972270966,3.0520505905151367
1788678822404645600,46.11064575195312,-0.9947885274887085,-0.08075188100337982,0.03608780726790428,0.0507211871445179,0.06452915072441101,-0.1650715470314026,3.0450470447540283
1788678822420484400,46.126484375,-0.9946417212486267,-0.07885146886110306,0.04008423537015915,0.05351214110851288,0.07230708748102188,-0.16185365617275238,3.0399622917175293
1788678822436353500,46.142353515625,-0.9948069453239441,-0.07482293993234634,0.04143216460943222,0.05517293140292168,0.07513723522424698,-0.15404920279979706,3.036585807800293
1788678822452222700,46.15822265625,-0.9951679110527039,-0.07056212425231934,0.03906772658228874,0.05599579960107803,0.07065854221582413,-0.1453286111354828,3.0343213081359863
1788678822468122400,46.17412231445312,-0.9955582618713379,-0.06676354259252548,0.03497526794672012,0.05642072483897209,0.06273741275072098,-0.13731174170970917,3.032684326171875
1788678822484052500,46.19005249023437,-0.995783269405365,-0.0644616112112999,0.03145241364836693,0.057195715606212616,0.05578233301639557,-0.13236363232135773,3.030540943145752
1788678822499921700,46.20592163085937,-0.9958977103233337,-0.06282084435224533,0.02949235960841179,0.058065809309482574,0.051900994032621384,-0.12890799343585968,3.0284652709960938
1788678822515760000,46.221760009765624,-0.9960674047470093,-0.0601428747177124,0.028235014528036118,0.05861169472336769,0.04959532618522644,-0.12343572825193405,3.0271074771881104
1788678822531659800,46.23765966796875,-0.9963492751121521,-0.05581961199641228,0.026490021497011185,0.05891229212284088,0.04653162136673927,-0.11460354179143906,3.0261435508728027
1788678822547559400,46.253559326171874,-0.9966774582862854,-0.05031225085258484,0.024567820131778717,0.05915364250540733,0.04326449707150459,-0.10338077694177628,3.025268793106079
1788678822563428600,46.2694287109375,-0.9968940615653992,-0.04569832980632782,0.02331552840769291,0.0597517229616642,0.04121885448694229,-0.09403760731220245,3.0237998962402344
1788678822579328300,46.28532836914062,-0.996945858001709,-0.042760685086250305,0.023094061762094498,0.061133597046136856,0.04098958522081375,-0.08819811791181564,3.0209133625030518
1788678822595197400,46.30119750976562,-0.9968217611312866,-0.04190162941813469,0.024344895035028458,0.06323088705539703,0.04341282695531845,-0.08672428131103516,3.0167813301086426
1788678822611066600,46.31706665039062,-0.9965993165969849,-0.042564261704683304,0.026367362588644028,0.06544385850429535,0.04718596115708351,-0.0884053036570549,3.0125341415405273
1788678822627027200,46.333027099609374,-0.9963805675506592,-0.04378927871584892,0.02785038761794567,0.06732527166604996,0.04983025789260864,-0.09113775938749313,3.0089309215545654
1788678822642896400,46.348896484375,-0.9962152242660522,-0.04477647319436073,0.02832031063735485,0.06890855729579926,0.050496041774749756,-0.09325212985277176,3.005828619003296
1788678822658796000,46.36479614257812,-0.9961619973182678,-0.04510458931326866,0.0272531658411026,0.06988665461540222,0.04822336137294769,-0.09380975365638733,3.003774404525757
1788678822674695700,46.38069580078125,-0.9962185621261597,-0.04496791958808899,0.024942727759480476,0.07003052532672882,0.04360164701938629,-0.09322422742843628,3.003264904022217
1788678822690534400,46.39653442382812,-0.9963153004646301,-0.04486643150448799,0.022217849269509315,0.06963733583688736,0.038196202367544174,-0.09262900799512863,3.003800392150879
1788678822706495000,46.412494873046874,-0.9964203238487244,-0.045126765966415405,0.019219858571887016,0.06885431706905365,0.03223174437880516,-0.09270994365215302,3.0051040649414062
1788678822722364200,46.4283642578125,-0.9965437650680542,-0.04567469283938408,0.016310440376400948,0.06744270026683807,0.02646563947200775,-0.09336929768323898,3.0076820850372314
1788678822738233300,46.4442333984375,-0.9967071413993835,-0.046170253306627274,0.013436167500913143,0.06528913974761963,0.02084842137992382,-0.09392897039651871,3.011749744415283
1788678822754133000,46.46013305664062,-0.9968899488449097,-0.046337224543094635,0.012201065197587013,0.06256692111492157,0.018611207604408264,-0.09405158460140228,3.017108678817749
1788678822770002200,46.47600219726562,-0.9969744086265564,-0.04692532867193222,0.014488054439425468,0.06025007739663124,0.023342309519648552,-0.09545741975307465,3.0219886302948
1788678822785901800,46.49190185546875,-0.9970083832740784,-0.04837637394666672,0.017979826778173447,0.05754009634256363,0.03043770231306553,-0.09869255870580673,3.0277984142303467
1788678822801801500,46.50780151367187,-0.997076153755188,-0.049916934221982956,0.02039778046309948,0.05414262413978577,0.035462457686662674,-0.10192714631557465,3.034905433654785
1788678822817701000,46.523701171875,-0.997134268283844,-0.05149060860276222,0.02209335006773472,0.0508318766951561,0.03905079513788223,-0.10512571036815643,3.0417797565460205
1788678822833631200,46.53963134765625,-0.9969972372055054,-0.054295267909765244,0.025243600830435753,0.04910643771290779,0.04529712349176407,-0.11097133159637451,3.045679807662964
1788678822849500400,46.55550048828125,-0.9965517520904541,-0.05933571606874466,0.03038138709962368,0.04940596595406532,0.055124685168266296,-0.12156344950199127,3.0458755493164062
1788678822865400000,46.57140014648437,-0.9958506226539612,-0.06588437408208847,0.03646491840481758,0.05109953507781029,0.0665513426065445,-0.1353616565465927,3.0435705184936523
1788678822881269200,46.58726928710937,-0.9951488971710205,-0.07212863862514496,0.04153003543615341,0.0524541400372982,0.07599854469299316,-0.1484590619802475,3.0419249534606934
1788678822897199400,46.60319946289062,-0.9948541522026062,-0.07577205449342728,0.04353930056095123,0.0512651652097702,0.07991424947977066,-0.15585863590240479,3.0448665618896484
1788678822913099000,46.61909912109375,-0.995060384273529,-0.07576481997966766,0.04309834912419319,0.04750944674015045,0.07961555570363998,-0.15550222992897034,3.0523805618286133
1788678822929029400,46.635029296875,-0.9954310059547424,-0.07348017394542694,0.04292785003781319,0.04330229014158249,0.08009056001901627,-0.15057498216629028,3.060689926147461
1788678822944898300,46.650898193359374,-0.9956575632095337,-0.07102024555206299,0.04474175348877907,0.04025311395525932,0.08436829596757889,-0.14553891122341156,3.0669331550598145
1788678822960767500,46.666767578125,-0.9955896735191345,-0.06992298364639282,0.049071528017520905,0.038781262934207916,0.09338125586509705,-0.14352759718894958,3.070443630218506
1788678822976606200,46.68260620117187,-0.9952124953269958,-0.07069346308708191,0.055343616753816605,0.038622722029685974,0.10601308196783066,-0.1454978883266449,3.0717477798461914
1788678822992505900,46.698505859375,-0.9946615099906921,-0.07253572344779968,0.06218865513801575,0.038981880992650986,0.1196790412068367,-0.1497040092945099,3.0722362995147705
1788678823008375000,46.714375,-0.9942590594291687,-0.07360709458589554,0.06714865565299988,0.03901399299502373,0.1296401023864746,-0.15219539403915405,3.0730526447296143
1788678823024244200,46.730244140625,-0.9941704273223877,-0.07361272722482681,0.06896641105413437,0.038079265505075455,0.13345661759376526,-0.15220658481121063,3.075216054916382
1788678823040113200,46.746113037109374,-0.9943957924842834,-0.0728083997964859,0.06770305335521698,0.03594834357500076,0.13126347959041595,-0.15023285150527954,3.0792150497436523
1788678823055982300,46.761982421875,-0.9948924779891968,-0.07112261652946472,0.06372944265604019,0.0326961986720562,0.12379029393196106,-0.14620646834373474,3.084965467453003
1788678823071882000,46.77788208007812,-0.995492696762085,-0.06905384361743927,0.05837075784802437,0.02861514501273632,0.11363780498504639,-0.1412954479455948,3.0921692848205566
1788678823087751200,46.79375122070312,-0.9960108995437622,-0.06715154647827148,0.053506337106227875,0.02429039031267166,0.10448785126209259,-0.13679294288158417,3.0999913215637207
1788678823103712000,46.8097119140625,-0.9963540434837341,-0.06576032936573029,0.05041991174221039,0.02029738388955593,0.0988413393497467,-0.13348396122455597,3.10746693611145
1788678823119581000,46.825580810546874,-0.9964765310287476,-0.06494082510471344,0.05017400532960892,0.017320141196250916,0.09875709563493729,-0.13154107332229614,3.1133432388305664
1788678823135450000,46.8414501953125,-0.9964609742164612,-0.06425966322422028,0.05192090570926666,0.015506036579608917,0.10252514481544495,-0.13004086911678314,3.117154359817505
1788678823151349800,46.85734985351562,-0.9963903427124023,-0.06331318616867065,0.054570674896240234,0.014824149198830128,0.10796327888965607,-0.12813758850097656,3.118772506713867
1788678823167310600,46.873310546875,-0.9963257908821106,-0.06227068230509758,0.056908801198005676,0.014787443913519382,0.11268899589776993,-0.12610077857971191,3.119032859802246
1788678823183210200,46.88921020507812,-0.9962848424911499,-0.06151020526885986,0.05831538140773773,0.015240381471812725,0.11547315865755081,-0.12466351687908173,3.118215560913086
1788678823199140400,46.90514038085937,-0.9962893724441528,-0.06118950992822647,0.05843168497085571,0.015783755108714104,0.11564291268587112,-0.12408765405416489,3.1171023845672607
1788678823215009500,46.92100952148437,-0.9963335990905762,-0.0614975281059742,0.05722765997052193,0.01619947887957096,0.11316171288490295,-0.12472131848335266,3.1161508560180664
1788678823230848000,46.936847900390624,-0.9964165687561035,-0.06251370906829834,0.0546693280339241,0.016041932627558708,0.10801482200622559,-0.12667188048362732,3.116253137588501
1788678823246748000,46.95274780273437,-0.9965434074401855,-0.06376244127750397,0.051009926944971085,0.015286910347640514,0.10072348266839981,-0.12900114059448242,3.1174263954162598
1788678823262616800,46.96861694335937,-0.9966593384742737,-0.06474321335554123,0.04765370488166809,0.014414280652999878,0.09406354278326035,-0.1308002918958664,3.1188344955444336
1788678823278547200,46.98454711914062,-0.9966353178024292,-0.06575391441583633,0.046637944877147675,0.014813619665801525,0.09195242077112198,-0.1328374296426773,3.117988348007202
1788678823294385700,47.0003857421875,-0.9964684247970581,-0.0672927051782608,0.046971242874860764,0.017779376357793808,0.0922011211514473,-0.13620106875896454,3.1122047901153564
1788678823310285300,47.01628540039062,-0.9962015748023987,-0.06870625168085098,0.0483303926885128,0.022939085960388184,0.09419522434473038,-0.13956044614315033,3.1021361351013184
1788678823326215700,47.03221557617187,-0.9959014058113098,-0.06947237253189087,0.050118524581193924,0.029018869623541832,0.09691648185253143,-0.14175833761692047,3.0902187824249268
1788678823342084600,47.04808471679687,-0.9957436323165894,-0.06903544813394547,0.05044825002551079,0.03440671041607857,0.0968330055475235,-0.1414257138967514,3.079376697540283
1788678823357923300,47.06392333984375,-0.9957971572875977,-0.06774595379829407,0.048537567257881165,0.037981875240802765,0.09254501014947891,-0.13905727863311768,3.0717947483062744
1788678823373823000,47.07982299804687,-0.9959064722061157,-0.06677507609128952,0.045379482209682465,0.040646739304065704,0.08586957305669785,-0.13712181150913239,3.065910577774048
1788678823389722600,47.09572265625,-0.9957255125045776,-0.06826678663492203,0.04355577379465103,0.04442121461033821,0.08156493306159973,-0.14027920365333557,3.058161497116089
1788678823405652700,47.11165283203125,-0.9951802492141724,-0.07237136363983154,0.0438431091606617,0.04956359788775444,0.0810750275850296,-0.14894120395183563,3.0481197834014893
1788678823421522000,47.12752197265625,-0.9943443536758423,-0.07795821875333786,0.046083156019449234,0.05548185110092163,0.08417912572622299,-0.16084077954292297,3.0369017124176025
1788678823437360600,47.14336059570312,-0.9937117695808411,-0.08218147605657578,0.04583914205431938,0.06067906320095062,0.08240406215190887,-0.16970574855804443,3.0266311168670654
1788678823453199000,47.15919921875,-0.9937396049499512,-0.08222271502017975,0.040891941636800766,0.06363162398338318,0.07189850509166718,-0.16942943632602692,3.019810438156128
1788678823469098800,47.1750986328125,-0.9941970109939575,-0.07934165000915527,0.03339526802301407,0.06451427191495895,0.05694890022277832,-0.162789449095726,3.016639471054077
1788678823484968000,47.19096801757812,-0.9945964217185974,-0.07656939327716827,0.02675318531692028,0.06480341404676437,0.04384242743253708,-0.15641571581363678,3.014902114868164
1788678823500898000,47.20689794921875,-0.9946228265762329,-0.07624194771051407,0.02276362106204033,0.06629013270139694,0.03561028465628624,-0.15530553460121155,3.011263608932495
1788678823516767200,47.22276733398437,-0.9941948652267456,-0.07891987264156342,0.02172231301665306,0.0698317214846611,0.03259560465812683,-0.16064737737178802,3.0039682388305664
1788678823532667000,47.2386669921875,-0.9935864210128784,-0.08218228071928024,0.02262098342180252,0.07429935783147812,0.03321017324924469,-0.167453333735466,2.9951000213623047
1788678823548566500,47.25456640625,-0.993014395236969,-0.08386814594268799,0.024157490581274033,0.07940448075532913,0.03518012911081314,-0.17123658955097198,2.9850258827209473
1788678823564435700,47.27043579101562,-0.9924668669700623,-0.08357912302017212,0.028104614466428757,0.08505464345216751,0.042199768126010895,-0.17151963710784912,2.974238395690918
1788678823580305000,47.28630493164062,-0.992108166217804,-0.08139306306838989,0.030538886785507202,0.09035530686378479,0.046557724475860596,-0.16780659556388855,2.9638619422912598
1788678823596204500,47.30220458984375,-0.991946280002594,-0.07793069630861282,0.032717522233724594,0.09433433413505554,0.05088868737220764,-0.16147978603839874,2.9560811519622803
1788678823612043300,47.31804321289062,-0.9919368624687195,-0.07399722188711166,0.033652327954769135,0.09722767770290375,0.053024500608444214,-0.1539524495601654,2.9502716064453125
1788678823627943000,47.33394287109375,-0.9920971393585205,-0.07032676041126251,0.03220294415950775,0.09879439324140549,0.05056352540850639,-0.14642760157585144,2.946793794631958
1788678823643873000,47.349873046875,-0.9924204349517822,-0.06739138811826706,0.028409596532583237,0.09875762462615967,0.04351601377129555,-0.13982771337032318,2.9462697505950928
1788678823659742200,47.3657421875,-0.9927382469177246,-0.06542367488145828,0.024466020986437798,0.09793911129236221,0.03609833866357803,-0.1351001262664795,2.9473605155944824
1788678823675611400,47.381611328125,-0.9928531646728516,-0.06461618095636368,0.022320864722132683,0.09782242029905319,0.03196887671947479,-0.13306808471679688,2.9473037719726562
1788678823691480600,47.39748046875,-0.9927257299423218,-0.06499161571264267,0.021198779344558716,0.09910787642002106,0.02947380393743515,-0.13363704085350037,2.944556474685669
1788678823707380200,47.41338012695312,-0.9924140572547913,-0.06628391891717911,0.02049568109214306,0.10149326920509338,0.027483396232128143,-0.13614270091056824,2.9396369457244873
1788678823723310300,47.42931030273437,-0.9920914173126221,-0.06754279136657715,0.019078176468610764,0.10406132787466049,0.0240295622497797,-0.13842953741550446,2.93424129486084
1788678823739179500,47.44517944335937,-0.9919143915176392,-0.06792088598012924,0.016278861090540886,0.10596039146184921,0.01807502657175064,-0.13863691687583923,2.930006504058838
1788678823755048400,47.46104833984375,-0.9918708801269531,-0.06816805899143219,0.01281957607716322,0.1066819429397583,0.010991452261805534,-0.1384045034646988,2.928065776824951
1788678823770948000,47.476947998046874,-0.9918081760406494,-0.0688629075884819,0.011694335378706455,0.10694718360900879,0.008550917729735374,-0.13955144584178925,2.9273593425750732
1788678823786848000,47.49284790039062,-0.9919825196266174,-0.06856212019920349,0.010456519201397896,0.10564402490854263,0.006319725885987282,-0.13867825269699097,2.929835557937622
1788678823802717000,47.50871704101562,-0.9921260476112366,-0.06845170259475708,0.012589427642524242,0.10412469506263733,0.010830079205334187,-0.13889332115650177,2.9332094192504883
1788678823818616600,47.524616455078124,-0.9922254681587219,-0.06955481320619583,0.013511245138943195,0.10231505334377289,0.012706298381090164,-0.1412622630596161,2.9369845390319824
1788678823834577400,47.54057739257812,-0.9922875761985779,-0.07195387035608292,0.012993588112294674,0.10009600222110748,0.011504672467708588,-0.14591631293296814,2.9413657188415527
1788678823850446600,47.55644653320312,-0.9923456907272339,-0.0748804584145546,0.011223074048757553,0.09755552560091019,0.007753076497465372,-0.15138186514377594,2.9461944103240967
1788678823866285000,47.57228515625,-0.9924265742301941,-0.07746604084968567,0.009076894260942936,0.09490044414997101,0.003353973850607872,-0.1561148762702942,2.951185464859009
1788678823882184700,47.58818481445312,-0.9925082325935364,-0.07900340110063553,0.008564198389649391,0.09280344843864441,0.002366381697356701,-0.1590827852487564,2.955315589904785
1788678823898054000,47.60405395507812,-0.9925967454910278,-0.07930956780910492,0.009568554349243641,0.09148888289928436,0.004541477188467979,-0.15987586975097656,2.9581334590911865
1788678823913953500,47.61995361328125,-0.9927042126655579,-0.07874135673046112,0.011675724759697914,0.09056416898965836,0.009033025242388248,-0.15911917388439178,2.9603569507598877
1788678823929853200,47.63585327148437,-0.9928343296051025,-0.07756601274013519,0.015152981504797935,0.08963216096162796,0.016387248411774635,-0.15738573670387268,2.962815046310425
1788678823945692000,47.65169189453125,-0.9929500222206116,-0.07657406479120255,0.01917659305036068,0.08842547982931137,0.0248451866209507,-0.15609292685985565,2.965897798538208
1788678823961591600,47.66759155273437,-0.9930734038352966,-0.07577206194400787,0.022542906925082207,0.08692384511232376,0.03198979049921036,-0.15503378212451935,2.9694623947143555
1788678823977460700,47.68346069335937,-0.9932778477668762,-0.07452908158302307,0.0251349788159132,0.08492883294820786,0.03772173821926117,-0.15292084217071533,2.973890542984009
1788678823993360400,47.6993603515625,-0.9936150312423706,-0.0719183161854744,0.027322696521878242,0.08252543956041336,0.0429081916809082,-0.14796723425388336,2.9790422916412354
1788678824009198800,47.71519873046875,-0.99415522813797,-0.06687620282173157,0.030092919245362282,0.07923056185245514,0.04973110184073448,-0.1381785124540329,2.985978126525879
1788678824025068000,47.73106811523437,-0.9947672486305237,-0.05966293066740036,0.033573951572179794,0.07583685964345932,0.0582277737557888,-0.12411212921142578,2.9930343627929688
1788678824040967700,47.7469677734375,-0.9951831698417664,-0.053310785442590714,0.03723718971014023,0.07336187362670898,0.06675978004932404,-0.11180435866117477,2.998162269592285
1788678824056867300,47.76286743164062,-0.9953293204307556,-0.05152377113699913,0.03891545906662941,0.07176617532968521,0.07054400444030762,-0.10836382210254669,3.0014634132385254
1788678824072828200,47.778828125,-0.9952327609062195,-0.055455729365348816,0.03844350203871727,0.07041823863983154,0.06923091411590576,-0.11605732887983322,3.004340410232544
1788678824088697300,47.794697265625,-0.9949302077293396,-0.06278046220541,0.03737204521894455,0.06910751760005951,0.06629949063062668,-0.1304594725370407,3.0072286128997803
1788678824104597000,47.81059692382812,-0.9945951104164124,-0.0693938285112381,0.03663644939661026,0.06799231469631195,0.06414329260587692,-0.14351162314414978,3.0096936225891113
1788678824120496600,47.82649658203125,-0.9944636225700378,-0.07190930098295212,0.03683200478553772,0.06719186902046204,0.06434497982263565,-0.14851738512516022,3.0114545822143555
1788678824136365800,47.84236572265625,-0.9945842623710632,-0.0703735500574112,0.03806585818529129,0.0663381889462471,0.06714233011007309,-0.14554862678050995,3.0132877826690674
1788678824152234800,47.85823486328125,-0.9949113726615906,-0.06568671762943268,0.03950011357665062,0.06539434939622879,0.07072137296199799,-0.13629266619682312,3.0151526927948
1788678824168134400,47.87413452148437,-0.9953023195266724,-0.05999530851840973,0.04043072089552879,0.06433743238449097,0.07339933514595032,-0.12495426833629608,3.0170838832855225
1788678824184034000,47.890033935546874,-0.9956902861595154,-0.05500137805938721,0.0404365248978138,0.06277413666248322,0.07417546957731247,-0.11485778540372849,3.0199341773986816
1788678824199964400,47.90596435546875,-0.9960418939590454,-0.051238834857940674,0.0396747849881649,0.060837142169475555,0.07328620553016663,-0.1071041077375412,3.0235166549682617
1788678824215833600,47.92183349609375,-0.9963019490242004,-0.04889369383454323,0.03915228322148323,0.058813873678445816,0.07270689308643341,-0.10220903158187866,3.027385711669922
1788678824231763700,47.937763671875,-0.9964485764503479,-0.04744451865553856,0.03948361426591873,0.05727313086390495,0.07368101924657822,-0.09923755377531052,3.0304250717163086
1788678824247633000,47.9536328125,-0.9964996576309204,-0.046666331589221954,0.04051242396235466,0.05629832670092583,0.07592155784368515,-0.09772299975156784,3.0324349403381348
1788678824263532500,47.96953247070312,-0.9964940547943115,-0.04655659198760986,0.04175840690732002,0.055573105812072754,0.07850310951471329,-0.09758281707763672,3.034006118774414
1788678824279432200,47.98543212890625,-0.9964260458946228,-0.04693122208118439,0.04336552321910858,0.0552455373108387,0.08172202110290527,-0.09847757965326309,3.0348479747772217
1788678824295331800,48.00133178710937,-0.9963106513023376,-0.047519322484731674,0.04519897326827049,0.055354803800582886,0.08533168584108353,-0.09985784441232681,3.034853935241699
1788678824311201000,48.01720092773437,-0.9959123730659485,-0.04792178049683571,0.04698624089360237,0.06045285612344742,0.0883617252111435,-0.10130588710308075,3.0248219966888428
1788678824327070000,48.03307006835937,-0.9955856204032898,-0.04857773333787918,0.0483277253806591,0.06414073705673218,0.0906015932559967,-0.10310874134302139,3.0175983905792236
1788678824342939100,48.04893920898437,-0.9953777194023132,-0.05100070312619209,0.04862302914261818,0.06525309383869171,0.09079445153474808,-0.10808586329221725,3.015582799911499
1788678824358808300,48.06480834960937,-0.9952239990234375,-0.054164282977581024,0.04798869788646698,0.06551825255155563,0.08912068605422974,-0.11434849351644516,3.015221357345581
1788678824374677500,48.08067749023437,-0.9951701760292053,-0.05560729280114174,0.04658907279372215,0.0661332905292511,0.08606810867786407,-0.117107093334198,3.013927698135376
1788678824390577200,48.0965771484375,-0.9950903058052063,-0.05735580250620842,0.04476912319660187,0.06709262728691101,0.08208855986595154,-0.12044678628444672,3.011901617050171
1788678824406416000,48.11241577148437,-0.9949944615364075,-0.05944449082016945,0.042541950941085815,0.0681365430355072,0.07723041623830795,-0.12441191077232361,3.009660243988037
1788678824422315500,48.1283154296875,-0.9948275685310364,-0.061902355402708054,0.04048844426870346,0.0696195513010025,0.07260684669017792,-0.12916073203086853,3.0065550804138184
1788678824438245600,48.14424560546875,-0.994573175907135,-0.06173943728208542,0.04034208878874779,0.07338228076696396,0.0718441903591156,-0.12908777594566345,2.9989397525787354
1788678824454145300,48.16014526367187,-0.9943968653678894,-0.060145340859889984,0.04054104536771774,0.07690241932868958,0.07201141864061356,-0.12618671357631683,2.9917798042297363
1788678824470014500,48.17601440429687,-0.9940314292907715,-0.061486270278692245,0.03990382328629494,0.08080022037029266,0.07003418356180191,-0.12904489040374756,2.983905553817749
1788678824485914000,48.1919140625,-0.9935665130615234,-0.0648094043135643,0.03931721672415733,0.08413951098918915,0.06789945065975189,-0.13581834733486176,2.9772469997406006
1788678824501783300,48.207783203125,-0.9929725527763367,-0.06896331161260605,0.0393155962228775,0.08777212351560593,0.06671542674303055,-0.14435985684394836,2.97009015083313
1788678824517652200,48.22365234375,-0.9922804236412048,-0.072957344353199,0.039711229503154755,0.09208615869283676,0.06619053333997726,-0.1526946872472763,2.961582899093628
1788678824541528300,48.2475283203125,-0.9914966821670532,-0.07562268525362015,0.03979569301009178,0.09814248979091644,0.06492922455072403,-0.15843254327774048,2.94942307472229
1788678824557397500,48.2633974609375,-0.9914302825927734,-0.07370515912771225,0.03755822777748108,0.10110919922590256,0.06032148748636246,-0.15435419976711273,2.942995309829712
1788678824573266700,48.2792666015625,-0.9917464852333069,-0.06908021122217178,0.03328747674822807,0.10275585204362869,0.05239744856953621,-0.1443619728088379,2.938896894454956
1788678824589166300,48.29516625976562,-0.9920575618743896,-0.06401816755533218,0.02956514246761799,0.10416049510240555,0.04574764892458916,-0.13357532024383545,2.9354307651519775
1788678824605096400,48.31109643554687,-0.9919662475585938,-0.06212160363793373,0.027973929420113564,0.10658992826938629,0.04262542352080345,-0.12957079708576202,2.9302735328674316
1788678824620965600,48.32696557617187,-0.9914717078208923,-0.06381108611822128,0.02842787094414234,0.11001826822757721,0.04272129014134407,-0.1331823170185089,2.923417091369629
1788678824636834800,48.34283471679687,-0.9906831383705139,-0.06752093136310577,0.030724506825208664,0.11421005427837372,0.04592687636613846,-0.1412712186574936,2.915287733078003
1788678824652704000,48.3587041015625,-0.9898923635482788,-0.07089705020189285,0.03267174959182739,0.11840307712554932,0.048447154462337494,-0.1486445516347885,2.9071078300476074
1788678824668573200,48.3745732421875,-0.9893317818641663,-0.07218579202890396,0.03309476748108864,0.1221342533826828,0.048424020409584045,-0.15149423480033875,2.899608850479126
1788678824684472800,48.39047290039063,-0.9889876842498779,-0.07167191803455353,0.0323459655046463,0.1253807693719864,0.046549372375011444,-0.15044325590133667,2.892893075942993
1788678824700341800,48.406341796875,-0.9888404011726379,-0.07021119445562363,0.03050386533141136,0.1278069019317627,0.04285629093647003,-0.1471833735704422,2.8876793384552
1788678824716272000,48.42227221679688,-0.9888218641281128,-0.06804510951042175,0.028302563354372978,0.12961585819721222,0.03873451054096222,-0.1423865407705307,2.8836793899536133
1788678824732141000,48.43814111328125,-0.9888076186180115,-0.06522835046052933,0.027006492018699646,0.1314360797405243,0.03661046922206879,-0.13651950657367706,2.8797974586486816
1788678824748010200,48.45401025390625,-0.9887272715568542,-0.06230418011546135,0.02680107206106186,0.13348501920700073,0.0366857573390007,-0.13073082268238068,2.875603199005127
1788678824763910000,48.46990991210937,-0.9886177778244019,-0.05987237021327019,0.027094539254903793,0.1353374719619751,0.03767407312989235,-0.12604910135269165,2.871870517730713
1788678824779840300,48.48584033203125,-0.9884776473045349,-0.05826053023338318,0.027633577585220337,0.13694554567337036,0.03897785022854805,-0.12305740267038345,2.8686630725860596
1788678824795709200,48.50170922851562,-0.9883060455322266,-0.05753861740231514,0.028236405923962593,0.1383589804172516,0.04019923880696297,-0.12184631824493408,2.865860939025879
1788678824811608800,48.51760888671875,-0.9881029725074768,-0.057541947811841965,0.028776101768016815,0.1396903246641159,0.04110872372984886,-0.12205707281827927,2.8632218837738037
1788678824827508700,48.5335087890625,-0.9879164099693298,-0.05781235173344612,0.029111912474036217,0.14082403481006622,0.04156205430626869,-0.12273476272821426,2.860961437225342
1788678824843347200,48.54934716796875,-0.9877747893333435,-0.057721517980098724,0.029422616586089134,0.14178705215454102,0.042086161673069,-0.12268272787332535,2.859041929244995
1788678824859246800,48.56524682617187,-0.9876449108123779,-0.05709182843565941,0.02978658117353916,0.1428668349981308,0.04285344108939171,-0.12158326059579849,2.856886148452759
1788678824875116000,48.58111596679687,-0.9877161979675293,-0.05627657100558281,0.03004739060997963,0.14264243841171265,0.04362938925623894,-0.12003063410520554,2.857365131378174
1788678824891015700,48.597015625,-0.9877708554267883,-0.05557660013437271,0.0302559956908226,0.1424943059682846,0.04425903782248497,-0.11869502067565918,2.857682704925537
1788678824906915300,48.61291528320312,-0.9873485565185547,-0.056879673153162,0.029797323048114777,0.14498141407966614,0.04267389327287674,-0.12125717103481293,2.8525891304016113
1788678824922815000,48.62881494140625,-0.9869678616523743,-0.062361013144254684,0.02746770903468132,0.1457778811454773,0.03635955974459648,-0.1314835250377655,2.8507018089294434
1788678824938684200,48.64468408203125,-0.9869220852851868,-0.06543707102537155,0.026183241978287697,0.14497345685958862,0.03302457556128502,-0.13718421757221222,2.852158784866333
1788678824954553300,48.66055322265625,-0.9872753024101257,-0.06438697129487991,0.026362182572484016,0.14299243688583374,0.033955566585063934,-0.13508498668670654,2.8562192916870117
1788678824970422500,48.67642260742188,-0.9877292513847351,-0.0631580725312233,0.02621932327747345,0.14040863513946533,0.03436733037233353,-0.13251648843288422,2.861459493637085
1788678824986291500,48.69229150390625,-0.9882064461708069,-0.06209050491452217,0.02605661004781723,0.1375277191400528,0.03472132235765457,-0.1302514672279358,2.867295742034912
1788678825002191000,48.70819116210937,-0.9885486960411072,-0.06181113421916962,0.026501458138227463,0.1350869983434677,0.03600648418068886,-0.129730224609375,2.8723104000091553
1788678825018121500,48.72412158203125,-0.9885678887367249,-0.06273935735225677,0.028154388070106506,0.13418105244636536,0.03917885944247246,-0.13198263943195343,2.8743655681610107
1788678825041986000,48.74798608398437,-0.9885098934173584,-0.06701366603374481,0.03227800503373146,0.1315883845090866,0.04666060954332352,-0.14145341515541077,2.8802192211151123
1788678825057824800,48.76382470703125,-0.9883550405502319,-0.0706847682595253,0.03537752479314804,0.13002461194992065,0.052154555916786194,-0.1494792401790619,2.883888006210327
1788678825073755000,48.7797548828125,-0.9883376359939575,-0.07322172820568085,0.037703413516283035,0.12808479368686676,0.056477081030607224,-0.15501411259174347,2.8882241249084473
1788678825089715700,48.7957158203125,-0.9886326193809509,-0.07301700860261917,0.03868921101093292,0.12560781836509705,0.05889284238219261,-0.15470975637435913,2.89340877532959
1788678825105554200,48.81155419921875,-0.9892539381980896,-0.07001260668039322,0.03874226659536362,0.12236863374710083,0.060216326266527176,-0.14854790270328522,2.8999292850494385
1788678825121423400,48.82742333984375,-0.9900599122047424,-0.06461977958679199,0.03937787935137749,0.11855459213256836,0.06329216063022614,-0.1377267688512802,2.907604694366455
1788678825137262000,48.84326196289062,-0.990715742111206,-0.059701621532440186,0.040644317865371704,0.11517887562513351,0.06738307327032089,-0.1280066967010498,2.914435625076294
1788678825153131300,48.85913134765625,-0.9910469055175781,-0.05930789187550545,0.04092223569750786,0.11240064352750778,0.06838362663984299,-0.1270950734615326,2.920078754425049
1788678825169031000,48.87503100585938,-0.9910876154899597,-0.06379744410514832,0.040162958204746246,0.10982845723628998,0.06625352054834366,-0.13569582998752594,2.9253647327423096
1788678825184899800,48.89089990234375,-0.990787148475647,-0.07150078564882278,0.03959140181541443,0.10798665136098862,0.0637776330113411,-0.1508057713508606,2.929287910461426
1788678825200738600,48.90673852539062,-0.9904272556304932,-0.07910633832216263,0.03895152732729912,0.10620204359292984,0.06123150512576103,-0.16572923958301544,2.9330391883850098
1788678825216607700,48.92260766601562,-0.9902994632720947,-0.08375123143196106,0.03812038525938988,0.10411366820335388,0.05899357423186302,-0.17470262944698334,2.937263011932373
1788678825232507400,48.93850732421875,-0.9904157519340515,-0.08488105982542038,0.03766368702054024,0.10224129259586334,0.05818764120340347,-0.17675559222698212,2.9410173892974854
1788678825248376600,48.95437646484375,-0.990552544593811,-0.08400873094797134,0.04048433527350426,0.10054448246955872,0.0643421933054924,-0.17547014355659485,2.9449403285980225
1788678825264245800,48.97024584960938,-0.9908841848373413,-0.08105003833770752,0.04228802025318146,0.0989510640501976,0.06880822032690048,-0.16980615258216858,2.9483883380889893
1788678825280114700,48.98611474609375,-0.9915109276771545,-0.07547609508037567,0.04201832413673401,0.09717989712953568,0.06958136707544327,-0.15850023925304413,2.951720952987671
1788678825295983900,49.00198388671875,-0.9922077059745789,-0.06870147585868835,0.04174860939383507,0.09519021958112717,0.070563405752182,-0.14478571712970734,2.9554219245910645
1788678825311853000,49.01785302734375,-0.9927279949188232,-0.063245989382267,0.04185062646865845,0.09348613768815994,0.07197213172912598,-0.1337958723306656,2.9586286544799805
1788678825335961900,49.0419619140625,-0.993109941482544,-0.05923645943403244,0.04069310799241066,0.09256283938884735,0.07047154754400253,-0.1255193054676056,2.9601500034332275
1788678825351678500,49.05767846679687,-0.9932413101196289,-0.0580943301320076,0.03910563886165619,0.09256070852279663,0.06748848408460617,-0.12295221537351608,2.9599039554595947
1788678825367547600,49.07354760742187,-0.993346631526947,-0.05776295065879822,0.03736560046672821,0.09235698729753494,0.06408390402793884,-0.12196134030818939,2.9600887298583984
1788678825383477800,49.08947778320312,-0.9934272766113281,-0.05775213986635208,0.03611617535352707,0.09199235588312149,0.06162652000784874,-0.1216900423169136,2.9606728553771973
1788678825399316500,49.10531640625,-0.9934706687927246,-0.05774218961596489,0.03590673953294754,0.09161214530467987,0.06125521659851074,-0.12160885334014893,2.9614145755767822
1788678825415216000,49.12121606445312,-0.9935013055801392,-0.0573871023952961,0.03657946363091469,0.09123530983924866,0.06271132826805115,-0.12099802494049072,2.9622421264648438
1788678825431085300,49.13708520507812,-0.9935690760612488,-0.05596412718296051,0.03764205425977707,0.09094858169555664,0.06512133777141571,-0.11833139508962631,2.962885856628418
1788678825446985000,49.15298486328125,-0.9936842322349548,-0.05316673591732979,0.0386771522462368,0.09093468636274338,0.06767882406711578,-0.11293600499629974,2.9629030227661133
1788678825478784300,49.1847841796875,-0.9939907193183899,-0.04603256657719612,0.03954147547483444,0.09110497683286667,0.0706234872341156,-0.09887778013944626,2.962287664413452
1788678825494653400,49.2006533203125,-0.994083046913147,-0.04359810799360275,0.039040520787239075,0.09150993824005127,0.07000544667243958,-0.09396367520093918,2.9612936973571777
1788678825510583600,49.21658349609375,-0.9941098690032959,-0.042416051030159,0.038078341633081436,0.09217725694179535,0.06822649389505386,-0.09147988259792328,2.959798574447632
1788678825526483200,49.23248315429687,-0.9940605759620667,-0.04234473034739494,0.0367000438272953,0.09329398721456528,0.06538096815347672,-0.09116044640541077,2.95742130279541
1788678825542352400,49.24835229492187,-0.993925929069519,-0.04323088005185127,0.03512979671359062,0.0949118360877037,0.06193212792277336,-0.09273792803287506,2.9540610313415527
1788678825558191000,49.26419116210938,-0.993686854839325,-0.0444650836288929,0.0340464748442173,0.09721171110868454,0.05932086706161499,-0.09513159096240997,2.9493792057037354
1788678825574090800,49.2800908203125,-0.9933484196662903,-0.04589328169822693,0.03387194499373436,0.10002775490283966,0.05842611938714981,-0.09810962527990341,2.9437434673309326
1788678825597894400,49.30389428710937,-0.9927054643630981,-0.04942638427019119,0.0341452956199646,0.10453234612941742,0.05781237781047821,-0.10546566545963287,2.934817314147949
1788678825613824500,49.31982446289062,-0.9922356009483337,-0.0526314340531826,0.033982809633016586,0.1074417233467102,0.05651213228702545,-0.11198180168867111,2.9290366172790527
1788678825629693700,49.33569360351562,-0.9918100237846375,-0.05472545698285103,0.03325950354337692,0.1105077862739563,0.05427127331495285,-0.11616647988557816,2.922823905944824
1788678825645563000,49.35156298828125,-0.9915785193443298,-0.054290276020765305,0.031039424240589142,0.11340733617544174,0.04958972707390785,-0.11495938152074814,2.9166953563690186
1788678825661493000,49.36749291992187,-0.9916367530822754,-0.050323326140642166,0.026932016015052795,0.11575328558683395,0.0420125313103199,-0.10623960196971893,2.91141939163208
1788678825677362200,49.38336206054687,-0.9918147325515747,-0.04392566531896591,0.02254362963140011,0.1177540048956871,0.034528039395809174,-0.0925736203789711,2.9068470001220703
1788678825693200600,49.39920068359375,-0.9917747974395752,-0.03927766531705856,0.019601060077548027,0.12023300677537918,0.029540011659264565,-0.08271687477827072,2.9015324115753174
1788678825709069800,49.41506982421875,-0.9912936687469482,-0.0400010384619236,0.019447872415184975,0.12392979115247726,0.028748318552970886,-0.08422543853521347,2.8940582275390625
1788678825725000200,49.43100024414063,-0.9904748797416687,-0.0454847477376461,0.02198030985891819,0.12809237837791443,0.032042015343904495,-0.09588086605072021,2.88590931892395
1788678825740930300,49.44693041992188,-0.9895743727684021,-0.052417900413274765,0.025236831977963448,0.13174989819526672,0.0363655686378479,-0.11061817407608032,2.878887176513672
1788678825756830000,49.46282983398437,-0.9887975454330444,-0.058006636798381805,0.0271083265542984,0.13483282923698425,0.03826208785176277,-0.12232868373394012,2.872887134552002
1788678825772760000,49.47876000976562,-0.9882746934890747,-0.060849692672491074,0.02686268836259842,0.1374366581439972,0.036677706986665726,-0.12800553441047668,2.867581605911255
1788678825788629200,49.49462915039062,-0.9880228638648987,-0.061181750148534775,0.024896861985325813,0.13945576548576355,0.03240456059575081,-0.12819276750087738,2.8632326126098633
1788678825804467700,49.5104677734375,-0.9879617094993591,-0.05944431573152542,0.022574247792363167,0.14102628827095032,0.028058147057890892,-0.12414316087961197,2.8597629070281982
1788678825820367600,49.52636767578125,-0.988046407699585,-0.05597233027219772,0.020878195762634277,0.14211146533489227,0.02552531473338604,-0.11680600792169571,2.8573830127716064
1788678825836267300,49.54226733398438,-0.9881372451782227,-0.05163758993148804,0.01990157924592495,0.14325577020645142,0.024682413786649704,-0.10796169191598892,2.8549814224243164
1788678825852136200,49.55813623046875,-0.9882209300994873,-0.04711618646979332,0.019341638311743736,0.14431020617485046,0.024752318859100342,-0.09886576980352402,2.852806568145752
1788678825868035800,49.57403588867187,-0.9882966876029968,-0.043057266622781754,0.019029319286346436,0.14509890973567963,0.02522457391023636,-0.09075350314378738,2.851186752319336
1788678825883935500,49.589935546875,-0.9882661700248718,-0.040150515735149384,0.01949339359998703,0.14607541263103485,0.026900023221969604,-0.08515668660402298,2.8492443561553955
1788678825899835400,49.60583544921875,-0.9881017804145813,-0.03884638100862503,0.020231319591403008,0.14743293821811676,0.028628777712583542,-0.08282855153083801,2.846548080444336
1788678825915735000,49.62173510742188,-0.987838089466095,-0.03921632096171379,0.020258132368326187,0.14908918738365173,0.02843320742249489,-0.08361668884754181,2.843193769454956
1788678825931634700,49.637634765625,-0.9875430464744568,-0.04047735780477524,0.01974799856543541,0.1507662981748581,0.026901423931121826,-0.08600693196058273,2.8397536277770996
1788678825947503600,49.65350366210937,-0.9872788190841675,-0.041861437261104584,0.019077489152550697,0.15219825506210327,0.025027858093380928,-0.08858074247837067,2.836791515350342
1788678825963372800,49.66937280273437,-0.9870771765708923,-0.04245372489094734,0.01855855993926525,0.1534014344215393,0.023709911853075027,-0.08962395042181015,2.834303140640259
1788678825979272400,49.6852724609375,-0.9869790077209473,-0.041952818632125854,0.01794123277068138,0.15424205362796783,0.022563599050045013,-0.08846301585435867,2.832545280456543
1788678825995141600,49.7011416015625,-0.9870193004608154,-0.04078756645321846,0.0172458253800869,0.15437625348567963,0.02153179794549942,-0.0859467014670372,2.8322196006774902
1788678826011071700,49.71707177734375,-0.9870843291282654,-0.039937492460012436,0.01687438227236271,0.15422338247299194,0.021070390939712524,-0.08414746820926666,2.832503080368042
1788678826026941000,49.73294091796875,-0.9871686697006226,-0.040153950452804565,0.016988348215818405,0.15361352264881134,0.021282058209180832,-0.08459759503602982,2.8337490558624268
1788678826050744600,49.75674462890625,-0.9873113036155701,-0.04229370132088661,0.01770668290555477,0.15203343331813812,0.02219359017908573,-0.08901562541723251,2.8370065689086914
1788678826066613800,49.77261376953125,-0.9874851703643799,-0.04413443058729172,0.018163777887821198,0.1503177136182785,0.022704092785716057,-0.09275782108306885,2.8405203819274902
1788678826082483000,49.78848291015625,-0.9877495169639587,-0.04573175683617592,0.018320264294743538,0.14806760847568512,0.02275542914867401,-0.09591531753540039,2.8450927734375
1788678826098352000,49.80435205078125,-0.9880223274230957,-0.047083206474781036,0.01857105642557144,0.14577428996562958,0.023084381595253944,-0.09861263632774353,2.849762439727783
1788678826114190800,49.82019091796875,-0.9881706237792969,-0.04823973402380943,0.019683143123984337,0.14423690736293793,0.025115806609392166,-0.10118883848190308,2.8529844284057617
1788678826130059800,49.83605981445312,-0.9882471561431885,-0.050189800560474396,0.02184448577463627,0.14272868633270264,0.02901422418653965,-0.10563185065984726,2.856257915496826
1788678826146020600,49.8520205078125,-0.9881285429000854,-0.05312841385602951,0.02481047436594963,0.1420000195503235,0.03416512906551361,-0.11227733641862869,2.8580551147460938
1788678826161889800,49.86788989257813,-0.9880359172821045,-0.05713440850377083,0.027914229780435562,0.1405045986175537,0.03940365090966225,-0.1210412010550499,2.8614628314971924
1788678826177759000,49.88375903320313,-0.9879804253578186,-0.061430659145116806,0.02971808984875679,0.13870014250278473,0.042047955095767975,-0.129994198679924,2.865377902984619
1788678826193597400,49.89959741210937,-0.9880983829498291,-0.06439865380525589,0.030124371871352196,0.13640736043453217,0.042365964502096176,-0.13590072095394135,2.870109796524048
1788678826209466600,49.91546655273437,-0.9884677529335022,-0.06396852433681488,0.030145596712827682,0.13390609622001648,0.04286707192659378,-0.13494418561458588,2.875192403793335
1788678826225396700,49.93139672851562,-0.9891221523284912,-0.058880891650915146,0.030819078907370567,0.13122743368148804,0.04588749259710312,-0.12489384412765503,2.880661725997925
1788678826241235500,49.9472353515625,-0.9898931384086609,-0.05030094087123871,0.03267403319478035,0.12850603461265564,0.052087631076574326,-0.10819370299577713,2.8862216472625732
1788678826257135000,49.96313500976562,-0.99043208360672,-0.042299602180719376,0.03506635129451752,0.1265917271375656,0.059040311723947525,-0.09280112385749817,2.8900842666625977
1788678826273034800,49.97903466796875,-0.990770161151886,-0.04002319648861885,0.03572366014122963,0.12448528409004211,0.061099253594875336,-0.08831647783517838,2.894313335418701
1788678826288904000,49.99490405273438,-0.9909466505050659,-0.04462873563170433,0.034413184970617294,0.12185544520616531,0.057629331946372986,-0.0969882383942604,2.899681329727173
1788678826304773000,50.01077319335938,-0.9909122586250305,-0.05269540473818779,0.032472360879182816,0.11942198872566223,0.05212103947997093,-0.1124255582690239,2.904648780822754
1788678826320672800,50.0266728515625,-0.9907917380332947,-0.060701701790094376,0.0300642978399992,0.11723170429468155,0.045730650424957275,-0.12768109142780304,2.9089694023132324
1788678826336572400,50.04257250976563,-0.9906942248344421,-0.06590411067008972,0.02786078304052353,0.1157822534441948,0.040333300828933716,-0.13746574521064758,2.9116854667663574
1788678826352411000,50.05841088867187,-0.9907125234603882,-0.06715917587280273,0.026691773906350136,0.11517760902643204,0.03779424726963043,-0.1396731585264206,2.9127612113952637
1788678826368280000,50.07428002929687,-0.9909591674804688,-0.0642755925655365,0.027096999809145927,0.11460496485233307,0.03933410719037056,-0.13400053977966309,2.913954257965088
1788678826384210200,50.09021020507812,-0.9913588166236877,-0.05875282734632492,0.028373710811138153,0.11380139738321304,0.04322606325149536,-0.12326008081436157,2.9156744480133057
1788678826400109800,50.10610986328125,-0.9918534159660339,-0.05166332423686981,0.028955504298210144,0.11278072744607925,0.04607680067420006,-0.10923323035240173,2.917670726776123
1788678826416009500,50.12200952148437,-0.9923272728919983,-0.04490327462553978,0.02904406562447548,0.11147592216730118,0.047868579626083374,-0.09573910385370255,2.9201486110687256
1788678826431939800,50.13793994140625,-0.9927372932434082,-0.03967835754156113,0.02918798290193081,0.10975579917430878,0.049441929906606674,-0.0852908343076706,2.9234797954559326
1788678826447809000,50.15380908203125,-0.9930784702301025,-0.03607557341456413,0.028889453038573265,0.10797799378633499,0.04975989833474159,-0.07796957343816757,2.9269237518310547
1788678826463647500,50.1696474609375,-0.9933459162712097,-0.034489795565605164,0.028256280347704887,0.10618861764669418,0.04896734654903412,-0.07459073513746262,2.930429220199585
1788678826479547100,50.18554711914062,-0.993526816368103,-0.03440648689866066,0.028151972219347954,0.10453777760267258,0.04890035092830658,-0.07432182878255844,2.9337446689605713
1788678826495416300,50.20141625976562,-0.9936621189117432,-0.035452328622341156,0.028484946116805077,0.10279729217290878,0.04948444664478302,-0.07638588547706604,2.9373114109039307
1788678826511316000,50.21731591796875,-0.9937793016433716,-0.03681306168437004,0.029138123616576195,0.10098780691623688,0.05065852776169777,-0.07913587987422943,2.941053867340088
1788678826527154700,50.23315478515625,-0.9938327074050903,-0.03763673081994057,0.030041858553886414,0.09988831728696823,0.05238945037126541,-0.08089910447597504,2.9433698654174805
1788678826550988800,50.25698876953125,-0.9939609169960022,-0.03705216944217682,0.031104136258363724,0.09849637746810913,0.05473531037569046,-0.07986899465322495,2.946235418319702
1788678826566858000,50.27285791015625,-0.9940735697746277,-0.036032166332006454,0.031389907002449036,0.09764353930950165,0.05556792765855789,-0.07784590125083923,2.9479339122772217
1788678826582788000,50.2887880859375,-0.9941520094871521,-0.03519544005393982,0.03131551295518875,0.09717259556055069,0.055614400655031204,-0.07613880187273026,2.9488420486450195
1788678826598657300,50.3046572265625,-0.9941851496696472,-0.034983064979314804,0.030991926789283752,0.09701316058635712,0.055020809173583984,-0.07564466446638107,2.949130058288574
1788678826614496000,50.32049609375,-0.9933545589447021,-0.04511947184801102,0.03057972900569439,0.10137078911066055,0.05186733230948448,-0.09598638117313385,2.940690755844116
1788678826630365000,50.33636499023437,-0.9930353760719299,-0.04741271957755089,0.030154353007674217,0.10355496406555176,0.05034462735056877,-0.10057976841926575,2.9363157749176025
1788678826646203600,50.35220361328125,-0.9927711486816406,-0.05006801709532738,0.029670603573322296,0.10496862232685089,0.048692695796489716,-0.10583861172199249,2.9334893226623535
1788678826662103300,50.36810327148437,-0.9924372434616089,-0.05284649133682251,0.02919214777648449,0.10688082873821259,0.046954195946455,-0.11136385798454285,2.9296467304229736
1788678826677972500,50.38397241210937,-0.9920948147773743,-0.054983772337436676,0.02849498763680458,0.10914584994316101,0.04485110938549042,-0.11557558923959732,2.9250380992889404
1788678826693841700,50.39984155273437,-0.9917740821838379,-0.05645187944173813,0.02768232487142086,0.11149483919143677,0.042632460594177246,-0.11842450499534607,2.9202213287353516
1788678826709710800,50.4157109375,-0.9911602735519409,-0.05781872570514679,0.02774703875184059,0.11613960564136505,0.041893720626831055,-0.12135796993970871,2.910851240158081
1788678826725579800,50.43157983398437,-0.9904716610908508,-0.06004512682557106,0.02866227924823761,0.12057828903198242,0.04265004023909569,-0.12619276344776154,2.902003526687622
1788678826741449000,50.44744897460937,-0.9897118210792542,-0.06322015076875687,0.02971787564456463,0.12486270815134048,0.043433427810668945,-0.13295210897922516,2.893489360809326
1788678826757348600,50.4633486328125,-0.9890965223312378,-0.06558862328529358,0.030276630073785782,0.12833383679389954,0.04348525404930115,-0.13795515894889832,2.8865418434143066
1788678826773248300,50.47924829101562,-0.9887118339538574,-0.06494900584220886,0.029104117304086685,0.13184674084186554,0.04081558436155319,-0.1365300416946411,2.879243850708008
1788678826789117400,50.49511743164062,-0.9887093901634216,-0.060090307146310806,0.025555763393640518,0.1348702609539032,0.03460707515478134,-0.1260506510734558,2.8726296424865723
1788678826804986600,50.51098657226562,-0.9888304471969604,-0.05307913199067116,0.02186604030430317,0.13754630088806152,0.028823982924222946,-0.11121685057878494,2.8667709827423096
1788678826820886300,50.52688623046875,-0.9886040091514587,-0.04880547896027565,0.02042369358241558,0.1409367024898529,0.02676841802895069,-0.10243452340364456,2.859750747680664
1788678826836786000,50.54278588867187,-0.987865149974823,-0.05078304931521416,0.021777193993330002,0.14515259861946106,0.028449369594454765,-0.10685889422893524,2.8513309955596924
1788678826852655000,50.55865502929687,-0.986716091632843,-0.05805155262351036,0.025163820013403893,0.14962689578533173,0.03253604471683502,-0.1223965436220169,2.842597007751465
1788678826868554800,50.5745546875,-0.985420286655426,-0.0670909732580185,0.028407149016857147,0.1537495255470276,0.035719726234674454,-0.14143182337284088,2.8345701694488525
1788678826884454400,50.59045434570312,-0.9842854142189026,-0.07433377951383591,0.02976122312247753,0.15738798677921295,0.035630565136671066,-0.1563354879617691,2.8272666931152344
1788678826900384500,50.60638452148437,-0.9834811687469482,-0.07802287489175797,0.028974808752536774,0.16074129939079285,0.03234636411070824,-0.16351057589054108,2.820225954055786
1788678826916253700,50.62225366210937,-0.9830586910247803,-0.07795053720474243,0.026383180171251297,0.16377849876880646,0.02669449709355831,-0.16261766850948334,2.8135986328125
1788678826932092400,50.63809252929688,-0.982942521572113,-0.07517318427562714,0.02291153557598591,0.16627705097198486,0.02029016613960266,-0.15603353083133698,2.8080267906188965
1788678826947992000,50.65399194335937,-0.9829267263412476,-0.07086991518735886,0.020097674801945686,0.16860799491405487,0.015780584886670113,-0.14662189781665802,2.802985191345215
1788678826963891700,50.6698916015625,-0.9828630685806274,-0.06609165668487549,0.018685370683670044,0.1710643321275711,0.014251976273953915,-0.13673660159111023,2.797926902770996
1788678826979761000,50.68576098632813,-0.9828254580497742,-0.061460986733436584,0.018139034509658813,0.1730537861585617,0.014500983990728855,-0.12743352353572845,2.7939352989196777
1788678826995629800,50.7016298828125,-0.982789933681488,-0.05734473094344139,0.017786571756005287,0.17469730973243713,0.015032235532999039,-0.11921234428882599,2.790651798248291
1788678827011499000,50.7174990234375,-0.9826948642730713,-0.054259467869997025,0.01752517931163311,0.17623786628246307,0.015417700633406639,-0.1130589097738266,2.787555456161499
1788678827027368200,50.7333681640625,-0.9825683236122131,-0.05240750312805176,0.016727527603507042,0.1775760054588318,0.014345094561576843,-0.10914529860019684,2.7847836017608643
1788678827043207000,50.74920703125,-0.9824312925338745,-0.05214473605155945,0.015020007267594337,0.17856168746948242,0.01095422450453043,-0.1080312430858612,2.7826006412506104
1788678827059137000,50.76513696289062,-0.9822397232055664,-0.05300990864634514,0.012929899618029594,0.1795216202735901,0.0064057279378175735,-0.10899494588375092,2.780397415161133
1788678827075006200,50.78100610351562,-0.9819207787513733,-0.054674144834280014,0.011125207878649235,0.1808827966451645,0.002081880811601877,-0.11162775754928589,2.777367115020752
1788678827090875400,50.79687548828125,-0.9815787076950073,-0.0563286691904068,0.009975418448448181,0.18229351937770844,-0.0009596661548130214,-0.1144687756896019,2.774292469024658
1788678827106744600,50.81274462890625,-0.981304407119751,-0.056840043514966965,0.009767196141183376,0.18361781537532806,-0.0017159179551526904,-0.11539758741855621,2.7715394496917725
1788678827122644200,50.82864428710938,-0.9811353087425232,-0.0561126247048378,0.010158550925552845,0.18472041189670563,-0.0008016825886443257,-0.114108607172966,2.7693593502044678
1788678827138513200,50.84451318359375,-0.9810601472854614,-0.055011387914419174,0.010776190087199211,0.18541520833969116,0.0007489921408705413,-0.11217017471790314,2.7680516242980957
1788678827154412800,50.86041284179687,-0.981025218963623,-0.054658882319927216,0.0111766392365098,0.1856800764799118,0.0016412143595516682,-0.11162571609020233,2.7675669193267822
1788678827170312400,50.8763125,-0.9809073805809021,-0.05601828545331955,0.011206754483282566,0.18589526414871216,0.0011661185417324305,-0.11431286484003067,2.7670745849609375
1788678827186242800,50.89224291992188,-0.9807789921760559,-0.05897936224937439,0.011203072965145111,0.18565718829631805,0.0000761405608500354,-0.12014009803533554,2.7674331665039062
1788678827202142500,50.908142578125,-0.9807050228118896,-0.062489867210388184,0.011634021997451782,0.18487107753753662,-0.00028838234720751643,-0.12721267342567444,2.768930673599243
1788678827218011600,50.92401171875,-0.9807243943214417,-0.06555940955877304,0.01216734666377306,0.18366709351539612,-0.0002185278426622972,-0.13345670700073242,2.771313190460205
1788678827233880600,50.93988061523437,-0.9809014201164246,-0.0674116313457489,0.012873519212007523,0.18199557065963745,0.0007248967885971069,-0.13736577332019806,2.7747366428375244
1788678827249780200,50.9557802734375,-0.9812315106391907,-0.06769859045743942,0.013513940386474133,0.1800529658794403,0.0021625522058457136,-0.1381615698337555,2.7787861824035645
1788678827265619000,50.97161889648437,-0.9816129803657532,-0.06719711422920227,0.013544806279242039,0.17814914882183075,0.0026744252536445856,-0.1371789574623108,2.78271222114563
1788678827281488100,50.98748803710937,-0.9818833470344543,-0.0673704668879509,0.015740158036351204,0.176404669880867,0.007209965959191322,-0.1382935494184494,2.7865657806396484
1788678827297418200,51.00341821289062,-0.9819169640541077,-0.06948857754468918,0.018323656171560287,0.17514218389987946,0.011764834634959698,-0.14337322115898132,2.789414882659912
1788678827313318000,51.01931787109375,-0.9819397330284119,-0.07331158965826035,0.020879626274108887,0.17315888404846191,0.015798253938555717,-0.15178829431533813,2.7936956882476807
1788678827329309200,51.03530908203125,-0.9820178747177124,-0.07677319645881653,0.02283514104783535,0.17095477879047394,0.018839072436094284,-0.15926530957221985,2.7983803749084473
1788678827345208800,51.05120874023437,-0.982357919216156,-0.07632904499769211,0.024722155183553696,0.16892500221729279,0.023077309131622314,-0.1589861959218979,2.802844762802124
1788678827361108500,51.0671083984375,-0.9830617308616638,-0.07095420360565186,0.02709556184709072,0.1667964905500412,0.029939977452158928,-0.14909540116786957,2.8076894283294678
1788678827376977700,51.08297778320313,-0.9838505983352661,-0.06246812641620636,0.030718978494405746,0.16490066051483154,0.04021194949746132,-0.13344547152519226,2.81215238571167
1788678827392877300,51.09887719726562,-0.9843523502349854,-0.0564003624022007,0.03413816913962364,0.1634136438369751,0.049162864685058594,-0.12249909341335297,2.8155863285064697
1788678827408777000,51.11477685546875,-0.9843844175338745,-0.05804233253002167,0.035834476351737976,0.16227887570858002,0.05215013772249222,-0.12623731791973114,2.818122148513794
1788678827432580600,51.13858056640625,-0.9838246703147888,-0.07086799293756485,0.03564350679516792,0.16061244904994965,0.04793637618422508,-0.15147148072719574,2.821579694747925
1788678827448419300,51.15441943359375,-0.9834754467010498,-0.08026072382926941,0.03336483985185623,0.15881165862083435,0.04072752222418785,-0.16927358508110046,2.824852466583252
1788678827464319000,51.17031909179688,-0.9833366274833679,-0.08596832305192947,0.030285095795989037,0.15729402005672455,0.03305364400148392,-0.1795623004436493,2.8273370265960693
1788678827480157400,51.18615747070312,-0.9834763407707214,-0.08743966370820999,0.027532240375876427,0.156110942363739,0.027306314557790756,-0.18158206343650818,2.829237937927246
1788678827496057000,51.20205712890625,-0.9839853644371033,-0.08433129638433456,0.025851892307400703,0.15489588677883148,0.025136541575193405,-0.1748599410057068,2.8315248489379883
1788678827511895800,51.21789575195312,-0.9847041368484497,-0.07854101061820984,0.02516481839120388,0.15347954630851746,0.025796208530664444,-0.1631263941526413,2.8344624042510986
1788678827527826000,51.23382592773437,-0.9855435490608215,-0.0711924135684967,0.02519422397017479,0.1516605019569397,0.02838204987347126,-0.14851373434066772,2.838329553604126
1788678827543756300,51.24975634765625,-0.9863665699958801,-0.06398160010576248,0.02475622110068798,0.14958158135414124,0.029969695955514908,-0.13402564823627472,2.842599630355835
1788678827559656000,51.26565600585938,-0.9870507717132568,-0.058712709695100784,0.02343083545565605,0.1474267989397049,0.029168108478188515,-0.1231243759393692,2.8468611240386963
1788678827575586000,51.2815859375,-0.9875597953796387,-0.05581200122833252,0.02158340811729431,0.14541317522525787,0.026582365855574608,-0.11677763611078262,2.8507578372955322
1788678827591485700,51.29748559570312,-0.9877703785896301,-0.05601014196872711,0.020889461040496826,0.14400137960910797,0.02531244419515133,-0.11693283170461655,2.8535454273223877
1788678827607415800,51.31341577148437,-0.9878025650978088,-0.05768745392560959,0.021656492725014687,0.14300133287906647,0.02648085728287697,-0.12045250087976456,2.8556528091430664
1788678827623346000,51.32934594726562,-0.987763524055481,-0.059236861765384674,0.022711805999279022,0.14247235655784607,0.02820819988846779,-0.12381171435117722,2.856842517852783
1788678827639215000,51.34521508789062,-0.9877316355705261,-0.05977462977170944,0.023870153352618217,0.1422799974679947,0.030387643724679947,-0.12520192563533783,2.8573713302612305
1788678827655176000,51.36117602539063,-0.9877276420593262,-0.05926257744431496,0.025006761774420738,0.1423262506723404,0.0327901728451252,-0.1245102733373642,2.857417583465576
1788678827670984000,51.37698388671875,-0.9877514243125916,-0.05822980776429176,0.0257737897336483,0.14245042204856873,0.03459332883358002,-0.12268364429473877,2.8572587966918945
1788678827686883600,51.39288354492187,-0.9877443909645081,-0.057418741285800934,0.026334229856729507,0.1427260786294937,0.03590390086174011,-0.12124407291412354,2.856764793395996
1788678827702752800,51.40875268554687,-0.9876558184623718,-0.057288069278001785,0.026735881343483925,0.14331574738025665,0.036667924374341965,-0.12112106382846832,2.855613946914673
1788678827718683000,51.42468286132812,-0.9863951802253723,-0.06280796229839325,0.026513947173953056,0.14958883821964264,0.03381729498505592,-0.13222426176071167,2.8428213596343994
1788678827734521600,51.440521484375,-0.9858875870704651,-0.06653762608766556,0.02682492695748806,0.15125808119773865,0.03309269994497299,-0.13976682722568512,2.8394370079040527
1788678827750451700,51.45645166015625,-0.9856221675872803,-0.06829037517309189,0.02636796236038208,0.1522829532623291,0.03150613233447075,-0.14313606917858124,2.8372669219970703
1788678827766321000,51.47232080078125,-0.9851987957954407,-0.07040845602750778,0.02584482915699482,0.15413641929626465,0.029543453827500343,-0.14723126590251923,2.833383560180664
1788678827782190000,51.48819018554688,-0.9846664071083069,-0.07231752574443817,0.02516736462712288,0.15674448013305664,0.027204548940062523,-0.15087875723838806,2.827927350997925
1788678827798028500,51.50402856445312,-0.9841593503952026,-0.0732392817735672,0.024216633290052414,0.159624844789505,0.024571971967816353,-0.15247957408428192,2.8218820095062256
1788678827813959000,51.519958984375,-0.9837071895599365,-0.0733664482831955,0.023281032219529152,0.16246731579303741,0.022223858162760735,-0.15249739587306976,2.815929412841797
1788678827829827800,51.53582788085937,-0.9831018447875977,-0.07350726425647736,0.02256530150771141,0.16612735390663147,0.020180774852633476,-0.15261948108673096,2.808332920074463
1788678827845697000,51.55169702148437,-0.982573926448822,-0.0748792365193367,0.02252318151295185,0.1686246544122696,0.01924135535955429,-0.15536902844905853,2.803171157836914
1788678827861535700,51.56753564453125,-0.9817720651626587,-0.07847700268030167,0.023285094648599625,0.17153123021125793,0.019051849842071533,-0.16279947757720947,2.7972068786621094
1788678827877405000,51.58340502929688,-0.9807383418083191,-0.08288204669952393,0.024288620799779892,0.17519433796405792,0.0188800897449255,-0.17192740738391876,2.7896785736083984
1788678827893304600,51.5993046875,-0.9798600077629089,-0.08516968041658401,0.02366841956973076,0.17905420064926147,0.016134265810251236,-0.1762963831424713,2.7815380096435547
1788678827909204200,51.61520434570313,-0.9793541431427002,-0.08324595540761948,0.020703107118606567,0.18304923176765442,0.010225263424217701,-0.17147298157215118,2.7729194164276123
1788678827925103900,51.63110375976562,-0.9791693687438965,-0.07703009247779846,0.01666676439344883,0.1871257722377777,0.0038584559224545956,-0.15774193406105042,2.764238119125366
1788678827941003500,51.64700341796875,-0.9787949919700623,-0.07100190967321396,0.014858787879347801,0.19156844913959503,0.0019039986655116081,-0.14519518613815308,2.7551801204681396
1788678827956903200,51.66290307617187,-0.9778579473495483,-0.06929398328065872,0.016515569761395454,0.19677262008190155,0.005080966278910637,-0.14250074326992035,2.744802713394165
1788678827972833300,51.67883325195312,-0.9765540957450867,-0.07242409884929657,0.020688598975539207,0.20166528224945068,0.011324232444167137,-0.15036238729953766,2.735156774520874
1788678827988733000,51.69473291015625,-0.97517991065979,-0.07782887667417526,0.024649731814861298,0.20581384003162384,0.01625458523631096,-0.16265712678432465,2.7269182205200195
1788678828004724200,51.71072412109375,-0.9740819931030273,-0.08191699534654617,0.0261380635201931,0.20921428501605988,0.016893040388822556,-0.17136210203170776,2.719909906387329
1788678828020624000,51.72662377929687,-0.9734625816345215,-0.08287379890680313,0.024988340213894844,0.2118445485830307,0.013742787763476372,-0.17279498279094696,2.7142255306243896
1788678828036523500,51.7425234375,-0.9732385277748108,-0.08097920566797256,0.021904628723859787,0.21393807232379913,0.008101641200482845,-0.1677827388048172,2.709515333175659
1788678828052484000,51.75848413085937,-0.9732157588005066,-0.07743874192237854,0.017736485227942467,0.21573078632354736,0.0011252147378399968,-0.1590515673160553,2.7054009437561035
1788678828068353300,51.77435327148437,-0.9733474254608154,-0.07333004474639893,0.013630741275846958,0.2168681025505066,-0.005330256186425686,-0.14921647310256958,2.7027430534362793
1788678828084192000,51.79019189453125,-0.9735078811645508,-0.06944502145051956,0.01065603457391262,0.21759183704853058,-0.009568041190505028,-0.14030779898166656,2.701122760772705
1788678828100061200,51.80606127929688,-0.9735886454582214,-0.06640663743019104,0.009493737481534481,0.2182319462299347,-0.010593054816126823,-0.13384847342967987,2.6998682022094727
1788678828115930400,51.82193041992188,-0.9736154079437256,-0.06432047486305237,0.009512761607766151,0.2187361717224121,-0.009696572087705135,-0.12977232038974762,2.6989736557006836
1788678828131799300,51.83779931640625,-0.9735842347145081,-0.06330511718988419,0.009847749955952168,0.21915560960769653,-0.008642850443720818,-0.12793077528476715,2.698216199874878
1788678828147668500,51.85366845703125,-0.9734801054000854,-0.06308198720216751,0.009561673738062382,0.21969500184059143,-0.009175846353173256,-0.12736347317695618,2.697084426879883
1788678828163537700,51.86953759765625,-0.9732655882835388,-0.06341490894556046,0.008177997544407845,0.22060328722000122,-0.012159173376858234,-0.12739157676696777,2.695023536682129
1788678828179406800,51.88540673828125,-0.9730076789855957,-0.06402383744716644,0.006201770156621933,0.2216271162033081,-0.016444705426692963,-0.1276870220899582,2.6926324367523193
1788678828195245300,51.90124536132812,-0.9727047681808472,-0.0648452490568161,0.004202887415885925,0.22276192903518677,-0.02088715136051178,-0.1283753663301468,2.689988851547241
1788678828211175700,51.91717578125,-0.9724655151367188,-0.06553182005882263,0.002686399267986417,0.22362731397151947,-0.024288775399327278,-0.12901398539543152,2.68796443939209
1788678828227044900,51.933044921875,-0.9723657965660095,-0.06585536897182465,0.0018654847517609596,0.22397392988204956,-0.026092536747455597,-0.12926635146141052,2.6871228218078613
1788678828242913800,51.94891381835937,-0.972363293170929,-0.06611479073762894,0.0021867721807211637,0.22390547394752502,-0.025572532787919044,-0.12991963326931,2.6872806549072266
1788678828258783000,51.96478295898437,-0.9724681377410889,-0.06597433984279633,0.003007657825946808,0.22348183393478394,-0.02384193241596222,-0.13002626597881317,2.6882665157318115
1788678828274652200,51.98065209960937,-0.9725736975669861,-0.06600473076105118,0.004513612482696772,0.2229876071214676,-0.020836245268583298,-0.13077430427074432,2.689467430114746
1788678828290521300,51.99652124023437,-0.9726901650428772,-0.0662781372666359,0.006423718761652708,0.22235096991062164,-0.017127670347690582,-0.13217736780643463,2.6909942626953125
1788678828306390500,52.012390625,-0.972906231880188,-0.06675615906715393,0.008381211198866367,0.22119393944740295,-0.0133438715711236,-0.1340034157037735,2.693589925765991
1788678828322290200,52.02829028320313,-0.973070502281189,-0.06566321849822998,0.010470295324921608,0.22070926427841187,-0.008684870786964893,-0.13280168175697327,2.6949281692504883
1788678828338159400,52.04415942382813,-0.9725103974342346,-0.06667821854352951,0.012834637425839901,0.2227398157119751,-0.004784233868122101,-0.13582535088062286,2.690962314605713
1788678828353997800,52.05999780273437,-0.9720433354377747,-0.06897148489952087,0.01562509499490261,0.22389864921569824,-0.0005138448323123157,-0.14155569672584534,2.688777208328247
1788678828377771000,52.08377099609375,-0.972242534160614,-0.07468680292367935,0.020770374685525894,0.22075991332530975,0.00750200729817152,-0.15501801669597626,2.6956217288970947
1788678828393701000,52.099701171875,-0.9720385670661926,-0.0798230916261673,0.025377074256539345,0.21937468647956848,0.014515324495732784,-0.16709287464618683,2.6988751888275146
1788678828417535500,52.12353540039062,-0.9718169569969177,-0.08740100264549255,0.03154904022812843,0.2166505604982376,0.023856347426772118,-0.18459230661392212,2.7051074504852295
1788678828433404700,52.13940478515625,-0.9721429944038391,-0.08952267467975616,0.034167371690273285,0.21390730142593384,0.02865046076476574,-0.18981270492076874,2.711149215698242
1788678828449304300,52.15530419921875,-0.9728634357452393,-0.08687969297170639,0.03648560121655464,0.2113233357667923,0.034877076745033264,-0.18552714586257935,2.7170474529266357
1788678828465173500,52.17117358398438,-0.9739823937416077,-0.07967037707567215,0.03909914195537567,0.20852383971214294,0.04359694942831993,-0.1723533421754837,2.723539352416992
1788678828481042400,52.18704248046875,-0.9750636219978333,-0.07169435918331146,0.04172709956765175,0.205839142203331,0.05253341794013977,-0.1576434075832367,2.7296457290649414
1788678828496942000,52.20294213867187,-0.9757352471351624,-0.06955137103796005,0.042741887271404266,0.20316624641418457,0.055835433304309845,-0.15369930863380432,2.7353222370147705
1788678828512872400,52.21887255859375,-0.9760584831237793,-0.07449772208929062,0.04187796637415886,0.20001570880413055,0.052670594304800034,-0.16290028393268585,2.7416460514068604
1788678828528741600,52.23474169921875,-0.9759896993637085,-0.08361641317605972,0.04113299772143364,0.19687698781490326,0.04816635325551033,-0.18039055168628693,2.7478513717651367
1788678828544641300,52.25064135742188,-0.9758322238922119,-0.09199614822864532,0.0407196544110775,0.193985253572464,0.044654130935668945,-0.1966078281402588,2.7535345554351807
1788678828560601900,52.26660180664062,-0.9758762121200562,-0.09599609673023224,0.04091968759894371,0.19177068769931793,0.04397664964199066,-0.20447692275047302,2.7580275535583496
1788678828576501500,52.28250146484375,-0.976145327091217,-0.09549149870872498,0.04228758439421654,0.1903509795665741,0.047199126332998276,-0.20393681526184082,2.761251449584961
1788678828592370700,52.29837060546875,-0.976564347743988,-0.09143706411123276,0.044719498604536057,0.18963541090488434,0.053726110607385635,-0.19681738317012787,2.7632997035980225
1788678828608300800,52.31430078125,-0.9770346879959106,-0.08643391728401184,0.046808987855911255,0.1890542358160019,0.059873323887586594,-0.1876968890428543,2.764958143234253
1788678828624170000,52.330169921875,-0.9775791764259338,-0.08150046318769455,0.04758960008621216,0.18823350965976715,0.06340894103050232,-0.17820392549037933,2.7668142318725586
1788678828640039200,52.3460390625,-0.978190004825592,-0.07728885114192963,0.046834420412778854,0.18702243268489838,0.06367166340351105,-0.16953551769256592,2.7691798210144043
1788678828655938800,52.36193872070312,-0.9788194298744202,-0.0743008479475975,0.045118916779756546,0.18535421788692474,0.06163709983229637,-0.1628996878862381,2.7723276615142822
1788678828671838500,52.37783837890625,-0.979345440864563,-0.07267015427350998,0.04319452866911888,0.18367327749729156,0.058681879192590714,-0.15887323021888733,2.7754786014556885
1788678828687738000,52.39373803710937,-0.9797478318214417,-0.07190202176570892,0.0416807122528553,0.1821732521057129,0.05619380250573158,-0.1567186564207077,2.778327226638794
1788678828703637800,52.4096376953125,-0.9800102114677429,-0.0714711844921112,0.04099293053150177,0.18108458817005157,0.05515594035387039,-0.15555796027183533,2.7804577350616455
1788678828719568000,52.42556787109375,-0.9801546335220337,-0.07131529599428177,0.041138190776109695,0.18032944202423096,0.055620450526475906,-0.155259907245636,2.7820284366607666
1788678828735406600,52.44140649414062,-0.9802860617637634,-0.0713508352637291,0.041336700320243835,0.17955417931079865,0.05612596869468689,-0.1553570181131363,2.7836484909057617
1788678828751275800,52.45727587890625,-0.9803523421287537,-0.07138273864984512,0.04111487790942192,0.1792299449443817,0.055725615471601486,-0.15532228350639343,2.784280300140381
1788678828767175400,52.47317553710938,-0.9804884791374207,-0.07139372080564499,0.040431126952171326,0.1786354035139084,0.054457638412714005,-0.15506701171398163,2.7853972911834717
1788678828783044600,52.48904467773438,-0.9806552529335022,-0.07153096050024033,0.039394695311784744,0.1778952032327652,0.05246742069721222,-0.1549297273159027,2.7867603302001953
1788678828798913500,52.50491357421875,-0.9807248711585999,-0.07378112524747849,0.03773396089673042,0.17694982886314392,0.04853111878037453,-0.15873780846595764,2.7884392738342285
1788678828814813200,52.52081323242187,-0.9804611206054688,-0.07754484564065933,0.036019135266542435,0.17715954780578613,0.043767478317022324,-0.16557720303535461,2.7877025604248047
1788678828830712800,52.536712890625,-0.9800809621810913,-0.08088620007038116,0.034739166498184204,0.1780225932598114,0.03989269211888313,-0.17176207900047302,2.7856643199920654
1788678828854516700,52.56051684570313,-0.9795321226119995,-0.08296572417020798,0.03370186686515808,0.18027114868164062,0.036683615297079086,-0.175586998462677,2.7808189392089844
1788678828870446800,52.57644677734375,-0.9790636897087097,-0.08470439910888672,0.03275545686483383,0.18217188119888306,0.033823076635599136,-0.17874658107757568,2.7766964435577393
1788678828886346500,52.59234643554687,-0.9791946411132812,-0.08586900681257248,0.031045960262417793,0.1812196671962738,0.030171867460012436,-0.1803940236568451,2.778322458267212
1788678828902246100,52.60824609375,-0.9790133833885193,-0.08509562909603119,0.028962763026356697,0.18290072679519653,0.025996102020144463,-0.1781550645828247,2.7745296955108643
1788678828918176300,52.62417626953125,-0.9785438179969788,-0.08623585104942322,0.027273505926132202,0.18512584269046783,0.02180095948278904,-0.17983697354793549,2.7696077823638916
1788678828934076000,52.64007592773437,-0.9778825640678406,-0.08809997886419296,0.0263757836073637,0.18785211443901062,0.018801134079694748,-0.1832360178232193,2.763742208480835
1788678828949975600,52.6559755859375,-0.9768638610839844,-0.0919388085603714,0.027188951149582863,0.19116778671741486,0.018302801996469498,-0.19118119776248932,2.7568414211273193
1788678828965844700,52.6718447265625,-0.9756645560264587,-0.09703405201435089,0.028729069977998734,0.19451934099197388,0.018690558150410652,-0.20189081132411957,2.7499043941497803
1788678828981744400,52.68774438476562,-0.9746085405349731,-0.10145977884531021,0.029520904645323753,0.19741518795490265,0.01788068190217018,-0.2109847217798233,2.743777275085449
1788678828997705200,52.70370532226563,-0.9738488793373108,-0.10367710143327713,0.02889736369252205,0.20008590817451477,0.0151444086804986,-0.21515163779258728,2.737950325012207
1788678829013543700,52.71954370117187,-0.9735553860664368,-0.10283664613962173,0.025800729170441628,0.20235870778560638,0.008815052919089794,-0.21226677298545837,2.7326574325561523
1788678829029412900,52.73541284179687,-0.973518431186676,-0.10050107538700104,0.021490562707185745,0.2042047083377838,0.000814541766885668,-0.2059081792831421,2.7281532287597656
1788678829045312500,52.7513125,-0.9734404683113098,-0.0986313447356224,0.018472539260983467,0.20577703416347504,-0.004723385442048311,-0.20097616314888,2.7244672775268555
1788678829069147000,52.77514697265625,-0.9726183414459229,-0.09963518381118774,0.01833479292690754,0.20916569232940674,-0.006140992511063814,-0.20287278294563293,2.7173116207122803
1788678829085046500,52.79104663085938,-0.9717586636543274,-0.10171673446893692,0.020236605778336525,0.21196545660495758,-0.003873989684507251,-0.20775854587554932,2.711665391921997
1788678829100915700,52.80691577148438,-0.9710781574249268,-0.10243995487689972,0.02137003093957901,0.21460792422294617,-0.002520100912079215,-0.2096593827009201,2.706320285797119
1788678829116784600,52.82278466796875,-0.9708915948867798,-0.1006898283958435,0.020843807607889175,0.21632537245750427,-0.003156103892251849,-0.20598958432674408,2.7028064727783203
1788678829132623400,52.83862329101562,-0.971081554889679,-0.09795618057250977,0.019068609923124313,0.21689113974571228,-0.005568155087530613,-0.19984610378742218,2.701547622680664
1788678829148523000,52.85452294921875,-0.971397340297699,-0.09580232948064804,0.016912810504436493,0.21661746501922607,-0.008813395164906979,-0.19467885792255402,2.7019202709198
1788678829164453000,52.870453125,-0.9716000556945801,-0.09449537098407745,0.015018267557024956,0.2164221704006195,-0.011936282739043236,-0.19128844141960144,2.7021074295043945
1788678829180322300,52.886322265625,-0.9716736078262329,-0.09343641996383667,0.01355335395783186,0.21664783358573914,-0.014402512460947037,-0.18856753408908844,2.701479911804199
1788678829196222000,52.90222192382812,-0.9718018770217896,-0.09189095348119736,0.012414924800395966,0.2168019711971283,-0.0159881804138422,-0.18503685295581818,2.7011125087738037
1788678829212091100,52.91809106445312,-0.972481369972229,-0.08964957296848297,0.011323164217174053,0.2147436887025833,-0.01675225794315338,-0.180201917886734,2.705413818359375
1788678829228021200,52.93402124023437,-0.9732291102409363,-0.08697884529829025,0.010155051946640015,0.2125011682510376,-0.017465950921177864,-0.17450088262557983,2.7101197242736816
1788678829243951400,52.94995141601562,-0.9739949703216553,-0.08455313742160797,0.008735302835702896,0.21001948416233063,-0.01876838132739067,-0.16918377578258514,2.7152504920959473
1788678829259820500,52.96582055664062,-0.9750069379806519,-0.08298273384571075,0.0070128594525158405,0.20597614347934723,-0.020795239135622978,-0.16546037793159485,2.7234785556793213
1788678829275689700,52.98168969726562,-0.975199282169342,-0.08220112323760986,0.00603346386924386,0.20540930330753326,-0.0223014485090971,-0.16353151202201843,2.7245678901672363
1788678829291559000,52.99755883789062,-0.9750892519950867,-0.08241159468889236,0.005375504028052092,0.2058647871017456,-0.023767907172441483,-0.1636601984500885,2.723506212234497
1788678829307397600,53.01339770507813,-0.9749048352241516,-0.08296656608581543,0.005147584713995457,0.20652058720588684,-0.024566425010561943,-0.16463793814182281,2.72206449508667
1788678829323297300,53.02929736328125,-0.9747489094734192,-0.08323683589696884,0.00536957336589694,0.20714129507541656,-0.02434966340661049,-0.16524554789066315,2.7207913398742676
1788678829339166200,53.04516625976562,-0.9746792316436768,-0.08291226625442505,0.006161432713270187,0.2075767070055008,-0.02272072248160839,-0.16493038833141327,2.720046043395996
1788678829355065900,53.06106591796875,-0.9746536016464233,-0.08200206607580185,0.007439468055963516,0.20801614224910736,-0.019880684092640877,-0.1636720597743988,2.7194201946258545
1788678829370935000,53.07693505859375,-0.9746953845024109,-0.08091320842504501,0.00874283630400896,0.20819605886936188,-0.01687031425535679,-0.16208061575889587,2.7193450927734375
1788678829386804200,53.09280419921875,-0.9746643304824829,-0.0828397199511528,0.014293165877461433,0.20727449655532837,-0.006571834906935692,-0.16819903254508972,2.721956968307495
1788678829410669000,53.1166689453125,-0.9749130606651306,-0.08215451240539551,0.018750015646219254,0.2060185968875885,0.0027475678361952305,-0.16871194541454315,2.7253129482269287
1788678829426599200,53.13259912109375,-0.9751033782958984,-0.08234532177448273,0.020452657714486122,0.20487654209136963,0.006235357373952866,-0.1697854995727539,2.727932929992676
1788678829442498800,53.14849877929687,-0.9752183556556702,-0.08380286395549774,0.021979818120598793,0.203575998544693,0.008882862515747547,-0.1732669621706009,2.73077654838562
1788678829458398500,53.1643984375,-0.9753738641738892,-0.08496498316526413,0.023755719885230064,0.20214487612247467,0.012179951183497906,-0.17626069486141205,2.7339577674865723
1788678829474267600,53.180267578125,-0.9755592346191406,-0.08614486455917358,0.02601597271859646,0.20046573877334595,0.016487611457705498,-0.17947137355804443,2.7377424240112305
1788678829490167300,53.19616723632812,-0.975672721862793,-0.08829256147146225,0.0287968497723341,0.1985897570848465,0.021492082625627518,-0.1847764551639557,2.7419872283935547
1788678829506067000,53.21206689453125,-0.9755417704582214,-0.09181715548038483,0.03180103749036789,0.19717170298099518,0.02633022330701351,-0.1928771436214447,2.7452831268310547
1788678829521966600,53.22796655273437,-0.9754800200462341,-0.09516151994466782,0.03442838788032532,0.19544246792793274,0.030588366091251373,-0.20045359432697296,2.749194860458374
1788678829537835800,53.24383569335937,-0.9757420420646667,-0.09593035280704498,0.03633451089262962,0.19340266287326813,0.03451276943087578,-0.20264503359794617,2.7537527084350586
1788678829553705000,53.259705078125,-0.976440966129303,-0.0920603796839714,0.03778866305947304,0.19146808981895447,0.039302121847867966,-0.19549660384655,2.758185386657715
1788678829569543400,53.27554345703125,-0.9775434136390686,-0.08368455618619919,0.039050351828336716,0.18942232429981232,0.045386843383312225,-0.17936480045318604,2.762871265411377
1788678829585412600,53.29141259765625,-0.9785873889923096,-0.0746978372335434,0.04071590676903725,0.18742796778678894,0.052398376166820526,-0.1621692031621933,2.7673768997192383
1788678829601312300,53.30731225585937,-0.9792304635047913,-0.07045445591211319,0.04160289466381073,0.18550808727741241,0.05603018030524254,-0.15402594208717346,2.7714693546295166
1788678829617242600,53.32324267578125,-0.9795483350753784,-0.07303854078054428,0.041202113032341,0.18290147185325623,0.05471686273813248,-0.15882834792137146,2.776759147644043
1788678829633081000,53.3390810546875,-0.9795932173728943,-0.07940857112407684,0.04085513576865196,0.18006232380867004,0.05223213508725166,-0.17112308740615845,2.782505512237549
1788678829648980700,53.35498071289062,-0.9796430468559265,-0.08496179431676865,0.04034342244267464,0.1773512214422226,0.04974794387817383,-0.18177373707294464,2.7879340648651123
1788678829664850000,53.37084985351562,-0.9798763990402222,-0.087640680372715,0.039701271802186966,0.1748863309621811,0.04800287261605263,-0.18672363460063934,2.792851686477661
1788678829680780000,53.38678002929687,-0.9802882075309753,-0.08658124506473541,0.03980834782123566,0.17307209968566895,0.048927970230579376,-0.18457479774951935,2.796618938446045
1788678829696740900,53.40274096679688,-0.9807160496711731,-0.08387156575918198,0.041185829788446426,0.17165493965148926,0.05286391079425812,-0.17961207032203674,2.799804210662842
1788678829712610000,53.41861010742188,-0.9810865521430969,-0.08048362284898758,0.04311255365610123,0.17068344354629517,0.058023132383823395,-0.17350928485393524,2.802140712738037
1788678829728479000,53.43447900390625,-0.9814320206642151,-0.07710722833871841,0.04461022466421127,0.1698698103427887,0.06227647140622139,-0.16728602349758148,2.804044246673584
1788678829744378600,53.45037866210937,-0.9818902611732483,-0.07346449792385101,0.04485896974802017,0.16876691579818726,0.0641603097319603,-0.1600925624370575,2.8063085079193115
1788678829760278300,53.4662783203125,-0.9824579358100891,-0.06985214352607727,0.04381408169865608,0.16726496815681458,0.06350252032279968,-0.15250113606452942,2.8091766834259033
1788678829776147500,53.4821474609375,-0.9830136895179749,-0.06714311987161636,0.041715070605278015,0.16563735902309418,0.060452789068222046,-0.14634618163108826,2.812162399291992
1788678829792016600,53.4980166015625,-0.9834346771240234,-0.06591213494539261,0.0397726446390152,0.16410338878631592,0.057211123406887054,-0.14318296313285828,2.8150081634521484
1788678829807855400,53.51385546875,-0.9836335182189941,-0.06637528538703918,0.03901240602135658,0.16290315985679626,0.055725909769535065,-0.143783301115036,2.81735897064209
1788678829823755000,53.52975512695313,-0.9836581349372864,-0.06774607300758362,0.03960204869508743,0.16204604506492615,0.05659100040793419,-0.14663761854171753,2.819206953048706
1788678829839624200,53.54562426757813,-0.9836658239364624,-0.06861502677202225,0.04063114523887634,0.16137714684009552,0.05846685543656349,-0.14864923059940338,2.820730686187744
1788678829855554300,53.56155419921875,-0.9837524890899658,-0.06811672449111938,0.04147941991686821,0.16084402799606323,0.0603942945599556,-0.14790207147598267,2.8219354152679443
1788678829871423500,53.57742358398438,-0.9839141368865967,-0.06634648144245148,0.04193177446722984,0.1604774296283722,0.06190476939082146,-0.14451922476291656,2.8227202892303467
1788678829887262000,53.59326196289062,-0.9840956330299377,-0.06422323733568192,0.04149547964334488,0.16034165024757385,0.06171984225511551,-0.14016905426979065,2.822899341583252
1788678829903161600,53.60916162109375,-0.9842080473899841,-0.06264322996139526,0.04062029346823692,0.16050013899803162,0.060450147837400436,-0.13677310943603516,2.8224294185638428
1788678829919030800,53.62503076171875,-0.9841848015785217,-0.062196385115385056,0.03981443867087364,0.16101813316345215,0.058915119618177414,-0.13566292822360992,2.821258544921875
1788678829934900000,53.64089990234375,-0.9840601682662964,-0.06282543390989304,0.03889141231775284,0.16175955533981323,0.056777290999889374,-0.1366550624370575,2.819633722305298
1788678829950799600,53.65679956054687,-0.9838682413101196,-0.06414247304201126,0.03792613744735718,0.1626368761062622,0.05431508645415306,-0.13899902999401093,2.81773042678833
1788678829966668800,53.67266870117187,-0.9835647940635681,-0.06564005464315414,0.03706977888941765,0.16406559944152832,0.051926493644714355,-0.14176058769226074,2.8147096633911133
1788678829982538000,53.6885380859375,-0.9832367897033691,-0.06673863530158997,0.036479756236076355,0.1657126545906067,0.050156280398368835,-0.14382541179656982,2.8112690448760986
1788678829998468000,53.70446801757812,-0.9829732179641724,-0.06642559170722961,0.034777745604515076,0.16775546967983246,0.046575020998716354,-0.14274170994758606,2.8068573474884033
1788678830014337300,53.72033715820312,-0.9827566146850586,-0.06507302820682526,0.03317829966545105,0.16986508667469025,0.043542489409446716,-0.13962681591510773,2.8023290634155273
1788678830030237000,53.73623681640625,-0.9825523495674133,-0.06510351598262787,0.03310193866491318,0.17104582488536835,0.04321178048849106,-0.13971321284770966,2.7999048233032227
1788678830046136600,53.75213647460937,-0.9821996688842773,-0.06657449156045914,0.03325578570365906,0.1724693328142166,0.042811837047338486,-0.14273427426815033,2.7970077991485596
1788678830062005800,53.768005859375,-0.981614887714386,-0.06954003125429153,0.0336502343416214,0.1745399683713913,0.04226774722337723,-0.14881837368011475,2.79280424118042
1788678830077935900,53.78393579101562,-0.9808030724525452,-0.07313986122608185,0.034334808588027954,0.17747454345226288,0.04191344976425171,-0.15629425644874573,2.7868528366088867
1788678830093805000,53.79980517578125,-0.9800930023193359,-0.07549509406089783,0.03462450951337814,0.18033146858215332,0.04118746146559715,-0.16116905212402344,2.781001091003418
1788678830109674200,53.81567431640625,-0.9797940254211426,-0.07406838238239288,0.03314145654439926,0.182809516787529,0.038349252194166183,-0.15791618824005127,2.775710105895996
1788678830125512700,53.8315126953125,-0.9798157215118408,-0.06890077888965607,0.02975497394800186,0.18527939915657043,0.03313831239938736,-0.1465703248977661,2.770246744155884
1788678830141382000,53.8473818359375,-0.9798626899719238,-0.06238313391804695,0.026445919647812843,0.18782489001750946,0.028647810220718384,-0.13257624208927155,2.764719247817993
1788678830157281500,53.86328149414062,-0.9795629382133484,-0.059070516377687454,0.02526894398033619,0.1906006634235382,0.027205223217606544,-0.1256898045539856,2.7589526176452637
1788678830173150700,53.87915063476562,-0.9787463545799255,-0.06260144710540771,0.02621506340801716,0.19351854920387268,0.02733175829052925,-0.13308054208755493,2.7530078887939453
1788678830189020000,53.89502001953125,-0.9776208400726318,-0.06996608525514603,0.0279843769967556,0.1964160054922104,0.02753715217113495,-0.14833715558052063,2.747093677520752
1788678830204858400,53.9108583984375,-0.9765311479568481,-0.0774267166852951,0.028848379850387573,0.1988966464996338,0.025890665128827095,-0.16342133283615112,2.741856336593628
1788678830220727600,53.9267275390625,-0.9757006168365479,-0.08230854570865631,0.02839619852602482,0.20106589794158936,0.02265314571559429,-0.1728961169719696,2.7370991706848145
1788678830236688400,53.9426884765625,-0.9753051400184631,-0.08297645300626755,0.026379946619272232,0.2029753476381302,0.018044304102659225,-0.17343181371688843,2.7327897548675537
1788678830252557300,53.95855737304687,-0.975080668926239,-0.08290886133909225,0.022871023043990135,0.20450140535831451,0.010852357372641563,-0.17188508808612823,2.72906494140625
1788678830268426500,53.97442651367187,-0.974966824054718,-0.08249978721141815,0.01960526965558529,0.2055463194847107,0.004376836121082306,-0.1697426289319992,2.726402759552002
1788678830284295700,53.99029565429687,-0.9748566150665283,-0.08211608231067657,0.017586154863238335,0.20640304684638977,0.0003955196589231491,-0.1681538075208664,2.7243354320526123
1788678830300134400,54.00613452148438,-0.9747182130813599,-0.08169077336788177,0.016785835847258568,0.20729053020477295,-0.0011606732150539756,-0.16698502004146576,2.722404956817627
1788678830316034000,54.02203393554687,-0.9746142625808716,-0.08111672103404999,0.016759248450398445,0.20800569653511047,-0.0010928710689768195,-0.1658463031053543,2.720963954925537
1788678830331903200,54.0379033203125,-0.9745725393295288,-0.0804920569062233,0.016988707706332207,0.2084244191646576,-0.0004455930320546031,-0.1647162288427353,2.7201786041259766
1788678830347772200,54.05377221679687,-0.9745242595672607,-0.07999608665704727,0.01721956767141819,0.20882195234298706,0.00015395673108287156,-0.1638399213552475,2.7194278240203857
1788678830363672000,54.06967211914063,-0.9744653701782227,-0.07980946451425552,0.017247680574655533,0.20916546881198883,0.00023084609711077064,-0.16348564624786377,2.7187352180480957
1788678830379510500,54.08551049804687,-0.9745309352874756,-0.08006706833839417,0.016866039484739304,0.2087925523519516,-0.0005694850697182119,-0.16383057832717896,2.7194290161132812
1788678830395410200,54.10141015625,-0.9745181798934937,-0.08069014549255371,0.016133863478899002,0.20866990089416504,-0.002260326873511076,-0.16474555432796478,2.719524383544922
1788678830411309800,54.11730981445312,-0.9745940566062927,-0.08151087909936905,0.015389302745461464,0.2080519199371338,-0.0039750272408127785,-0.16604554653167725,2.7206249237060547
1788678830427179000,54.13317895507812,-0.974631667137146,-0.08233971148729324,0.014789225533604622,0.20759227871894836,-0.005434089805930853,-0.1674230992794037,2.7214176654815674
1788678830443048200,54.14904809570312,-0.9745664596557617,-0.08305055648088455,0.014573844149708748,0.20763058960437775,-0.006168955937027931,-0.16872797906398773,2.7212493419647217
1788678830458947800,54.16494775390625,-0.9745103120803833,-0.0835161805152893,0.01493244618177414,0.20768201351165771,-0.005667499266564846,-0.1697918027639389,2.7211644649505615
1788678830474847500,54.18084741210937,-0.9745121002197266,-0.08341362327337265,0.015921447426080704,0.20764148235321045,-0.003661766182631254,-0.17000478506088257,2.7214150428771973
1788678830490716700,54.19671655273437,-0.9745617508888245,-0.08295329660177231,0.017290392890572548,0.20748315751552582,-0.0007322265882976353,-0.1696741133928299,2.721996307373047
1788678830506646800,54.21264672851562,-0.9747045040130615,-0.08230896294116974,0.018726957961916924,0.20694401860237122,0.0024750714655965567,-0.16900815069675446,2.723386287689209
1788678830522516000,54.22851586914062,-0.9748762249946594,-0.08180416375398636,0.021100608631968498,0.2061053067445755,0.0075277304276824,-0.1689990758895874,2.7255325317382812
1788678830538385200,54.24438525390625,-0.9750710725784302,-0.07971566170454025,0.024049412459135056,0.2056780606508255,0.014305646531283855,-0.16611263155937195,2.72700572013855
1788678830554254300,54.26025439453125,-0.9756780862808228,-0.07564844191074371,0.02601468935608864,0.20409002900123596,0.02014082856476307,-0.15890361368656158,2.730787515640259
1788678830570123300,54.27612329101562,-0.9763967990875244,-0.07369229197502136,0.02708340622484684,0.20120947062969208,0.023518789559602737,-0.15542978048324585,2.736967086791992
1788678830585992400,54.29199243164062,-0.9768271446228027,-0.07471376657485962,0.028614358976483345,0.19851408898830414,0.02657310478389263,-0.15798191726207733,2.7427101135253906
1788678830601831200,54.3078310546875,-0.9770222306251526,-0.07649367302656174,0.03039691410958767,0.19660179316997528,0.029713336378335953,-0.16213363409042358,2.746859550476074
1788678830617730800,54.32373071289062,-0.9770680069923401,-0.07879149913787842,0.031946517527103424,0.19521641731262207,0.03211851418018341,-0.16722050309181213,2.7498815059661865
1788678830633600000,54.33960009765625,-0.9772113561630249,-0.08073368668556213,0.03301925212144852,0.19351933896541595,0.03378798067569733,-0.17140556871891022,2.7534902095794678
1788678830649499600,54.35549975585938,-0.9774457812309265,-0.08073797076940536,0.03367670997977257,0.19221597909927368,0.03532221168279648,-0.17162162065505981,2.756284236907959
1788678830665399300,54.3713994140625,-0.9781493544578552,-0.07731795310974121,0.03405352681875229,0.18996402621269226,0.0377650111913681,-0.16494177281856537,2.761075019836426
1788678830681237800,54.38723779296875,-0.9790343046188354,-0.07060757279396057,0.0350734144449234,0.18782000243663788,0.04265783354640007,-0.15201425552368164,2.765763282775879
1788678830697107000,54.40310693359375,-0.9797961711883545,-0.06369315087795258,0.036598287522792816,0.1860198676586151,0.04850718379020691,-0.1388745903968811,2.769721746444702
1788678830713006600,54.41900659179687,-0.9801980257034302,-0.061128463596105576,0.03747778385877609,0.18458192050457,0.051388464868068695,-0.13407273590564728,2.7727811336517334
1788678830728906200,54.43490625,-0.9803768992424011,-0.06428523361682892,0.03746918961405754,0.18255051970481873,0.05051406845450401,-0.14018628001213074,2.7769477367401123
1788678830744775400,54.450775390625,-0.9804287552833557,-0.07033196091651917,0.037251587957143784,0.1800699383020401,0.04829038307070732,-0.15191031992435455,2.7819881439208984
1788678830760614100,54.4666142578125,-0.9804307818412781,-0.07610460370779037,0.03687232732772827,0.17777518928050995,0.04586680978536606,-0.1630622297525406,2.7865920066833496
1788678830776483300,54.4824833984375,-0.9804949164390564,-0.07976818084716797,0.03688028082251549,0.17580269277095795,0.04493926838040352,-0.17021262645721436,2.790597677230835
1788678830792383000,54.49838305664063,-0.9806444644927979,-0.08057436347007751,0.03778038173913956,0.17440471053123474,0.046699389815330505,-0.17205539345741272,2.793607234954834
1788678830808282600,54.51428271484375,-0.9810065627098083,-0.07869454473257065,0.03992491215467453,0.17274102568626404,0.05190810188651085,-0.16899631917476654,2.7973928451538086
1788678830824243200,54.5302431640625,-0.9815366864204407,-0.07499886304140091,0.04234245419502258,0.17078673839569092,0.058303508907556534,-0.16240429878234863,2.8017897605895996
1788678830840112400,54.5461123046875,-0.9821396470069885,-0.07039905339479446,0.0438673235476017,0.16888310015201569,0.06317557394504547,-0.15370479226112366,2.8058812618255615
1788678830855981600,54.56198168945313,-0.9827712774276733,-0.06592816114425659,0.04430553317070007,0.16688664257526398,0.06581588834524155,-0.14487890899181366,2.809954881668091
1788678830871881200,54.57788110351562,-0.9833446741104126,-0.06274686753749847,0.04362829029560089,0.16490182280540466,0.06578362733125687,-0.13823217153549194,2.8138504028320312
1788678830887780900,54.59378076171875,-0.9837645292282104,-0.06116095930337906,0.042387157678604126,0.1633094996213913,0.06404416263103485,-0.13458634912967682,2.816901445388794
1788678830903650000,54.60965014648438,-0.9839690327644348,-0.061322569847106934,0.04147135093808174,0.1622486263513565,0.062317173928022385,-0.13454189896583557,2.8189494609832764
1788678830919549700,54.6255498046875,-0.9840713739395142,-0.06212369725108147,0.041138872504234314,0.1614055186510086,0.06151917576789856,-0.1359669268131256,2.82064151763916
1788678830935449300,54.64144946289063,-0.9841379523277283,-0.0627419650554657,0.041187483817338943,0.16074693202972412,0.061513349413871765,-0.13716472685337067,2.8220033645629883
1788678830951318500,54.65731860351563,-0.9841975569725037,-0.06273726373910904,0.04135714843869209,0.1603400558233261,0.061909422278404236,-0.1371840238571167,2.8228557109832764
1788678830967218200,54.67321826171875,-0.9840542674064636,-0.06217353045940399,0.04166848212480545,0.16135534644126892,0.06256412714719772,-0.13623212277889252,2.820814847946167
1788678830983087000,54.68908715820312,-0.983880877494812,-0.061570409685373306,0.041971951723098755,0.1625608652830124,0.06319136172533035,-0.13521352410316467,2.81838321685791
1788678830998987000,54.70498706054688,-0.9838491082191467,-0.06130695343017578,0.04202108457684517,0.16283918917179108,0.06333433836698532,-0.1347261369228363,2.8178162574768066
1788678831014886700,54.72088671875,-0.9837029576301575,-0.06266404688358307,0.04192841425538063,0.1632288247346878,0.06266430020332336,-0.13740544021129608,2.8170363903045654
1788678831030786300,54.73678637695313,-0.9833500385284424,-0.06583654880523682,0.04179246723651886,0.1641394942998886,0.06124964356422424,-0.14369432628154755,2.8152146339416504
1788678831046655200,54.7526552734375,-0.9827337265014648,-0.06979750841856003,0.04147225618362427,0.16626159846782684,0.05901337414979935,-0.15155471861362457,2.810883045196533
1788678831062524400,54.7685244140625,-0.9822167754173279,-0.07217856496572495,0.04102295637130737,0.16839689016342163,0.05700240656733513,-0.15624116361141205,2.8064661026000977
1788678831078393600,54.7843935546875,-0.9817601442337036,-0.07236768305301666,0.04054536670446396,0.17107364535331726,0.05555940419435501,-0.1566072702407837,2.8009138107299805
1788678831094293200,54.80029321289062,-0.9813166260719299,-0.07211478054523468,0.03977710381150246,0.17388205230236053,0.053666066378355026,-0.15599986910820007,2.795043468475342
1788678831110193000,54.81619287109375,-0.9809715151786804,-0.07142075896263123,0.038652341812849045,0.17635183036327362,0.05127525329589844,-0.15436863899230957,2.789813756942749
1788678831126031600,54.83203149414062,-0.9805864691734314,-0.07093115895986557,0.03733561187982559,0.1789552867412567,0.04841940104961395,-0.15306811034679413,2.784282922744751
1788678831141931300,54.84793115234375,-0.9800621867179871,-0.07186875492334366,0.036016736179590225,0.18170265853405,0.04503174498677254,-0.1545751988887787,2.778445243835449
1788678831157831000,54.86383081054687,-0.9793864488601685,-0.07424860447645187,0.035248562693595886,0.18451784551143646,0.04218883067369461,-0.15911468863487244,2.77251935005188
1788678831173700000,54.8797001953125,-0.9784508943557739,-0.0775015726685524,0.03554944321513176,0.18805229663848877,0.04099147021770477,-0.16579173505306244,2.765241861343384
1788678831189569300,54.8955693359375,-0.9775413274765015,-0.08000165969133377,0.0361102819442749,0.19159533083438873,0.04054554924368858,-0.1710803061723709,2.7579824924468994
1788678831205407700,54.91140771484375,-0.9768247604370117,-0.08038609474897385,0.03643873706459999,0.19499711692333221,0.040446821600198746,-0.17210553586483002,2.7510154247283936
1788678831221307400,54.92730737304687,-0.9763798117637634,-0.07874186336994171,0.03600865602493286,0.1979535073041916,0.03971670940518379,-0.16882078349590302,2.74489164352417
1788678831237207000,54.94320703125,-0.9762232899665833,-0.07545992732048035,0.03433100879192352,0.20028796792030334,0.03729764372110367,-0.16178855299949646,2.739900588989258
1788678831253106700,54.95910668945312,-0.9761244654655457,-0.07211299240589142,0.032229065895080566,0.2023411989212036,0.034149304032325745,-0.15443824231624603,2.7354438304901123
1788678831269006300,54.97500634765625,-0.9757940173149109,-0.07107555121183395,0.031135817989706993,0.2044626623392105,0.03207508474588394,-0.15202736854553223,2.730942964553833
1788678831284875500,54.99087548828125,-0.9751129150390625,-0.07308955490589142,0.03128528594970703,0.2069636434316635,0.031143374741077423,-0.15612445771694183,2.7257444858551025
1788678831300744700,55.00674462890625,-0.9741568565368652,-0.07704181969165802,0.03247395530343056,0.2098296880722046,0.031366486102342606,-0.1644701361656189,2.7198684215545654
1788678831316674800,55.0226748046875,-0.9733260273933411,-0.08038898557424545,0.033300574868917465,0.2122856080532074,0.031155630946159363,-0.17146682739257812,2.714789628982544
1788678831332544000,55.0385439453125,-0.97285395860672,-0.08122885227203369,0.03274945542216301,0.21420685946941376,0.02936348132789135,-0.17293868958950043,2.710686683654785
1788678831348413200,55.0544130859375,-0.9727452993392944,-0.08000371605157852,0.031009908765554428,0.21541720628738403,0.026241587474942207,-0.16982169449329376,2.7079551219940186
1788678831364312800,55.07031274414062,-0.972875714302063,-0.07804097980260849,0.02889629453420639,0.2158416360616684,0.022848570719361305,-0.1650710254907608,2.706836462020874
1788678831380182000,55.08618212890625,-0.9731023907661438,-0.0758824348449707,0.027035605162382126,0.21583053469657898,0.020119765773415565,-0.16003522276878357,2.7066800594329834
1788678831396051200,55.10205126953125,-0.9732938408851624,-0.07359027117490768,0.025941606611013412,0.21589520573616028,0.018950553610920906,-0.15507201850414276,2.706495523452759
1788678831411889700,55.1178896484375,-0.9734199643135071,-0.07130271941423416,0.025667034089565277,0.2161264568567276,0.019368870183825493,-0.15047687292099,2.706084966659546
1788678831427789300,55.13378930664062,-0.9735382199287415,-0.06924363225698471,0.025855697691440582,0.21624073386192322,0.020618829876184464,-0.14652854204177856,2.705965995788574
1788678831443658500,55.14965844726562,-0.9736856818199158,-0.0677332654595375,0.026040587574243546,0.21603339910507202,0.0216702688485384,-0.14364658296108246,2.70648193359375
1788678831459527700,55.16552758789062,-0.9741342067718506,-0.06268966943025589,0.02585310861468315,0.21555544435977936,0.023554906249046326,-0.13367964327335358,2.707629680633545
1788678831475396900,55.18139697265625,-0.9741185903549194,-0.06358398497104645,0.025254258885979652,0.2154352366924286,0.022007325664162636,-0.13516922295093536,2.707771062850952
1788678831491235300,55.1972353515625,-0.9740318655967712,-0.0648641288280487,0.024553170427680016,0.21552693843841553,0.020061541348695755,-0.1373748779296875,2.707444429397583
1788678831507135000,55.21313500976562,-0.9739328622817993,-0.06594660133123398,0.02400398813188076,0.21570724248886108,0.01848623715341091,-0.13926047086715698,2.7069578170776367
1788678831522973700,55.2289736328125,-0.973875105381012,-0.0667194128036499,0.023471998050808907,0.21578897535800934,0.017092319205403328,-0.14054498076438904,2.706686496734619
1788678831538873300,55.24487329101562,-0.9739353656768799,-0.06703666597604752,0.022988563403487206,0.2154703587293625,0.01604977250099182,-0.1409517228603363,2.707266330718994
1788678831554773000,55.26077294921875,-0.9741787314414978,-0.06677499413490295,0.022560900077223778,0.2144947648048401,0.015463344752788544,-0.1402391791343689,2.7092347145080566
1788678831570672600,55.27667260742187,-0.9747077226638794,-0.0657283216714859,0.022333180531859398,0.21242868900299072,0.01576210744678974,-0.1380583792924881,2.7135117053985596
1788678831586541800,55.29254174804687,-0.9750012755393982,-0.06409190595149994,0.022595060989260674,0.21155203878879547,0.01709916815161705,-0.13494865596294403,2.7154197692871094
1788678831602441500,55.30844140625,-0.975453794002533,-0.06196081265807152,0.023294424638152122,0.21001961827278137,0.019588477909564972,-0.1310390830039978,2.7187435626983643
1788678831618371600,55.32437158203125,-0.9759409427642822,-0.06091802939772606,0.02384759858250618,0.20798969268798828,0.021386878564953804,-0.12918391823768616,2.723024606704712
1788678831634240800,55.34024072265625,-0.976159930229187,-0.06303654611110687,0.023593226447701454,0.2063530683517456,0.020226482301950455,-0.133198082447052,2.726290464401245
1788678831650079500,55.35607958984375,-0.9762237668037415,-0.06642638891935349,0.023265352472662926,0.20502039790153503,0.018366774544119835,-0.13968761265277863,2.7288668155670166
1788678831666009600,55.37200952148437,-0.9766374230384827,-0.0666045993566513,0.023315047845244408,0.2029770016670227,0.01868624798953533,-0.1400189995765686,2.733072519302368
1788678831681939700,55.38793969726562,-0.9772893786430359,-0.06418105959892273,0.02357090264558792,0.200576052069664,0.020513763651251793,-0.13531501591205597,2.738130569458008
1788678831697809000,55.40380883789062,-0.9779208898544312,-0.0606917068362236,0.02480018138885498,0.1984241008758545,0.02462661638855934,-0.12890195846557617,2.742809534072876
1788678831713708500,55.41970849609375,-0.9782581925392151,-0.060625024139881134,0.025932783260941505,0.19662915170192719,0.027125906199216843,-0.12917104363441467,2.7466347217559814
1788678831729577700,55.43557763671875,-0.9782652854919434,-0.0655030831694603,0.02647019550204277,0.19495084881782532,0.026508457958698273,-0.13892599940299988,2.7500267028808594
1788678831745447000,55.45144702148438,-0.9782437682151794,-0.07074196636676788,0.02726973220705986,0.19310906529426575,0.026327714323997498,-0.14949403703212738,2.7537684440612793
1788678831761280500,55.467280517578125,-0.9785433411598206,-0.07213811576366425,0.02809515781700611,0.19094441831111908,0.027761632576584816,-0.152500182390213,2.7582943439483643
1788678831777149700,55.483149658203125,-0.9791404604911804,-0.06793604046106339,0.030317360535264015,0.18907567858695984,0.03404361754655838,-0.1450100839138031,2.7625539302825928
1788678831792988400,55.49898852539062,-0.9800049066543579,-0.05869344621896744,0.033915597945451736,0.18707038462162018,0.04489801079034805,-0.12807881832122803,2.7672362327575684
1788678831808888000,55.51488818359375,-0.9810063242912292,-0.04731379449367523,0.03715921938419342,0.18441063165664673,0.05580289661884308,-0.10673793405294418,2.77294921875
1788678831824787700,55.53078759765625,-0.9818055033683777,-0.039405182003974915,0.039086341857910156,0.18159739673137665,0.06274321675300598,-0.09170086681842804,2.7786810398101807
1788678831840687400,55.546687255859375,-0.9822962880134583,-0.04007585719227791,0.0387534536421299,0.1788468360900879,0.062106430530548096,-0.0927274227142334,2.784280300140381
1788678831856556500,55.562556640625,-0.9825379848480225,-0.04759771004319191,0.03726497292518616,0.17596842348575592,0.05683164671063423,-0.1068512350320816,2.790198802947998
1788678831872456200,55.57845629882812,-0.9826884269714355,-0.056367114186286926,0.03571746125817299,0.17283131182193756,0.05112539976835251,-0.12344207614660263,2.7965619564056396
1788678831888355800,55.59435595703125,-0.9828172922134399,-0.06299407035112381,0.03493991494178772,0.16994456946849823,0.047727521508932114,-0.13611897826194763,2.802401304244995
1788678831904255500,55.61025537109375,-0.9828776121139526,-0.06564372032880783,0.03610079735517502,0.1683424860239029,0.04937861114740372,-0.1416674703359604,2.8058385848999023
1788678831920124400,55.62612451171875,-0.9830588698387146,-0.06481409817934036,0.03864769637584686,0.16703538596630096,0.05490412190556526,-0.14080806076526642,2.808852434158325
1788678831935993600,55.64199365234375,-0.9833985567092896,-0.061074353754520416,0.04179755598306656,0.16568084061145782,0.06257417052984238,-0.13437500596046448,2.811983823776245
1788678831951832300,55.657832275390625,-0.9838114380836487,-0.0561479814350605,0.044372860342264175,0.16429758071899414,0.06945981085300446,-0.1253870576620102,2.815006732940674
1788678831967732000,55.67373193359375,-0.9843277931213379,-0.05103000998497009,0.045064691454172134,0.16267722845077515,0.07266061007976532,-0.11537832766771317,2.8182172775268555
1788678831983601200,55.68960107421875,-0.9848964810371399,-0.04653991013765335,0.04425717890262604,0.16079285740852356,0.07268328964710236,-0.10610544681549072,2.8217921257019043
1788678831999470300,55.70547021484375,-0.9854403734207153,-0.0437358021736145,0.04202950373291969,0.15883319079875946,0.06934146583080292,-0.09971456974744797,2.8254430294036865
1788678832015339300,55.72133935546875,-0.9858697056770325,-0.04275155067443848,0.03950011357665062,0.15707670152187347,0.06480223685503006,-0.09685536473989487,2.8287343978881836
1788678832031208400,55.73720849609375,-0.9861749410629272,-0.043454062193632126,0.03751831129193306,0.15544506907463074,0.06081608682870865,-0.0975252091884613,2.831885576248169
1788678832047108000,55.753108154296875,-0.9864104986190796,-0.04483514279127121,0.03610878065228462,0.1538846641778946,0.0577562153339386,-0.09973012655973434,2.834961414337158
1788678832063069000,55.76906884765625,-0.986588716506958,-0.046319130808115005,0.03508409485220909,0.1525333821773529,0.055414505302906036,-0.10227707028388977,2.8376450538635254
1788678832078938000,55.78493823242187,-0.986704409122467,-0.04747813567519188,0.03461086377501488,0.151533842086792,0.05423387140035629,-0.10437259823083878,2.839655876159668
1788678832094837800,55.800837646484375,-0.9868080615997314,-0.04818219318985939,0.03453053534030914,0.15065164864063263,0.053959719836711884,-0.1056939959526062,2.8414559364318848
1788678832110737400,55.8167373046875,-0.986515998840332,-0.04841231554746628,0.03469259664416313,0.15244318544864655,0.054020363837480545,-0.10629641264677048,2.837838649749756
1788678832126637000,55.832636962890625,-0.9861692190170288,-0.048314131796360016,0.03479865938425064,0.1546775996685028,0.05401929095387459,-0.10625679790973663,2.8333072662353516
1788678832142506200,55.84850634765625,-0.9860252737998962,-0.048294153064489365,0.03454706445336342,0.15565483272075653,0.053420305252075195,-0.10619281977415085,2.8312947750091553
1788678832158436400,55.864436279296875,-0.9856134057044983,-0.05556295067071915,0.03260968253016472,0.15625536441802979,0.047274548560380936,-0.12000589072704315,2.8299779891967773
1788678832174336000,55.8803359375,-0.9850704073905945,-0.06547751277685165,0.03064502216875553,0.15623702108860016,0.04031476750969887,-0.1390230804681778,2.829810619354248
1788678832190235600,55.896235595703125,-0.9846915006637573,-0.06953064352273941,0.03095356374979019,0.15681180357933044,0.03959118574857712,-0.14717091619968414,2.828664541244507
1788678832206135300,55.91213525390625,-0.9841153025627136,-0.07207179814577103,0.032276637852191925,0.15899983048439026,0.041098788380622864,-0.15271073579788208,2.824373245239258
1788678832222004500,55.92800439453125,-0.9835638999938965,-0.07294604182243347,0.0342574268579483,0.16157783567905426,0.04436331242322922,-0.15518680214881897,2.8193953037261963
1788678832237904100,55.943904052734375,-0.9832826852798462,-0.07111229002475739,0.03586322069168091,0.16374363005161285,0.04780952259898186,-0.15217840671539307,2.815211534500122
1788678832253803800,55.9598037109375,-0.9832195043563843,-0.06770186871290207,0.036504924297332764,0.165418803691864,0.04993618652224541,-0.14572399854660034,2.8118762969970703
1788678832269642200,55.975642333984375,-0.9830163717269897,-0.0649099126458168,0.037103842943906784,0.1675974577665329,0.05172249674797058,-0.14051397144794464,2.807494640350342
1788678832285572600,55.991572509765625,-0.9822142124176025,-0.06474367529153824,0.04074675962328911,0.1714734584093094,0.05845874547958374,-0.1416313350200653,2.800067186355591
1788678832301441800,56.00744189453125,-0.9804808497428894,-0.0680595114827156,0.04819388687610626,0.17805227637290955,0.07114100456237793,-0.1511995941400528,2.7877049446105957
1788678832317310700,56.023310791015625,-0.9783756136894226,-0.07270870357751846,0.05515820533037186,0.18561339378356934,0.0821254551410675,-0.16347621381282806,2.773348808288574
1788678832333241000,56.039240966796875,-0.9764897227287292,-0.07691729068756104,0.05817362293601036,0.1927889585494995,0.08533774316310883,-0.17351776361465454,2.759171962738037
1788678832349140700,56.055140625,-0.9755079746246338,-0.07894646376371384,0.05442396551370621,0.19796434044837952,0.07618074119091034,-0.17648860812187195,2.7479045391082764
1788678832365040400,56.071040283203125,-0.9756582975387573,-0.07811396569013596,0.04562912508845329,0.1997678428888321,0.05872220918536186,-0.17149494588375092,2.74272084236145
1788678832380970500,56.086970458984375,-0.975941002368927,-0.07748118042945862,0.039081621915102005,0.20002134144306183,0.04594708979129791,-0.16765271127223969,2.7411484718322754
1788678832396839700,56.102839599609375,-0.9755619168281555,-0.0800231546163559,0.03752272576093674,0.20116472244262695,0.0416426956653595,-0.17207957804203033,2.7384774684906006
1788678832412678100,56.11867822265625,-0.9742158055305481,-0.08619193732738495,0.040785644203424454,0.20447735488414764,0.04500805214047432,-0.18568375706672668,2.7320120334625244
1788678832428577800,56.134577880859375,-0.9723284840583801,-0.09363572299480438,0.04596732184290886,0.2090378999710083,0.05131644010543823,-0.20269224047660828,2.72328519821167
1788678832444416500,56.15041650390625,-0.9707038402557373,-0.09884858876466751,0.04976585879921913,0.21327558159828186,0.05576128885149956,-0.21478062868118286,2.7150537967681885
1788678832460346600,56.1663466796875,-0.9697514772415161,-0.1003095731139183,0.05129009857773781,0.21653994917869568,0.05743153765797615,-0.2184978425502777,2.7085132598876953
1788678832476246300,56.182246337890625,-0.9695302844047546,-0.09890738129615784,0.05014326423406601,0.2184353619813919,0.055326662957668304,-0.21535426378250122,2.704374313354492
1788678832492207000,56.19820703125,-0.969839870929718,-0.0961807444691658,0.04612055793404579,0.21916411817073822,0.04836404696106911,-0.2082783728837967,2.702155113220215
1788678832508106800,56.214106689453125,-0.9704277515411377,-0.09353971481323242,0.040869370102882385,0.2187463939189911,0.03919576108455658,-0.20077326893806458,2.702127456665039
1788678832524006400,56.23000634765625,-0.9711464643478394,-0.09124302864074707,0.03615117818117142,0.2173534333705902,0.03114226832985878,-0.1941533386707306,2.7042603492736816
1788678832539875600,56.24587548828125,-0.9717811942100525,-0.08867006748914719,0.03417554870247841,0.21589571237564087,0.028644990175962448,-0.18820156157016754,2.7070677280426025
1788678832555775200,56.261775146484375,-0.9724001884460449,-0.08545719087123871,0.03397875651717186,0.2144302874803543,0.029930155724287033,-0.18176861107349396,2.7102346420288086
1788678832571644400,56.27764453125,-0.9730898141860962,-0.08186636120080948,0.03381947800517082,0.21272149682044983,0.03147293999791145,-0.17460069060325623,2.7139103412628174
1788678832587544000,56.2935439453125,-0.9737294912338257,-0.07871400564908981,0.03322990983724594,0.21107082068920135,0.031941067427396774,-0.16811074316501617,2.717358350753784
1788678832603443700,56.309443603515625,-0.9742675423622131,-0.0769292414188385,0.03190356120467186,0.20944422483444214,0.030352286994457245,-0.16399748623371124,2.720580577850342
1788678832619312600,56.325312744140625,-0.9748044013977051,-0.07633677124977112,0.029347646981477737,0.20752789080142975,0.025872820988297462,-0.16171163320541382,2.7241687774658203
1788678832635212500,56.34121264648437,-0.9753553867340088,-0.07660526037216187,0.02415904588997364,0.20549894869327545,0.015845876187086105,-0.16004639863967896,2.7275547981262207
1788678832651051000,56.357051025390625,-0.9758562445640564,-0.07735241204500198,0.018338017165660858,0.2034326195716858,0.0043737818486988544,-0.15910114347934723,2.7308967113494873
1788678832666950700,56.37295068359375,-0.9760764241218567,-0.08007398247718811,0.013902509585022926,0.2016672044992447,-0.005225756671279669,-0.16264009475708008,2.733680248260498
1788678832682819800,56.38881982421875,-0.9761043787002563,-0.08482857048511505,0.011037920601665974,0.19975633919239044,-0.012524420395493507,-0.1708427220582962,2.7368016242980957
1788678832698689000,56.40468896484375,-0.9761006236076355,-0.09080991894006729,0.008718457072973251,0.1972440481185913,-0.019119195640087128,-0.18171699345111847,2.7410738468170166
1788678832714558200,56.42055810546875,-0.9761383533477783,-0.09621655195951462,0.007727574557065964,0.19451628625392914,-0.022765375673770905,-0.1920255571603775,2.7460105419158936
1788678832730427400,56.43642749023437,-0.9762508869171143,-0.09989488124847412,0.00902733113616705,0.19202567636966705,-0.021161578595638275,-0.19983936846256256,2.7510359287261963
1788678832746327000,56.4523271484375,-0.9765698909759521,-0.10126636922359467,0.012790033593773842,0.1894540786743164,-0.013674020767211914,-0.2040465921163559,2.7569541931152344
1788678832778065200,56.484065185546875,-0.9777014255523682,-0.09815925359725952,0.023346533998847008,0.1841733157634735,0.009692290797829628,-0.2019096165895462,2.770190715789795
1788678832793934300,56.499934326171875,-0.9784513115882874,-0.09519409388303757,0.027399849146604538,0.18116405606269836,0.0195077583193779,-0.19749465584754944,2.7773642539978027
1788678832809803500,56.515803466796875,-0.9792501926422119,-0.09259229153394699,0.029391273856163025,0.1778535544872284,0.025095578283071518,-0.19299252331256866,2.7846944332122803
1788678832825642200,56.53164233398437,-0.9799959659576416,-0.09129225462675095,0.02941851131618023,0.17437921464443207,0.026299037039279938,-0.19033926725387573,2.791912078857422
1788678832841542000,56.5475419921875,-0.9805064797401428,-0.0919589176774025,0.028862735256552696,0.1712241917848587,0.02557876706123352,-0.19138279557228088,2.7982780933380127
1788678832857441500,56.56344165039062,-0.9804892539978027,-0.09467989206314087,0.029368173331022263,0.16974754631519318,0.025951320305466652,-0.19690552353858948,2.8013038635253906
1788678832873280000,56.579280029296875,-0.9800611734390259,-0.09862001240253448,0.031219221651554108,0.16964565217494965,0.028331484645605087,-0.20533967018127441,2.8017146587371826
1788678832889210000,56.595210205078125,-0.9794957041740417,-0.10212960094213486,0.034587614238262177,0.17018073797225952,0.03376855328679085,-0.21346068382263184,2.801158905029297
1788678832905048800,56.611048828125,-0.9793204069137573,-0.10286802053451538,0.03712828457355499,0.17020952701568604,0.03860752284526825,-0.21579155325889587,2.801605701446533
1788678832920948500,56.626948486328125,-0.9800925850868225,-0.09922134876251221,0.0365997776389122,0.16803009808063507,0.03925638645887375,-0.20829489827156067,2.8061118125915527
1788678832936817700,56.642817626953125,-0.9815759658813477,-0.09180252254009247,0.03434457629919052,0.1640165001153946,0.03802195563912392,-0.19267845153808594,2.814136505126953
1788678832952686800,56.658686767578125,-0.9829947352409363,-0.08393987268209457,0.03257177770137787,0.16004513204097748,0.037762030959129333,-0.17636367678642273,2.822136402130127
1788678832968525300,56.674525390625,-0.9837881326675415,-0.07875767350196838,0.03335810825228691,0.15762433409690857,0.041388627141714096,-0.16624251008033752,2.827298164367676
1788678832984364000,56.690364013671875,-0.983869731426239,-0.07678400725126266,0.037621669471263885,0.15712815523147583,0.050597045570611954,-0.16364316642284393,2.8290090560913086
1788678833000233200,56.706233154296875,-0.9831678867340088,-0.0775599405169487,0.04591132700443268,0.1589263528585434,0.06660955399274826,-0.1678895205259323,2.8266775608062744
1788678833016102400,56.722102294921875,-0.9820638298988342,-0.07945205271244049,0.05489007383584976,0.1619420051574707,0.08344359695911407,-0.17471958696842194,2.822047233581543
1788678833031971600,56.7379716796875,-0.9808412194252014,-0.0813785046339035,0.06436874717473984,0.16487787663936615,0.1012764498591423,-0.1818656176328659,2.8177523612976074
1788678833047840500,56.753840576171875,-0.9797934889793396,-0.08236851543188095,0.07111585140228271,0.16781766712665558,0.11392642557621002,-0.18635401129722595,2.8129851818084717
1788678833063740200,56.769740234375,-0.9793553948402405,-0.08234172314405441,0.07341435551643372,0.16939081251621246,0.1182388961315155,-0.1872473508119583,2.810173749923706
1788678833079639800,56.785639892578125,-0.9795891642570496,-0.08172406256198883,0.07256864756345749,0.16870109736919403,0.11687084287405014,-0.18566162884235382,2.81139874458313
1788678833095539500,56.80153955078125,-0.980558454990387,-0.08018630743026733,0.06843346357345581,0.16550615429878235,0.10966888815164566,-0.1808919459581375,2.8171255588531494
1788678833111439400,56.817439453125,-0.9819761514663696,-0.07788535207509995,0.062225550413131714,0.16057667136192322,0.09884276241064072,-0.17382104694843292,2.826033115386963
1788678833127339000,56.83333911132812,-0.9836039543151855,-0.07529899477958679,0.05443568900227547,0.15456488728523254,0.08507580310106277,-0.16571387648582458,2.836928606033325
1788678833143208000,56.8492080078125,-0.9851298332214355,-0.07282417267560959,0.04727362468838692,0.14826029539108276,0.07251525670289993,-0.15815867483615875,2.8485872745513916
1788678833159046700,56.865046630859375,-0.9862776398658752,-0.07009641081094742,0.04474505037069321,0.14262114465236664,0.06911483407020569,-0.15161240100860596,2.859624147415161
1788678833174915800,56.880915771484375,-0.9868128299713135,-0.06817976385354996,0.04738050326704979,0.13895002007484436,0.07546301931142807,-0.14827103912830353,2.8674256801605225
1788678833190785000,56.896784912109375,-0.986876904964447,-0.0671323910355568,0.05319089815020561,0.13688647747039795,0.08767101913690567,-0.14760039746761322,2.8724241256713867
1788678833206623500,56.91262353515625,-0.9867944717407227,-0.06606585532426834,0.05907440930604935,0.1355806142091751,0.09991509467363358,-0.1469336599111557,2.8758721351623535
1788678833222553900,56.92855395507812,-0.9867067337036133,-0.06463538110256195,0.0638422816991806,0.13474512100219727,0.10994567722082138,-0.1452675759792328,2.8781585693359375
1788678833238422800,56.9444228515625,-0.9867591857910156,-0.06328495591878891,0.06624126434326172,0.13384103775024414,0.1152181625366211,-0.1431136578321457,2.8802318572998047
1788678833254292000,56.9602919921875,-0.9869062900543213,-0.0629887804389,0.0665351003408432,0.13274593651294708,0.11603814363479614,-0.14247408509254456,2.8824727535247803
1788678833270191600,56.976191650390625,-0.987040102481842,-0.064440056681633,0.06566908955574036,0.13147962093353271,0.11413345485925674,-0.14498555660247803,2.8850371837615967
1788678833286060800,56.992060791015625,-0.9871649146080017,-0.06741072237491608,0.06402875483036041,0.12985266745090485,0.11037244647741318,-0.15028467774391174,2.8883302211761475
1788678833301930000,57.007929931640625,-0.9871928691864014,-0.0715937614440918,0.062238287180662155,0.1282619833946228,0.1060333326458931,-0.15797556936740875,2.8915889263153076
1788678833317799200,57.023799072265625,-0.9870104193687439,-0.07663395255804062,0.061282798647880554,0.12720878422260284,0.10310208052396774,-0.16765272617340088,2.8939106464385986
1788678833333668400,57.03966845703125,-0.9866629838943481,-0.08181856572628021,0.06104027479887009,0.12679167091846466,0.10147687792778015,-0.17786991596221924,2.8950388431549072
1788678833349568000,57.05556811523437,-0.9862098693847656,-0.0864616185426712,0.06118447333574295,0.12716509401798248,0.10061605274677277,-0.1871909648180008,2.894573926925659
1788678833365467600,57.071467529296875,-0.9857591986656189,-0.08984548598527908,0.0613439604640007,0.1282321959733963,0.09993802011013031,-0.19408069550991058,2.8926126956939697
1788678833389332200,57.095332275390625,-0.9851582646369934,-0.09314011037349701,0.06077302619814873,0.13074685633182526,0.09749586135149002,-0.20075300335884094,2.887528657913208
1788678833405262600,57.1112626953125,-0.9848471283912659,-0.09523090720176697,0.059962671250104904,0.13195379078388214,0.09510438144207001,-0.2048296481370926,2.8849925994873047
1788678833421101000,57.12710107421875,-0.9842882752418518,-0.09883348643779755,0.06000138446688652,0.13344860076904297,0.09398142248392105,-0.21216361224651337,2.8820931911468506
1788678833436939800,57.142939697265625,-0.9831121563911438,-0.1043417826294899,0.06165207922458649,0.13712206482887268,0.09512154757976532,-0.22393396496772766,2.875128984451294
1788678833460835000,57.1668349609375,-0.9808058738708496,-0.11270523816347122,0.06372606754302979,0.14579547941684723,0.09505108743906021,-0.24202166497707367,2.8580236434936523
1788678833476704000,57.1827041015625,-0.980104386806488,-0.11536090075969696,0.0591597706079483,0.15029148757457733,0.08392011374235153,-0.24639958143234253,2.8476760387420654
1788678833492573200,57.1985732421875,-0.980591356754303,-0.11447957903146744,0.04914218187332153,0.15139368176460266,0.0636049434542656,-0.24174268543720245,2.842959403991699
1788678833508472800,57.214472900390625,-0.9816420078277588,-0.11275664716959,0.03837595880031586,0.1489710509777069,0.04294067248702049,-0.23496313393115997,2.8454458713531494
1788678833524342000,57.230342041015625,-0.9824545979499817,-0.11304278671741486,0.031179124489426613,0.14502471685409546,0.029273075982928276,-0.23327216506004333,2.85191011428833
1788678833540241700,57.24624169921875,-0.9823564291000366,-0.117096446454525,0.02914351038634777,0.14288072288036346,0.024505870416760445,-0.240706667304039,2.8556883335113525
1788678833556110800,57.26211083984375,-0.9812363386154175,-0.12378430366516113,0.03137108311057091,0.14446017146110535,0.026664596050977707,-0.25473302602767944,2.8526623249053955
1788678833572010500,57.278010498046875,-0.9796536564826965,-0.1299770325422287,0.03483100235462189,0.14890152215957642,0.030637355521321297,-0.26824307441711426,2.844047784805298
1788678833587879700,57.293879638671875,-0.9783271551132202,-0.13316884636878967,0.03783140331506729,0.15398353338241577,0.03431365266442299,-0.2756955027580261,2.834125518798828
1788678833603718400,57.30971850585937,-0.9776922464370728,-0.13201875984668732,0.039844077080488205,0.1584339588880539,0.037486813962459564,-0.27419567108154297,2.825460195541382
1788678833619618000,57.3256181640625,-0.9775614738464355,-0.1290215402841568,0.04000592231750488,0.16163715720176697,0.03787178546190262,-0.26839667558670044,2.818976879119873
1788678833635487000,57.341487060546875,-0.9777310490608215,-0.12608176469802856,0.038827985525131226,0.16321071982383728,0.03600925952196121,-0.2622169852256775,2.815535545349121
1788678833651447800,57.35744775390625,-0.9781001210212708,-0.1239246279001236,0.036585960537195206,0.16317015886306763,0.03219205513596535,-0.25718677043914795,2.815153121948242
1788678833667286500,57.37328662109375,-0.9785033464431763,-0.12305756658315659,0.034015096724033356,0.16196051239967346,0.027599819004535675,-0.25458383560180664,2.8170623779296875
1788678833683186200,57.38918627929687,-0.9788960814476013,-0.12289552390575409,0.031085040420293808,0.16029025614261627,0.022169120609760284,-0.25326812267303467,2.8198041915893555
1788678833699024600,57.405024658203125,-0.9792124032974243,-0.1227157935500145,0.027882641181349754,0.15908010303974152,0.016070440411567688,-0.25185492634773254,2.8215267658233643
1788678833714924300,57.42092431640625,-0.9794240593910217,-0.12228929251432419,0.025127198547124863,0.1585635542869568,0.010774577967822552,-0.2501142621040344,2.8219428062438965
1788678833730793500,57.43679345703125,-0.9794862270355225,-0.12139694392681122,0.023552436381578445,0.15910659730434418,0.0077451919205486774,-0.2478373497724533,2.820492744445801
1788678833746662700,57.45266259765625,-0.979423463344574,-0.1199251040816307,0.022904090583324432,0.1606954038143158,0.006516985595226288,-0.24471114575862885,2.8171489238739014
1788678833762592800,57.4685927734375,-0.979354202747345,-0.11793014407157898,0.022956926375627518,0.16257578134536743,0.006817465182393789,-0.24077489972114563,2.8134114742279053
1788678833778462000,57.4844619140625,-0.9793093800544739,-0.11588411033153534,0.02317240834236145,0.16427786648273468,0.0075214761309325695,-0.23679287731647491,2.810084819793701
1788678833794331100,57.5003310546875,-0.9792494773864746,-0.11447632312774658,0.022525139153003693,0.16570556163787842,0.0063495151698589325,-0.233790785074234,2.8070805072784424
1788678833810200300,57.51620043945312,-0.9791291952133179,-0.11383834481239319,0.021224750205874443,0.16702230274677277,0.003633902408182621,-0.2320929914712906,2.8041038513183594
1788678833826069200,57.5320693359375,-0.9790055751800537,-0.11322825402021408,0.020582344383001328,0.16823726892471313,0.002261945977807045,-0.23066774010658264,2.8014891147613525
1788678833841938400,57.5479384765625,-0.9786562323570251,-0.11443739384412766,0.0194579865783453,0.169580340385437,-0.0007474461453966796,-0.23268307745456696,2.7983551025390625
1788678833857807600,57.5638076171875,-0.9781672954559326,-0.11634483933448792,0.019329451024532318,0.17111100256443024,-0.002058144425973296,-0.23642070591449738,2.794992208480835
1788678833873707300,57.579707275390625,-0.9776360988616943,-0.11875604093074799,0.019707532599568367,0.17244188487529755,-0.00249576848000288,-0.2413329780101776,2.7921085357666016
1788678833889576400,57.595576416015625,-0.9771613478660583,-0.12123115360736847,0.02089243195950985,0.17326949536800385,-0.0012176211457699537,-0.24665836989879608,2.7904515266418457
1788678833905537000,57.611537109375,-0.9769271612167358,-0.1230086162686348,0.022343840450048447,0.17315620183944702,0.0010913150617852807,-0.2506966292858124,2.7908825874328613
1788678833921467400,57.62746728515625,-0.9768987894058228,-0.12373474985361099,0.02572902850806713,0.17232677340507507,0.007875099778175354,-0.2533209025859833,2.793384313583374
1788678833937336600,57.64333666992187,-0.9771420359611511,-0.12322121113538742,0.029555590823292732,0.17069418728351593,0.01621302217245102,-0.2536090612411499,2.7977755069732666
1788678833953205500,57.65920556640625,-0.9775535464286804,-0.12129759043455124,0.03311610966920853,0.16905443370342255,0.0245037954300642,-0.25097304582595825,2.802198886871338
1788678833969074700,57.67507470703125,-0.9779695272445679,-0.11835893988609314,0.03636129945516586,0.1680614948272705,0.032317329198122025,-0.24620456993579865,2.8052213191986084
1788678833984943900,57.69094384765625,-0.9781753420829773,-0.11546313762664795,0.039795003831386566,0.16810059547424316,0.04021266847848892,-0.24160932004451752,2.8060975074768066
1788678834000813000,57.70681298828125,-0.9780216813087463,-0.11323347687721252,0.04399067163467407,0.16945990920066833,0.04908088594675064,-0.23865802586078644,2.804349184036255
1788678834016682200,57.72268212890625,-0.9777892231941223,-0.11106301844120026,0.047757118940353394,0.17120932042598724,0.05696810036897659,-0.23572228848934174,2.8016579151153564
1788678834032490200,57.738490234375,-0.9777616262435913,-0.10851050913333893,0.050386693328619,0.1722465604543686,0.06287040561437607,-0.23161809146404266,2.800158739089966
1788678834048390000,57.754389892578125,-0.9782843589782715,-0.10550469905138016,0.050896454602479935,0.17099130153656006,0.06520096957683563,-0.22574537992477417,2.802908182144165
1788678834064259000,57.770259033203125,-0.9795848727226257,-0.10215958952903748,0.047994133085012436,0.16635359823703766,0.06153145432472229,-0.21783466637134552,2.811891794204712
1788678834080158700,57.78615869140625,-0.9813395738601685,-0.09878002852201462,0.04240701347589493,0.1594262421131134,0.05290964990854263,-0.20891138911247253,2.8250393867492676
1788678834096058400,57.802058349609375,-0.9828435182571411,-0.09674019366502762,0.03598879277706146,0.15285564959049225,0.042039643973112106,-0.2025451809167862,2.837289571762085
1788678834111897000,57.81789697265625,-0.9836517572402954,-0.09712791442871094,0.030719803646206856,0.14849838614463806,0.03224683552980423,-0.2015659064054489,2.845184087753296
1788678834127796700,57.833796630859375,-0.9836902022361755,-0.10036558657884598,0.02773253247141838,0.14666704833507538,0.025670940056443214,-0.2070687860250473,2.848243236541748
1788678834143696400,57.8496962890625,-0.9832239151000977,-0.10519971698522568,0.02756880782544613,0.14643698930740356,0.023964745923876762,-0.21663443744182587,2.848501205444336
1788678834159657000,57.865656982421875,-0.9826032519340515,-0.10964194685220718,0.029950346797704697,0.14687593281269073,0.02735110931098461,-0.22619085013866425,2.8479437828063965
1788678834175526100,57.881526123046875,-0.9821670055389404,-0.112160824239254,0.03327915444970131,0.1471753567457199,0.033255189657211304,-0.23219797015190125,2.847989559173584
1788678834191425800,57.89742578125,-0.9821308851242065,-0.11145859211683273,0.03680768609046936,0.14710935950279236,0.0406038761138916,-0.2318345308303833,2.8489601612091064
1788678834207325400,57.913325439453125,-0.9824029207229614,-0.10855577141046524,0.039567045867443085,0.14674712717533112,0.047104816883802414,-0.22684422135353088,2.850400686264038
1788678834223194600,57.929194580078125,-0.9829660058021545,-0.10415706783533096,0.04076281934976578,0.14583396911621094,0.050990331918001175,-0.2183866798877716,2.8526103496551514
1788678834239094300,57.94509423828125,-0.9837403893470764,-0.0993221253156662,0.04052319377660751,0.1440415233373642,0.0522720105946064,-0.20859792828559875,2.8562874794006348
1788678834255024400,57.9610244140625,-0.9846082925796509,-0.09533309936523438,0.03889467567205429,0.14122772216796875,0.05069703236222267,-0.20004919171333313,2.8617541790008545
1788678834270924000,57.976924072265625,-0.9853818416595459,-0.09295041859149933,0.03684172406792641,0.13793325424194336,0.047885965555906296,-0.1945720762014389,2.868115186691284
1788678834286793200,57.992793212890625,-0.9859063029289246,-0.09242326021194458,0.03564520180225372,0.13481928408145905,0.04623991996049881,-0.19304953515529633,2.8742635250091553
1788678834302692900,58.00869287109375,-0.9860975742340088,-0.0930924266576767,0.03630143404006958,0.1327691525220871,0.04779253900051117,-0.19445909559726715,2.8785829544067383
1788678834318592500,58.024592529296875,-0.9860423803329468,-0.09372357279062271,0.03900281712412834,0.13196629285812378,0.05322793126106262,-0.19638483226299286,2.8807499408721924
1788678834334492200,58.0404921875,-0.9860069751739502,-0.09341872483491898,0.041970204561948776,0.1315361112356186,0.05936692655086517,-0.19652685523033142,2.882207155227661
1788678834350391800,58.056391845703125,-0.986016035079956,-0.09231086075305939,0.04418942332267761,0.13152338564395905,0.06411785632371902,-0.19489534199237823,2.882650852203369
1788678834366261000,58.072260986328125,-0.9859907031059265,-0.09128502756357193,0.045205794274806976,0.1320827454328537,0.06631144881248474,-0.19315296411514282,2.881685733795166
1788678834382130200,58.088130126953125,-0.9858782291412354,-0.0913681909441948,0.04541836678981781,0.13279011845588684,0.06657816469669342,-0.19342182576656342,2.8802812099456787
1788678834397999400,58.103999267578125,-0.9856147170066833,-0.09312335401773453,0.0447961688041687,0.13373519480228424,0.06468892097473145,-0.19681736826896667,2.8782546520233154
1788678834413868500,58.11986865234375,-0.9852031469345093,-0.09636615216732025,0.043365515768527985,0.13493669033050537,0.060724154114723206,-0.20297451317310333,2.8755457401275635
1788678834429737500,58.135737548828125,-0.9846873879432678,-0.10053585469722748,0.041342124342918396,0.13628751039505005,0.055265676230192184,-0.2108197808265686,2.872375249862671
1788678834445606700,58.151606689453125,-0.984177827835083,-0.10477959364652634,0.039018165320158005,0.1374516785144806,0.04918847978115082,-0.21870917081832886,2.869466543197632
1788678834461506300,58.16750634765625,-0.9836282730102539,-0.1088934913277626,0.03725191950798035,0.13867175579071045,0.04422669857740402,-0.22648431360721588,2.8665096759796143
1788678834477406000,58.183406005859375,-0.9831088185310364,-0.11230801790952682,0.03570405766367912,0.1400330513715744,0.03983420878648758,-0.23292189836502075,2.863279104232788
1788678834493275100,58.199275146484375,-0.9819991588592529,-0.11947456747293472,0.032055579125881195,0.14274448156356812,0.029750386252999306,-0.24628151953220367,2.8565750122070312
1788678834509113900,58.21511376953125,-0.9816648364067078,-0.1196943074464798,0.03224720433354378,0.14480182528495789,0.029547741636633873,-0.24683725833892822,2.8523576259613037
1788678834525013500,58.231013427734375,-0.981354296207428,-0.11896011978387833,0.03297112509608269,0.1473264992237091,0.030583608895540237,-0.2456625998020172,2.8473427295684814
1788678834540882700,58.246882568359375,-0.9808964729309082,-0.11849470436573029,0.033546723425388336,0.1505848616361618,0.031057067215442657,-0.24500928819179535,2.8407599925994873
1788678834556721200,58.26272119140625,-0.9802800416946411,-0.11901836842298508,0.033207714557647705,0.1542171835899353,0.029282426461577415,-0.2460605502128601,2.83313250541687
1788678834572590300,58.27859033203125,-0.9794341325759888,-0.12104583531618118,0.03300165385007858,0.15801197290420532,0.027243677526712418,-0.2501426339149475,2.8251149654388428
1788678834588520400,58.2945205078125,-0.9784508943557739,-0.12468423694372177,0.03263857215642929,0.16131511330604553,0.024451207369565964,-0.2573564946651459,2.817960739135742
1788678834604420000,58.310420166015625,-0.977648913860321,-0.12815652787685394,0.0312727615237236,0.16370907425880432,0.019876033067703247,-0.2638750970363617,2.812405586242676
1788678834620319700,58.32631982421875,-0.9774773120880127,-0.12899255752563477,0.027561938390135765,0.16474029421806335,0.011791584081947803,-0.2643228769302368,2.8092260360717773
1788678834636219400,58.342219482421875,-0.9779772758483887,-0.12635059654712677,0.0221645999699831,0.16463547945022583,0.0018088981742039323,-0.25726258754730225,2.8082685470581055
1788678834652119000,58.358119140625,-0.9786548614501953,-0.12240931391716003,0.017434490844607353,0.1641547828912735,-0.006254612002521753,-0.24784651398658752,2.8084375858306885
1788678834667988200,58.37398828125,-0.9788604378700256,-0.12007387727499008,0.0161112193018198,0.16478776931762695,-0.008274865336716175,-0.2427583485841751,2.8070178031921387
1788678834683857400,58.389857421875,-0.9783625602722168,-0.12015269696712494,0.018185868859291077,0.16744986176490784,-0.004795967601239681,-0.24359829723834991,2.8019840717315674
1788678834699757000,58.405757080078125,-0.9774784445762634,-0.12172376364469528,0.021602511405944824,0.17103414237499237,0.0006128725362941623,-0.2478850781917572,2.795226573944092
1788678834715656700,58.42165673828125,-0.9766663908958435,-0.1232898011803627,0.024557076394557953,0.17412491142749786,0.005196697078645229,-0.252037912607193,2.789388656616211
1788678834739521500,58.445521484375,-0.9760792851448059,-0.12294402718544006,0.026596341282129288,0.1773320734500885,0.008588002994656563,-0.2521009147167206,2.78324556350708
1788678834755390700,58.461390625,-0.976052463054657,-0.12085422873497009,0.02640630677342415,0.17893779277801514,0.008558854460716248,-0.24790164828300476,2.780029773712158
1788678834771290400,58.477290283203125,-0.9761496782302856,-0.11838462948799133,0.02485426515340805,0.1802755743265152,0.006015217863023281,-0.24245183169841766,2.7770802974700928
1788678834787128800,58.49312890625,-0.9762710332870483,-0.1157173290848732,0.02280542626976967,0.18161597847938538,0.0025677569210529327,-0.23642297089099884,2.7740421295166016
1788678834802998000,58.508998046875,-0.9764308929443359,-0.11282622814178467,0.021053507924079895,0.18278317153453827,-0.00013442210911307484,-0.23005437850952148,2.771470069885254
1788678834818928000,58.52492822265625,-0.9766406416893005,-0.10955200344324112,0.02034188061952591,0.1837322860956192,-0.0005363869131542742,-0.22331219911575317,2.769625663757324
1788678834834797300,58.54079736328125,-0.9769233465194702,-0.1055840477347374,0.020717943087220192,0.18450932204723358,0.0015531642129644752,-0.2156069427728653,2.768422842025757
1788678834850666500,58.55666650390625,-0.977272093296051,-0.10098277032375336,0.021464938297867775,0.18515169620513916,0.004659193102270365,-0.20679455995559692,2.76759934425354
1788678834866505200,58.572505126953125,-0.9776342511177063,-0.096495620906353,0.022245120257139206,0.1855403184890747,0.00784115120768547,-0.19822518527507782,2.767263650894165
1788678834890308900,58.596308837890625,-0.9778234958648682,-0.09177162498235703,0.023348882794380188,0.18679964542388916,0.011583594605326653,-0.18932503461837769,2.7651689052581787
1788678834906208500,58.61220849609375,-0.977803647518158,-0.09058171510696411,0.023568470031023026,0.1874556988477707,0.012346258386969566,-0.18706749379634857,2.763925313949585
1788678834922108200,58.628108154296875,-0.9776877164840698,-0.090780109167099,0.023126348853111267,0.18801873922348022,0.01128151174634695,-0.1872987449169159,2.762671947479248
1788678834938038300,58.644038330078125,-0.9775967597961426,-0.0914803147315979,0.021769050508737564,0.18831373751163483,0.00825450662523508,-0.18816901743412018,2.761774778366089
1788678834953907500,58.659907470703125,-0.9775477647781372,-0.09217007458209991,0.020238427445292473,0.18840257823467255,0.004925585351884365,-0.1889495551586151,2.7612688541412354
1788678834969776600,58.675776611328125,-0.9775279760360718,-0.09228063374757767,0.01932051219046116,0.18854761123657227,0.003027917817234993,-0.18881945312023163,2.7607951164245605
1788678834985676300,58.69167626953125,-0.9777469635009766,-0.09099408984184265,0.02153228037059307,0.18779629468917847,0.00807049497961998,-0.18711572885513306,2.762830972671509
1788678835001545500,58.70754541015625,-0.9777494668960571,-0.09028291702270508,0.022330813109874725,0.18803320825099945,0.00988621637225151,-0.18601693212985992,2.7625296115875244
1788678835017445000,58.723445068359375,-0.977756142616272,-0.08962421119213104,0.023971306160092354,0.18811124563217163,0.013387203216552734,-0.1853390485048294,2.762700080871582
1788678835033314300,58.739314208984375,-0.9777858257293701,-0.08917457610368729,0.02618919126689434,0.1878749579191208,0.018016843125224113,-0.18528622388839722,2.7636072635650635
1788678835049183500,58.75518359375,-0.9778894782066345,-0.08892066776752472,0.02823048271238804,0.1871587634086609,0.022312795743346214,-0.18553902208805084,2.7654614448547363
1788678835065083100,58.77108325195312,-0.978105902671814,-0.08901645988225937,0.029187066480517387,0.1858305037021637,0.024436254054307938,-0.1860542893409729,2.7683677673339844
1788678835080952000,58.7869521484375,-0.9783918261528015,-0.08940447866916656,0.029000194743275642,0.18416111171245575,0.024241087958216667,-0.18670955300331116,2.771759510040283
1788678835096851700,58.802851806640625,-0.9786866307258606,-0.089877188205719,0.027979761362075806,0.18251539766788483,0.02235133945941925,-0.18722863495349884,2.774946928024292
1788678835112721000,58.818720947265625,-0.9788805246353149,-0.0906442403793335,0.027076832950115204,0.18122795224189758,0.020519888028502464,-0.1883862316608429,2.7774009704589844
1788678835128590000,58.834590087890625,-0.9787845611572266,-0.09209689497947693,0.02787911146879196,0.18089140951633453,0.021653879433870316,-0.19154128432273865,2.778172254562378
1788678835144459300,58.850459228515625,-0.9785439372062683,-0.09397310018539429,0.03055950626730919,0.18079568445682526,0.02633614093065262,-0.19622041285037994,2.7787857055664062
1788678835160328400,58.866328369140625,-0.97841876745224,-0.09522870928049088,0.034142088145017624,0.1801738739013672,0.03316192701458931,-0.19998042285442352,2.7807042598724365
1788678835176228000,58.88222802734375,-0.9787344336509705,-0.09466954320669174,0.036459099501371384,0.17829017341136932,0.038381803780794144,-0.19963672757148743,2.7850606441497803
1788678835192097300,58.89809716796875,-0.979995846748352,-0.09077627956867218,0.034679707139730453,0.1736816167831421,0.03712397813796997,-0.19112876057624817,2.7943406105041504
1788678835207997000,58.913996826171875,-0.981751561164856,-0.08511057496070862,0.030186131596565247,0.16735874116420746,0.03128274902701378,-0.178159698843956,2.8066940307617188
1788678835223896600,58.929896484375,-0.983291506767273,-0.07972899824380875,0.025428973138332367,0.1616620570421219,0.024569133296608925,-0.16577373445034027,2.8177313804626465
1788678835239765800,58.94576586914062,-0.9842668771743774,-0.07667617499828339,0.022543180733919144,0.1575799584388733,0.02047043852508068,-0.1587097942829132,2.8257174491882324
1788678835255634700,58.961634765625,-0.9844489097595215,-0.07727763801813126,0.02365080639719963,0.15597866475582123,0.02275201492011547,-0.1602143496274948,2.829146385192871
1788678835271473400,58.977473388671875,-0.9840801954269409,-0.07979974895715714,0.028030212968587875,0.15630899369716644,0.030650177970528603,-0.16659092903137207,2.829108238220215
1788678835287373000,58.993373046875,-0.9835143089294434,-0.08172409236431122,0.03372802957892418,0.15774424374103546,0.04118184745311737,-0.1722448617219925,2.827080726623535
1788678835303181000,59.00918115234375,-0.9831242561340332,-0.081706203520298,0.03899778053164482,0.15896549820899963,0.05150184780359268,-0.173928901553154,2.825470209121704
1788678835319111400,59.025111328125,-0.9831092357635498,-0.0788692981004715,0.042249660938978195,0.15965847671031952,0.058761946856975555,-0.16937395930290222,2.8245904445648193
1788678835335011000,59.041010986328125,-0.9833070635795593,-0.07578209787607193,0.04332438111305237,0.1596473753452301,0.061870548874139786,-0.16359616816043854,2.8247601985931396
1788678835350910700,59.05691064453125,-0.9836363792419434,-0.0739734098315239,0.04208751767873764,0.158796027302742,0.06010354310274124,-0.15956883132457733,2.8262860774993896
1788678835366810400,59.072810302734375,-0.9839292764663696,-0.07354860752820969,0.03920566663146019,0.1579141616821289,0.05462776497006416,-0.15776920318603516,2.82763934135437
1788678835382618400,59.088618408203125,-0.9842185378074646,-0.07397522032260895,0.03583035245537758,0.1567094922065735,0.047956258058547974,-0.15749578177928925,2.8295841217041016
1788678835398518000,59.10451806640625,-0.9845042824745178,-0.07432761043310165,0.03341047465801239,0.1552753746509552,0.043250832706689835,-0.15737617015838623,2.8321421146392822
1788678835414387200,59.12038720703125,-0.9847570657730103,-0.0739123672246933,0.03291666880249977,0.15397077798843384,0.04260148108005524,-0.15634402632713318,2.834733486175537
1788678835430348000,59.13634814453125,-0.9849373698234558,-0.07256923615932465,0.03427891060709953,0.15315692126750946,0.04585518687963486,-0.15406112372875214,2.8366050720214844
1788678835446247700,59.15224755859375,-0.9850648641586304,-0.07058364152908325,0.03647935017943382,0.15275661647319794,0.0509040504693985,-0.15077446401119232,2.8377437591552734
1788678835462086100,59.168086181640625,-0.9850913286209106,-0.06857439130544662,0.038641154766082764,0.15296894311904907,0.05578463897109032,-0.14745968580245972,2.837606906890869
1788678835478016300,59.184016357421875,-0.9849531650543213,-0.0669146329164505,0.04023817181587219,0.15417715907096863,0.0592862032353878,-0.144727885723114,2.8353466987609863
1788678835493885400,59.199885498046875,-0.984810471534729,-0.06582587212324142,0.04065161943435669,0.15544353425502777,0.06025302782654762,-0.14277465641498566,2.83280348777771
1788678835509754600,59.215754638671875,-0.9847903847694397,-0.06546767801046371,0.03986480087041855,0.1559254378080368,0.05872402340173721,-0.14185099303722382,2.8317058086395264
1788678835525623800,59.231623779296875,-0.9848361611366272,-0.0658261775970459,0.03814227879047394,0.15591666102409363,0.05518435686826706,-0.14202703535556793,2.8314907550811768
1788678835549458000,59.2554580078125,-0.9849522709846497,-0.0669618621468544,0.034848928451538086,0.15546977519989014,0.04834163933992386,-0.14323365688323975,2.8319547176361084
1788678835565357600,59.271357666015625,-0.9850428700447083,-0.06714767962694168,0.0331956185400486,0.15517716109752655,0.04503386840224266,-0.14307674765586853,2.8323216438293457
1788678835581226800,59.287226806640625,-0.9850726127624512,-0.06651216000318527,0.032538142055273056,0.1554008573293686,0.04388609901070595,-0.14162449538707733,2.831773519515991
1788678835597096000,59.303095947265625,-0.9850561618804932,-0.065152607858181,0.03250087425112724,0.1560872346162796,0.04413091391324997,-0.13895060122013092,2.830366849899292
1788678835613056800,59.31905688476562,-0.9849963784217834,-0.06369134038686752,0.032313425093889236,0.15710324048995972,0.04406627267599106,-0.13604381680488586,2.8282670974731445
1788678835628987000,59.33498681640625,-0.9849069714546204,-0.0630323514342308,0.031728893518447876,0.1580461859703064,0.042977795004844666,-0.1345973014831543,2.8262665271759033
1788678835644856000,59.35085595703125,-0.984042763710022,-0.07313839346170425,0.02680470608174801,0.15997520089149475,0.029705148190259933,-0.153116375207901,2.8215525150299072
1788678835660725200,59.36672534179687,-0.9832747578620911,-0.08061107993125916,0.02202850580215454,0.16182559728622437,0.017472557723522186,-0.16642238199710846,2.8168179988861084
1788678835684529000,59.39052880859375,-0.9829475283622742,-0.08244222402572632,0.018914567306637764,0.16327831149101257,0.010410594753921032,-0.16905352473258972,2.8132588863372803
1788678835700398000,59.40639819335937,-0.9825881719589233,-0.08388327807188034,0.017313433811068535,0.16487696766853333,0.006457772571593523,-0.1713925004005432,2.809647798538208
1788678835716328200,59.422328125,-0.982060968875885,-0.08507151901721954,0.01743568480014801,0.167377308011055,0.005855983588844538,-0.17380118370056152,2.8044774532318115
1788678835732197400,59.438197265625,-0.9815180897712708,-0.08530642837285995,0.01876496896147728,0.1702733039855957,0.007905969396233559,-0.1747378259897232,2.7987451553344727
1788678835748097000,59.454096923828125,-0.9811308979988098,-0.08424645662307739,0.019854450598359108,0.17288897931575775,0.009978244081139565,-0.17304110527038574,2.793611526489258
1788678835763966200,59.46996630859375,-0.9811547994613647,-0.08152453601360321,0.01868436299264431,0.174184188246727,0.008380996994674206,-0.16726425290107727,2.7908968925476074
1788678835779865900,59.48586596679687,-0.9815654158592224,-0.077610082924366,0.014365225099027157,0.1740681529045105,0.0011968397302553058,-0.15801656246185303,2.7906622886657715
1788678835795734800,59.50173486328125,-0.9820089340209961,-0.07412213087081909,0.008211596868932247,0.173484668135643,-0.009697954170405865,-0.14897683262825012,2.791151285171509
1788678835811604000,59.51760400390625,-0.9821853637695312,-0.07246334105730057,0.002897487487643957,0.17335675656795502,-0.019636331126093864,-0.14384500682353973,2.790774345397949
1788678835827503600,59.533503662109375,-0.981873631477356,-0.07357274740934372,0.00119202199857682,0.1746705025434494,-0.023612497374415398,-0.1454065591096878,2.787766218185425
1788678835843372800,59.549372802734375,-0.9811090230941772,-0.07681628316640854,0.0033394496422261,0.1775195598602295,-0.020964905619621277,-0.15250642597675323,2.7819888591766357
1788678835859272400,59.5652724609375,-0.9801861047744751,-0.0799066424369812,0.007055080030113459,0.18110868334770203,-0.015308829955756664,-0.1598825305700302,2.7749481201171875
1788678835875172000,59.581172119140625,-0.9794049263000488,-0.08122407644987106,0.010907473042607307,0.18452557921409607,-0.008727184496819973,-0.1638602316379547,2.768430233001709
1788678835891041300,59.597041259765625,-0.9788805842399597,-0.08047114312648773,0.014272385276854038,0.1873859465122223,-0.0022464056964963675,-0.16362126171588898,2.763127326965332
1788678835906910500,59.612910400390625,-0.9785458445549011,-0.0790899395942688,0.01609695330262184,0.18956223130226135,0.0015383221907541156,-0.1615913361310959,2.7590208053588867
1788678835922840600,59.628840576171875,-0.9783681631088257,-0.07820780575275421,0.015598377212882042,0.19088239967823029,0.0006734897033311427,-0.15966446697711945,2.756281852722168
1788678835938709800,59.644709716796875,-0.978215217590332,-0.07824179530143738,0.013867571018636227,0.19178354740142822,-0.002916867146268487,-0.1590636819601059,2.754162073135376
1788678835954579000,59.660578857421875,-0.978050947189331,-0.07902608066797256,0.012323707342147827,0.19240427017211914,-0.00638508889824152,-0.16000722348690033,2.7525970935821533
1788678835970448100,59.6764482421875,-0.9779019355773926,-0.07973991334438324,0.011571250855922699,0.19291344285011292,-0.008241533301770687,-0.16111627221107483,2.7513835430145264
1788678835986317000,59.692317138671875,-0.977850079536438,-0.07933945953845978,0.011668127030134201,0.19333499670028687,-0.007961058989167213,-0.1603623479604721,2.7505593299865723
1788678836002216700,59.708216796875,-0.9778634309768677,-0.07773026823997498,0.012400147505104542,0.19387488067150116,-0.0059624058194458485,-0.15747740864753723,2.749671220779419
1788678836018055400,59.724055419921875,-0.9778994917869568,-0.07507391273975372,0.013564107939600945,0.1946599930524826,-0.0027308883145451546,-0.15270303189754486,2.7484021186828613
1788678836033985500,59.739985595703125,-0.977969765663147,-0.0724143534898758,0.014843955636024475,0.19522032141685486,0.0007687740144319832,-0.1479731947183609,2.7475931644439697
1788678836049824300,59.75582421875,-0.9780583381652832,-0.07055342197418213,0.015727223828434944,0.19538909196853638,0.003227262757718563,-0.1446605920791626,2.7474730014801025
1788678836065724000,59.771723876953125,-0.9781308174133301,-0.06968870013952255,0.016063513234257698,0.19530917704105377,0.00424615666270256,-0.1430918276309967,2.7477290630340576
1788678836081623600,59.78762353515625,-0.9781888127326965,-0.07005346566438675,0.015525455586612225,0.1949310004711151,0.0030943225137889385,-0.143596813082695,2.7484138011932373
1788678836097492700,59.80349267578125,-0.9782738089561462,-0.0710727870464325,0.01434971671551466,0.1942247450351715,0.00047268581693060696,-0.14514046907424927,2.749647855758667
1788678836113362000,59.81936181640625,-0.9784061908721924,-0.0720825344324112,0.013291061855852604,0.19325868785381317,-0.0018731626914814115,-0.14671500027179718,2.75142765045166
1788678836129231000,59.83523120117187,-0.9786162376403809,-0.07243531197309494,0.013153878040611744,0.1920686662197113,-0.0021026995964348316,-0.14735835790634155,2.753833055496216
1788678836145161200,59.8511611328125,-0.9789113998413086,-0.07205808162689209,0.014019915834069252,0.19063986837863922,-0.000026056111892103218,-0.14695078134536743,2.7569119930267334
1788678836160999700,59.866999755859375,-0.9791989922523499,-0.07154898345470428,0.015519438311457634,0.1892334520816803,0.003350217128172517,-0.14651864767074585,2.7600386142730713
1788678836176868900,59.882868896484375,-0.9794383645057678,-0.07147836685180664,0.01744668185710907,0.18784816563129425,0.007401745300740004,-0.14710190892219543,2.7631566524505615
1788678836192768500,59.8987685546875,-0.9796047210693359,-0.07207152992486954,0.019585812464356422,0.18653854727745056,0.011613516137003899,-0.1490616500377655,2.7661209106445312
1788678836208637700,59.9146376953125,-0.9798867702484131,-0.07031421363353729,0.027686884626746178,0.1846923828125,0.028606025502085686,-0.14857304096221924,2.7711262702941895
1788678836224567800,59.93056787109375,-0.9800817966461182,-0.07193314284086227,0.02844950743019581,0.18290987610816956,0.029799025505781174,-0.15199266374111176,2.7748525142669678
1788678836240437000,59.94643701171875,-0.980442464351654,-0.07305874675512314,0.028209028765559196,0.1805526614189148,0.02928369864821434,-0.15405486524105072,2.779625177383423
1788678836256275700,59.962275634765625,-0.9809582829475403,-0.0733548179268837,0.02729748748242855,0.17774969339370728,0.027811463922262192,-0.154230996966362,2.785231590270996
1788678836272175400,59.97817529296875,-0.9814688563346863,-0.0734444186091423,0.026530319824814796,0.17498858273029327,0.026692772284150124,-0.15406052768230438,2.790775775909424
1788678836288044500,59.99404443359375,-0.9816741347312927,-0.07430034130811691,0.027278315275907516,0.17335349321365356,0.028141643851995468,-0.1559665948152542,2.7942166328430176
1788678836303913500,60.00991357421875,-0.9816262722015381,-0.07560177147388458,0.029307888820767403,0.17272917926311493,0.03182944655418396,-0.15922193229198456,2.795773983001709
1788678836319813400,60.0258134765625,-0.9815735816955566,-0.07626862078905106,0.032111313194036484,0.1722360998392105,0.03726011887192726,-0.16148898005485535,2.797205924987793
1788678836335651800,60.04165185546875,-0.981745719909668,-0.07558700442314148,0.03467823565006256,0.17105361819267273,0.042797744274139404,-0.16097240149974823,2.8000402450561523
1788678836351582000,60.05758203125,-0.9825623631477356,-0.07223448157310486,0.03460049256682396,0.16779837012290955,0.044292282313108444,-0.15417161583900452,2.806725263595581
1788678836367451100,60.073451171875,-0.9839202761650085,-0.06695159524679184,0.03154135122895241,0.16255351901054382,0.040725771337747574,-0.14248600602149963,2.817037343978882
1788678836383320300,60.0893203125,-0.9852651357650757,-0.06177886947989464,0.027185114100575447,0.15715239942073822,0.03445208817720413,-0.13065293431282043,2.8275060653686523
1788678836399220000,60.105219970703125,-0.9861573576927185,-0.05869149789214134,0.02381402999162674,0.15323810279369354,0.029207320883870125,-0.1233692467212677,2.8350841999053955
1788678836415089200,60.121089111328125,-0.9863789677619934,-0.059414565563201904,0.023699698969721794,0.15154136717319489,0.028975313529372215,-0.12471657991409302,2.838517904281616
1788678836430958300,60.136958251953125,-0.9861599802970886,-0.06255487352609634,0.027330972254276276,0.15109042823314667,0.03531714528799057,-0.13202029466629028,2.8398702144622803
1788678836446858000,60.15285791015625,-0.9857155680656433,-0.06597371399402618,0.03321148455142975,0.15135881304740906,0.04597229138016701,-0.14057891070842743,2.8401055335998535
1788678836462696400,60.168696533203125,-0.9853422045707703,-0.06818559765815735,0.03855516016483307,0.15154221653938293,0.055942848324775696,-0.14658212661743164,2.8404994010925293
1788678836478565600,60.184565673828125,-0.9851886034011841,-0.06828588247299194,0.041810330003499985,0.15163250267505646,0.062393367290496826,-0.14776571094989777,2.840784788131714
1788678836494434800,60.200434814453125,-0.9852173328399658,-0.06811035424470901,0.04332062229514122,0.15109965205192566,0.06553884595632553,-0.14783638715744019,2.842085599899292
1788678836510304000,60.216303955078125,-0.9855085015296936,-0.06800417602062225,0.04264017194509506,0.14943309128284454,0.06446269899606705,-0.14731334149837494,2.8453826904296875
1788678836526173200,60.232173095703125,-0.9860468506813049,-0.06816273182630539,0.03980008885264397,0.14656586945056915,0.059177909046411514,-0.146614670753479,2.850821018218994
1788678836542042400,60.24804248046875,-0.9867488145828247,-0.06847168505191803,0.03561008721590042,0.1427253931760788,0.05129773169755936,-0.14580975472927094,2.858048439025879
1788678836557911300,60.263911376953125,-0.9875163435935974,-0.06846567988395691,0.03152386471629143,0.1383117139339447,0.04379134252667427,-0.14444394409656525,2.8664515018463135
1788678836573780500,60.279780517578125,-0.9882043600082397,-0.06758517026901245,0.02909277193248272,0.1343059241771698,0.039754774421453476,-0.14186596870422363,2.8742549419403076
1788678836589649700,60.295649658203125,-0.9886906147003174,-0.06569699198007584,0.029487570747733116,0.13154980540275574,0.041429515928030014,-0.13810475170612335,2.8799030780792236
1788678836605518800,60.311518798828125,-0.9889870285987854,-0.06322772055864334,0.03222969174385071,0.1298777312040329,0.04777093604207039,-0.13383381068706512,2.883641242980957
1788678836621388000,60.327387939453125,-0.9890567064285278,-0.06100548803806305,0.03597927466034889,0.12942424416542053,0.055882882326841354,-0.13035783171653748,2.885007381439209
1788678836637257200,60.34325732421875,-0.9889264702796936,-0.05959264934062958,0.03974162042140961,0.12997670471668243,0.06367987394332886,-0.1285502165555954,2.884326696395874
1788678836661060900,60.367060791015625,-0.988617479801178,-0.05942809581756592,0.04313218221068382,0.13131466507911682,0.07031834870576859,-0.12919016182422638,2.882035970687866
1788678836676930000,60.382929931640625,-0.9884753227233887,-0.060359157621860504,0.04346034675836563,0.13185058534145355,0.07066748291254044,-0.13116338849067688,2.881025552749634
1788678836692799000,60.398799072265625,-0.9884123206138611,-0.061822839081287384,0.04222363978624344,0.13204607367515564,0.067798912525177,-0.13376237452030182,2.8805201053619385
1788678836708668200,60.414668212890625,-0.9883824586868286,-0.06348320096731186,0.03998832032084465,0.13217809796333313,0.06289126724004745,-0.13648588955402374,2.880006790161133
1788678836724567800,60.43056787109375,-0.988362193107605,-0.06530483067035675,0.03771916404366493,0.13210904598236084,0.05790022760629654,-0.13950783014297485,2.879885196685791
1788678836740528600,60.446528564453125,-0.9882360696792603,-0.06713316589593887,0.03650306165218353,0.1324772983789444,0.054947033524513245,-0.14284376800060272,2.879005193710327
1788678836756428300,60.46242822265625,-0.9879522323608398,-0.0688948854804039,0.03636617213487625,0.13372156023979187,0.05403447523713112,-0.14637775719165802,2.87648606300354
1788678836772328000,60.478327880859375,-0.9875872135162354,-0.0705423653125763,0.036507729440927505,0.13550876080989838,0.05361666530370712,-0.14978718757629395,2.8728959560394287
1788678836788227600,60.4942275390625,-0.9871765971183777,-0.07239613682031631,0.03627460077404976,0.13756990432739258,0.05233898013830185,-0.1535184383392334,2.8686885833740234
1788678836804127200,60.510127197265625,-0.9867362976074219,-0.07459606975317001,0.03522666171193123,0.13980694115161896,0.04929225146770477,-0.15771619975566864,2.86398983001709
1788678836819966000,60.52596606445312,-0.9861648082733154,-0.07840479910373688,0.034629736095666885,0.1418888121843338,0.04670446738600731,-0.16521787643432617,2.8596630096435547
1788678836835865600,60.541865478515625,-0.9857509732246399,-0.08138450235128403,0.03311510384082794,0.14343996345996857,0.04257087782025337,-0.17077867686748505,2.856238842010498
1788678836851765200,60.55776513671875,-0.9851410388946533,-0.08438778668642044,0.03223460912704468,0.14607112109661102,0.03948222100734711,-0.1766013652086258,2.850684881210327
1788678836867665000,60.573664794921875,-0.9841622114181519,-0.08797421306371689,0.0337093286216259,0.15016378462314606,0.0406290665268898,-0.18432766199111938,2.8425233364105225
1788678836883534000,60.5895341796875,-0.9830376505851746,-0.09138885885477066,0.036586593836545944,0.15474644303321838,0.04448109120130539,-0.19218148291110992,2.8336100578308105
1788678836899433700,60.60543383789062,-0.9820803999900818,-0.09347240626811981,0.03852313011884689,0.15905092656612396,0.0468561016023159,-0.19712325930595398,2.825108766555786
1788678836915302700,60.621302734375,-0.9816210865974426,-0.09382092952728271,0.037171389907598495,0.16197562217712402,0.043441057205200195,-0.19751670956611633,2.8188281059265137
1788678836931202300,60.637202392578125,-0.9820366501808167,-0.09153980761766434,0.030814727768301964,0.16209547221660614,0.03142213821411133,-0.19093884527683258,2.8174309730529785
1788678836947071500,60.653071533203125,-0.9828377962112427,-0.08845535665750504,0.022491084411740303,0.16031095385551453,0.016116589307785034,-0.18209026753902435,2.8196911811828613
1788678836962940700,60.668940673828125,-0.9833971261978149,-0.08708205819129944,0.016091516241431236,0.15839160978794098,0.004127279855310917,-0.1772974282503128,2.822571039199829
1788678836978809900,60.684809814453125,-0.9831939339637756,-0.0889880433678627,0.013647315092384815,0.1588226854801178,-0.0014542991993948817,-0.1802952140569687,2.821153163909912
1788678836994679000,60.700678955078125,-0.9820535778999329,-0.09384488314390182,0.016061648726463318,0.16280683875083923,0.0010078920749947429,-0.19070513546466827,2.8131134510040283
1788678837010548200,60.71654833984375,-0.9806186556816101,-0.09831903129816055,0.020633559674024582,0.1682107001543045,0.007542790845036507,-0.20112168788909912,2.8025898933410645
1788678837026417200,60.732417236328125,-0.979403555393219,-0.10010723769664764,0.026393454521894455,0.17335128784179688,0.01736273057758808,-0.20671041309833527,2.7930288314819336
1788678837042347500,60.748347412109375,-0.9785431623458862,-0.09865754097700119,0.032723262906074524,0.17790241539478302,0.02956993691623211,-0.20618215203285217,2.7849738597869873
1788678837058247200,60.7642470703125,-0.9780003428459167,-0.0959901511669159,0.03715847060084343,0.18144011497497559,0.03864918276667595,-0.20262455940246582,2.7786502838134766
1788678837074085600,60.780085693359375,-0.977695643901825,-0.09359686821699142,0.03865649923682213,0.18400150537490845,0.041981492191553116,-0.19854611158370972,2.773728132247925
1788678837089985300,60.7959853515625,-0.9775595664978027,-0.09219061583280563,0.03740356117486954,0.18568585813045502,0.03965608775615692,-0.19537484645843506,2.7700552940368652
1788678837105854500,60.8118544921875,-0.9775382876396179,-0.09143684804439545,0.03453300893306732,0.1867234706878662,0.03400471433997154,-0.19285555183887482,2.7674014568328857
1788678837121723600,60.8277236328125,-0.97754967212677,-0.09061147272586823,0.031449735164642334,0.18760935962200165,0.027996160089969635,-0.19009782373905182,2.7650370597839355
1788678837137653800,60.84365380859375,-0.9776086211204529,-0.08888889104127884,0.029592256993055344,0.18842650949954987,0.02479143626987934,-0.18601997196674347,2.7630906105041504
1788678837153523000,60.85952294921875,-0.9777277112007141,-0.08614242076873779,0.02902868017554283,0.18917027115821838,0.02457437664270401,-0.18040740489959717,2.7615792751312256
1788678837169392000,60.87539208984375,-0.9778683185577393,-0.08311250805854797,0.029226111248135567,0.1897675096988678,0.02601250447332859,-0.17452310025691986,2.7605087757110596
1788678837185291800,60.891291748046875,-0.977968156337738,-0.08058686554431915,0.02963564172387123,0.1902780681848526,0.027699043974280357,-0.1697143316268921,2.7596211433410645
1788678837201161000,60.907160888671875,-0.9779412150382996,-0.07897372543811798,0.029632702469825745,0.19109158217906952,0.02816914953291416,-0.1665574610233307,2.7580032348632812
1788678837217030100,60.923030029296875,-0.9778329730033875,-0.07843074947595596,0.028944173827767372,0.19197317957878113,0.026861032471060753,-0.16524839401245117,2.7560982704162598
1788678837232929800,60.9389296875,-0.9776662588119507,-0.07891702651977539,0.027995027601718903,0.1927618831396103,0.024656027555465698,-0.16586120426654816,2.754305362701416
1788678837248799000,60.95479907226562,-0.9773944020271301,-0.07991138100624084,0.027187233790755272,0.19384369254112244,0.022481290623545647,-0.16753260791301727,2.7519075870513916
1788678837272602600,60.9786025390625,-0.9770560264587402,-0.08009212464094162,0.027162430807948112,0.19547134637832642,0.022079309448599815,-0.16791591048240662,2.7485413551330566
1788678837288471800,60.99447192382812,-0.9769629240036011,-0.07892672717571259,0.028135426342487335,0.196271613240242,0.024329286068677902,-0.16602298617362976,2.747095823287964
1788678837304340700,61.0103408203125,-0.9768170118331909,-0.07749619334936142,0.029738781973719597,0.1973285675048828,0.027891485020518303,-0.16386821866035461,2.745224714279175
1788678837320240400,61.026240478515625,-0.9765841960906982,-0.07683683186769485,0.031498465687036514,0.19846242666244507,0.031446848064661026,-0.16330264508724213,2.743184804916382
1788678837336109600,61.042109619140625,-0.9762895107269287,-0.07723261415958405,0.03317998722195625,0.19948190450668335,0.03444688022136688,-0.16478514671325684,2.7413330078125
1788678837352009200,61.05800927734375,-0.9760309457778931,-0.07837769389152527,0.034603141248226166,0.2000582218170166,0.03670994192361832,-0.16762730479240417,2.74033522605896
1788678837367908900,61.073908935546875,-0.9760045409202576,-0.07968725264072418,0.03515440970659256,0.19957265257835388,0.03736468777060509,-0.17040547728538513,2.741386651992798
1788678837383778000,61.089778076171875,-0.9760920405387878,-0.08090358972549438,0.034664448350667953,0.19873933494091034,0.036057211458683014,-0.17257237434387207,2.7429888248443604
1788678837399647200,61.105647216796875,-0.9761652946472168,-0.08246488124132156,0.033657606691122055,0.19790956377983093,0.03359012305736542,-0.1752162128686905,2.7444822788238525
1788678837415547000,61.121546875,-0.9760080575942993,-0.08471044152975082,0.03340878710150719,0.19777823984622955,0.032230257987976074,-0.17953412234783173,2.744628429412842
1788678837431446500,61.137446533203125,-0.9754546284675598,-0.08749004453420639,0.03519492968916893,0.19898493587970734,0.03444294258952141,-0.18575812876224518,2.7423391342163086
1788678837447346200,61.15334619140625,-0.9746707081794739,-0.08948355913162231,0.03901116922497749,0.20121634006500244,0.040790170431137085,-0.1912980079650879,2.7383360862731934
1788678837463276300,61.1692763671875,-0.9740530252456665,-0.08952906727790833,0.043113499879837036,0.20333871245384216,0.048500724136829376,-0.1931440234184265,2.7346925735473633
1788678837479176000,61.185176025390625,-0.974267303943634,-0.08613332360982895,0.04563441872596741,0.20322827994823456,0.05489987134933472,-0.18747849762439728,2.7354609966278076
1788678837495045000,61.201045166015625,-0.9754273295402527,-0.08000416308641434,0.045066948980093,0.20027486979961395,0.056770727038383484,-0.1750202178955078,2.741563081741333
1788678837510944800,61.21694482421875,-0.9771406650543213,-0.07271789014339447,0.04159627854824066,0.1953916847705841,0.053575292229652405,-0.15903590619564056,2.751143455505371
1788678837526814000,61.23281396484375,-0.9785905480384827,-0.06692024320363998,0.03720720112323761,0.19104428589344025,0.0477760024368763,-0.14570650458335876,2.7594821453094482
1788678837542683100,61.24868310546875,-0.9790696501731873,-0.0661051869392395,0.033495672047138214,0.18955431878566742,0.0409553200006485,-0.14262472093105316,2.762037515640259
1788678837558552300,61.26455224609375,-0.9787557721138,-0.07017522305250168,0.031763706356287,0.19000999629497528,0.03592082858085632,-0.15000154078006744,2.760793924331665
1788678837574452000,61.280451904296875,-0.978010356426239,-0.07593391090631485,0.032844774425029755,0.19144490361213684,0.035643789917230606,-0.16180939972400665,2.7578728199005127
1788678837590351600,61.2963515625,-0.9774675965309143,-0.07947230339050293,0.03411385789513588,0.19255560636520386,0.03661632910370827,-0.16930854320526123,2.755692481994629
