time,seconds_elapsed,z,y,x
1788681072351396900,0.16439697265625,-0.024377822875976562,-0.07208371162414551,-0.244003564119339
1788681072367296500,0.180296630859375,-0.22179508209228516,-0.08372604846954346,-0.11865296959877014
1788681072383257000,0.196257080078125,-0.21650409698486328,-0.09659558534622192,-0.08625492453575134
1788681072399126300,0.212126220703125,-0.0960245132446289,-0.1186833381652832,-0.16447395086288452
1788681072414995500,0.227995361328125,-0.07349491119384766,-0.0968504548072815,-0.15314733982086182
1788681072430864600,0.24386474609375,0.054778099060058594,-0.05745077133178711,-0.1071644127368927
1788681072446794800,0.259794677734375,0.12145042419433594,-0.022318899631500244,-0.05221417546272278
1788681072462694400,0.2756943359375,0.050048828125,0.03467738628387451,-0.04128378629684448
1788681072478563600,0.2915634765625,-0.16911983489990234,0.11946451663970947,0.025119304656982422
1788681072494432800,0.307432861328125,-0.34267330169677734,0.19291001558303833,0.06673559546470642
1788681072510301700,0.3233017578125,-0.384918212890625,0.14248967170715332,-0.05278575420379639
1788681072526140400,0.339140380859375,-0.39516544342041016,0.04443711042404175,-0.16832894086837769
1788681072542040000,0.3550400390625,-0.36487293243408203,-0.04941415786743164,-0.2763655483722687
1788681072557909200,0.3709091796875,-0.27033424377441406,-0.044784724712371826,-0.27483025193214417
1788681072573778400,0.3867783203125,0.04016876220703125,-0.07278752326965332,-0.04453086853027344
1788681072589647600,0.402647705078125,0.2687835693359375,-0.08616459369659424,0.28457075357437134
1788681072605547300,0.41854736328125,0.3388252258300781,-0.027351856231689453,0.42888781428337097
1788681072621447000,0.434447021484375,0.2911415100097656,0.04120910167694092,0.2757740616798401
1788681072637346600,0.4503466796875,0.3327035903930664,0.05722939968109131,0.14903965592384338
1788681072661150200,0.474150146484375,0.16427135467529297,0.028741836547851562,0.33009353280067444
1788681072684953900,0.497953857421875,-0.043244361877441406,0.1727781891822815,0.2970673143863678
1788681072700823000,0.513822998046875,-0.161590576171875,0.28421705961227417,0.2908465266227722
1788681072716722700,0.52972265625,-0.33931541442871094,0.29835402965545654,0.2985420823097229
1788681072732622300,0.545622314453125,-0.4210624694824219,0.24569916725158691,0.25273409485816956
1788681072748552400,0.561552490234375,-0.25366973876953125,0.22408783435821533,0.38065916299819946
1788681072764421600,0.577421630859375,-0.09721946716308594,0.2576296329498291,0.451656699180603
1788681072780290800,0.593290771484375,-0.02756786346435547,0.33029603958129883,0.29837411642074585
1788681072796160000,0.609159912109375,0.10028076171875,0.3081684112548828,0.09690763056278229
1788681072812059600,0.6250595703125,0.16084575653076172,0.20258426666259766,0.07496228814125061
1788681072827989800,0.64098974609375,0.19047164916992188,0.11931800842285156,0.14462947845458984
1788681072843859000,0.65685888671875,0.23030853271484375,0.11126410961151123,0.4198756515979767
1788681072859789000,0.6727890625,2.2818431854248047,-0.19101810455322266,1.4511481523513794
1788681072875688700,0.688688720703125,-0.46096324920654297,0.8994882106781006,-0.7748541831970215
1788681072891588400,0.70458837890625,-1.9231820106506348,0.14248263835906982,-0.3360561728477478
1788681072907488000,0.720488037109375,-1.6927881240844727,0.16059517860412598,-0.5405502915382385
1788681072923357200,0.736357177734375,-2.666008949279785,0.1865992546081543,-0.46597498655319214
1788681072939196000,0.75219580078125,1.4083261489868164,0.018238067626953125,-0.9444526433944702
1788681072955126000,0.7681259765625,0.4182167053222656,-0.19578450918197632,-0.6387902498245239
1788681072970964700,0.78396484375,-0.9681100845336914,0.0473979115486145,-0.8319455981254578
1788681072986833700,0.799833740234375,0.20734119415283203,-0.4052286148071289,-1.028089165687561
1788681073002702800,0.815702880859375,1.5071439743041992,-0.8199767470359802,-0.7801764011383057
1788681073018572000,0.831572021484375,1.3865928649902344,-1.0818862915039062,-0.6174087524414062
1788681073034441200,0.847441162109375,-0.1617565155029297,-0.8316471576690674,-0.4003204107284546
1788681073050340900,0.8633408203125,0.18729305267333984,-0.11164611577987671,-0.013832628726959229
1788681073074175000,0.887175048828125,2.2562856674194336,1.406524658203125,1.020447850227356
1788681073090044200,0.903044189453125,3.7134017944335938,1.4170457124710083,1.9217487573623657
1788681073105913300,0.918913330078125,0.15964698791503906,1.5417327880859375,1.148852825164795
1788681073121782500,0.934782470703125,-2.784606456756592,2.0730209350585938,-0.647885799407959
1788681073137743000,0.9507431640625,-2.627351760864258,-0.5628453493118286,-0.9481144547462463
1788681073153612300,0.9666123046875,1.100968360900879,-1.4781413078308105,-3.650698184967041
1788681073169512000,0.982511962890625,3.5083065032958984,-1.6717557907104492,-2.2382538318634033
1788681073185381000,0.998381103515625,2.2926015853881836,-1.24174165725708,0.30323758721351624
1788681073201250300,1.014250244140625,0.6453514099121094,-0.5419895648956299,-0.32209888100624084
1788681073217119500,1.030119384765625,-0.9470720291137695,-0.6627627611160278,-0.024149999022483826
1788681073233019100,1.04601904296875,-2.09883451461792,-0.9591970443725586,0.1493336409330368
1788681073248918800,1.061918701171875,-1.7580914497375488,-1.0996729135513306,-0.5170671939849854
1788681073264818400,1.077818359375,0.1642436981201172,-1.0029187202453613,-0.393845796585083
1788681073288683300,1.101683349609375,1.8897514343261719,-0.5415174961090088,-0.27566879987716675
1788681073304613400,1.11761328125,1.076848030090332,-0.3214137554168701,-0.43449634313583374
1788681073320482600,1.133482666015625,0.3477821350097656,-0.1397165060043335,-0.5011330842971802
1788681073336382200,1.14938232421875,-1.0632333755493164,-0.1261376142501831,0.000651136040687561
1788681073360185900,1.173185791015625,-1.6681089401245117,0.45943617820739746,1.5521571636199951
1788681073376055000,1.189054931640625,-1.131922721862793,0.8472248315811157,1.8034119606018066
1788681073391954700,1.20495458984375,-0.5197811126708984,0.8197736740112305,1.6362253427505493
1788681073407824000,1.220823974609375,0.5347070693969727,0.758418083190918,1.2060829401016235
1788681073423754000,1.23675390625,-1.9543614387512207,0.043781399726867676,1.5201247930526733
1788681073439623200,1.252623046875,0.7869415283203125,0.5064476728439331,0.33293890953063965
1788681073455553300,1.26855322265625,0.8194646835327148,0.28088366985321045,-0.22348229587078094
1788681073471422500,1.28442236328125,0.017792701721191406,-0.20089340209960938,0.004686623811721802
1788681073487291600,1.300291748046875,-0.16860389709472656,-0.401389479637146,0.3427642583847046
1788681073503160600,1.31616064453125,-0.3781909942626953,-0.028830647468566895,0.5318949818611145
1788681073526995000,1.339994873046875,-1.899080753326416,0.8709466457366943,1.497233271598816
1788681073542925000,1.355925048828125,-0.724461555480957,1.1260569095611572,1.9381558895111084
1788681073558763800,1.371763671875,-1.708268165588379,0.27559638023376465,0.6460872292518616
1788681073574663400,1.387663330078125,-1.9352364540100098,-0.3770710229873657,-2.0120887756347656
1788681073590563000,1.40356298828125,-0.6408090591430664,-0.45552539825439453,-1.232385516166687
1788681073606493200,1.4194931640625,0.4780550003051758,-0.5832975506782532,-0.17654724419116974
1788681073622423300,1.43542333984375,0.9795913696289062,-0.5137026309967041,0.20619291067123413
1788681073638323000,1.451322998046875,1.1065397262573242,-0.3971669673919678,0.2613268792629242
1788681073654253300,1.46725341796875,1.122732162475586,-0.5465773940086365,-0.1938740313053131
1788681073678057000,1.491056884765625,0.5796442031860352,-0.7828248739242554,-1.1349048614501953
1788681073693987000,1.506987060546875,-0.26216983795166016,-0.9155129790306091,-1.657713532447815
1788681073709856300,1.522856201171875,-0.3425149917602539,-0.5867308378219604,-0.5985623002052307
1788681073725756000,1.538755859375,-0.21087646484375,0.08155202865600586,-0.12261882424354553
1788681073741625000,1.554625,0.6470909118652344,-0.20062649250030518,-0.7976975440979004
1788681073757494300,1.570494384765625,1.3003416061401367,0.08628815412521362,-1.2707912921905518
1788681073773332700,1.586332763671875,1.3855762481689453,-0.29231810569763184,0.17481425404548645
1788681073789232400,1.602232421875,0.6050424575805664,-0.25814855098724365,-0.31197911500930786
1788681073805101600,1.6181015625,1.108774185180664,0.39153027534484863,-0.8685410022735596
1788681073821001200,1.634001220703125,-0.41266632080078125,0.5783883929252625,-1.8100076913833618
1788681073836870400,1.649870361328125,-0.2561779022216797,0.5628353357315063,-0.8151944875717163
1788681073852739600,1.665739501953125,-0.9984779357910156,0.06981402635574341,-0.18634778261184692
1788681073868639200,1.68163916015625,-0.32244300842285156,0.01619577407836914,0.33114510774612427
1788681073884508400,1.69750830078125,-0.8232145309448242,-0.2053031325340271,0.38234007358551025
1788681073900408000,1.713407958984375,-0.9996500015258789,-0.3312445282936096,0.5512751340866089
1788681073916277200,1.72927734375,-0.12784862518310547,-0.1465303897857666,0.9843252301216125
1788681073932207400,1.745207275390625,-0.8534469604492188,0.6638523936271667,2.181698799133301
1788681073948076500,1.76107666015625,0.4134988784790039,0.6376680731773376,-0.11070632934570312
1788681073963945500,1.776945556640625,-0.6971416473388672,0.2031106948852539,-0.8152835369110107
1788681073979814700,1.792814697265625,-0.8425455093383789,-0.15801221132278442,-0.2430124282836914
1788681073995745000,1.8087451171875,-0.22467422485351562,-0.1610240936279297,0.23991256952285767
1788681074011644700,1.824644775390625,0.3753061294555664,-0.13818198442459106,0.27999347448349
1788681074027635700,1.8406357421875,0.1800394058227539,-0.141676664352417,0.07305908203125
1788681074043505000,1.8565048828125,0.2662982940673828,0.030098438262939453,0.06177419424057007
1788681074059374000,1.8723740234375,0.8765687942504883,0.2681402862071991,0.3118106424808502
1788681074075273700,1.888273681640625,1.0636177062988281,0.25612008571624756,0.1378525197505951
1788681074091143000,1.904142822265625,0.5097980499267578,0.3342074453830719,0.12820419669151306
1788681074107012000,1.92001220703125,-0.25343894958496094,0.25848546624183655,0.2655731737613678
1788681074122881000,1.935881103515625,-0.5628499984741211,0.028643399477005005,0.46389588713645935
1788681074138750200,1.951750244140625,-0.3421764373779297,-0.2815598249435425,0.6601946353912354
1788681074154649900,1.96764990234375,0.017991065979003906,-0.045724451541900635,0.4299789071083069
1788681074170519000,1.98351904296875,-0.056822776794433594,0.15521007776260376,0.27315419912338257
1788681074186418700,1.999418701171875,-0.5927228927612305,0.3911011219024658,0.3624442219734192
1788681074202287900,2.015287841796875,-1.176025390625,0.6233842372894287,0.5688503980636597
1788681074218187500,2.0311875,-1.2973785400390625,0.7293685674667358,0.46343088150024414
1788681074234117600,2.04711767578125,-1.0182170867919922,0.4792139530181885,0.6784307360649109
1788681074249986800,2.06298681640625,-0.6119260787963867,0.515905499458313,0.7651828527450562
1788681074265856000,2.07885595703125,0.17638492584228516,0.5049486756324768,0.5771600604057312
1788681074281786000,2.0947861328125,0.9448261260986328,0.4729453921318054,0.37044617533683777
1788681074297624800,2.110624755859375,1.2125463485717773,0.5134551525115967,0.0231076180934906
1788681074313524500,2.1265244140625,1.439295768737793,0.4818165898323059,-0.06939247250556946
1788681074329393700,2.1423935546875,1.4120779037475586,0.5626311898231506,-0.25417912006378174
1788681074345354200,2.158354248046875,1.2679204940795898,0.652271568775177,-0.2212386131286621
1788681074361223400,2.174223388671875,0.9717226028442383,0.8308553695678711,0.10539960861206055
1788681074377123000,2.190123046875,0.24855613708496094,1.018092393875122,0.48371773958206177
1788681074392992300,2.2059921875,-0.45398426055908203,1.2054378986358643,0.2530704140663147
1788681074408922400,2.22192236328125,-1.042832374572754,1.4428277015686035,-0.17710842192173004
1788681074424791600,2.23779150390625,-1.4251623153686523,1.5413273572921753,0.029452115297317505
1788681074440660700,2.25366064453125,-1.8487629890441895,1.4824085235595703,0.4082459807395935
1788681074456560400,2.269560302734375,-1.816901683807373,1.080014705657959,0.41096749901771545
1788681074472460000,2.2854599609375,-1.5237884521484375,0.9618949890136719,0.5176107287406921
1788681074488329200,2.3013291015625,-0.7796230316162109,0.9234921932220459,0.22478650510311127
1788681074504259300,2.31725927734375,-0.05498981475830078,0.7935512065887451,0.24207541346549988
1788681074520128500,2.33312841796875,0.1347637176513672,0.5961906909942627,0.3171738088130951
1788681074535997700,2.348997802734375,0.04799365997314453,0.385135293006897,0.28906968235969543
1788681074551897300,2.3648974609375,-0.047194480895996094,0.10777139663696289,0.14921730756759644
1788681074567827500,2.380827392578125,0.07747077941894531,0.0947575569152832,0.06690952926874161
1788681074583666200,2.396666259765625,0.3288755416870117,0.31402909755706787,-0.0014442503452301025
1788681074599535000,2.41253515625,0.6878929138183594,0.40502476692199707,-0.10341734439134598
1788681074615404300,2.428404296875,0.9238996505737305,0.3665367364883423,-0.06420031189918518
1788681074631304000,2.444303955078125,0.8001708984375,0.42292189598083496,0.128658726811409
1788681074647173000,2.460173095703125,0.6360273361206055,0.3723524808883667,0.07057203352451324
1788681074663042300,2.476042236328125,0.7453908920288086,0.15992224216461182,0.04222725331783295
1788681074678911500,2.491911376953125,0.9234895706176758,-0.013624310493469238,0.07056865096092224
1788681074694811100,2.50781103515625,0.9102783203125,-0.11884951591491699,0.05559946596622467
1788681074710741200,2.5237412109375,0.8041782379150391,-0.16893374919891357,0.29732704162597656
1788681074726610400,2.5396103515625,0.6745023727416992,-0.3419238328933716,0.06761316955089569
1788681074742540500,2.55554052734375,0.686614990234375,-0.38220441341400146,-0.1844366490840912
1788681074758409700,2.57140966796875,0.9345111846923828,-0.5132123231887817,-0.34403112530708313
1788681074774279000,2.58727880859375,1.6555709838867188,-0.4641916751861572,-0.5689105987548828
1788681074790148000,2.603148193359375,2.009955406188965,-0.33081698417663574,-0.6682495474815369
1788681074806017000,2.61901708984375,2.0672245025634766,-0.6381806135177612,-0.5484926700592041
1788681074821886200,2.63488623046875,1.857961654663086,-1.4608170986175537,-0.2384914755821228
1788681074837755400,2.65075537109375,1.6857519149780273,-2.3118581771850586,-0.15209585428237915
1788681074853624600,2.66662451171875,1.6033506393432617,-2.9752585887908936,-0.6341783404350281
1788681074869463300,2.68246337890625,1.9514894485473633,-3.1269407272338867,-1.3753275871276855
1788681074885393400,2.698393310546875,1.5107641220092773,-2.6034562587738037,-1.7610719203948975
1788681074901262600,2.7142626953125,0.2326030731201172,-1.9115619659423828,-1.5703842639923096
1788681074917131500,2.730131591796875,-1.2541179656982422,-1.7606186866760254,-1.152702808380127
1788681074933000700,2.746000732421875,-2.5542244911193848,-1.7508230209350586,-1.1396534442901611
1788681074948900400,2.761900390625,-3.293708324432373,-1.6315358877182007,-1.5856456756591797
1788681074964830700,2.777830810546875,-3.293968677520752,-1.508246898651123,-1.7888429164886475
1788681074980699600,2.79369970703125,-2.5874829292297363,-1.6800861358642578,-1.6417807340621948
1788681074996538400,2.809538330078125,-1.284555435180664,-1.8571629524230957,-1.4376152753829956
1788681075012407600,2.825407470703125,-0.011496543884277344,-2.019055128097534,-1.3640881776809692
1788681075028307200,2.84130712890625,1.0680875778198242,-2.077402114868164,-1.4127824306488037
1788681075044176400,2.85717626953125,1.758610725402832,-1.9955898523330688,-1.6893446445465088
1788681075060045600,2.873045654296875,1.7978696823120117,-1.579458475112915,-1.9059849977493286
1788681075075975700,2.8889755859375,1.0996665954589844,-1.1266944408416748,-1.833959937095642
1788681075091844900,2.904844970703125,0.13239479064941406,-0.6891970634460449,-1.5305944681167603
1788681075107683300,2.920683349609375,-1.0635948181152344,-0.23820853233337402,-1.2341389656066895
1788681075123613400,2.936613525390625,-1.8576831817626953,0.15597951412200928,-1.0934706926345825
1788681075139482600,2.952482666015625,-2.190323829650879,0.38608217239379883,-1.1347320079803467
1788681075155382300,2.96838232421875,-2.341093063354492,0.46840643882751465,-1.1143097877502441
1788681075171282000,2.984281982421875,-2.063990592956543,0.42445921897888184,-1.0700548887252808
1788681075187151000,3.000151123046875,-1.3831100463867188,0.320193886756897,-1.0150701999664307
1788681075203081200,3.016081298828125,-0.6774473190307617,0.19678282737731934,-1.0244693756103516
1788681075218950400,3.031950439453125,-0.1442852020263672,0.25360774993896484,-1.21305251121521
1788681075234819600,3.047819580078125,0.27005863189697266,0.35651910305023193,-1.2179386615753174
1788681075250719200,3.06371923828125,0.5407876968383789,0.2352508306503296,-0.5484519600868225
1788681075266588400,3.07958837890625,0.6002206802368164,0.09091389179229736,-0.2671540379524231
1788681075282518500,3.0955185546875,1.1459503173828125,0.030614256858825684,-0.4733356237411499
1788681075298387700,3.1113876953125,1.7303390502929688,-0.12504446506500244,-0.527677059173584
1788681075314257000,3.1272568359375,2.3064327239990234,-0.4057581424713135,-0.33064013719558716
1788681075330126000,3.1431259765625,2.76495361328125,-0.7914703488349915,-0.20043998956680298
1788681075345934000,3.15893408203125,2.917795181274414,-1.0825514793395996,-0.12259584665298462
1788681075361864200,3.1748642578125,3.0161666870117188,-1.3367682695388794,-0.22140324115753174
1788681075377763800,3.190763916015625,2.677474021911621,-1.4209749698638916,-0.4388663172721863
1788681075393663500,3.20666357421875,1.960465431213379,-1.363889217376709,-0.4143882989883423
1788681075409532700,3.22253271484375,1.05755615234375,-1.3531279563903809,0.001360476016998291
1788681075425432300,3.238432373046875,0.22973060607910156,-1.494279146194458,0.3881397843360901
1788681075441393200,3.25439306640625,-0.38306713104248047,-1.647409200668335,0.4983150362968445
1788681075457262300,3.270262451171875,-0.34758567810058594,-2.0685341358184814,0.27506405115127563
1788681075473131300,3.28613134765625,0.313629150390625,-2.688546657562256,-0.32332688570022583
1788681075489031200,3.30203125,1.0316696166992188,-3.051518678665161,-0.33966493606567383
1788681075504900000,3.317900146484375,1.146254539489746,-3.2888665199279785,0.0487179160118103
1788681075520830500,3.33383056640625,0.8978195190429688,-3.299966812133789,0.15398848056793213
1788681075536730000,3.349730224609375,0.20285987854003906,-3.1986777782440186,0.15813738107681274
1788681075560564200,3.373564208984375,-0.6385822296142578,-2.9010019302368164,0.24733373522758484
1788681075576433400,3.389433349609375,-1.0636672973632812,-2.417264699935913,0.2930578291416168
1788681075592333000,3.4053330078125,-1.4881696701049805,-1.8280977010726929,0.18706008791923523
1788681075640001500,3.45300146484375,-0.7688198089599609,-1.134819507598877,-0.7575529217720032
1788681075655870700,3.46887060546875,-0.07842540740966797,-0.8156135082244873,0.45814505219459534
1788681075671740000,3.484739990234375,0.31925487518310547,-1.3201121091842651,0.7745690941810608
1788681075687608800,3.50060888671875,-0.12020492553710938,-0.908940315246582,0.12404605746269226
1788681075703539200,3.516539306640625,-0.845367431640625,-0.46893811225891113,-0.3862152099609375
1788681075719408000,3.532408203125,-1.643646240234375,-0.1640387773513794,-0.7545455098152161
1788681075735277300,3.54827734375,-2.2461156845092773,0.3311220407485962,0.05913892388343811
1788681075751116000,3.564115966796875,-2.098172187805176,-0.11810362339019775,0.7915854454040527
1788681075767015700,3.580015625,-1.904867172241211,-0.4366205930709839,0.3748188018798828
1788681075782884900,3.595884765625,-1.2801361083984375,-0.0789787769317627,0.00706598162651062
1788681075798754000,3.611754150390625,-0.5220537185668945,-0.18350708484649658,0.42702555656433105
1788681075814623000,3.627623046875,-0.2579784393310547,-0.28885042667388916,0.44807472825050354
1788681075830492200,3.6434921875,-0.23127174377441406,-0.2688150405883789,0.032795339822769165
1788681075846361300,3.659361328125,-0.1729755401611328,-0.3451216220855713,-0.2760993242263794
1788681075862200000,3.675199951171875,0.5917596817016602,-0.4657341241836548,-0.4192429482936859
1788681075878069200,3.6910693359375,1.5724315643310547,-0.6069767475128174,-0.3838965594768524
1788681075893938200,3.706938232421875,2.2980575561523438,-0.703999936580658,-0.728469729423523
1788681075909807400,3.722807373046875,2.6828155517578125,-0.8343411087989807,-1.0187859535217285
1788681075925707000,3.73870703125,2.839463233947754,-1.1013755798339844,-0.9672322869300842
1788681075941606700,3.754606689453125,2.854877471923828,-1.3573076725006104,-0.6929266452789307
1788681075957445400,3.7704453125,2.4810447692871094,-1.2907426357269287,-0.5483143329620361
1788681075973314600,3.786314453125,1.6644964218139648,-1.1567500829696655,-0.8072831630706787
1788681075989183700,3.802183837890625,1.0240411758422852,-1.0206594467163086,-0.8276062607765198
1788681076005083400,3.81808349609375,1.0374317169189453,-0.9064263105392456,-0.6953701972961426
1788681076021013500,3.834013427734375,1.555938720703125,-1.2377749681472778,-0.5094014406204224
1788681076036913200,3.8499130859375,2.3360443115234375,-2.4434337615966797,-1.0467283725738525
1788681076052812800,3.865812744140625,2.5329742431640625,-3.179255247116089,-1.7544827461242676
1788681076068682000,3.881681884765625,1.5356712341308594,-2.9096808433532715,-2.102907657623291
1788681076084612000,3.897612060546875,-0.36615753173828125,-2.8519058227539062,-2.1240384578704834
1788681076100481300,3.913481201171875,-2.1875457763671875,-2.960009813308716,-1.424720287322998
1788681076116381000,3.929380859375,-3.1550683975219727,-2.717923879623413,-1.1235319375991821
1788681076132311000,3.94531103515625,-2.9607725143432617,-1.950381875038147,-1.6843369007110596
1788681076164079900,3.977079833984375,-0.6871185302734375,-1.5377024412155151,-1.5552444458007812
1788681076179979500,3.9929794921875,0.05356597900390625,-1.8113505840301514,-0.9279947280883789
1788681076195909600,4.00890966796875,0.22501277923583984,-1.8154770135879517,-0.7790731191635132
1788681076211778800,4.02477880859375,0.26831722259521484,-1.5714149475097656,-0.947827935218811
1788681076227739600,4.04073974609375,0.24999618530273438,-1.3763760328292847,-0.9692070484161377
1788681076243608600,4.056608642578125,-0.15357685089111328,-1.1201701164245605,-0.7993699312210083
1788681076259447300,4.072447265625,-0.5791034698486328,-0.8602695465087891,-0.4058605432510376
1788681076275347000,4.088346923828125,-0.9061155319213867,-0.48420870304107666,-0.2263890504837036
1788681076291216100,4.104216064453125,-1.2266998291015625,0.05048048496246338,-0.27939531207084656
1788681076307115800,4.12011572265625,-1.593459129333496,0.2771940231323242,-0.3813764154911041
1788681076322985000,4.13598486328125,-1.8537564277648926,0.21220242977142334,-0.2663588523864746
1788681076338823400,4.151823486328125,-1.6110095977783203,0.11749839782714844,-0.4018115997314453
1788681076354723000,4.16772314453125,-0.8950881958007812,0.08045661449432373,-0.4624629616737366
1788681076370653400,4.1836533203125,0.04076957702636719,0.016388654708862305,-0.3027305006980896
1788681076386522600,4.199522705078125,0.8760099411010742,-0.09122943878173828,-0.44656816124916077
1788681076402452700,4.21545263671875,1.6347007751464844,-0.0846325159072876,-0.6222286820411682
1788681076418352400,4.231352294921875,1.710693359375,-0.1334935426712036,-0.5415875911712646
1788681076434221600,4.2472216796875,1.2024660110473633,-0.26146388053894043,-0.2771465480327606
1788681076450151700,4.263151611328125,0.9489364624023438,-0.5517082214355469,-0.34426435828208923
1788681076466020900,4.279020751953125,1.2666730880737305,-0.8177812099456787,-0.6941157579421997
1788681076481890000,4.29489013671875,2.1821718215942383,-0.9166659116744995,-0.8173103332519531
1788681076497759000,4.310759033203125,2.9152631759643555,-0.6968265771865845,-0.650660514831543
1788681076513689300,4.326689453125,2.6877822875976562,-0.4879812002182007,-0.30179741978645325
1788681076529527800,4.34252783203125,1.6760978698730469,-0.7087883949279785,0.13906759023666382
1788681076545397000,4.35839697265625,0.906825065612793,-1.127997636795044,0.3698732256889343
1788681076561266200,4.37426611328125,0.8707876205444336,-1.5031987428665161,-0.02022641897201538
1788681076577165800,4.390165771484375,1.758814811706543,-1.9347968101501465,-0.6781281232833862
1788681076593035000,4.406034912109375,2.4970006942749023,-2.3637304306030273,-0.9933794736862183
1788681076608904200,4.421904296875,2.1297082901000977,-2.792171001434326,-0.8852701187133789
1788681076624773000,4.437773193359375,0.7874059677124023,-3.1154799461364746,-0.6735905408859253
1788681076640642300,4.453642333984375,-0.7499761581420898,-3.1516942977905273,-0.5366816520690918
1788681076656481000,4.46948095703125,-2.017484664916992,-2.9366064071655273,-0.5172253251075745
1788681076672350200,4.48535009765625,-2.463196277618408,-2.729555130004883,-0.726496696472168
1788681076688249900,4.501249755859375,-2.177849769592285,-2.585993766784668,-1.0178356170654297
1788681076704180000,4.517179931640625,-1.4284696578979492,-2.3339180946350098,-1.1170990467071533
1788681076720049200,4.533049072265625,-0.6627016067504883,-2.023684024810791,-0.9226335883140564
1788681076735948800,4.54894873046875,-0.05784320831298828,-1.6586031913757324,-0.4534764289855957
1788681076751848400,4.564848388671875,0.0819234848022461,-1.2893402576446533,-0.3155723214149475
1788681076767778600,4.580778564453125,-0.32941532135009766,-0.8859965801239014,-0.6413676142692566
1788681076783647700,4.596647705078125,-1.1539802551269531,-0.5827807188034058,-0.833169162273407
1788681076799517000,4.612516845703125,-2.056212902069092,-0.4325195550918579,-0.8764162063598633
1788681076815447000,4.628447021484375,-2.4235215187072754,-0.20607078075408936,-0.6560769081115723
1788681076831377200,4.644377197265625,-2.3814697265625,0.015204429626464844,-0.6051576733589172
1788681076847276800,4.66027685546875,-2.021251678466797,0.2531775236129761,-0.6618086695671082
1788681076863146000,4.67614599609375,-1.4848451614379883,0.2985612154006958,-0.6244223117828369
1788681076879015200,4.69201513671875,-0.7828607559204102,0.16309893131256104,-0.6081655025482178
1788681076894914800,4.707914794921875,-0.2996673583984375,0.012535452842712402,-0.49852851033210754
1788681076910784000,4.723783935546875,0.09620857238769531,-0.17218339443206787,-0.4845907986164093
1788681076926653200,4.739653076171875,0.4140024185180664,-0.14078950881958008,-0.3484590947628021
1788681076942552800,4.755552734375,0.5520772933959961,0.011522889137268066,0.007461607456207275
1788681076958422000,4.771422119140625,0.6268501281738281,0.1403980255126953,0.005174398422241211
1788681076974321700,4.78732177734375,0.6274614334106445,0.1419820785522461,-0.18028217554092407
1788681076990160100,4.80316015625,1.002610206604004,-0.021146655082702637,-0.3506421148777008
1788681077006059800,4.819059814453125,1.6958627700805664,-0.3272744417190552,-0.45712703466415405
1788681077021929000,4.834928955078125,2.64456844329834,-0.7541550993919373,-0.5536929965019226
1788681077037828600,4.85082861328125,3.080563545227051,-1.1453208923339844,-0.6657082438468933
1788681077053728300,4.866728271484375,2.8293867111206055,-1.0158205032348633,-0.7012266516685486
1788681077069628000,4.8826279296875,2.0427074432373047,-0.7697888016700745,-0.7175159454345703
1788681077085527600,4.898527587890625,1.3012495040893555,-0.6194378733634949,-0.6526750326156616
1788681077101427200,4.91442724609375,0.9326677322387695,-0.48232972621917725,-0.3356381952762604
1788681077117326800,4.930326904296875,1.4361886978149414,-0.8079620599746704,-0.3347402811050415
1788681077133226500,4.9462265625,2.9923439025878906,-1.8133494853973389,-1.240768551826477
1788681077149126100,4.962126220703125,3.9944982528686523,-2.783902168273926,-1.9812641143798828
1788681077164995300,4.977995361328125,3.279118537902832,-3.05287504196167,-2.1142215728759766
1788681077180864500,4.993864501953125,1.2553024291992188,-2.938553810119629,-1.820431113243103
1788681077196764200,5.00976416015625,-1.0377922058105469,-2.5183050632476807,-1.6347877979278564
1788681077212663800,5.025663818359375,-2.814065933227539,-2.2572360038757324,-1.4321434497833252
1788681077228533000,5.041532958984375,-3.5016679763793945,-1.9858713150024414,-1.6330138444900513
1788681077244402200,5.057402099609375,-2.735659122467041,-1.5037676095962524,-2.1518454551696777
1788681077260301800,5.0733017578125,-1.4113950729370117,-1.407887578010559,-1.9930140972137451
1788681077276171000,5.0891708984375,-0.1656637191772461,-1.781744122505188,-1.40532648563385
1788681077292040200,5.105040283203125,0.822199821472168,-1.5623810291290283,-1.2944658994674683
1788681077315935200,5.128935302734375,1.0415019989013672,-1.305467128753662,-1.3828519582748413
1788681077331835000,5.1448349609375,0.21457767486572266,-1.0414135456085205,-1.187975287437439
1788681077347704000,5.1607041015625,-0.6586980819702148,-0.8638703227043152,-1.0941050052642822
1788681077363603700,5.176603759765625,-1.1260395050048828,-0.6159291863441467,-0.8740686178207397
1788681077379473000,5.192472900390625,-1.5264368057250977,-0.2429652214050293,-0.5868637561798096
1788681077395342000,5.208342041015625,-1.581559181213379,0.107208251953125,-0.4188986122608185
1788681077411180800,5.224180908203125,-1.5940132141113281,0.29970479011535645,-0.4060001075267792
1788681077427111000,5.24011083984375,-1.5162105560302734,0.28277587890625,-0.53789222240448
1788681077442980000,5.25597998046875,-1.140089988708496,0.20973992347717285,-0.5644000172615051
1788681077458849300,5.271849365234375,-0.6928634643554688,0.1503920555114746,-0.7989588379859924
1788681077474718200,5.28771826171875,-0.0076007843017578125,-0.023364901542663574,-0.8516240119934082
1788681077498552600,5.311552490234375,0.41092872619628906,-0.17251801490783691,-0.2571868598461151
1788681077514452200,5.3274521484375,0.3504791259765625,-0.1699298620223999,-0.11591106653213501
1788681077530382300,5.34338232421875,0.060690879821777344,-0.30368661880493164,-0.23824205994606018
1788681077546251500,5.35925146484375,0.3152656555175781,-0.09463882446289062,-0.2781866192817688
1788681077562151200,5.375151123046875,0.7362031936645508,-0.18968641757965088,-0.47180110216140747
1788681077578020400,5.391020263671875,1.2608308792114258,-0.3373945951461792,-0.5728849172592163
1788681077593889500,5.4068896484375,1.3602094650268555,-0.19419586658477783,-0.6667426824569702
1788681077609728000,5.42272802734375,0.7979421615600586,-0.0027147531509399414,-0.37596872448921204
1788681077625627600,5.438627685546875,0.061191558837890625,-0.48881781101226807,0.24507874250411987
1788681077641496800,5.454496826171875,-0.2752256393432617,-1.2318702936172485,0.4816049635410309
1788681077657366000,5.470365966796875,0.6473493576049805,-2.3622756004333496,-0.0051982104778289795
1788681077681071900,5.49407177734375,4.9944915771484375,-4.192178726196289,-1.1683239936828613
1788681077696910300,5.509910400390625,7.07371711730957,-3.838235378265381,-1.2625701427459717
1788681077712810000,5.52581005859375,5.562125205993652,-3.05647611618042,-0.7438708543777466
1788681077728740400,5.541740234375,1.6479692459106445,-2.8728785514831543,-0.36033475399017334
1788681077744670500,5.55767041015625,-1.9798645973205566,-2.6846446990966797,-0.12253354489803314
1788681077760600600,5.5736005859375,-4.251696586608887,-2.0918402671813965,0.07031923532485962
1788681077776500200,5.589500244140625,-4.560526371002197,-1.6306495666503906,0.11707176268100739
1788681077792369400,5.605369384765625,-3.120934009552002,-1.539321780204773,-0.08764605969190598
1788681077808238600,5.621238525390625,-1.3648967742919922,-1.538370132446289,-0.27694085240364075
1788681077824107800,5.637107666015625,0.024292945861816406,-1.425181269645691,-0.1974981129169464
1788681077840007400,5.65300732421875,0.47185707092285156,-1.2121410369873047,-0.011038698256015778
1788681077855907000,5.668906982421875,0.2914562225341797,-1.1024192571640015,0.08410955965518951
1788681077871837200,5.684837158203125,-0.5437040328979492,-0.9964766502380371,0.01986023038625717
1788681077887676000,5.700676025390625,-1.51446533203125,-0.7493601441383362,0.057629071176052094
1788681077903575600,5.716575439453125,-2.251267910003662,-0.45211756229400635,0.05718213692307472
1788681077919444700,5.73244482421875,-2.5766143798828125,-0.08889341354370117,0.09149374812841415
1788681077935283200,5.748283203125,-2.426614761352539,0.17867672443389893,0.17286424338817596
1788681077951182800,5.764182861328125,-2.0670714378356934,0.3485053777694702,0.10019691288471222
1788681077967082500,5.78008251953125,-1.202589988708496,0.3903540372848511,-0.07134465873241425
1788681077982951700,5.79595166015625,-0.6888580322265625,0.4350895881652832,-0.01785239577293396
1788681077998851300,5.811851318359375,-0.6000890731811523,0.44276440143585205,0.18144086003303528
1788681078014720500,5.827720458984375,-0.6616992950439453,0.4521772861480713,0.27500900626182556
1788681078030620200,5.8436201171875,-0.5097227096557617,0.527847170829773,0.38404735922813416
1788681078046519800,5.859519775390625,0.08312416076660156,0.450833797454834,0.4689358174800873
1788681078062389000,5.875388916015625,0.809809684753418,0.2988356351852417,0.35115647315979004
1788681078078288600,5.89128857421875,1.3653078079223633,0.26735854148864746,0.2758941650390625
1788681078094157800,5.90715771484375,1.5794925689697266,0.11142313480377197,0.3416478931903839
1788681078110057500,5.923057373046875,1.8680009841918945,-0.20274829864501953,0.04635981470346451
1788681078125957000,5.93895703125,2.550710678100586,-0.6592199802398682,-0.606031596660614
1788681078141887200,5.95488720703125,3.314448356628418,-1.06255042552948,-0.7209526300430298
1788681078157787000,5.970786865234375,3.5245189666748047,-1.2882413864135742,-0.40188905596733093
1788681078173625600,5.98662548828125,2.90985107421875,-1.1515578031539917,-0.1484307050704956
1788681078189525200,6.002525146484375,1.5781536102294922,-1.0711661577224731,-0.16023243963718414
1788681078205425000,6.0184248046875,0.42357730865478516,-1.273125171661377,-0.19713877141475677
1788681078221294000,6.034294189453125,0.45549774169921875,-1.4337066411972046,-0.02246221899986267
1788681078237163000,6.0501630859375,1.5973834991455078,-1.8356378078460693,-0.10166749358177185
1788681078253032200,6.0660322265625,3.0592031478881836,-2.6920223236083984,-0.8437056541442871
1788681078268871000,6.081870849609375,3.958237648010254,-3.194344997406006,-1.5127843618392944
1788681078284709600,6.097709716796875,3.08699893951416,-3.2397713661193848,-1.5880181789398193
1788681078300639700,6.1136396484375,0.7030830383300781,-3.1551501750946045,-1.4750757217407227
1788681078316509000,6.129509033203125,-1.4946985244750977,-2.6418275833129883,-1.1286879777908325
1788681078332347400,6.145347412109375,-2.3636474609375,-2.4900331497192383,-1.5211386680603027
1788681078348216600,6.161216552734375,-2.530172348022461,-1.9331340789794922,-1.419792652130127
1788681078364024600,6.177024658203125,-2.2022933959960938,-1.588179111480713,-1.1663439273834229
1788681078379924500,6.192924560546875,-1.5099306106567383,-1.6109246015548706,-1.151127815246582
1788681078395793400,6.20879345703125,-0.8733968734741211,-1.5999010801315308,-1.2482367753982544
1788681078411723800,6.224723876953125,-0.7030162811279297,-1.4241186380386353,-1.0125350952148438
1788681078427562200,6.240562255859375,-0.9655027389526367,-1.1451003551483154,-0.8786729574203491
1788681078443462000,6.2564619140625,-1.2473735809326172,-0.9466209411621094,-0.934248149394989
1788681078459392300,6.272392333984375,-1.151200294494629,-0.7886518239974976,-0.7527952194213867
1788681078475230700,6.288230712890625,-0.783411979675293,-0.6709729433059692,-0.7256119251251221
1788681078491100000,6.304099853515625,-0.6071071624755859,-0.35874438285827637,-0.8274235725402832
1788681078506999600,6.31999951171875,-0.9512672424316406,0.06318914890289307,-0.9024155735969543
1788681078522899200,6.335899169921875,-1.6638145446777344,0.364063024520874,-0.8300427198410034
1788681078538768400,6.351768310546875,-2.2874903678894043,0.43960368633270264,-0.6934928894042969
1788681078554637600,6.367637451171875,-2.415618896484375,0.2379152774810791,-0.6055924296379089
1788681078570506800,6.3835068359375,-1.771803855895996,0.0424497127532959,-0.5965805053710938
1788681078586375700,6.399375732421875,-0.8775091171264648,0.013656854629516602,-0.8055422902107239
1788681078602214400,6.41521435546875,0.19227027893066406,-0.012752175331115723,-1.0671062469482422
1788681078618144500,6.43114453125,1.0664443969726562,-0.03969895839691162,-1.1869783401489258
1788681078634074600,6.44707470703125,1.5144262313842773,-0.1335585117340088,-0.9884842038154602
1788681078649943800,6.46294384765625,1.34295654296875,-0.27147531509399414,-0.6706286668777466
1788681078665813000,6.47881298828125,1.1636238098144531,-0.49068713188171387,-0.5465084314346313
1788681078681682200,6.49468212890625,1.4051294326782227,-0.7383554577827454,-0.5992718935012817
1788681078697581800,6.510581787109375,2.2535762786865234,-0.9558926224708557,-0.8916724920272827
1788681078713451000,6.526450927734375,3.145815849304199,-0.7546067833900452,-1.065218448638916
1788681078729350700,6.5423505859375,3.0941457748413086,-0.19813525676727295,-0.8007242679595947
1788681078745219800,6.5582197265625,1.758784294128418,-0.15826618671417236,-0.1274123340845108
1788681078761058300,6.574058349609375,0.048793792724609375,-0.7549861669540405,0.4403371214866638
1788681078776927500,6.589927490234375,-0.5937356948852539,-1.460808277130127,0.5247385501861572
1788681078792827100,6.6058271484375,1.042379379272461,-2.484912872314453,0.015703551471233368
1788681078808696300,6.6216962890625,3.93341064453125,-3.3494739532470703,-0.5802497267723083
1788681078824596000,6.637595947265625,5.519712448120117,-3.4357690811157227,-0.7337246537208557
1788681078840434700,6.6534345703125,3.9310483932495117,-3.2122139930725098,-0.43807321786880493
1788681078856364800,6.66936474609375,0.662632942199707,-3.0657715797424316,-0.18204167485237122
1788681078872234000,6.68523388671875,-2.3284969329833984,-2.8100595474243164,-0.10639204829931259
1788681078888072400,6.701072509765625,-3.998807430267334,-2.272895336151123,-0.15141192078590393
1788681078903972000,6.71697216796875,-4.229677677154541,-1.6833207607269287,-0.03852707892656326
1788681078919871700,6.732871826171875,-3.2406797409057617,-1.320495843887329,-0.08133827149868011
1788681078935741000,6.748740966796875,-1.7557826042175293,-1.2054870128631592,-0.3845658004283905
1788681078951610000,6.764610107421875,-0.20419597625732422,-1.3832461833953857,-0.4938018321990967
1788681078967571000,6.780571044921875,0.7689733505249023,-1.4454370737075806,-0.3489025831222534
1788681078983440000,6.79643994140625,0.9870901107788086,-1.3234657049179077,-0.3645666837692261
1788681078999339500,6.812339599609375,0.3506450653076172,-1.054976224899292,-0.6646134853363037
1788681079015208700,6.828208740234375,-0.9069232940673828,-0.7561527490615845,-0.6677446365356445
1788681079031108400,6.8441083984375,-2.159360408782959,-0.3984997272491455,-0.4395618140697479
1788681079046947000,6.859947021484375,-2.7610039710998535,-0.11313807964324951,-0.37276795506477356
1788681079062816300,6.875816162109375,-2.611276149749756,0.08764708042144775,-0.39308929443359375
1788681079078654700,6.89165478515625,-2.0888304710388184,0.07141125202178955,-0.31720614433288574
1788681079094524000,6.90752392578125,-1.2551298141479492,-0.06849849224090576,-0.22865742444992065
1788681079110393000,6.92339306640625,-0.24505996704101562,-0.19337201118469238,-0.29023903608322144
1788681079126262300,6.93926220703125,0.31857776641845703,-0.28374719619750977,-0.3593808114528656
1788681079142162000,6.955161865234375,0.4797525405883789,-0.3206213712692261,-0.23701494932174683
1788681079158031000,6.971031005859375,0.38271331787109375,-0.32452189922332764,-0.1670299917459488
1788681079173900300,6.986900390625,0.3503856658935547,-0.350075364112854,-0.0842551440000534
1788681079189800000,7.002800048828125,0.6071262359619141,-0.5128684043884277,-0.07011602818965912
1788681079205699600,7.018699462890625,1.008749008178711,-0.5718573927879333,-0.19787952303886414
1788681079221568800,7.03456884765625,1.5470952987670898,-0.4050986170768738,-0.1884642094373703
1788681079237437700,7.050437744140625,2.006314277648926,-0.5748735070228577,-0.16779935359954834
1788681079253337300,7.06633740234375,2.415318489074707,-0.8322706818580627,-0.1951119601726532
1788681079269237000,7.082237060546875,2.386813163757324,-0.6353023648262024,-0.15543676912784576
1788681079285106200,7.098106201171875,1.4772224426269531,-0.45625633001327515,-0.20371957123279572
1788681079300975400,7.113975341796875,0.4796876907348633,-0.8579384088516235,-0.17693988978862762
1788681079316844500,7.129844482421875,0.37418365478515625,-0.9618796110153198,0.09066423773765564
1788681079332774700,7.145774658203125,1.0592718124389648,-1.086449384689331,0.09108918905258179
1788681079348674300,7.16167431640625,2.1914758682250977,-1.6862820386886597,-0.2957834303379059
1788681079364604400,7.1776044921875,3.115891456604004,-2.446221351623535,-0.7467524409294128
1788681079380473600,7.1934736328125,3.107579231262207,-2.685058355331421,-1.1502608060836792
1788681079396312300,7.209312255859375,1.8052959442138672,-2.3387680053710938,-1.3249176740646362
1788681079412212000,7.2252119140625,-0.040343284606933594,-2.0476174354553223,-1.353785514831543
1788681079428111600,7.241111572265625,-1.3249082565307617,-1.7276848554611206,-1.0147590637207031
1788681079444011300,7.25701123046875,-1.948690414428711,-1.3993200063705444,-0.45791468024253845
1788681079459880400,7.27288037109375,-1.7170963287353516,-1.097175121307373,-0.2867715656757355
1788681079475780000,7.288780029296875,-1.4457063674926758,-0.9725129008293152,-0.6264578104019165
1788681079491679700,7.3046796875,-1.3004941940307617,-1.041090965270996,-0.8262282609939575
1788681079507549000,7.320548828125,-1.362259864807129,-1.0438529253005981,-0.45136117935180664
1788681079523418000,7.336418212890625,-1.4570856094360352,-0.8287757635116577,-0.07914328575134277
1788681079539287000,7.352287109375,-0.5463838577270508,-0.7023990750312805,-0.43646112084388733
1788681079555186700,7.368186767578125,-0.9333133697509766,-0.09875863790512085,-0.8063399791717529
1788681079571086600,7.384086669921875,-3.0200681686401367,0.1718839406967163,-0.12546367943286896
1788681079586955500,7.39995556640625,-3.1373419761657715,0.3443310260772705,-0.07487404346466064
1788681079602794200,7.415794189453125,-2.2036304473876953,0.6367064714431763,-0.41856130957603455
1788681079618663400,7.431663330078125,-0.757939338684082,0.6136749982833862,-0.9488332271575928
1788681079634563000,7.44756298828125,-1.2705316543579102,0.2977091073989868,-0.7796571254730225
1788681079650432300,7.463432373046875,-1.716792106628418,-0.009393930435180664,-0.08053269237279892
1788681079666423300,7.47942333984375,-1.675684928894043,0.25469064712524414,-0.22458840906620026
1788681079690196500,7.503196533203125,0.12537097930908203,0.2427074909210205,-0.6032864451408386
1788681079706096000,7.51909619140625,1.9662113189697266,0.013150513172149658,-0.8222242593765259
1788681079721995800,7.534995849609375,3.2487621307373047,-0.16905945539474487,-1.3425763845443726
1788681079737895700,7.550895751953125,2.785220146179199,-0.18038147687911987,-1.2198896408081055
1788681079753764600,7.5667646484375,0.893310546875,0.01310420036315918,-0.427482008934021
1788681079769695000,7.582695068359375,0.23164749145507812,-0.04162275791168213,-0.0841556265950203
1788681079785594600,7.5985947265625,0.9730072021484375,-0.17122423648834229,-0.10207702964544296
1788681079801463600,7.614463623046875,2.0466766357421875,0.0759892463684082,-0.37505507469177246
1788681079817363200,7.63036328125,2.2134952545166016,0.3261524438858032,-0.2799021601676941
1788681079833232400,7.646232421875,1.621042251586914,-0.2656744122505188,0.17761582136154175
1788681079849101600,7.6621015625,1.054636001586914,-0.7479451894760132,0.4157711863517761
1788681079865001200,7.678001220703125,1.161421775817871,-1.353111982345581,0.4732869863510132
1788681079880840000,7.69383984375,2.634042739868164,-2.5873565673828125,0.24855324625968933
1788681079896739600,7.709739501953125,4.586336135864258,-3.3494796752929688,-0.1451144814491272
1788681079912578000,7.725578125,5.008766174316406,-3.0889596939086914,-0.16242119669914246
1788681079928478000,7.74147802734375,2.997354507446289,-2.7384042739868164,0.2936061918735504
1788681079944377600,7.757377685546875,0.025995254516601562,-2.7343616485595703,0.6935825347900391
1788681079960277200,7.77327734375,-2.262575626373291,-2.364266872406006,0.6168212890625
1788681079976146200,7.789146240234375,-3.466341495513916,-1.6811950206756592,0.571840763092041
1788681079992045800,7.8050458984375,-3.6902198791503906,-0.9525259733200073,0.9465888738632202
1788681080007915000,7.8209150390625,-3.2931084632873535,-0.700007975101471,1.0731924772262573
1788681080023753700,7.836753662109375,-2.365384578704834,-0.7924827933311462,0.6247664093971252
1788681080039592400,7.852592529296875,-1.128666877746582,-0.9198416471481323,0.32810351252555847
1788681080055522600,7.8685224609375,-0.1667613983154297,-0.9899844527244568,0.2918955683708191
1788681080071391700,7.884391845703125,0.2159442901611328,-0.9478962421417236,0.26118630170822144
1788681080087291400,7.90029150390625,-0.04771995544433594,-0.7443773150444031,0.16346728801727295
1788681080103160300,7.916160400390625,-0.900543212890625,-0.3842335343360901,0.10930275917053223
1788681080119029500,7.932029541015625,-1.9644708633422852,-0.05262744426727295,0.23316270112991333
1788681080134929200,7.94792919921875,-2.5437846183776855,0.3394104242324829,0.44990119338035583
1788681080150828800,7.963828857421875,-2.555624485015869,0.781967282295227,0.3408487141132355
1788681080166728400,7.979728515625,-2.156184196472168,0.9313679933547974,0.19045186042785645
1788681080182597600,7.99559765625,-1.512648582458496,0.8265100717544556,0.1437099575996399
1788681080198558500,8.011558349609375,-0.8536281585693359,0.5758539438247681,0.19430187344551086
1788681080214427600,8.027427734375,-0.020294189453125,0.2632443904876709,0.3104315996170044
1788681080230266000,8.04326611328125,0.7349224090576172,0.10385990142822266,0.369893342256546
1788681080246165800,8.059165771484375,1.317866325378418,0.13799428939819336,0.2214617133140564
1788681080262065400,8.0750654296875,1.4428777694702148,0.10120117664337158,0.11024437844753265
1788681080277934600,8.0909345703125,1.1544837951660156,0.03441345691680908,0.1804659515619278
1788681080293803800,8.1068037109375,1.0337705612182617,0.010079383850097656,0.19461101293563843
1788681080309673000,8.1226728515625,1.3789787292480469,-0.3582475185394287,0.14890016615390778
1788681080325572600,8.138572509765625,1.966599464416504,-0.791472852230072,0.171451598405838
1788681080341502700,8.154502685546875,2.513296127319336,-0.8889080286026001,0.1586122065782547
1788681080357402400,8.17040234375,2.4232940673828125,-0.5837181210517883,0.14280158281326294
1788681080373271600,8.186271484375,1.5244388580322266,-0.27905571460723877,0.04368292912840843
1788681080389110300,8.2021103515625,0.2493124008178711,-0.46067047119140625,0.09979461133480072
1788681080404979200,8.217979248046875,0.009435653686523438,-1.0323200225830078,0.18317638337612152
1788681080420878800,8.23387890625,1.8405942916870117,-1.9289648532867432,0.14345526695251465
1788681080436748000,8.249748046875,4.110433578491211,-2.8175809383392334,-0.06396550685167313
1788681080452617200,8.2656171875,5.167122840881348,-2.719130039215088,-0.4773799777030945
1788681080468486400,8.281486328125,3.4189767837524414,-2.094710350036621,-1.0650365352630615
1788681080484355600,8.29735546875,0.0948028564453125,-2.1807751655578613,-1.1871724128723145
1788681080500224800,8.313224853515624,-2.5688915252685547,-2.1917765140533447,-1.2071034908294678
1788681080516093700,8.32909375,-4.079641819000244,-1.8342642784118652,-0.9470169544219971
1788681080531993300,8.344993408203125,-4.134071350097656,-1.4349631071090698,-0.7866398096084595
1788681080547832000,8.36083203125,-2.835742950439453,-1.3015810251235962,-0.8577865958213806
1788681080563701200,8.376701171875,-1.3306541442871094,-1.2172826528549194,-0.8807392716407776
1788681080579601000,8.392600830078125,-0.1933441162109375,-1.1458714008331299,-1.0970900058746338
1788681080595500500,8.40850048828125,0.4238395690917969,-1.2240577936172485,-1.069451093673706
1788681080611369700,8.42436962890625,0.47846412658691406,-1.348443627357483,-0.9441243410110474
1788681080627239000,8.440239013671874,0.4469318389892578,-1.3367787599563599,-0.779492974281311
1788681080643138600,8.456138671875,0.2528343200683594,-1.079463005065918,-0.5053093433380127
1788681080659068700,8.472068603515625,-0.048933982849121094,-0.6613255739212036,-0.5228703022003174
1788681080674937900,8.487937744140625,-0.5230731964111328,-0.21914935111999512,-0.8625168204307556
1788681080690807000,8.50380712890625,-1.1578149795532227,0.22045737504959106,-0.9240085482597351
1788681080714671600,8.527671630859375,-2.167302131652832,0.35742276906967163,-0.4985617995262146
1788681080730540800,8.543540771484375,-2.2770447731018066,0.31306129693984985,-0.42320364713668823
1788681080754314000,8.56731396484375,-1.2664871215820312,0.32582753896713257,-0.5290718078613281
1788681080770152700,8.583152587890625,-0.4062976837158203,0.40477055311203003,-0.766961932182312
1788681080786052400,8.59905224609375,0.482513427734375,0.2706120014190674,-0.9227200746536255
1788681080801921500,8.614921630859374,1.4612274169921875,0.20314162969589233,-0.6651052832603455
1788681080817790500,8.63079052734375,1.7172279357910156,0.029344797134399414,-0.48924076557159424
1788681080833659600,8.64665966796875,1.317647933959961,-0.15545856952667236,-0.5933960676193237
1788681080849559300,8.662559326171875,0.9478893280029297,-0.3157966136932373,-0.5663172006607056
1788681080865398000,8.67839794921875,1.163313865661621,-0.5183411836624146,-0.5869530439376831
1788681080881267200,8.69426708984375,1.8367986679077148,-0.6648561954498291,-0.4860999584197998
1788681080897166800,8.710166748046875,2.3457536697387695,-0.8706206679344177,-0.4791982173919678
1788681080913036000,8.7260361328125,2.4795475006103516,-0.6840630173683167,-0.505137026309967
1788681080928905000,8.741905029296875,1.88983154296875,-0.3187856674194336,-0.3465648889541626
1788681080944774100,8.757774169921875,0.7957744598388672,-0.3469531536102295,0.11119662970304489
1788681080960673800,8.773673828125,-0.12514972686767578,-0.6358215808868408,0.436439573764801
1788681080984508200,8.797508056640625,0.08476066589355469,-1.1944780349731445,0.5394505262374878
1788681081000407800,8.81340771484375,1.6019458770751953,-2.1304268836975098,0.3977542221546173
1788681081016277000,8.829277099609374,3.114893913269043,-2.7639822959899902,0.03976404666900635
1788681081032176600,8.8451767578125,3.0857391357421875,-2.8253250122070312,0.2212330400943756
1788681081048045800,8.8610458984375,1.1503067016601562,-2.7068135738372803,0.711954653263092
1788681081063884300,8.87688427734375,-1.2603979110717773,-2.518521308898926,0.8769103288650513
1788681081079784000,8.892783935546875,-2.70107364654541,-2.1396243572235107,0.7835841178894043
1788681081095653000,8.908653076171875,-2.711482524871826,-1.7163437604904175,0.5909442901611328
1788681081119456800,8.932456787109375,-1.784238338470459,-1.341467261314392,0.09474682807922363
1788681081135356400,8.9483564453125,-1.1454715728759766,-1.2290714979171753,-0.06275659799575806
1788681081151225600,8.9642255859375,-0.5297412872314453,-1.1503641605377197,0.10192418098449707
1788681081167094800,8.9800947265625,-0.12781047821044922,-1.1139588356018066,0.14301177859306335
1788681081190898400,9.0038984375,-0.6358165740966797,-0.800593912601471,-0.1083647608757019
1788681081214702000,9.0277021484375,-1.7379393577575684,-0.4220929741859436,-0.24250265955924988
1788681081230601700,9.043601806640625,-2.1414175033569336,-0.09540605545043945,-0.25105178356170654
1788681081246471000,9.059470947265625,-2.0177807807922363,0.3331761360168457,-0.10204765200614929
1788681081262370600,9.07537060546875,-1.7407727241516113,0.6639626026153564,0.03081601858139038
1788681081278301000,9.091301025390624,-1.6362333297729492,0.8244538307189941,0.08074367046356201
1788681081294200600,9.10720068359375,-1.5658740997314453,0.8021347522735596,0.009962677955627441
1788681081310069500,9.123069580078125,-0.9918298721313477,0.5088204145431519,-0.0009180903434753418
1788681081325938700,9.138938720703125,0.14389324188232422,0.2923699617385864,0.20776531100273132
1788681081341777400,9.15477734375,1.0933265686035156,0.21973013877868652,0.32692086696624756
1788681081357677000,9.170677001953125,1.5585479736328125,0.14553499221801758,0.2239595651626587
1788681081373576700,9.18657666015625,1.4088802337646484,0.21383380889892578,-0.019666165113449097
1788681081389446000,9.20244580078125,1.0247554779052734,0.24516654014587402,-0.10315124690532684
1788681081405345500,9.218345458984375,0.7638101577758789,0.04298412799835205,0.00011497735977172852
1788681081421184000,9.23418408203125,0.9993686676025391,-0.2763561010360718,-0.04462364315986633
1788681081437053200,9.25005322265625,1.8259525299072266,-0.726879894733429,0.00038366764783859253
1788681081452922400,9.26592236328125,2.9097089767456055,-0.9995723962783813,-0.07021832466125488
1788681081468761000,9.281760986328125,3.3295021057128906,-0.7803975343704224,-0.2168426513671875
1788681081484660700,9.29766064453125,2.541567802429199,-0.7523022294044495,-0.26049700379371643
1788681081500530000,9.313530029296874,1.4345989227294922,-0.544436514377594,-0.21353140473365784
1788681081516398800,9.32939892578125,0.9517021179199219,-0.5808618664741516,-0.031009692698717117
1788681081532268000,9.34526806640625,1.8546571731567383,-1.6753737926483154,0.1707143634557724
1788681081548198400,9.361198486328124,3.6664628982543945,-3.007707357406616,-0.03821268677711487
1788681081564067300,9.3770673828125,4.698251724243164,-3.15771222114563,-0.6261075139045715
1788681081579875600,9.39287548828125,3.2394638061523438,-2.5755467414855957,-0.8591288924217224
1788681081595775200,9.408775146484375,-0.014563560485839844,-2.3634228706359863,-0.8482915163040161
1788681081611675000,9.4246748046875,-2.792078971862793,-2.001163959503174,-0.7188611030578613
1788681081627574500,9.440574462890625,-4.22573709487915,-1.6178947687149048,-0.6104224920272827
1788681081643504600,9.456504638671875,-4.237453460693359,-1.4045687913894653,-0.5947117805480957
1788681081659313000,9.47231298828125,-2.9557623863220215,-1.340522050857544,-0.8684110045433044
1788681081675212500,9.488212646484374,-1.440129280090332,-1.4449659585952759,-0.7762448191642761
1788681081691112200,9.5041123046875,-0.4067420959472656,-1.6546608209609985,-0.6555236577987671
1788681081707011800,9.52001171875,0.2455921173095703,-1.7134132385253906,-0.7969410419464111
1788681081722850300,9.535850341796875,0.6303024291992188,-1.6250311136245728,-0.8659487366676331
1788681081738719500,9.551719482421875,0.5232181549072266,-1.4616060256958008,-0.8271098136901855
1788681081754588700,9.567588623046875,-0.26201438903808594,-1.0181269645690918,-0.6234573721885681
1788681081770457900,9.583457763671875,-1.1937170028686523,-0.5261048674583435,-0.4108205735683441
1788681081786357500,9.599357421875,-1.8312835693359375,-0.17645859718322754,-0.46300917863845825
1788681081802226700,9.615226806640624,-2.2005419731140137,0.16203010082244873,-0.5019202828407288
1788681081818156800,9.63115673828125,-2.3770627975463867,0.3464125394821167,-0.30466896295547485
1788681081834087000,9.6470869140625,-2.2083425521850586,0.269677996635437,0.05281884968280792
1788681081849956000,9.6629560546875,-1.9218878746032715,0.10940492153167725,0.000500798225402832
1788681081865886200,9.67888623046875,-1.1877164840698242,-0.056285738945007324,-0.3088967204093933
1788681081881725000,9.694724853515625,-0.21829605102539062,-0.16790854930877686,-0.5877104997634888
1788681081897594000,9.710593994140625,0.5547208786010742,-0.22536706924438477,-0.6806115508079529
1788681081913463300,9.72646337890625,1.106318473815918,-0.3704543709754944,-0.5473084449768066
1788681081929332200,9.742332275390625,1.458120346069336,-0.4634628891944885,-0.3892937898635864
1788681081945201400,9.758201416015625,1.7207221984863281,-0.4386180639266968,-0.3466249108314514
1788681081961070600,9.774070556640625,1.808206558227539,-0.3926522135734558,-0.19837325811386108
1788681081976939800,9.789939697265625,1.9088726043701172,-0.4226144552230835,-0.21189981698989868
1788681081992839400,9.80583935546875,2.068216323852539,-0.34391510486602783,-0.26151618361473083
1788681082008708600,9.82170849609375,1.9233989715576172,0.05934345722198486,-0.06956371665000916
1788681082024577800,9.837577880859374,1.0942564010620117,0.22356295585632324,0.18729355931282043
1788681082040477400,9.8534775390625,-0.17428112030029297,-0.061199069023132324,0.2522910237312317
1788681082056377000,9.869377197265624,-0.6804256439208984,-0.3112175464630127,0.8521867990493774
1788681082072246000,9.88524609375,0.2996330261230469,-1.2984017133712769,0.9942307472229004
1788681082088115200,9.901115234375,3.0206756591796875,-2.272250175476074,0.6129343509674072
1788681082103954000,9.916953857421875,5.178519248962402,-2.5738778114318848,0.09746253490447998
1788681082119853600,9.932853515625,4.925233840942383,-2.7901229858398438,0.3369613289833069
1788681082135753200,9.948753173828125,1.7187671661376953,-2.599996566772461,1.0185034275054932
1788681082167583000,9.9805830078125,-3.010593891143799,-1.4974539279937744,1.0599254369735718
1788681082183482600,9.996482666015625,-2.9895520210266113,-1.2545499801635742,1.1425169706344604
1788681082199382300,10.01238232421875,-1.7563414573669434,-1.1923502683639526,0.9478532671928406
1788681082223216600,10.036216552734375,-0.33418750762939453,-1.099966287612915,0.48573464155197144
1788681082239085800,10.0520859375,-0.020009994506835938,-1.045498013496399,0.5915544033050537
1788681082254954800,10.067954833984375,-0.20556926727294922,-0.8398643732070923,0.5035753846168518
1788681082270824000,10.083823974609375,-0.9923133850097656,-0.5006111860275269,0.3812573254108429
1788681082286723600,10.0997236328125,-1.7619986534118652,-0.2506542205810547,0.3346988558769226
1788681082302623200,10.115623291015625,-2.2716383934020996,0.03232705593109131,0.2687756419181824
1788681082318523000,10.13152294921875,-2.3984460830688477,0.3107738494873047,0.3572545349597931
1788681082334422500,10.147422607421875,-2.1911330223083496,0.6979564428329468,0.4053723216056824
1788681082358287400,10.171287353515625,-1.7467474937438965,0.9192087650299072,0.2838468849658966
1788681082374156500,10.187156494140625,-1.4978485107421875,0.8054517507553101,0.4403032958507538
1788681082390056200,10.20305615234375,-1.3061027526855469,0.726380467414856,0.5385619401931763
1788681082405925400,10.21892529296875,-0.874873161315918,0.5610817670822144,0.7121961116790771
1788681082421794600,10.234794677734374,-0.20178699493408203,0.31561434268951416,0.7984925508499146
1788681082437663700,10.250663818359374,0.44378662109375,0.2154175043106079,0.7613337635993958
1788681082453532700,10.26653271484375,0.9901180267333984,0.19819319248199463,0.5800910592079163
1788681082469401900,10.28240185546875,1.1858882904052734,0.1812455654144287,0.5196182131767273
1788681082485271000,10.29827099609375,1.248077392578125,0.12558066844940186,0.3855210244655609
1788681082501140200,10.31414013671875,1.5475578308105469,-0.15672922134399414,0.13240498304367065
1788681082517009400,10.330009521484374,2.091599464416504,-0.5412974953651428,0.08290824294090271
1788681082532909000,10.345908935546875,2.557596206665039,-0.7718362808227539,0.1864684522151947
1788681082548808700,10.36180859375,2.491117477416992,-0.534721851348877,0.2164355367422104
1788681082564678000,10.377677978515624,1.822702407836914,-0.42591291666030884,0.12665706872940063
1788681082580546800,10.393546875,0.9777822494506836,-0.532809853553772,-0.12470550835132599
1788681082596416000,10.409416015625,0.9972200393676758,-0.7464674711227417,-0.006186753511428833
1788681082612285200,10.42528515625,2.214597702026367,-1.9247239828109741,0.1733049750328064
1788681082628154400,10.441154296875,3.866334915161133,-3.255967378616333,-0.07374528795480728
1788681082644054000,10.457053955078125,4.524327278137207,-3.4782586097717285,-0.48584404587745667
1788681082659953700,10.47295361328125,2.8361148834228516,-2.9533896446228027,-0.8502871990203857
1788681082675853300,10.488853271484375,0.015385627746582031,-2.5503129959106445,-0.799315333366394
1788681082691692000,10.504692138671874,-2.499563694000244,-2.147139072418213,-0.5638030171394348
1788681082707561000,10.52056103515625,-3.8295435905456543,-1.588263750076294,-0.34762540459632874
1788681082723460900,10.5364609375,-3.470611095428467,-1.1121543645858765,-0.015066783875226974
1788681082739391000,10.552390869140625,-2.232391834259033,-0.9656673669815063,-0.1998261958360672
1788681082755321000,10.568321044921875,-1.0569572448730469,-0.9336610436439514,-0.6280555129051208
1788681082771159800,10.584159912109374,-0.2723960876464844,-0.8468248248100281,-0.6842594146728516
1788681082786998300,10.599998291015625,0.2207050323486328,-0.908720850944519,-0.5044355392456055
1788681082802898000,10.61589794921875,0.3409233093261719,-1.0023396015167236,-0.14849182963371277
1788681082818767000,10.63176708984375,0.21700096130371094,-0.9473327398300171,-0.04262717068195343
1788681082834636300,10.64763623046875,-0.041420936584472656,-0.5257186889648438,-0.23842927813529968
1788681082850536000,10.663535888671875,-0.5427770614624023,0.03860652446746826,-0.21192605793476105
1788681082866405000,10.679405029296875,-1.2984638214111328,0.3039466142654419,-0.004244215786457062
1788681082882304800,10.6953046875,-1.9594049453735352,0.47110414505004883,0.20902207493782043
1788681082898174000,10.711174072265624,-2.3755388259887695,0.5735752582550049,0.2347927689552307
1788681082914073600,10.727073486328125,-2.509708881378174,0.6419374346733093,0.12983736395835876
1788681082930003700,10.743003662109375,-2.1595993041992188,0.6722062230110168,0.06404229998588562
1788681082945903400,10.7589033203125,-1.365830421447754,0.5741979479789734,-0.11060845106840134
1788681082961803000,10.774802978515625,-0.3548727035522461,0.4358786940574646,-0.22632291913032532
1788681082977672200,10.790672119140625,0.6516304016113281,0.2310604453086853,-0.2557147145271301
1788681082993511000,10.806510986328124,1.4603605270385742,0.14676380157470703,-0.1968640834093094
1788681083009379800,10.8223798828125,1.9242944717407227,0.10862874984741211,-0.18642322719097137
1788681083025249000,10.8382490234375,2.1089534759521484,0.09507113695144653,-0.3473861515522003
1788681083041148700,10.854148681640625,2.0799922943115234,-0.14122557640075684,-0.4320698082447052
1788681083057109500,10.870109619140624,2.1041011810302734,-0.535873293876648,-0.24565821886062622
1788681083073009200,10.886009033203125,2.380258560180664,-0.8114840984344482,-0.020446181297302246
1788681083088908800,10.90190869140625,2.7846975326538086,-0.7420254945755005,-0.20463937520980835
1788681083104808400,10.917808349609375,2.526277542114258,-0.33871930837631226,-0.054192185401916504
1788681083120677600,10.933677734375,1.3243446350097656,-0.23148846626281738,0.313212513923645
1788681083136546600,10.949546630859375,0.19962310791015625,-0.6544512510299683,0.5674067735671997
1788681083152415700,10.965415771484375,0.2955646514892578,-1.210595726966858,0.772429883480072
1788681083168285000,10.981284912109375,1.8237648010253906,-2.114551067352295,0.3523068428039551
1788681083184184600,10.9971845703125,3.8484277725219727,-2.837139129638672,-0.26003116369247437
1788681083200053800,11.0130537109375,4.523158073425293,-2.825854778289795,-0.2169014811515808
1788681083215953400,11.028953369140625,2.325514793395996,-2.4398655891418457,0.33207231760025024
1788681083231853000,11.04485302734375,-0.6947250366210938,-2.4136929512023926,0.7830342054367065
1788681083247691800,11.06069189453125,-3.230739116668701,-2.1126036643981934,0.9709210395812988
1788681083263561000,11.07656103515625,-4.373950004577637,-1.5683311223983765,1.0554850101470947
1788681083279460600,11.092460693359374,-4.073338508605957,-1.293498158454895,0.9962872266769409
1788681083295329500,11.10832958984375,-2.9546637535095215,-1.2769466638565063,0.7168272733688354
1788681083311260000,11.124260009765624,-1.5711727142333984,-1.3652474880218506,0.37170132994651794
1788681083327098400,11.140098388671875,-0.2434215545654297,-1.4413654804229736,0.32381126284599304
1788681083342998000,11.155998046875,0.7844038009643555,-1.4129306077957153,0.15642571449279785
1788681083358836700,11.171836669921875,0.6739320755004883,-1.1552537679672241,0.0850900411605835
1788681083374675500,11.187675537109374,-0.4663839340209961,-0.8306488394737244,0.32179200649261475
1788681083390544400,11.20354443359375,-1.6169681549072266,-0.6077176928520203,0.42560094594955444
1788681083406383000,11.219383056640625,-2.1811113357543945,-0.3887956142425537,0.308187335729599
1788681083422252300,11.235252197265625,-2.154865264892578,-0.02501225471496582,0.19980520009994507
1788681083438152000,11.25115185546875,-1.8656096458435059,0.12415385246276855,0.29506319761276245
1788681083454021000,11.267021240234374,-1.4709339141845703,0.22561413049697876,0.5362330675125122
1788681083469890300,11.282890380859374,-1.2101716995239258,0.3586283326148987,0.6411243677139282
1788681083485759200,11.29875927734375,-1.0332403182983398,0.3199157118797302,0.630341649055481
1788681083501659000,11.314658935546875,-0.739375114440918,0.21149486303329468,0.6956355571746826
1788681083517558500,11.33055859375,-0.199127197265625,0.13381880521774292,0.650109589099884
1788681083533427700,11.346427734375,0.4730987548828125,0.047838032245635986,0.5229368209838867
1788681083549327400,11.362327392578125,1.036813735961914,0.05623507499694824,0.3148273825645447
1788681083565227000,11.37822705078125,1.3721046447753906,0.13412106037139893,0.31849148869514465
1788681083581096200,11.39409619140625,1.3404169082641602,0.05006992816925049,0.22416111826896667
1788681083596965400,11.40996533203125,1.245199203491211,-0.11074262857437134,0.1817225217819214
1788681083612834600,11.42583447265625,1.5615406036376953,-0.3600150942802429,0.21266725659370422
1788681083628703700,11.441703857421874,2.1787586212158203,-0.763346791267395,0.2436164915561676
1788681083644603400,11.457603271484375,2.8246097564697266,-1.173276424407959,0.14278481900691986
1788681083660503000,11.4735029296875,3.222689628601074,-0.9223635792732239,0.04161086678504944
1788681083676433200,11.48943310546875,2.711421012878418,-0.5313600301742554,-0.2759126126766205
1788681083692302300,11.50530224609375,1.566690444946289,-0.23398399353027344,-0.46805301308631897
1788681083708171500,11.521171630859374,0.7308425903320312,-0.027135848999023438,-0.3508806824684143
1788681083724040400,11.53704052734375,0.6800689697265625,-0.4202718138694763,0.08278334885835648
1788681083739940400,11.5529404296875,1.4007635116577148,-1.8735692501068115,0.36560726165771484
1788681083755840000,11.568840087890624,2.254885673522949,-2.926030158996582,0.1555432826280594
1788681083771709000,11.584708984375,2.183530807495117,-2.7584917545318604,-0.30016812682151794
1788681083787547600,11.600547607421875,0.4676980972290039,-2.7475295066833496,-0.4471496045589447
1788681083803447300,11.616447265625,-1.4102935791015625,-2.607093334197998,-0.7915675640106201
1788681083819347000,11.632346923828125,-2.577425479888916,-2.058640956878662,-0.8300217390060425
1788681083835216100,11.648216064453125,-2.8989105224609375,-1.5092449188232422,-0.8038977384567261
1788681083851085300,11.664085205078125,-2.440056800842285,-1.28078293800354,-0.645790696144104
1788681083866985000,11.67998486328125,-1.830965518951416,-1.2707302570343018,-0.5553531646728516
1788681083882915000,11.6959150390625,-1.3482322692871094,-1.2563120126724243,-0.669483482837677
1788681083898784300,11.7117841796875,-0.8510227203369141,-1.3147997856140137,-0.660830020904541
1788681083914684000,11.727683837890625,-0.03456401824951172,-1.3627443313598633,-0.6155858039855957
1788681083930553000,11.743552978515625,0.3288536071777344,-1.0339704751968384,-0.6549740433692932
1788681083946422300,11.75942236328125,0.09950923919677734,-0.2938970625400543,-0.46053624153137207
1788681083962291200,11.775291259765625,-0.4168567657470703,-0.04752516746520996,-0.4496474266052246
1788681083978190800,11.79119091796875,-1.1184272766113281,0.032102882862091064,-0.07839427888393402
1788681083994121200,11.807121337890624,-1.5510845184326172,0.13075578212738037,0.35965695977211
1788681084009990400,11.822990478515624,-1.8256640434265137,0.4166907072067261,0.3365745544433594
1788681084025890000,11.83889013671875,-1.9497742652893066,0.6808735132217407,0.01324906200170517
1788681084041759000,11.854759033203125,-1.7106914520263672,0.7356215119361877,-0.057236313819885254
1788681084057658600,11.87065869140625,-1.1517915725708008,0.6586784720420837,0.03341981768608093
1788681084073527800,11.88652783203125,-0.47620201110839844,0.5123701691627502,-0.05030738562345505
1788681084089427500,11.902427490234375,0.2328195571899414,0.3816976547241211,-0.19836832582950592
1788681084105296600,11.918296630859375,1.1203584671020508,0.18519794940948486,-0.23074521124362946
1788681084121135400,11.93413525390625,1.6818218231201172,0.1197354793548584,-0.3271040916442871
1788681084137035000,11.950034912109375,1.6400136947631836,0.21004217863082886,-0.48147711157798767
1788681084152904200,11.965904296875,1.1479129791259766,0.0690847635269165,-0.1699029803276062
1788681084168742700,11.98174267578125,0.7307834625244141,-0.2280448079109192,0.04619850218296051
1788681084184611800,11.99761181640625,0.8661432266235352,-0.56850266456604,0.09098878502845764
1788681084200481000,12.01348095703125,1.766636848449707,-0.6839429140090942,-0.1347721517086029
1788681084216350200,12.02935009765625,2.418272018432617,-0.3471698760986328,-0.3663821518421173
1788681084232219400,12.045219482421874,2.3416881561279297,-0.038192033767700195,-0.2034437656402588
1788681084248149500,12.0611494140625,1.3864154815673828,-0.374167799949646,0.08556225895881653
1788681084263988000,12.076988037109375,0.5905485153198242,-0.8841958045959473,0.4151664078235626
1788681084279887600,12.0928876953125,0.8933048248291016,-1.7691632509231567,0.5235669612884521
1788681084295756800,12.1087568359375,2.9382810592651367,-2.7598445415496826,-0.07422816753387451
1788681084311717600,12.124717529296875,5.158358573913574,-2.994875192642212,-0.5934481024742126
1788681084327586800,12.1405869140625,5.001249313354492,-2.5796620845794678,-0.1695978045463562
1788681084343486500,12.156486572265624,2.0384902954101562,-2.411714553833008,0.3960995078086853
1788681084359294500,12.17229443359375,-1.5101318359375,-2.2018826007843018,0.8028441667556763
1788681084375163600,12.18816357421875,-3.8363423347473145,-1.960720419883728,0.955268919467926
1788681084391032800,12.20403271484375,-4.56001091003418,-1.61468505859375,0.9995883703231812
1788681084406932500,12.219932373046875,-3.7222580909729004,-1.1654086112976074,1.1427700519561768
1788681084422801700,12.2358017578125,-2.523538112640381,-1.0060144662857056,0.8335171937942505
1788681084438701300,12.251701416015624,-0.9669170379638672,-1.2359426021575928,0.47111910581588745
1788681084454631400,12.26763134765625,0.33710479736328125,-1.3841488361358643,0.5253310203552246
1788681084470500600,12.28350048828125,0.7451868057250977,-1.332115888595581,0.6624208688735962
1788681084486400300,12.299400146484375,0.31168365478515625,-1.05051589012146,0.5497369766235352
1788681084502269400,12.31526953125,-0.6627120971679688,-0.6075793504714966,0.3852077126502991
1788681084518199600,12.331199462890625,-2.014995574951172,-0.24910873174667358,0.5856626033782959
1788681084534099200,12.34709912109375,-2.913320541381836,0.03239858150482178,0.8378322124481201
1788681084549968400,12.362968505859374,-3.030473232269287,0.308006227016449,0.8655197024345398
1788681084565806800,12.378806884765625,-2.1900901794433594,0.5327662825584412,0.6338559985160828
1788681084581706500,12.39470654296875,-1.3083772659301758,0.5785417556762695,0.5960364937782288
1788681084597575700,12.41057568359375,-0.5798282623291016,0.4450879693031311,0.6181173324584961
1788681084613444900,12.42644482421875,-0.12092876434326172,0.3222719430923462,0.6406995058059692
1788681084629344500,12.442344482421875,0.042270660400390625,0.14286428689956665,0.718814492225647
1788681084645183200,12.458183349609374,0.15947532653808594,-0.11856788396835327,0.5313018560409546
1788681084661052400,12.474052490234374,0.6747112274169922,-0.15181082487106323,0.2693294584751129
1788681084676921300,12.48992138671875,1.1457452774047852,0.019214510917663574,0.057795990258455276
1788681084692790500,12.50579052734375,1.321537971496582,0.16169404983520508,0.048246294260025024
1788681084708690200,12.521690185546875,1.1037683486938477,0.16339170932769775,0.21004651486873627
1788681084724589800,12.53758984375,1.0347766876220703,-0.10801392793655396,0.2782325744628906
1788681084740459000,12.553458984375,1.849593162536621,-0.5039504766464233,0.06801639497280121
1788681084756328200,12.569328125,3.0567798614501953,-0.796451985836029,0.03732176125049591
1788681084772197400,12.585197265625,3.463597297668457,-0.7059991359710693,0.0532626211643219
1788681084788035800,12.601035888671875,2.524372100830078,-0.3277437686920166,-0.20943573117256165
1788681084803935500,12.616935546875,0.49446964263916016,-0.42844629287719727,-0.2608320415019989
1788681084819835100,12.632835205078125,-0.6828279495239258,-0.23002266883850098,-0.4383414387702942
1788681084835704300,12.648704345703125,-0.4068317413330078,-0.9607325792312622,-0.24179722368717194
1788681084851604000,12.66460400390625,1.5457448959350586,-2.3587591648101807,-0.11985739320516586
1788681084867503600,12.680503662109375,4.216699600219727,-3.167379379272461,-0.5908885598182678
1788681084883403300,12.6964033203125,5.506277084350586,-3.0303537845611572,-1.0043772459030151
1788681084899242000,12.712241943359375,3.8690576553344727,-2.7883307933807373,-1.0120083093643188
1788681084915141600,12.7281416015625,0.5791187286376953,-2.505544662475586,-0.7409803867340088
1788681084931010800,12.7440107421875,-2.461942672729492,-2.046203851699829,-0.5801988840103149
1788681084946910500,12.759910400390625,-4.546048164367676,-1.3404842615127563,-0.42152249813079834
1788681084962840600,12.775840576171875,-5.000389099121094,-0.8572367429733276,-0.3833295702934265
1788681084978740200,12.791740234375,-3.768266201019287,-0.6303946375846863,-0.4988497197628021
1788681084994640000,12.807639892578125,-1.9812321662902832,-0.7510729432106018,-0.8081499338150024
1788681085010539500,12.82353955078125,-0.6375875473022461,-1.017199993133545,-0.9799177646636963
1788681085026408700,12.83940869140625,0.29742908477783203,-1.269307017326355,-0.894748330116272
1788681085042278000,12.85527783203125,0.7619857788085938,-1.11000394821167,-0.5833642482757568
1788681085058147000,12.87114697265625,0.40390586853027344,-0.7535980939865112,-0.7300292253494263
1788681085074046700,12.887046630859375,-0.4041318893432617,-0.3511870205402374,-0.8291203379631042
1788681085089916000,12.902916015625,-1.2531251907348633,-0.06147289276123047,-0.5822339057922363
1788681085105784800,12.918784912109375,-1.8785171508789062,0.11555302143096924,-0.4502655565738678
1788681085121654000,12.934654052734375,-1.9443387985229492,0.30859267711639404,-0.5345027446746826
1788681085137553700,12.9505537109375,-1.7529163360595703,0.42854762077331543,-0.47564396262168884
1788681085153453300,12.966453369140625,-1.4743881225585938,0.3508948087692261,-0.4136401414871216
1788681085169292000,12.9822919921875,-1.0699710845947266,0.356143593788147,-0.5918771028518677
1788681085185191700,12.998191650390625,-0.49632835388183594,0.3622090816497803,-0.8737690448760986
1788681085201060900,13.014060791015625,0.3338174819946289,0.16806870698928833,-0.9983435869216919
1788681085216960500,13.02996044921875,0.9615287780761719,-0.20927971601486206,-0.6105955243110657
1788681085232799200,13.04579931640625,1.2784347534179688,-0.38330745697021484,-0.2172677367925644
1788681085248699000,13.061698974609374,1.259420394897461,-0.24809974431991577,-0.1771254539489746
1788681085264567800,13.07756787109375,1.1599626541137695,-0.19279110431671143,-0.06645223498344421
1788681085280467500,13.093467529296875,1.1494064331054688,-0.2652224898338318,0.05695748329162598
1788681085296336600,13.109336669921875,1.387786865234375,-0.4834824800491333,0.024996906518936157
1788681085312205800,13.125205810546875,1.9925460815429688,-0.9053982496261597,0.09416654706001282
1788681085328075000,13.141074951171875,2.5812902450561523,-0.880590558052063,0.17611739039421082
1788681085343974700,13.156974609375,2.5431222915649414,-0.40814709663391113,0.2382715344429016
1788681085359874300,13.172874267578125,1.4527816772460938,-0.2161778211593628,0.4459216892719269
1788681085375774000,13.18877392578125,0.2794179916381836,-0.49868255853652954,0.784928023815155
1788681085391673600,13.204673583984375,-0.11140632629394531,-1.1571613550186157,1.020919919013977
1788681085407573200,13.2205732421875,1.263885498046875,-2.2548351287841797,0.9541139602661133
1788681085423503400,13.23650341796875,3.5589447021484375,-3.0758056640625,0.5239020586013794
1788681085439372500,13.25237255859375,4.586879730224609,-3.060671806335449,0.46165990829467773
1788681085455241700,13.26824169921875,2.6652708053588867,-2.828941822052002,0.9739094972610474
1788681085471080400,13.28408056640625,-0.3543710708618164,-2.795243740081787,1.2143518924713135
1788681085486980000,13.29997998046875,-2.6614036560058594,-2.4357011318206787,1.1017546653747559
1788681085502879700,13.315879638671875,-3.7407779693603516,-1.9134385585784912,0.9866281151771545
1788681085518749000,13.3317490234375,-3.3326354026794434,-1.4773478507995605,1.017417550086975
1788681085550517500,13.363517578125,-1.381972312927246,-1.1328487396240234,0.5333744287490845
1788681085566447900,13.37944775390625,-0.9216327667236328,-1.0660005807876587,0.8131507635116577
1788681085582317000,13.395317138671874,-0.6336641311645508,-1.0134323835372925,0.8972765207290649
1788681085598186000,13.41118603515625,-0.5152912139892578,-1.0766772031784058,0.6145061254501343
1788681085614055200,13.42705517578125,-0.4745941162109375,-1.0579302310943604,0.4275642931461334
1788681085629954800,13.442954833984375,-0.5356864929199219,-0.6746946573257446,0.48888441920280457
1788681085645885000,13.458885009765625,-0.8936443328857422,-0.2709023356437683,0.5860894322395325
1788681085661754000,13.474754150390625,-1.3820123672485352,0.03703784942626953,0.6539401412010193
1788681085677623300,13.490623291015625,-1.690629005432129,0.3008592128753662,0.7216272354125977
1788681085693462000,13.5064619140625,-1.4993219375610352,0.4382351040840149,0.8022865056991577
1788681085709361700,13.522361572265625,-0.9662389755249023,0.28061366081237793,0.7800909280776978
1788681085725200100,13.5382001953125,-0.28510379791259766,0.27711546421051025,0.8588825464248657
1788681085741099800,13.554099853515625,0.23878002166748047,0.33933889865875244,0.7335054874420166
1788681085756969000,13.569968994140625,0.4433412551879883,0.3440263271331787,0.4910540282726288
1788681085772838100,13.585838134765625,0.4640235900878906,0.15855681896209717,0.35506874322891235
1788681085788707300,13.601707275390625,0.4988698959350586,0.018364787101745605,0.2613292932510376
1788681085804607000,13.61760693359375,0.6426200866699219,-0.043264925479888916,0.32757335901260376
1788681085820506600,13.633506591796875,0.9518651962280273,-0.09787178039550781,0.23282650113105774
1788681085836375800,13.649375732421875,1.2465028762817383,-0.21418756246566772,0.013627871870994568
1788681085852275500,13.665275390625,1.8656978607177734,-0.42583632469177246,-0.08043207973241806
1788681085868175000,13.681175048828125,2.636106491088867,-0.8674129843711853,-0.14510296285152435
1788681085884044300,13.697044189453125,3.0660438537597656,-1.1514947414398193,-0.03924892097711563
1788681085899882800,13.7128828125,2.4069137573242188,-0.7571901082992554,-0.10607756674289703
1788681085915752000,13.728751953125,0.8309144973754883,-0.2374749779701233,-0.26128876209259033
1788681085931682000,13.74468212890625,-0.27705860137939453,-0.25514090061187744,-0.49576008319854736
1788681085947551200,13.76055126953125,-0.01813507080078125,-0.6586856245994568,-0.5243715643882751
1788681085963451000,13.776450927734375,1.8390560150146484,-1.9501991271972656,-0.27685195207595825
1788681085979350500,13.7923505859375,4.395685195922852,-3.2842788696289062,-0.4620840549468994
1788681085995219700,13.8082197265625,5.587501525878906,-3.4475114345550537,-0.9638513326644897
1788681086011119400,13.824119384765625,3.961475372314453,-2.91831111907959,-1.2957017421722412
1788681086027019000,13.84001904296875,0.4600505828857422,-2.506138801574707,-1.0885717868804932
1788681086042911700,13.855911865234376,-3.0559158325195312,-2.215585708618164,-0.88489830493927
1788681086058811400,13.871811279296875,-5.005337238311768,-1.867618203163147,-0.8098217248916626
1788681086074680600,13.8876806640625,-4.583568572998047,-1.6272960901260376,-0.7087787389755249
1788681086090580200,13.903580322265626,-2.3163671493530273,-1.4502365589141846,-0.8590669631958008
1788681086106419000,13.9194189453125,-0.3569364547729492,-1.3401727676391602,-1.2488985061645508
1788681086122318600,13.935318603515626,0.40169525146484375,-1.1589939594268799,-1.3055164813995361
1788681086138218200,13.95121826171875,0.11082267761230469,-0.9510599374771118,-1.049457311630249
1788681086154118000,13.967117919921876,-0.668121337890625,-0.9026030898094177,-0.7821882963180542
1788681086170017500,13.983017578125,-1.242502212524414,-0.9928680062294006,-0.48673081398010254
1788681086185886700,13.99888671875,-1.0272130966186523,-1.0140899419784546,-0.4888661205768585
1788681086201756000,14.014755859375,-0.2778892517089844,-0.7282999753952026,-0.7057977914810181
1788681086217624800,14.030624755859375,-0.22265052795410156,-0.28700971603393555,-0.6916584372520447
1788681086233494000,14.046493896484375,-0.93505859375,0.1020817756652832,-0.5836958289146423
1788681086249332700,14.062332763671876,-1.8914599418640137,0.23629319667816162,-0.25676295161247253
1788681086265202000,14.078201904296876,-2.534583568572998,0.20574045181274414,-0.08279383182525635
1788681086281132000,14.094132080078126,-2.350403308868408,0.09801483154296875,-0.06275177001953125
1788681086297031700,14.11003173828125,-1.2743148803710938,0.008034229278564453,-0.4140785336494446
1788681086312931300,14.125931396484376,-0.0019054412841796875,-0.06266093254089355,-0.7435687780380249
1788681086328770000,14.14177001953125,1.0626096725463867,-0.08478069305419922,-0.9101762175559998
1788681086344639000,14.157638916015625,1.471003532409668,-0.022284388542175293,-0.8813279867172241
1788681086360538600,14.17353857421875,1.1855783462524414,-0.15763145685195923,-0.7699975371360779
1788681086376407800,14.18940771484375,0.8852519989013672,-0.2787625789642334,-0.6241800785064697
1788681086392307500,14.205307373046875,0.7952203750610352,-0.431522011756897,-0.6476394534111023
1788681086408176600,14.2211767578125,1.493368148803711,-0.6145654320716858,-0.5120331048965454
1788681086424076300,14.237076171875,2.4924373626708984,-0.6782426834106445,-0.2953459620475769
1788681086439915000,14.2529150390625,3.023922920227051,-0.3054298758506775,-0.32122093439102173
1788681086455814700,14.268814697265626,2.5180931091308594,0.22063696384429932,-0.0957472026348114
1788681086471714300,14.28471435546875,1.2115755081176758,0.31812620162963867,0.24929851293563843
1788681086487614000,14.300614013671876,-0.17099380493164062,0.03096592426300049,0.43387898802757263
1788681086503544000,14.3165439453125,-0.12621212005615234,-0.7374199032783508,0.5119653344154358
1788681086519443700,14.332443603515625,1.9873456954956055,-2.011892557144165,0.20301654934883118
1788681086535343400,14.34834326171875,4.9095659255981445,-3.1091971397399902,-0.33662962913513184
1788681086551243000,14.364242919921875,6.273358345031738,-3.2261669635772705,-0.3408411741256714
1788681086567173400,14.38017333984375,4.0959320068359375,-2.779268264770508,-0.14866086840629578
1788681086583011800,14.39601171875,0.2647409439086914,-2.5015103816986084,0.09148458391427994
1788681086598881000,14.411881103515626,-2.8190383911132812,-2.2742490768432617,0.38879692554473877
1788681086614750200,14.427750244140626,-4.462287425994873,-1.7849887609481812,0.8865106105804443
1788681086630589000,14.4435888671875,-4.837545871734619,-1.1840453147888184,1.1071792840957642
1788681086646457900,14.459457763671875,-4.058115005493164,-0.9694342613220215,0.9363085031509399
1788681086662296600,14.475296630859376,-2.609738349914551,-1.1966413259506226,0.44198518991470337
1788681086678165800,14.491165771484376,-0.8497133255004883,-1.4818907976150513,0.2132979929447174
1788681086694126300,14.507126220703125,0.8309621810913086,-1.6946420669555664,0.10778452455997467
1788681086709995500,14.52299560546875,1.395970344543457,-1.6142364740371704,-0.10882678627967834
1788681086725895200,14.538895263671876,0.5257549285888672,-1.1442288160324097,-0.14235839247703552
1788681086741734000,14.55473388671875,-1.1060113906860352,-0.6360195279121399,-0.016961395740509033
1788681086757603000,14.57060302734375,-2.456873893737793,-0.44804584980010986,-0.009427845478057861
1788681086773502700,14.586502685546876,-2.8299789428710938,-0.3831731081008911,0.042267292737960815
1788681086789402400,14.60240234375,-2.016547203063965,-0.37438201904296875,0.17509035766124725
1788681086805271300,14.618271240234375,-0.6619253158569336,-0.29025477170944214,-0.04866214096546173
1788681086821201700,14.63420166015625,0.1783428192138672,-0.029311537742614746,-0.40245193243026733
1788681086837101300,14.650101318359376,0.0664987564086914,0.06004035472869873,-0.46269142627716064
1788681086853001000,14.6660009765625,-0.6527032852172852,-0.2097078561782837,-0.09561313688755035
1788681086868870100,14.6818701171875,-1.083730697631836,-0.48695772886276245,0.13668645918369293
1788681086884769800,14.697769775390626,-0.7434234619140625,-0.6326938271522522,-0.16989678144454956
1788681086900639000,14.713638916015626,0.2556343078613281,-0.4988200068473816,-0.22199685871601105
1788681086916538600,14.72953857421875,0.7430763244628906,-0.2696482539176941,-0.03918762505054474
1788681086932407600,14.745407470703125,0.8506784439086914,-0.15298008918762207,0.08750863373279572
1788681086948307200,14.76130712890625,0.8595848083496094,-0.18832236528396606,0.13508844375610352
1788681086964146000,14.77714599609375,0.8471593856811523,-0.1928120255470276,0.11545823514461517
1788681086980045600,14.793045654296876,0.9601526260375977,-0.1314375400543213,0.04091072082519531
1788681086995914800,14.808914794921876,1.3998298645019531,-0.057715415954589844,0.06728760898113251
1788681087011814400,14.824814453125,1.4182214736938477,0.23222386837005615,0.09923939406871796
1788681087027683600,14.84068359375,0.8706464767456055,0.3550174832344055,-0.07769778370857239
1788681087043552800,14.856552734375,0.6473445892333984,0.34092676639556885,-0.33521026372909546
1788681087059421700,14.872421630859375,1.1984844207763672,0.21137768030166626,-0.6040780544281006
1788681087075352000,14.88835205078125,2.7054529190063477,-0.6720198392868042,-0.4054186940193176
1788681087091221200,14.90422119140625,4.409229278564453,-1.6828579902648926,-0.3895820379257202
1788681087107090200,14.920090087890625,5.170077323913574,-2.0617804527282715,-0.8660157918930054
1788681087123020500,14.9360205078125,3.7759246826171875,-1.9995253086090088,-0.7340691089630127
1788681087138889500,14.951889404296875,0.8239574432373047,-1.8498058319091797,-0.5864347815513611
1788681087154758700,14.967758544921875,-1.7765169143676758,-1.5690038204193115,-0.5230169296264648
1788681087170658300,14.983658203125,-3.183770179748535,-1.2137911319732666,-0.5561898350715637
1788681087186558000,14.999557861328125,-3.4276552200317383,-0.7733306288719177,-0.6934389472007751
1788681087202396700,15.015396728515626,-2.8209433555603027,-0.4675353765487671,-0.7110961675643921
1788681087218296300,15.03129638671875,-2.251253128051758,-0.4483049511909485,-0.7525465488433838
1788681087234196000,15.047196044921876,-1.8126044273376465,-0.707626223564148,-0.8994525671005249
1788681087250065200,15.063065185546876,-1.0497732162475586,-0.9904897212982178,-0.7030371427536011
1788681087273868800,15.086868896484376,0.5902948379516602,-0.9855929613113403,-0.6189786195755005
1788681087289738000,15.102738037109376,0.6406164169311523,-0.6067236661911011,-0.5220130085945129
1788681087305607200,15.118607177734376,-0.17204666137695312,-0.24128931760787964,-0.4701653718948364
1788681087321506800,15.1345068359375,-1.2332496643066406,0.07835376262664795,-0.5401120185852051
1788681087337406500,15.150406494140626,-2.1974525451660156,0.39296483993530273,-0.33367517590522766
1788681087353306000,15.16630615234375,-2.3320651054382324,0.5359604358673096,-0.16418318450450897
1788681087369175300,15.18217529296875,-2.02554988861084,0.6325138807296753,-0.04638758301734924
1788681087385044500,15.19804443359375,-1.5814943313598633,0.7758290767669678,-0.16916656494140625
1788681087400944000,15.213944091796876,-1.1811752319335938,0.7103716731071472,-0.39621618390083313
1788681087416813000,15.22981298828125,-0.6686515808105469,0.572006344795227,-0.5705323815345764
1788681087432682200,15.24568212890625,-0.20632553100585938,0.4471166729927063,-0.5285372734069824
1788681087448551400,15.261551513671876,0.27464866638183594,0.27485567331314087,-0.36032208800315857
1788681087464481500,15.2774814453125,0.5440311431884766,0.08654820919036865,-0.26351213455200195
1788681087480320300,15.2933203125,0.8061017990112305,0.02402675151824951,-0.16064131259918213
1788681087496220000,15.309219970703126,1.038705825805664,-0.10500001907348633,-0.076995849609375
1788681087512150000,15.32514990234375,1.4453248977661133,-0.3727281093597412,0.0009896308183670044
1788681087528019200,15.341019287109376,2.227447509765625,-0.5774937272071838,0.03838089108467102
1788681087543888400,15.356888427734376,2.8929576873779297,-0.6863491535186768,-0.13623224198818207
1788681087559849000,15.372848876953125,2.85860538482666,-0.2819778323173523,-0.2570960521697998
1788681087575748600,15.38874853515625,1.8064613342285156,0.10200929641723633,-0.007656276226043701
1788681087591617800,15.40461767578125,0.48796653747558594,-0.002105236053466797,0.4033178687095642
1788681087607517400,15.420517333984375,-0.24747180938720703,-0.31346428394317627,0.67918860912323
1788681087623386600,15.43638671875,-0.11251258850097656,-0.955428421497345,0.8629255294799805
1788681087639255800,15.452255859375,1.656219482421875,-1.9577066898345947,0.6194369792938232
1788681087655155500,15.468155517578126,4.112846374511719,-2.591784954071045,0.10430273413658142
1788681087671085600,15.48408544921875,5.341190338134766,-2.402163028717041,0.13126125931739807
1788681087686954800,15.499954833984376,3.289825439453125,-2.2280595302581787,0.5202743411064148
1788681087702824000,15.515823974609376,-0.12634754180908203,-2.2241690158843994,0.9045119285583496
1788681087718723600,15.5317236328125,-2.8035507202148438,-2.034172296524048,1.1441314220428467
1788681087734623200,15.547623291015626,-3.831270217895508,-1.5485565662384033,1.2667458057403564
1788681087750492400,15.563492431640626,-3.1284828186035156,-1.0572328567504883,0.9999381899833679
1788681087766361600,15.579361572265626,-1.5068483352661133,-0.8234699964523315,0.3213394284248352
1788681087782261200,15.59526123046875,0.008594512939453125,-0.8323497772216797,0.09739631414413452
1788681087798130200,15.611130126953125,0.8752803802490234,-0.9682972431182861,0.30859309434890747
1788681087813999400,15.626999267578125,0.8540506362915039,-1.1161036491394043,0.28345802426338196
1788681087829868500,15.64286865234375,0.46096134185791016,-1.1091090440750122,0.2851572632789612
1788681087845768200,15.658768310546876,-0.31060123443603516,-0.7835686802864075,0.4281882047653198
1788681087861637400,15.674637451171876,-1.1530265808105469,-0.2827686667442322,0.5372418165206909
1788681087877537000,15.690537109375,-1.9975395202636719,0.1374056339263916,0.6126810312271118
1788681087893436700,15.706436767578126,-2.6223602294921875,0.3281838893890381,0.6930029392242432
1788681087909305900,15.722305908203126,-2.5511598587036133,0.3865962028503418,0.6081613898277283
1788681087925175000,15.738175048828126,-1.7640190124511719,0.44581782817840576,0.6103137135505676
1788681087941074700,15.75407470703125,-0.8438911437988281,0.35260140895843506,0.6020159125328064
1788681087956944000,15.76994384765625,-0.38283252716064453,0.2624441385269165,0.7246577739715576
1788681087972782300,15.7857822265625,-0.34906005859375,0.30004799365997314,0.7863131165504456
1788681087988682000,15.801681884765625,-0.44566917419433594,0.2694389820098877,0.8132352232933044
1788681088004551200,15.81755126953125,-0.3992748260498047,0.17245352268218994,0.6167341470718384
1788681088020420400,15.83342041015625,-0.2524852752685547,0.08832931518554688,0.32872942090034485
1788681088036320000,15.849320068359376,-0.036693572998046875,0.19489169120788574,0.1674382984638214
1788681088052219600,15.8652197265625,0.22427654266357422,0.17621171474456787,0.18861046433448792
1788681088068088800,15.8810888671875,0.6492033004760742,0.02122485637664795,0.17573705315589905
1788681088083988500,15.896988525390626,1.347808837890625,-0.22706937789916992,0.19005867838859558
1788681088099888000,15.91288818359375,2.3136720657348633,-0.5884807109832764,0.11175967752933502
1788681088115787800,15.928787841796876,3.1975231170654297,-0.8215417861938477,0.1592196822166443
1788681088131687400,15.9446875,3.1687002182006836,-0.5513011813163757,0.03200345113873482
1788681088147587000,15.960587158203126,1.8258590698242188,-0.2722194194793701,-0.14051592350006104
1788681088163456300,15.976456298828126,0.3742856979370117,-0.13782882690429688,-0.20019546151161194
1788681088179325400,15.992325439453126,-0.16033363342285156,0.09884178638458252,-0.13967064023017883
1788681088195225000,16.00822509765625,0.6806526184082031,-0.39709997177124023,-0.19729426503181458
1788681088211124700,16.024124755859376,2.801358222961426,-1.9346818923950195,-0.022508986294269562
1788681088227024400,16.0400244140625,4.5289411544799805,-2.9305055141448975,-0.3065938949584961
1788681088242893600,16.0558935546875,3.9831371307373047,-2.783435821533203,-0.7875333428382874
1788681088258762800,16.0717626953125,1.3362627029418945,-2.374528408050537,-0.8968955278396606
1788681088274601200,16.087601318359376,-1.1438817977905273,-2.018883228302002,-0.6642512679100037
1788681088290470400,16.103470458984376,-2.717888832092285,-1.6342769861221313,-0.49516624212265015
1788681088306370000,16.1193701171875,-2.911904811859131,-1.0944290161132812,-0.4184098541736603
1788681088322300200,16.135300048828125,-2.171863079071045,-0.7842381596565247,-0.4858078956604004
1788681088338199800,16.15119970703125,-1.2322559356689453,-0.9459822773933411,-0.5629439949989319
1788681088354038500,16.16703857421875,-0.5522089004516602,-1.307344675064087,-0.5446615815162659
1788681088369938200,16.182938232421876,-0.06776809692382812,-1.4413665533065796,-0.3585933744907379
1788681088385807400,16.198807373046876,0.16930007934570312,-1.378954291343689,-0.1700439155101776
1788681088401676500,16.214676513671876,0.1331310272216797,-1.188897967338562,-0.31286415457725525
1788681088417545500,16.23054541015625,-0.40540313720703125,-0.6453924775123596,-0.49343475699424744
1788681088433414700,16.24641455078125,-1.3049135208129883,-0.12379932403564453,-0.3942278027534485
1788681088449283800,16.262283935546876,-2.116563320159912,0.10296916961669922,-0.2866034209728241
1788681088465153000,16.278153076171876,-2.6605172157287598,0.2756432294845581,-0.1326703280210495
1788681088480991700,16.29399169921875,-2.705996513366699,0.3255012035369873,-0.07910776883363724
1788681088496860700,16.309860595703125,-2.1889266967773438,0.321679949760437,-0.2039465606212616
1788681088512791000,16.325791015625,-1.532297134399414,0.2736687660217285,-0.3741040527820587
1788681088528660000,16.341659912109375,-1.1202974319458008,0.20349419116973877,-0.49991345405578613
1788681088544590300,16.35759033203125,-0.6793594360351562,0.20911157131195068,-0.7184733152389526
1788681088560428800,16.3734287109375,-0.13919639587402344,0.15912401676177979,-0.7716477513313293
1788681088576298000,16.389298095703126,-0.03614997863769531,0.13649523258209229,-0.5779643058776855
1788681088592167200,16.405167236328126,0.699803352355957,0.04323458671569824,-0.34427499771118164
1788681088608066800,16.42106689453125,0.8305931091308594,0.3347541093826294,-0.8506284952163696
1788681088623997000,16.436996826171875,-0.39798450469970703,-0.016346335411071777,-0.35733872652053833
1788681088639866000,16.4528662109375,0.4371633529663086,-0.43788278102874756,-0.4208042025566101
1788681088655735300,16.4687353515625,1.9611940383911133,-0.6250985860824585,-0.43109968304634094
1788681088671635000,16.484635009765626,4.086545944213867,-0.49949365854263306,-0.45250794291496277
1788681088687473700,16.5004736328125,2.669546127319336,-0.395372211933136,-0.29133719205856323
1788681088703373300,16.516373291015626,1.2137155532836914,-0.13127386569976807,0.5748192071914673
1788681088719273000,16.53227294921875,-0.0443267822265625,0.019260406494140625,0.8310530185699463
1788681088743107000,16.556107177734376,0.2011260986328125,-0.03732454776763916,0.6242449879646301
1788681088758976300,16.571976318359376,1.7137117385864258,-0.8560445308685303,0.35482919216156006
1788681088774845400,16.587845458984376,4.161678314208984,-2.2329630851745605,-0.11850902438163757
1788681088790745000,16.6037451171875,6.344940185546875,-2.8161368370056152,-0.5665276050567627
1788681088814518300,16.627518310546876,4.056942939758301,-1.9255170822143555,0.429714560508728
1788681088830387500,16.643387451171876,0.5718059539794922,-1.997483730316162,0.9469825029373169
1788681088846317600,16.659317626953126,-2.202033519744873,-1.9961085319519043,1.0479326248168945
1788681088862217200,16.67521728515625,-3.7497196197509766,-1.5556960105895996,0.9991532564163208
1788681088878086400,16.69108642578125,-3.880016803741455,-1.10699462890625,1.0120022296905518
1788681088893986000,16.706986083984376,-2.678734302520752,-0.9858112335205078,1.196258783340454
1788681088909885700,16.7228857421875,-1.303192138671875,-1.0634729862213135,0.9845966696739197
1788681088925724400,16.738724365234376,0.02708148956298828,-1.226263403892517,0.6956247687339783
1788681088941593300,16.75459326171875,0.9689807891845703,-1.4557387828826904,0.5480214953422546
1788681088957462500,16.770462646484376,1.026214599609375,-1.476111650466919,0.480040043592453
1788681088973331700,16.786331787109376,0.5395565032958984,-1.2246215343475342,0.31120535731315613
1788681088989261800,16.80226171875,-0.3187417984008789,-0.8584770560264587,0.3173660635948181
1788681089005161500,16.818161376953125,-1.2901477813720703,-0.2617219090461731,0.4557061493396759
1788681089021030700,16.83403076171875,-2.295511245727539,0.09204208850860596,0.4749867916107178
1788681089036899800,16.84989990234375,-3.067171096801758,0.23399698734283447,0.42552995681762695
1788681089052738600,16.865738525390626,-2.9953622817993164,0.39722704887390137,0.38694465160369873
1788681089068638200,16.88163818359375,-2.3069581985473633,0.4833794832229614,0.3307669460773468
1788681089084537900,16.897537841796876,-1.2274589538574219,0.4643104076385498,0.29993748664855957
1788681089100407000,16.913406982421876,-0.4341392517089844,0.41257596015930176,0.4692953824996948
1788681089116306700,16.929306640625,-0.0902700424194336,0.3211965560913086,0.4338742196559906
1788681089132206300,16.945206298828126,0.030199050903320312,0.26438307762145996,0.5439148545265198
1788681089148044800,16.961044921875,0.09480571746826172,0.19255197048187256,0.4741479754447937
1788681089163944400,16.9769443359375,0.2707252502441406,0.1463412046432495,0.2711121439933777
1788681089179813600,16.992813720703126,0.3902750015258789,0.2975205183029175,0.34100329875946045
1788681089195713300,17.00871337890625,0.25230884552001953,0.3336207866668701,0.3801931142807007
1788681089211582500,17.02458251953125,0.2369518280029297,0.15649163722991943,0.29600387811660767
1788681089227421200,17.040421142578126,0.8247060775756836,-0.20530164241790771,0.08762520551681519
1788681089243290000,17.0562900390625,1.9055290222167969,-0.7119576334953308,-0.03202749788761139
1788681089259220500,17.072220458984376,2.8543453216552734,-1.065969467163086,-0.17105044424533844
1788681089275089400,17.08808935546875,2.882488250732422,-0.8027089834213257,-0.3649216294288635
1788681089290928000,17.10392822265625,1.6370162963867188,-0.4767361879348755,-0.5528489947319031
1788681089306827800,17.119827880859376,0.2139902114868164,-0.1413884162902832,-0.7034875154495239
1788681089322727400,17.1357275390625,-0.07898139953613281,0.22305738925933838,-0.835762619972229
1788681089338596600,17.1515966796875,0.6570310592651367,-0.32488584518432617,-0.399543821811676
1788681089354465800,17.1674658203125,2.012820243835449,-2.030690908432007,-0.15594832599163055
1788681089370365400,17.183365478515626,3.233487129211426,-2.990628242492676,-0.8737357258796692
1788681089386234600,17.199234619140626,3.1864023208618164,-2.9444870948791504,-1.4404562711715698
1788681089402134300,17.21513427734375,1.4285306930541992,-2.6217784881591797,-1.2995949983596802
1788681089418003500,17.23100341796875,-0.5601720809936523,-2.2121567726135254,-1.2791225910186768
1788681089433842000,17.246842041015626,-1.998307228088379,-1.5743361711502075,-1.2066378593444824
1788681089449772000,17.26277197265625,-2.448965072631836,-1.0752917528152466,-1.2143940925598145
1788681089465641200,17.27864111328125,-1.8835906982421875,-0.9966839551925659,-0.8880960941314697
1788681089481510400,17.294510498046876,-0.948124885559082,-1.0109655857086182,-0.712570309638977
1788681089497410000,17.31041015625,-0.4864978790283203,-0.9295046925544739,-0.8194357752799988
1788681089513279200,17.326279296875,-0.27002620697021484,-0.8115507364273071,-0.8167189955711365
1788681089529148400,17.3421484375,0.0942840576171875,-0.5917668342590332,-0.7235174179077148
1788681089545017600,17.358017578125,0.3508491516113281,-0.45073214173316956,-0.5192599296569824
1788681089560917200,17.373917236328126,0.10024166107177734,-0.34879910945892334,-0.30056482553482056
1788681089576847400,17.389847412109376,-0.511570930480957,-0.03264021873474121,-0.4272514283657074
1788681089592686000,17.40568603515625,-1.0591821670532227,0.31776952743530273,-0.424854040145874
1788681089608555000,17.421554931640625,-1.3588285446166992,0.6116800904273987,-0.3048146963119507
1788681089624424200,17.437424072265625,-1.8300361633300781,0.8547362089157104,-0.3012966513633728
1788681089640263000,17.453262939453126,-2.0745115280151367,0.8707062005996704,-0.2921905219554901
1788681089656193000,17.469193115234376,-1.8091726303100586,0.7617522478103638,-0.413058876991272
1788681089672062200,17.485062255859376,-0.8260688781738281,0.6670670509338379,-0.5601060390472412
1788681089695927000,17.508927001953126,0.48572540283203125,0.37024033069610596,-0.5493103265762329
1788681089711765500,17.524765625,0.9380912780761719,0.14532136917114258,-0.4437074065208435
1788681089735538700,17.54853857421875,0.8343029022216797,0.022528529167175293,-0.29550158977508545
1788681089751438300,17.564438232421875,0.8119707107543945,-0.12234508991241455,0.07362060993909836
1788681089767307500,17.5803076171875,1.0041236877441406,-0.4286233186721802,0.391573965549469
1788681089783176700,17.5961767578125,1.3107004165649414,-0.5936381220817566,0.4329015612602234
1788681089799076400,17.612076416015626,1.7101860046386719,-0.6604729294776917,0.22966605424880981
1788681089814915000,17.6279150390625,2.1579666137695312,-0.6970086097717285,-0.045638665556907654
1788681089830814700,17.643814697265626,2.11830997467041,-0.2824690341949463,0.005026042461395264
1788681089846714400,17.65971435546875,1.2545862197875977,0.055248141288757324,0.5863145589828491
1788681089862583600,17.67558349609375,-0.16756820678710938,0.2651594877243042,0.9752572774887085
1788681089878483200,17.691483154296876,-1.2588081359863281,0.23265790939331055,1.0284883975982666
1788681089894352100,17.70735205078125,-1.1265735626220703,-0.5879001617431641,0.6777685880661011
1788681089910221300,17.72322119140625,1.4623212814331055,-2.2914137840270996,0.014163613319396973
1788681089926090500,17.739090576171876,5.079373359680176,-3.3530101776123047,-0.44303905963897705
1788681089941990100,17.754990234375,6.53010368347168,-3.0025722980499268,-0.28722143173217773
1788681089957889800,17.770889892578126,3.7290258407592773,-2.4766664505004883,0.13221916556358337
1788681089973759000,17.786759033203126,-0.5784568786621094,-2.269904851913452,0.5126833915710449
1788681089989658600,17.80265869140625,-3.553685188293457,-2.06782865524292,0.6806195974349976
1788681090005527800,17.81852783203125,-4.946962833404541,-1.5507129430770874,0.8914934396743774
1788681090021427500,17.834427490234376,-4.706295967102051,-1.0858006477355957,0.9482797384262085
1788681090037296600,17.850296630859376,-3.518773078918457,-0.9543989300727844,0.8436806201934814
1788681090053165800,17.866165771484376,-1.9185948371887207,-1.0627206563949585,0.6702250242233276
1788681090069065500,17.8820654296875,-0.33516597747802734,-1.177959680557251,0.9293602705001831
1788681090084965000,17.897965087890626,0.8443336486816406,-1.3373870849609375,0.8571774959564209
1788681090100803600,17.913803466796875,1.1691169738769531,-1.2681525945663452,0.37656307220458984
1788681090116642300,17.929642333984376,0.7168445587158203,-0.8997145295143127,0.18639609217643738
1788681090132542000,17.9455419921875,-0.30120849609375,-0.4839027225971222,0.3318132162094116
1788681090148380700,17.961380615234376,-1.318202018737793,-0.13625037670135498,0.5529031157493591
1788681090164249600,17.97724951171875,-1.7049894332885742,0.14105921983718872,0.45912885665893555
1788681090180088300,17.99308837890625,-1.4937505722045898,0.4955887198448181,0.154173344373703
1788681090195988000,18.008988037109376,-1.0720462799072266,0.6964120864868164,-0.010758697986602783
1788681090211918000,18.02491796875,-0.7333259582519531,0.6605209708213806,-0.07843092083930969
1788681090227787300,18.040787353515626,-0.5234050750732422,0.5516844987869263,-0.0012185871601104736
1788681090243687000,18.05668701171875,-0.31162261962890625,0.3683231472969055,-0.010795772075653076
1788681090259525600,18.072525634765626,-0.1875600814819336,0.2792050838470459,-0.1526947021484375
1788681090275425300,18.08842529296875,0.06880378723144531,0.19716155529022217,-0.10711586475372314
1788681090291294500,18.10429443359375,0.3524045944213867,0.1898362636566162,-0.057826608419418335
1788681090307194000,18.120194091796876,0.6437263488769531,0.2807670831680298,-0.1605333685874939
1788681090323063000,18.13606298828125,0.6348991394042969,0.29041337966918945,-0.1198345422744751
1788681090338932200,18.15193212890625,0.6012477874755859,0.06052124500274658,0.04049082100391388
1788681090354771000,18.16777099609375,0.7262287139892578,-0.29214680194854736,0.013689577579498291
1788681090370701000,18.183701171875,1.273604393005371,-0.5102362036705017,-0.04109737277030945
1788681090386570200,18.1995703125,1.9629478454589844,-0.5371692180633545,0.20363880693912506
1788681090402470000,18.215469970703126,2.0169153213500977,-0.33852076530456543,0.263595849275589
1788681090418339000,18.231339111328126,1.4258222579956055,0.06764686107635498,-0.17732538282871246
1788681090434177800,18.247177734375,0.8864784240722656,0.08650076389312744,-0.6361391544342041
1788681090450077400,18.263077392578126,0.997035026550293,-0.6309327483177185,-0.3695347011089325
1788681090465916000,18.278916015625,2.9522085189819336,-2.00874924659729,-0.27302902936935425
1788681090481815600,18.294815673828126,5.450381278991699,-3.2848448753356934,-0.5048788189888
1788681090497715200,18.310715087890625,5.9469194412231445,-3.5770435333251953,-0.7912383675575256
1788681090513554000,18.326553955078126,3.561367988586426,-3.068143129348755,-1.264530897140503
1788681090529423000,18.342423095703126,0.5136642456054688,-2.833329200744629,-1.2848336696624756
1788681090545292300,18.358292236328126,-2.367297649383545,-2.6085500717163086,-0.8393839597702026
1788681090561192000,18.37419189453125,-3.6626439094543457,-1.9209169149398804,-0.31501010060310364
1788681090577060900,18.390060791015625,-3.837547779083252,-2.0500993728637695,-1.2252119779586792
1788681090592930000,18.405929931640625,-2.400203227996826,-2.083583116531372,-1.497363567352295
1788681090608829700,18.42182958984375,-0.9067745208740234,-1.7905691862106323,-1.2206406593322754
1788681090624699000,18.437698974609376,-0.055962562561035156,-1.4586544036865234,-0.8543059229850769
1788681090640659700,18.45365966796875,0.04012298583984375,-1.4332395792007446,-0.33575960993766785
1788681090656559400,18.469559326171876,-0.3092947006225586,-1.4447399377822876,0.0968460738658905
1788681090672459000,18.485458984375,-0.3652639389038086,-1.1873458623886108,0.2964634299278259
1788681090688328000,18.501327880859375,-0.7693929672241211,-0.9706696271896362,-0.29642254114151
1788681090704227800,18.517227783203126,-1.383030891418457,-0.5719587206840515,-1.272939682006836
1788681090720158000,18.533157958984376,-2.1798949241638184,-0.5543999671936035,-0.8509209156036377
1788681090736027100,18.549027099609376,-2.6472573280334473,-0.1816784143447876,-0.02793961763381958
1788681090751865600,18.564865478515625,-2.5818448066711426,0.47277045249938965,0.7032968997955322
1788681090767795700,18.580795654296875,-1.9372835159301758,0.40528976917266846,0.7304791212081909
1788681090783695600,18.596695556640626,-0.8222141265869141,0.18519127368927002,0.8118731379508972
1788681090799534000,18.6125341796875,0.08413219451904297,0.33827900886535645,0.16995108127593994
1788681090815403300,18.6284033203125,0.230194091796875,0.22558236122131348,0.011937320232391357
1788681090831272400,18.6442724609375,-0.3246612548828125,-0.029102087020874023,-0.24530279636383057
1788681090847141600,18.6601416015625,-0.14640522003173828,0.03684532642364502,-0.009357750415802002
1788681090863071700,18.67607177734375,0.19112205505371094,0.07860684394836426,-0.10299104452133179
1788681090878941000,18.69194091796875,0.4019155502319336,-0.07411551475524902,0.08304011821746826
1788681090894840600,18.707840576171876,0.7315902709960938,-0.24572932720184326,0.6183781623840332
1788681090910740200,18.723740234375,0.9198808670043945,-0.34819698333740234,0.5379875302314758
1788681090926639900,18.739639892578126,1.3651971817016602,-0.6433200836181641,0.17477454245090485
1788681090942539500,18.75553955078125,1.9167461395263672,-0.8028111457824707,-0.5271568298339844
1788681090958408700,18.77140869140625,2.0876340866088867,-0.4944670796394348,-0.9185723066329956
1788681090974247200,18.7872470703125,1.6377487182617188,-0.2549152374267578,-0.36498087644577026
1788681090990116400,18.803116455078126,1.0943841934204102,-0.3674607276916504,0.8800622224807739
1788681091005985500,18.818985595703126,1.0622835159301758,-0.8512395620346069,2.0570530891418457
1788681091021885200,18.83488525390625,1.9762744903564453,-1.7580702304840088,2.6546072959899902
1788681091037784800,18.850784912109376,3.552027702331543,-2.696751117706299,1.9036448001861572
1788681091053684500,18.8666845703125,4.909524917602539,-3.281095504760742,0.6600906848907471
1788681091069523200,18.882523193359376,4.802299499511719,-3.5364060401916504,-0.3237605392932892
1788681091085392400,18.898392333984376,3.2094526290893555,-3.6268272399902344,-0.7073280811309814
1788681091101322500,18.914322509765626,0.9696998596191406,-3.424691677093506,-0.5905776619911194
1788681091117191700,18.930191650390626,-1.3291206359863281,-2.8076138496398926,-0.3747313618659973
1788681091133091300,18.94609130859375,-3.1810903549194336,-2.067007303237915,-0.052144646644592285
1788681091148960300,18.961960205078125,-4.123493194580078,-1.3594245910644531,0.556538462638855
1788681091164829400,18.977829345703125,-4.0899224281311035,-0.9116158485412598,1.4493005275726318
1788681091180668200,18.993668212890626,-3.115017890930176,-0.5577846765518188,2.1844096183776855
1788681091196567800,19.00956787109375,-1.684126377105713,-0.39337265491485596,2.0720725059509277
1788681091212437000,19.02543701171875,-0.5647974014282227,-0.48754024505615234,1.4629645347595215
1788681091228367000,19.0413671875,0.23403453826904297,-0.7819361686706543,0.9664778709411621
1788681091244297200,19.057297119140625,0.6146011352539062,-0.9302943348884583,0.4279130697250366
1788681091260196900,19.07319677734375,0.6364631652832031,-0.7367057204246521,-0.15530574321746826
1788681091276127200,19.089127197265626,0.21674251556396484,-0.44341564178466797,-0.37832170724868774
1788681091291965700,19.104965576171875,-0.18190479278564453,-0.16861093044281006,-0.19424432516098022
1788681091307865300,19.120865234375,-0.4477882385253906,0.12943851947784424,0.0676087737083435
1788681091323704000,19.1367041015625,-0.3063211441040039,0.42536890506744385,0.4759508967399597
1788681091339603700,19.152603759765626,-0.1641254425048828,0.60469651222229,0.8507567048072815
1788681091355473000,19.168472900390626,-0.14990901947021484,0.6540510654449463,0.9792609810829163
1788681091371372500,19.18437255859375,-0.09150314331054688,0.5211402177810669,0.8232383728027344
1788681091387241700,19.20024169921875,-0.14769935607910156,0.32288026809692383,0.1951209306716919
1788681091403110700,19.216110595703125,-0.23885059356689453,0.15146946907043457,-0.31019967794418335
1788681091418979800,19.231979736328125,-0.202728271484375,0.07560503482818604,-0.4901629090309143
1788681091434849000,19.24784912109375,-0.03101348876953125,0.05400800704956055,-0.5326904058456421
1788681091450718200,19.26371826171875,0.197540283203125,-0.04030036926269531,-0.4259914755821228
1788681091466617900,19.279617919921876,0.6641092300415039,-0.1424856185913086,-0.3172079920768738
1788681091482548000,19.2955478515625,1.2638864517211914,-0.384967565536499,-0.34904980659484863
1788681091498417200,19.311417236328126,1.904489517211914,-0.6570267677307129,-0.5318276286125183
1788681091514286300,19.327286376953126,2.1649646759033203,-0.8046163320541382,-0.883836030960083
1788681091530155500,19.343155517578126,1.9377098083496094,-0.6926999092102051,-1.4086140394210815
1788681091545994000,19.358993896484375,1.5386123657226562,-0.25048327445983887,-1.7640125751495361
1788681091561893600,19.3748935546875,1.3021812438964844,0.31691932678222656,-1.4474895000457764
1788681091577793300,19.390793212890625,1.3326387405395508,0.4908754825592041,0.2741018533706665
1788681091593693000,19.40669287109375,1.5863008499145508,-0.33162736892700195,2.7496418952941895
1788681091609592800,19.4225927734375,2.727532386779785,-1.6308960914611816,3.2537758350372314
1788681091625461800,19.438461669921875,2.8206892013549805,-2.6137263774871826,1.2723734378814697
1788681091641331000,19.4543310546875,1.8819770812988281,-3.025514841079712,-0.641319751739502
1788681091657261000,19.470260986328125,0.19457626342773438,-3.0993692874908447,-1.2953153848648071
1788681091673191400,19.48619140625,-1.5733270645141602,-2.7699971199035645,-1.1060163974761963
1788681091689060400,19.502060302734375,-2.1565704345703125,-2.1790709495544434,-0.6766542792320251
1788681091704899000,19.517899169921876,-1.9118809700012207,-1.8914480209350586,0.1256597638130188
1788681091720768300,19.533768310546876,-1.4780006408691406,-2.036710262298584,1.2015131711959839
1788681091736668000,19.54966796875,-1.2683534622192383,-2.3365280628204346,1.8159794807434082
1788681091752598000,19.565597900390625,-1.0855598449707031,-2.4923274517059326,1.7563025951385498
1788681091768467200,19.58146728515625,-0.9463033676147461,-2.5135130882263184,1.272963523864746
1788681091784366800,19.597366943359376,-0.5684328079223633,-2.4313089847564697,0.7487102746963501
1788681091800236000,19.613236083984376,-0.07306957244873047,-2.2980659008026123,0.3545699715614319
1788681091816105200,19.629105224609376,0.31508541107177734,-2.0002431869506836,0.11427885293960571
1788681091831943700,19.644943603515625,0.4343090057373047,-1.585866928100586,0.13718748092651367
1788681091847782400,19.660782470703126,0.1909656524658203,-1.1303131580352783,0.6079429984092712
1788681091863651600,19.676651611328126,-0.24864482879638672,-0.7767337560653687,1.1619943380355835
1788681091879520800,19.692520751953126,-0.7536697387695312,-0.47851884365081787,1.462374210357666
1788681091895420400,19.70842041015625,-1.0562553405761719,-0.19499468803405762,1.4389300346374512
1788681091911350500,19.7243505859375,-1.2587947845458984,-0.018621206283569336,1.31852126121521
1788681091927219700,19.7402197265625,-1.4379663467407227,-0.13324332237243652,1.3507856130599976
1788681091943058200,19.75605810546875,-1.4435815811157227,-0.47047746181488037,1.3014898300170898
1788681091958957800,19.771957763671875,-1.2330331802368164,-0.8387537002563477,1.057264804840088
1788681091974827000,19.787826904296875,-0.9841337203979492,-1.0090762376785278,0.8004899024963379
1788681091998631000,19.811630859375,-0.6098155975341797,-1.3389344215393066,0.5510974526405334
1788681092014469400,19.827469482421876,-0.3322257995605469,-1.7355914115905762,0.27117908000946045
1788681092030338600,19.843338623046876,0.1939563751220703,-1.9897966384887695,-0.060729026794433594
1788681092046238200,19.85923828125,0.9399595260620117,-2.2043941020965576,-0.4338639974594116
1788681092062137900,19.875137939453126,1.8619966506958008,-1.6691088676452637,-0.7379148006439209
1788681092078007000,19.891007080078126,3.0887346267700195,-1.3760888576507568,-0.7923650741577148
1788681092093937200,19.906937255859376,3.725566864013672,-0.9086049795150757,-0.5084323883056641
1788681092109806300,19.922806396484376,3.3505306243896484,-0.6796458959579468,0.7404977083206177
1788681092125706000,19.9387060546875,2.6706695556640625,-0.954985499382019,2.406733274459839
1788681092141605600,19.954605712890626,2.39483642578125,-1.7392288446426392,3.611237049102783
1788681092157535700,19.97053564453125,2.984529495239258,-2.73189115524292,2.965101480484009
1788681092173435400,19.986435302734375,3.533182144165039,-3.483135223388672,1.5631822347640991
1788681092189365800,20.00236572265625,3.655348777770996,-3.823634624481201,0.8696284294128418
1788681092205265400,20.018265380859376,3.06113338470459,-3.5737664699554443,1.1073665618896484
1788681092221165000,20.0341650390625,1.9134912490844727,-2.8818631172180176,1.7817509174346924
1788681092237064700,20.050064697265626,0.7353401184082031,-2.11863112449646,2.5821070671081543
1788681092252964400,20.06596435546875,-0.3731985092163086,-1.4865964651107788,3.0808229446411133
1788681092268833500,20.08183349609375,-0.8715324401855469,-0.8912072777748108,2.9448273181915283
1788681092284702500,20.097702392578125,-0.8349523544311523,-0.4704761505126953,2.6212430000305176
1788681092300632800,20.1136328125,-0.47212791442871094,-0.5591007471084595,2.530059814453125
1788681092316501800,20.129501708984375,0.05350971221923828,-1.0569404363632202,2.3020803928375244
1788681092332371000,20.145370849609375,0.36876964569091797,-1.5212129354476929,1.8817179203033447
1788681092348270600,20.1612705078125,0.5478849411010742,-1.6334679126739502,1.1775317192077637
1788681092364170200,20.177170166015625,0.4784116744995117,-1.4315099716186523,0.5270986557006836
1788681092380070000,20.19306982421875,0.36871910095214844,-1.2268002033233643,0.23736834526062012
1788681092395969500,20.208969482421875,0.4739799499511719,-1.0319292545318604,0.020198822021484375
1788681092411838700,20.224838623046875,0.5980825424194336,-0.7590041160583496,-0.20226216316223145
1788681092427769000,20.24076904296875,0.5939922332763672,-0.6105323433876038,-0.29729413986206055
1788681092443607600,20.256607666015626,0.5389423370361328,-0.5387449264526367,-0.1976156234741211
1788681092459507200,20.272507080078125,0.5139284133911133,-0.5959308743476868,-0.013586044311523438
1788681092475406800,20.28840673828125,0.34055614471435547,-0.7445112466812134,0.2911180257797241
1788681092491276000,20.304276123046876,-0.018873214721679688,-0.8816820383071899,0.6480944156646729
1788681092507206100,20.3202060546875,-0.4233064651489258,-0.9324979782104492,0.834867537021637
1788681092523075300,20.336075439453126,-0.6679162979125977,-0.9075123071670532,0.697912335395813
1788681092538914000,20.3519140625,-0.44149112701416016,-0.6359491944313049,0.13009953498840332
1788681092554874600,20.36787451171875,-0.14789676666259766,-0.6642102003097534,0.16532552242279053
1788681092570743800,20.383743896484376,-0.11375713348388672,-0.531671941280365,0.6180685758590698
1788681092586613000,20.399613037109376,-0.2744922637939453,-0.22833865880966187,0.9473682641983032
1788681092602482200,20.415482177734376,-0.5240459442138672,0.05176067352294922,1.1710236072540283
1788681092618320600,20.431320556640625,-0.47132205963134766,0.2414916753768921,1.1043875217437744
1788681092634251000,20.4472509765625,-0.19524288177490234,0.2636244297027588,0.7092158198356628
1788681092650120000,20.463119873046875,-0.12591075897216797,0.24932587146759033,0.3585163354873657
1788681092666019600,20.47901953125,-0.36127471923828125,0.4676147699356079,0.33801090717315674
1788681092681919500,20.49491943359375,-0.45630645751953125,0.6613806486129761,0.12170195579528809
1788681092697788400,20.510788330078125,0.2590475082397461,0.6096223592758179,-0.06937563419342041
1788681092713718800,20.52671875,1.4758005142211914,0.02583622932434082,0.1729058027267456
1788681092729587700,20.542587646484375,2.3221521377563477,-0.8256216645240784,0.36377131938934326
1788681092745487400,20.5584873046875,2.3808183670043945,-1.4578874111175537,-0.05040335655212402
1788681092761356500,20.5743564453125,1.1183032989501953,-1.7794471979141235,-0.5140870809555054
1788681092777256200,20.590256103515625,-0.3359699249267578,-1.7404009103775024,-0.7017500400543213
1788681092793125400,20.60612548828125,-1.056081771850586,-1.4154337644577026,-0.7598752975463867
1788681092808964000,20.621964111328126,-0.5792074203491211,-1.1588279008865356,-1.1404460668563843
1788681092824863700,20.63786376953125,0.38904857635498047,-1.1563663482666016,-1.166931390762329
1788681092840763400,20.653763427734376,1.1155261993408203,-1.1328892707824707,-0.9377022981643677
1788681092856632600,20.669632568359376,0.9889812469482422,-0.9618116021156311,-0.713674008846283
1788681092872562700,20.685562744140626,0.35262584686279297,-0.9760373830795288,-0.573763906955719
1788681092888431900,20.701431884765626,-0.5747222900390625,-1.0842206478118896,-0.5122946500778198
1788681092904331500,20.71733154296875,-1.4438085556030273,-0.9691212177276611,-0.7703369855880737
1788681092920261600,20.73326171875,-1.797469139099121,-0.5855194330215454,-1.2750228643417358
1788681092936161300,20.749161376953126,-1.7377967834472656,-0.1595923900604248,-1.7019832134246826
1788681092952030500,20.765030517578126,-0.8188266754150391,0.13036751747131348,-2.113767147064209
1788681092967899600,20.780899658203126,0.4087095260620117,0.3105452060699463,-1.6980750560760498
1788681092983799300,20.79679931640625,0.8034744262695312,0.3670530319213867,-1.0451905727386475
1788681092999668500,20.81266845703125,0.4379997253417969,0.4889564514160156,-0.632426917552948
1788681093015537400,20.828537353515625,-0.8196697235107422,0.7045776844024658,-1.0543571710586548
1788681093031467800,20.8444677734375,-2.0097341537475586,0.5736536979675293,-0.3369849920272827
1788681093047398000,20.86039794921875,-2.2113876342773438,0.5460336208343506,-0.24923387169837952
1788681093063358500,20.8763583984375,-1.5500593185424805,0.566735029220581,-0.9192358255386353
1788681093079258000,20.892258056640625,-0.4913301467895508,0.24260008335113525,-1.5174100399017334
1788681093095127300,20.908127197265625,0.5093269348144531,-0.028831958770751953,-1.6798858642578125
1788681093110996500,20.92399658203125,1.5076322555541992,0.015964984893798828,-1.5730903148651123
1788681093126865700,20.93986572265625,1.6848182678222656,0.26533418893814087,-1.4829410314559937
1788681093142734800,20.95573486328125,1.2339706420898438,0.6077660918235779,-1.4801552295684814
1788681093158634500,20.971634521484376,0.5466108322143555,0.7505818009376526,-1.3457320928573608
1788681093174534100,20.9875341796875,0.26535797119140625,0.6346815824508667,-1.2079699039459229
1788681093190433800,21.003433837890626,0.17158031463623047,0.5441621541976929,-0.998291552066803
1788681093206364000,21.019364013671876,0.3031883239746094,0.3642232418060303,-0.8677843809127808
1788681093222233000,21.035233154296876,0.5551605224609375,0.04686695337295532,-0.8464919924736023
1788681093238102300,21.051102294921876,0.8725919723510742,-0.21498292684555054,-0.9417510032653809
1788681093254002000,21.067001953125,0.9018363952636719,-0.49181410670280457,-1.0977365970611572
1788681093269901600,21.082901611328126,0.8154087066650391,-0.5029407739639282,-1.432499885559082
1788681093285801200,21.09880126953125,0.6327686309814453,-0.35238713026046753,-1.7965854406356812
1788681093301670400,21.11467041015625,0.2917022705078125,-0.0877109169960022,-2.040529727935791
1788681093317539600,21.13053955078125,-0.3152189254760742,0.1591423749923706,-1.9251172542572021
1788681093333408500,21.146408447265625,-0.766448974609375,-0.04199683666229248,-0.5085951685905457
1788681093349308200,21.16230810546875,-0.9921846389770508,-0.6352604627609253,1.1621496677398682
1788681093365208000,21.1782080078125,0.01933574676513672,-0.9603621959686279,1.7012925148010254
1788681093381077000,21.194076904296875,1.9542484283447266,-1.3179669380187988,1.0271738767623901
1788681093397007400,21.21000732421875,3.307267189025879,-1.6256531476974487,0.09724977612495422
1788681093412845800,21.225845703125,3.075817108154297,-1.8285281658172607,-0.44239941239356995
1788681093428715000,21.241715087890626,1.5673723220825195,-1.7349956035614014,-0.6358539462089539
1788681093444614700,21.25761474609375,-0.1531991958618164,-1.1813676357269287,-0.5902831554412842
1788681093460514300,21.273514404296876,-1.433095932006836,-0.7034416198730469,-0.31624698638916016
1788681093476353000,21.28935302734375,-1.7204036712646484,-0.5042705535888672,0.09134501218795776
1788681093492191500,21.30519140625,-1.105215072631836,-0.5054148435592651,0.24727928638458252
1788681093508091100,21.321091064453125,-0.3140602111816406,-0.5481892824172974,0.3107437789440155
1788681093523960300,21.336960205078125,0.5798273086547852,-0.38945290446281433,0.8373448848724365
1788681093539829500,21.35282958984375,1.078221321105957,-0.20742309093475342,1.2570759057998657
1788681093555668200,21.368668212890626,1.1984100341796875,-0.1662333607673645,1.0412678718566895
1788681093571567900,21.38456787109375,0.8174819946289062,-0.1855718493461609,0.046424008905887604
1788681093587437000,21.40043701171875,0.12982177734375,-0.08356249332427979,-0.9850583076477051
1788681093603397600,21.416397705078126,-0.5416498184204102,0.1300756335258484,-1.2629176378250122
1788681093619266800,21.432266845703126,-1.1112327575683594,0.46169012784957886,-0.8844922780990601
1788681093635166500,21.44816650390625,-1.4365034103393555,0.8064433336257935,-0.3765535056591034
1788681093651035600,21.46403564453125,-1.578669548034668,1.061773419380188,-0.09910544753074646
1788681093666904800,21.47990478515625,-1.1855955123901367,1.2131755352020264,-0.012609437108039856
1788681093682804500,21.495804443359376,-0.6682977676391602,1.0497198104858398,0.04822510480880737
1788681093698673400,21.51167333984375,-0.47563743591308594,0.7309569120407104,-0.08534739911556244
1788681093714573000,21.527572998046875,-0.5329561233520508,0.5408449172973633,-0.19679120182991028
1788681093730442200,21.543442138671875,-0.7607269287109375,0.43268895149230957,-0.26401856541633606
1788681093746342000,21.559341796875,-0.7700424194335938,0.2809324264526367,-0.11550718545913696
1788681093762211000,21.575211181640626,-0.4769001007080078,0.21420812606811523,0.22813144326210022
1788681093778110700,21.59111083984375,-0.0750570297241211,0.21079647541046143,0.3691001534461975
1788681093793949400,21.606949462890626,0.40526771545410156,0.2826114892959595,0.1426626592874527
1788681093809849000,21.62284912109375,0.7740602493286133,0.3818560838699341,-0.05186626315116882
1788681093825748700,21.638748779296876,1.024918556213379,0.4981294870376587,0.005401581525802612
1788681093841618000,21.654617919921876,1.281926155090332,0.4154263734817505,0.13850392401218414
1788681093857517600,21.670517578125,1.4775171279907227,0.2685343027114868,0.310451865196228
1788681093873386800,21.68638671875,1.7363262176513672,0.1756359338760376,0.12446022033691406
1788681093889286400,21.702286376953126,1.803849220275879,0.2592810392379761,-0.3551797866821289
1788681093905186000,21.71818603515625,1.186213493347168,0.12643098831176758,-0.625941276550293
1788681093921055200,21.73405517578125,0.42337608337402344,0.15545976161956787,-0.9339685440063477
1788681093936985300,21.7499853515625,-0.01932239532470703,0.1042555570602417,-0.7222681045532227
1788681093952885000,21.765885009765626,0.05758476257324219,-0.5584973096847534,0.30165284872055054
1788681093968723500,21.781723388671875,0.69091796875,-1.3656445741653442,0.7954243421554565
1788681093984623000,21.797623046875,1.412928581237793,-2.044970989227295,-0.06968139111995697
1788681094000523000,21.81352294921875,1.3886260986328125,-2.3793225288391113,-1.4327620267868042
1788681094016422700,21.829422607421876,0.4633359909057617,-2.5205490589141846,-1.9913830757141113
1788681094032261000,21.84526123046875,-0.9189920425415039,-2.1942429542541504,-1.9512568712234497
1788681094048160800,21.861160888671876,-2.104811191558838,-1.5648452043533325,-1.4104281663894653
1788681094064060400,21.877060302734375,-2.507699489593506,-0.9192962050437927,-1.0369439125061035
1788681094079960000,21.8929599609375,-2.1086673736572266,-0.512992262840271,-1.0380476713180542
1788681094095798800,21.908798828125,-1.2474031448364258,-0.5249203443527222,-0.888369083404541
1788681094111637500,21.924637451171876,-0.6523199081420898,-0.6880384683609009,-0.33854055404663086
1788681094127537200,21.940537109375,-0.264801025390625,-0.5576375722885132,-0.22032079100608826
1788681094143406000,21.956406005859375,-0.033095359802246094,-0.3944135904312134,-0.3207065463066101
1788681094159305700,21.9723056640625,0.02429962158203125,-0.4151970148086548,-0.3842810094356537
1788681094175205400,21.988205322265625,0.11126899719238281,-0.4731084108352661,-0.46116194128990173
1788681094191105300,22.004105224609376,0.3962392807006836,-0.4039696455001831,-0.7593855857849121
1788681094206943700,22.01994384765625,0.4091949462890625,-0.28413069248199463,-0.9484982490539551
1788681094222843400,22.035843505859376,0.029448509216308594,-0.1347494125366211,-0.9149134755134583
1788681094238682000,22.05168212890625,-0.5115299224853516,0.10981345176696777,-0.92942214012146
1788681094254551300,22.06755126953125,-1.0264997482299805,0.28799355030059814,-0.6946095824241638
1788681094270420200,22.083420166015625,-1.4242973327636719,0.38156020641326904,-0.2152082324028015
1788681094286289400,22.099289306640625,-1.6208295822143555,0.5620813369750977,-0.06589943170547485
1788681094302189000,22.11518896484375,-1.3534870147705078,0.7201956510543823,-0.34935784339904785
1788681094318027800,22.13102783203125,-0.9657011032104492,0.6530294418334961,-0.6514891386032104
1788681094333897000,22.14689697265625,-0.6039314270019531,0.4384413957595825,-0.7618384957313538
1788681094349796600,22.162796630859376,-0.26648807525634766,0.1760040521621704,-0.7884000539779663
1788681094365665800,22.178665771484376,-0.010409355163574219,0.015118241310119629,-0.6719729900360107
1788681094381534700,22.19453466796875,-0.015347480773925781,0.06349682807922363,-0.4636853337287903
1788681094397404000,22.21040380859375,0.0715036392211914,0.25347626209259033,-0.6168534159660339
1788681094413273000,22.226273193359376,0.3974571228027344,0.1725013256072998,-0.8768414855003357
1788681094429172700,22.2421728515625,0.6681795120239258,-0.21251904964447021,-0.7105024456977844
1788681094445042000,22.2580419921875,0.8046245574951172,-0.49634647369384766,-0.6694390177726746
1788681094460911000,22.2739111328125,1.107844352722168,-0.4953075647354126,-0.7012147903442383
1788681094476810800,22.289810791015626,1.378561019897461,-0.326505184173584,-0.9614332318305969
1788681094492680000,22.305679931640626,1.5543384552001953,-0.09611678123474121,-0.929175078868866
1788681094508518400,22.321518310546875,1.472752571105957,-0.06555140018463135,0.09465152025222778
1788681094524418000,22.33741796875,0.8996200561523438,-0.44745516777038574,1.4812419414520264
1788681094540317700,22.353317626953125,0.9467735290527344,-0.5918736457824707,1.7192355394363403
1788681094556217300,22.36921728515625,2.1445322036743164,-0.9052714705467224,0.8686822652816772
1788681094572117000,22.385116943359375,3.4853954315185547,-1.5958081483840942,0.13893729448318481
1788681094588017000,22.401016845703126,3.9900150299072266,-2.095121145248413,-0.32098615169525146
1788681094603855400,22.41685546875,3.164614677429199,-2.4303603172302246,-0.15969306230545044
1788681094619724500,22.432724609375,1.2316112518310547,-2.709115505218506,0.4553849697113037
1788681094635624200,22.448624267578126,-0.4594697952270508,-2.2925336360931396,0.43313324451446533
1788681094651523800,22.46452392578125,-1.4017314910888672,-1.5555965900421143,0.06760841608047485
1788681094667423500,22.480423583984376,-1.6652178764343262,-1.0186692476272583,-0.11469107866287231
1788681094683292700,22.496292724609376,-1.5378141403198242,-0.6100667119026184,0.0046759843826293945
1788681094699222800,22.512222900390626,-1.1956195831298828,-0.42245185375213623,0.44373148679733276
1788681094715122400,22.528122314453125,-1.01361083984375,-0.3685725927352905,0.9004653692245483
1788681094731052500,22.544052490234375,-0.9825048446655273,-0.22635936737060547,1.0874041318893433
1788681094746921700,22.559921630859375,-0.7571296691894531,-0.12752223014831543,0.919894278049469
1788681094762791000,22.575791015625,-0.3805513381958008,-0.111611008644104,0.37342533469200134
1788681094778690600,22.591690673828126,-0.081573486328125,-0.06335341930389404,-0.223827064037323
1788681094794559700,22.607559814453126,-0.14311599731445312,0.03272891044616699,-0.5677669644355774
1788681094810489900,22.62348974609375,-0.6321353912353516,0.11467647552490234,-0.2925724387168884
1788681094826328600,22.63932861328125,-1.214604377746582,0.2896167039871216,0.17959842085838318
1788681094842228200,22.655228271484376,-1.3497400283813477,0.5942811965942383,0.4220755696296692
1788681094858067000,22.67106689453125,-1.0788993835449219,0.6650220155715942,0.6190127730369568
1788681094873966600,22.686966552734376,-0.7006731033325195,0.43177855014801025,0.6621947884559631
1788681094889835500,22.70283544921875,-0.5393924713134766,0.18270421028137207,0.48612838983535767
1788681094905576400,22.718576416015626,-0.46247386932373047,0.09073805809020996,-0.0409834086894989
1788681094921476400,22.734476318359373,-0.33832645416259766,0.008440136909484863,-0.35851046442985535
1788681094937345300,22.75034521484375,-0.2507467269897461,0.055382728576660156,-0.4654284715652466
1788681094953245000,22.766244873046876,-0.10999107360839844,0.1587541103363037,-0.45539405941963196
1788681094969114000,22.782114013671876,-0.1379985809326172,0.2936965227127075,-0.15463390946388245
1788681094984983300,22.7979833984375,-0.03804206848144531,0.35674476623535156,0.024758458137512207
1788681095000852500,22.8138525390625,0.6099519729614258,0.15659844875335693,-0.07863733172416687
1788681095016782600,22.829782470703126,1.4333715438842773,-0.44924116134643555,-0.2695823311805725
1788681095032651800,22.84565185546875,2.1743268966674805,-0.9124725461006165,-0.5789279937744141
1788681095048490500,22.861490478515623,2.398151397705078,-1.5619027614593506,-0.5098378658294678
1788681095064390100,22.87739013671875,2.5319690704345703,-0.2982602119445801,-1.3254220485687256
1788681095080198100,22.8931982421875,1.8371009826660156,0.2734813690185547,-1.4901177883148193
1788681095096097800,22.909097900390623,0.9100770950317383,0.23310637474060059,-0.8757020235061646
1788681095111967000,22.924967041015623,0.5297212600708008,-0.1028667688369751,0.5727079510688782
1788681095127805700,22.9408056640625,1.1296501159667969,-1.005819320678711,1.5536670684814453
1788681095143735800,22.95673583984375,2.5226869583129883,-1.7442423105239868,0.45236003398895264
1788681095159635500,22.972635498046873,2.678908348083496,-2.185502529144287,-1.5828627347946167
1788681095175535000,22.98853515625,1.5655288696289062,-2.318314790725708,-2.6069726943969727
1788681095191404300,23.004404296875,0.5050868988037109,-2.350599765777588,-2.862757444381714
1788681095207304000,23.020303955078123,-0.5760688781738281,-1.7735344171524048,-1.6695348024368286
1788681095223173000,23.036173095703123,-1.2263965606689453,-1.1126834154129028,-0.7791063189506531
1788681095239072800,23.05207275390625,-1.6263961791992188,-0.8175439834594727,-0.2640537619590759
1788681095254941700,23.067941650390626,-1.7171721458435059,-0.9163490533828735,-0.556918203830719
1788681095270811000,23.083810791015626,-1.4158935546875,-1.0951582193374634,-0.8406873345375061
1788681095286710500,23.09971044921875,-1.0527000427246094,-1.3063262701034546,-0.6593254208564758
1788681095302549200,23.11554931640625,-0.734980583190918,-1.382678747177124,-0.43089690804481506
1788681095318479400,23.131479248046876,-0.1134176254272461,-1.084162712097168,-0.6285380721092224
1788681095334348500,23.1473486328125,0.5480451583862305,-0.6602218151092529,-0.9933059811592102
1788681095350278700,23.163278564453126,0.7043704986572266,-0.48676598072052,-1.1358336210250854
1788681095366147800,23.17914794921875,0.11940765380859375,-0.48501133918762207,-0.9412251710891724
1788681095382017000,23.19501708984375,-0.824580192565918,-0.44680750370025635,-0.7855657935142517
1788681095397886200,23.21088623046875,-1.5255441665649414,-0.36882972717285156,-0.8672773241996765
1788681095413816300,23.22681640625,-1.9584879875183105,-0.28696393966674805,-0.8400458097457886
1788681095429716000,23.242716064453123,-2.0334486961364746,-0.05085277557373047,-0.644608199596405
1788681095445585200,23.258585205078123,-1.9639554023742676,0.11613893508911133,-0.3711525499820709
1788681095461454300,23.274454345703123,-1.6551876068115234,0.2216038703918457,-0.1911376267671585
1788681095477323500,23.290323486328123,-1.1921072006225586,0.20904254913330078,-0.16677680611610413
1788681095493223200,23.30622314453125,-0.6990671157836914,0.1286931037902832,-0.1930638551712036
1788681095509122800,23.322122802734373,-0.11423301696777344,0.06566596031188965,-0.28587430715560913
1788681095524991700,23.33799169921875,0.6829242706298828,-0.298417329788208,-0.6158634424209595
1788681095540861000,23.35386083984375,1.5482187271118164,-0.37696731090545654,-1.3661279678344727
1788681095556730000,23.369730224609373,1.6981287002563477,-0.26839518547058105,-1.8404624462127686
1788681095572599300,23.385599365234373,1.2386760711669922,-0.5363174676895142,-1.3725948333740234
1788681095588499000,23.4014990234375,1.1586313247680664,-1.6063423156738281,0.13557371497154236
1788681095604429000,23.417428955078126,1.2502641677856445,-0.3105849027633667,-0.18821513652801514
1788681095620298200,23.43329833984375,1.1084165573120117,0.05294346809387207,-0.21999305486679077
1788681095636167400,23.44916748046875,0.7167377471923828,-0.46327829360961914,0.7678706049919128
1788681095652036600,23.46503662109375,0.44008827209472656,-0.629236102104187,1.2336965799331665
1788681095667936300,23.480936279296873,0.5095891952514648,-0.900875449180603,1.0981895923614502
1788681095683805400,23.496805419921873,1.2471084594726562,-1.34596586227417,0.6703320741653442
1788681095699644000,23.512643798828126,2.297905921936035,-1.7330373525619507,0.17418286204338074
1788681095715513000,23.52851318359375,2.8894243240356445,-2.185965061187744,0.16837583482265472
1788681095731412700,23.544412841796873,2.2895402908325195,-2.5662496089935303,0.6265028715133667
1788681095747282000,23.560281982421873,1.0350017547607422,-2.5249147415161133,0.9006083011627197
1788681095763181600,23.576181640625,-0.38445568084716797,-2.025275707244873,0.5391891002655029
1788681095779050800,23.59205078125,-1.2410240173339844,-1.5087276697158813,-0.12507329881191254
1788681095794920000,23.607919921875,-1.7914166450500488,-1.1369080543518066,-0.3552260398864746
1788681095810880500,23.623880615234373,-1.9428586959838867,-0.8819917440414429,0.16395971179008484
1788681095826749700,23.639749755859373,-1.7777819633483887,-0.7164499759674072,0.901740550994873
1788681095842619000,23.655618896484373,-1.2995872497558594,-0.4596320390701294,1.1777451038360596
1788681095858518500,23.6715185546875,-0.6343793869018555,-0.28402912616729736,1.0768953561782837
1788681095874448600,23.68744873046875,-0.1432933807373047,-0.12277066707611084,0.8628199100494385
1788681095890317800,23.70331787109375,-0.13957595825195312,-0.11932659149169922,0.47597938776016235
1788681095906217500,23.719217529296873,-0.3494071960449219,-0.06462371349334717,0.0914841741323471
1788681095922086700,23.735086669921873,-0.47661590576171875,-0.005926370620727539,-0.12546971440315247
1788681095937955800,23.750955810546873,-0.552912712097168,0.20724087953567505,-0.20514386892318726
1788681095953824800,23.76682470703125,-0.6442050933837891,0.3986177444458008,-0.3513522744178772
1788681095969755100,23.782755126953123,-0.5999078750610352,0.47410154342651367,-0.34178340435028076
1788681095985593600,23.798593505859376,-0.5807924270629883,0.44540560245513916,-0.05577438324689865
1788681096001462800,23.814462890625,-0.5488128662109375,0.40968239307403564,0.28956666588783264
1788681096017332000,23.83033203125,-0.45420265197753906,0.4827563762664795,0.45287495851516724
1788681096033170700,23.846170654296873,-0.47185516357421875,0.46968311071395874,0.38667476177215576
1788681096049070300,23.8620703125,-0.6640157699584961,0.3710429072380066,0.25318387150764465
1788681096064908800,23.87790869140625,-0.5947704315185547,0.14454621076583862,-0.07108904421329498
1788681096080778000,23.893778076171873,-0.49825000762939453,0.07734686136245728,-0.4567491412162781
1788681096096677600,23.909677734375,-0.21433448791503906,0.053089022636413574,-0.5368121862411499
1788681096112546800,23.925546875,0.3881196975708008,-0.005691051483154297,-0.3150211572647095
1788681096128416000,23.941416015625,1.210458755493164,-0.19438642263412476,0.019433021545410156
1788681096144285200,23.95728515625,2.0211105346679688,-0.6293269395828247,0.15547040104866028
1788681096160184800,23.973184814453123,2.7541017532348633,-1.02549147605896,-0.10635724663734436
1788681096176084500,23.98908447265625,2.896246910095215,-0.9837994575500488,-0.5548288226127625
1788681096191984000,24.004984130859373,2.3596391677856445,-0.6449787020683289,-0.777398943901062
1788681096207883800,24.0208837890625,1.579209327697754,-0.39253586530685425,-0.7709594368934631
1788681096223783400,24.036783447265623,1.0269975662231445,-0.4790465533733368,-0.5188330411911011
1788681096239652600,24.052652587890623,1.231999397277832,-1.0647735595703125,0.17801666259765625
1788681096255491000,24.068490966796876,2.3599510192871094,-1.8165026903152466,0.38524723052978516
1788681096271421200,24.084421142578126,3.465601921081543,-2.149183988571167,-0.7136127948760986
1788681096287321000,24.100321044921873,2.991334915161133,-2.159173011779785,-1.6907732486724854
1788681096303220700,24.116220703125,1.3750419616699219,-2.1936328411102295,-1.5102875232696533
1788681096319089700,24.132089599609376,-0.4437131881713867,-2.342799663543701,-0.800276517868042
1788681096334958800,24.147958740234376,-2.0284857749938965,-1.9773390293121338,-0.7436243295669556
1788681096350858500,24.1638583984375,-2.43690824508667,-1.536478042602539,-1.0888584852218628
1788681096366727700,24.179727783203123,-2.010317802429199,-1.288211464881897,-1.3515074253082275
1788681096382596900,24.195596923828123,-1.475041389465332,-1.283117651939392,-1.1845707893371582
1788681096398435600,24.211435546875,-1.1908340454101562,-1.275115728378296,-0.8061248660087585
1788681096414274000,24.227274169921873,-1.0252923965454102,-1.2158280611038208,-0.2612650990486145
1788681096430143200,24.243143310546873,-0.8509044647216797,-1.141282320022583,0.05048176646232605
1788681096446012400,24.259012451171873,-0.4967975616455078,-0.8270784616470337,-0.13893446326255798
1788681096461851000,24.274850830078126,-0.16774749755859375,-0.4737270772457123,-0.662507176399231
1788681096477720000,24.290719970703126,0.07983016967773438,-0.21773070096969604,-0.994515597820282
1788681096493589200,24.30658935546875,-0.15523147583007812,-0.13893258571624756,-0.8532203435897827
1788681096509458400,24.32245849609375,-0.6908493041992188,-0.28524142503738403,-0.5301905870437622
1788681096525327600,24.33832763671875,-1.5762863159179688,-0.343262255191803,-0.35229164361953735
1788681096541166000,24.354166015625,-2.215022563934326,-0.18482184410095215,-0.5643526315689087
1788681096557035300,24.37003515625,-2.207005023956299,-0.0452272891998291,-0.8994377255439758
1788681096572935000,24.385934814453126,-1.5822343826293945,-0.06264525651931763,-1.1142278909683228
1788681096588804000,24.40180419921875,-0.86376953125,-0.2611982822418213,-0.8195947408676147
1788681096604734200,24.417734130859376,-0.32451725006103516,-0.39813366532325745,-0.20972055196762085
1788681096620603400,24.433603271484376,-0.015532493591308594,-0.2983396649360657,0.11485260725021362
1788681096636472600,24.44947265625,0.14022350311279297,-0.21063220500946045,0.15704813599586487
1788681096652372200,24.465372314453123,0.19901466369628906,-0.3901030421257019,-0.09050330519676208
1788681096668211000,24.4812109375,0.21260738372802734,-0.660590648651123,-0.48913854360580444
1788681096684079900,24.497079833984376,0.2159585952758789,-1.0579184293746948,-0.8138245940208435
1788681096699918600,24.512918701171873,0.3780632019042969,-1.3149880170822144,-0.9086951017379761
1788681096715787800,24.528787841796873,0.7419052124023438,-1.1354141235351562,-1.1203041076660156
1788681096731657000,24.544656982421873,1.383035659790039,-0.6756864786148071,-1.2611544132232666
1788681096747526100,24.560526123046873,1.7791357040405273,-0.5858137607574463,-0.6602611541748047
1788681096763364600,24.576364501953126,1.7830314636230469,-0.7768170833587646,0.3268270790576935
1788681096779264300,24.59226416015625,1.28350830078125,-1.3687705993652344,1.4155731201171875
1788681096795133400,24.608133544921873,0.9691123962402344,-2.041935682296753,1.531219720840454
1788681096811002600,24.624002685546873,1.6049938201904297,-2.166440963745117,0.2551133334636688
1788681096826810600,24.639810546875,2.4914512634277344,-2.24985933303833,-0.7684109807014465
1788681096842710300,24.655710205078126,2.6914491653442383,-2.465827465057373,-0.640442967414856
1788681096858610000,24.67160986328125,1.9811630249023438,-2.5460290908813477,-0.12052440643310547
1788681096874509600,24.687509521484376,0.6178989410400391,-2.409726619720459,0.3101286292076111
1788681096890409200,24.7034091796875,-0.5847873687744141,-2.0508029460906982,0.3124887943267822
1788681096906309000,24.71930908203125,-1.3111095428466797,-1.6580545902252197,0.19180458784103394
1788681096922178000,24.735177978515626,-1.5510663986206055,-1.2919061183929443,0.2530375123023987
1788681096938047200,24.751047119140626,-1.4875364303588867,-1.1244945526123047,0.48612940311431885
1788681096953916400,24.76691650390625,-1.2903242111206055,-1.0810978412628174,0.7408478260040283
1788681096969785600,24.78278564453125,-0.9789714813232422,-0.9444161653518677,0.8315680027008057
1788681096985685200,24.798685302734373,-0.5371837615966797,-0.6516141295433044,0.9823052883148193
1788681097001554400,24.814554443359373,0.04955291748046875,-0.55224609375,1.1951897144317627
1788681097017454000,24.8304541015625,0.5148468017578125,-0.6349846124649048,0.9177120923995972
1788681097033323300,24.8463232421875,0.7374973297119141,-0.5863615274429321,0.26289936900138855
1788681097049192200,24.862192138671876,0.5946588516235352,-0.40218108892440796,-0.07624983787536621
1788681097065061400,24.878061279296876,0.047333717346191406,-0.2210577130317688,0.22237181663513184
1788681097080961000,24.8939609375,-0.4453878402709961,0.15157219767570496,0.4169961214065552
1788681097096799700,24.9097998046875,-0.8971309661865234,0.4427637457847595,0.6956219673156738
1788681097112669000,24.9256689453125,-1.1732292175292969,0.41063690185546875,1.058126449584961
1788681097128538000,24.9415380859375,-1.2740612030029297,0.4157795310020447,1.1079187393188477
1788681097144376600,24.95737646484375,-1.1017379760742188,0.45512640476226807,0.9034185409545898
1788681097160245800,24.973245849609373,-0.7235479354858398,0.42780208587646484,0.6932266354560852
1788681097176115000,24.989114990234373,-0.35274791717529297,0.30100399255752563,0.6066163778305054
1788681097192014600,25.0050146484375,0.02986907958984375,0.2688755393028259,0.4071856737136841
1788681097207883800,25.0208837890625,0.29091453552246094,0.2698761820793152,0.09837836027145386
1788681097223783400,25.036783447265623,0.2592039108276367,0.20081627368927002,-0.0695367157459259
1788681097239683000,25.05268310546875,0.0021724700927734375,0.07902556657791138,0.05949297547340393
1788681097255582700,25.068582763671873,-0.12337398529052734,-0.0755685567855835,0.15299779176712036
1788681097271512800,25.084512939453123,0.038158416748046875,-0.3926401138305664,0.13218927383422852
1788681097287382000,25.100382080078123,0.8616971969604492,-0.5603502988815308,-0.39835768938064575
1788681097303251200,25.116251220703123,2.0811758041381836,-0.5306916236877441,-1.4351427555084229
1788681097319150800,25.13215087890625,2.5633153915405273,-0.5908796191215515,-2.0188539028167725
1788681097335020000,25.14802001953125,1.994384765625,-0.4998457133769989,-1.7342829704284668
1788681097350919700,25.163919677734373,1.0126800537109375,-0.40794193744659424,-0.9412021636962891
1788681097366788600,25.17978857421875,0.16617107391357422,-0.9061191082000732,0.10559555888175964
1788681097382719000,25.195718994140623,0.4179058074951172,-1.5283023118972778,0.037910282611846924
1788681097398618600,25.21161865234375,1.7441864013671875,-1.7954347133636475,-1.2545287609100342
1788681097414548700,25.227548828125,2.838637351989746,-1.822005033493042,-2.529869556427002
1788681097430448400,25.243448486328123,2.6927595138549805,-1.8501286506652832,-2.6569478511810303
1788681097446348000,25.25934814453125,1.2991485595703125,-1.907818078994751,-1.6767364740371704
1788681097462186800,25.275186767578123,-0.3533515930175781,-1.5625427961349487,-0.9359601736068726
1788681097478086400,25.29108642578125,-1.5574779510498047,-0.8291752338409424,-0.8163532018661499
1788681097493955600,25.30695556640625,-2.0539045333862305,-0.44889432191848755,-0.7587661147117615
1788681097509855200,25.322855224609373,-2.264242649078369,-0.7161208391189575,-0.31837454438209534
1788681097525785300,25.338785400390623,-2.287250518798828,-1.0042479038238525,-0.2496248483657837
1788681097541624000,25.3546240234375,-2.0511975288391113,-1.1211100816726685,-0.512406587600708
1788681097557523700,25.370523681640623,-1.422292709350586,-1.250632882118225,-0.8023114204406738
1788681097573392600,25.386392578125,-0.55615234375,-1.2475826740264893,-1.0653958320617676
1788681097589231400,25.4022314453125,0.07786273956298828,-1.0573152303695679,-1.0917134284973145
1788681097605100500,25.4181005859375,0.32474231719970703,-0.7562466859817505,-1.0543090105056763
1788681097621000200,25.434000244140623,0.17538166046142578,-0.5122010707855225,-0.7780342698097229
1788681097636899800,25.44989990234375,-0.18118762969970703,-0.2072216272354126,-0.5608192086219788
1788681097652769000,25.46576904296875,-0.6917724609375,0.12709355354309082,-0.5096704363822937
1788681097668699100,25.48169921875,-1.4932241439819336,0.3001552224159241,-0.3814692497253418
1788681097684568300,25.497568359375,-2.267570972442627,0.3800729513168335,-0.10955256223678589
1788681097700406800,25.51340673828125,-2.6524276733398438,0.4904886484146118,0.03290948271751404
1788681097716276000,25.52927587890625,-2.3479442596435547,0.6327683329582214,-0.13637828826904297
1788681097732145200,25.545145263671873,-1.4715185165405273,0.563434362411499,-0.4339483678340912
1788681097748014300,25.561014404296873,-0.5888519287109375,0.35483884811401367,-0.5330402255058289
1788681097763914000,25.5769140625,0.01931476593017578,0.15250015258789062,-0.4410175085067749
1788681097779783200,25.592783203125,0.5860166549682617,0.2077631950378418,-0.6317241787910461
1788681097795682800,25.608682861328123,1.0438776016235352,0.25086718797683716,-0.9144359827041626
1788681097811552000,25.624552001953123,1.193817138671875,-0.06111633777618408,-0.935882568359375
1788681097827451600,25.64045166015625,1.190948486328125,-0.2983139753341675,-1.0640177726745605
1788681097843320800,25.65632080078125,1.2053604125976562,-0.5275357961654663,-1.1496875286102295
1788681097859251000,25.6722509765625,1.236440658569336,-0.7064471244812012,-1.2876572608947754
1788681097875150600,25.688150634765623,1.4338865280151367,-0.42038995027542114,-1.7319844961166382
1788681097891019800,25.704019775390623,1.680006980895996,-0.197928786277771,-1.7310116291046143
1788681097906888700,25.719888671875,1.5625886917114258,-0.33849048614501953,-0.8350675702095032
1788681097922758000,25.7357578125,1.2095947265625,-0.6735342741012573,0.26874685287475586
1788681097938627000,25.751626953125,1.4024925231933594,-1.2424120903015137,0.7753512859344482
1788681097954526700,25.767526611328126,2.4514083862304688,-1.7320470809936523,0.05701372027397156
1788681097970426400,25.78342626953125,3.687098503112793,-2.1024112701416016,-1.0946016311645508
1788681097986326000,25.799325927734376,4.0797576904296875,-2.3835487365722656,-1.6819486618041992
1788681098002164700,25.815164794921873,3.2614002227783203,-2.5014195442199707,-1.6020694971084595
1788681098018094800,25.8310947265625,1.5471467971801758,-2.3088817596435547,-1.0774321556091309
1788681098033994500,25.846994384765626,-0.2332134246826172,-1.8645970821380615,-0.4528084993362427
1788681098049863700,25.86286376953125,-1.6621990203857422,-1.4456523656845093,0.18311169743537903
1788681098065763300,25.878763427734373,-2.5459485054016113,-1.02988862991333,0.5883148908615112
1788681098081632500,25.894632568359373,-2.9594569206237793,-0.6095529794692993,0.756395697593689
1788681098097471200,25.91047119140625,-2.8300862312316895,-0.4479907751083374,0.8197222948074341
1788681098113340200,25.926340087890626,-2.3457894325256348,-0.46609389781951904,0.7415007948875427
1788681098129209300,25.942209228515626,-1.5789194107055664,-0.5385674834251404,0.6756596565246582
1788681098145078500,25.95807861328125,-0.49564647674560547,-0.4284999370574951,0.383512407541275
1788681098160917200,25.973917236328123,0.29054832458496094,-0.3113440275192261,0.024968087673187256
1788681098176725200,25.989725341796873,0.2967061996459961,-0.20205360651016235,-0.28830569982528687
1788681098200498400,26.01349853515625,-0.7909832000732422,0.08653944730758667,-0.14454501867294312
1788681098216398000,26.029398193359373,-1.4713850021362305,0.36068499088287354,-0.07200771570205688
1788681098232236800,26.04523681640625,-1.6624574661254883,0.4830738306045532,-0.1221013069152832
1788681098248136400,26.061136474609373,-1.2912492752075195,0.44593167304992676,-0.07084447145462036
1788681098264036000,26.0770361328125,-0.8527860641479492,0.3246579170227051,0.07083600759506226
1788681098279935700,26.092935791015623,-0.4099454879760742,0.2587740421295166,-0.03830564022064209
1788681098295805000,26.108804931640623,-0.09062480926513672,0.16542983055114746,-0.2692318558692932
1788681098311674000,26.124674072265623,0.19241046905517578,0.01688283681869507,-0.45159757137298584
1788681098327543000,26.14054296875,0.3887767791748047,-0.15034788846969604,-0.5053784847259521
1788681098343381800,26.1563818359375,0.42340946197509766,-0.12141239643096924,-0.49456506967544556
1788681098359251000,26.1722509765625,0.21674633026123047,-0.0470125675201416,-0.3204547166824341
1788681098375120100,26.1881201171875,-0.043842315673828125,-0.04009115695953369,-0.034181296825408936
1788681098391050200,26.20405029296875,-0.06381988525390625,-0.08580946922302246,0.074043869972229
1788681098406889000,26.219888916015623,0.5113248825073242,-0.27288687229156494,0.0033693313598632812
1788681098422758000,26.2357578125,1.7506475448608398,-0.4580725431442261,-0.3671720027923584
1788681098438657500,26.251657470703126,2.85849666595459,-0.6922364234924316,-0.9990852475166321
1788681098454557200,26.26755712890625,3.117685317993164,-0.586232602596283,-1.514109492301941
1788681098470456800,26.283456787109376,2.131998062133789,-0.3680981397628784,-1.4155219793319702
1788681098486356500,26.2993564453125,0.6766510009765625,-0.13495326042175293,-0.9668543338775635
1788681098502195200,26.3151953125,-0.31856727600097656,0.008570671081542969,-0.6435040235519409
1788681098518034000,26.331033935546873,-0.4786510467529297,-0.5302854776382446,-0.06810545921325684
1788681098533933600,26.34693359375,0.3213787078857422,-1.2754192352294922,0.0032705068588256836
1788681098549802800,26.362802734375,1.815150260925293,-1.550351619720459,-0.6217306852340698
1788681098565641200,26.37864111328125,2.938678741455078,-1.7626943588256836,-1.4040379524230957
1788681098581571300,26.3945712890625,2.4688968658447266,-1.968141794204712,-1.9010915756225586
1788681098597440500,26.4104404296875,1.016016960144043,-1.8667110204696655,-1.8314398527145386
1788681098613309700,26.426309814453123,-0.5537624359130859,-1.5533578395843506,-1.2416292428970337
1788681098629209300,26.442209228515626,-1.591689109802246,-1.2139676809310913,-0.797831118106842
1788681098645078500,26.45807861328125,-1.907468318939209,-1.2025669813156128,-0.6178183555603027
1788681098660978200,26.473978271484373,-1.666738510131836,-1.267156720161438,-0.6509637832641602
1788681098676847400,26.489847412109373,-1.359847068786621,-1.204552412033081,-0.6819069385528564
1788681098692716500,26.505716552734373,-1.1346797943115234,-1.093474268913269,-0.7149916887283325
1788681098708585700,26.521585693359373,-1.2764863967895508,-0.9795894622802734,-0.5932927131652832
1788681098724485400,26.5374853515625,-1.3710145950317383,-0.6875884532928467,-0.47133082151412964
1788681098740354300,26.553354248046876,-1.1678667068481445,-0.36778414249420166,-0.3379400968551636
1788681098756254000,26.56925390625,-0.8716249465942383,-0.23420166969299316,-0.364027738571167
1788681098772092700,26.5850927734375,-0.7759370803833008,-0.15594327449798584,-0.6447197794914246
1788681098787992300,26.600992431640623,-0.8342866897583008,-0.040618896484375,-0.9305891394615173
1788681098803861500,26.616861572265623,-0.8932704925537109,-0.022113323211669922,-0.9192546010017395
1788681098819730700,26.632730712890623,-1.134572982788086,-0.09125781059265137,-0.6983430981636047
1788681098835600000,26.648599853515623,-1.331822395324707,-0.06322574615478516,-0.5351797342300415
1788681098851530000,26.664530029296873,-1.3045568466186523,0.08281362056732178,-0.5287717580795288
1788681098867429600,26.6804296875,-0.9934787750244141,0.2820509672164917,-0.35493341088294983
1788681098883359700,26.69635986328125,-0.7500391006469727,0.391598105430603,0.03564095497131348
1788681098899229000,26.71222900390625,-0.6024379730224609,0.44256818294525146,0.176164448261261
1788681098915098000,26.72809814453125,-0.09879589080810547,0.5598325729370117,-0.24175187945365906
1788681098930997800,26.743997802734373,0.36592769622802734,0.35668158531188965,-0.6418910622596741
1788681098946927900,26.759927978515623,0.7746562957763672,-0.051007747650146484,-0.8538777828216553
1788681098962797000,26.775797119140623,1.0003700256347656,-0.16732585430145264,-0.9738471508026123
1788681098978635800,26.7916357421875,1.037501335144043,-0.24117255210876465,-0.7645304203033447
1788681098994504700,26.807504638671876,1.284632682800293,-0.09112727642059326,-0.8320260643959045
1788681099010343400,26.823343505859373,1.6748905181884766,0.255448579788208,-1.233588695526123
1788681099026243000,26.8392431640625,1.7911376953125,-0.011429071426391602,-0.7604144215583801
1788681099042112300,26.8551123046875,1.7572288513183594,-0.35563063621520996,-0.005717813968658447
1788681099058012000,26.871011962890623,1.5639715194702148,-0.7876623868942261,0.546339750289917
1788681099073911600,26.88691162109375,1.7436113357543945,-1.3328330516815186,0.656080424785614
1788681099089780700,26.90278076171875,2.567948341369629,-1.5621997117996216,0.12970119714736938
1788681099105710800,26.9187109375,3.317657470703125,-1.6581991910934448,-0.2638293206691742
1788681099121671400,26.93467138671875,3.254243850708008,-1.871803641319275,0.09137624502182007
1788681099137510100,26.95051025390625,2.12393856048584,-2.301844835281372,0.7631902694702148
1788681099153379300,26.96637939453125,0.7612581253051758,-2.186699628829956,0.62240070104599
1788681099169279000,26.982279052734373,0.027380943298339844,-1.7564136981964111,-0.19007641077041626
1788681099185209000,26.998208984375,-0.27399444580078125,-1.6209965944290161,-0.5194951891899109
1788681099201108700,27.014108642578126,-0.5362129211425781,-1.5972061157226562,-0.20533013343811035
1788681099216978000,27.02997802734375,-0.8607378005981445,-1.3837027549743652,0.2717592716217041
1788681099232847000,27.04584716796875,-1.2160100936889648,-1.0009187459945679,0.7639751434326172
1788681099248716300,27.06171630859375,-1.4330387115478516,-0.5788946747779846,0.9868838787078857
1788681099264646400,27.077646484375,-1.3411760330200195,-0.43014729022979736,0.9487497210502625
1788681099280515600,27.093515625,-0.9997014999389648,-0.57655930519104,0.632129430770874
1788681099296384800,27.109384765625,-0.7796316146850586,-0.6806840896606445,0.13002879917621613
1788681099312253700,27.125253662109376,-0.9708023071289062,-0.49769723415374756,-0.17011642456054688
1788681099328153600,27.141153564453123,-1.3738079071044922,-0.35199105739593506,-0.0883597731590271
1788681099344022500,27.1570224609375,-1.8306427001953125,-0.0014634132385253906,-0.025778383016586304
1788681099359891700,27.1728916015625,-1.5703115463256836,0.3549767732620239,-0.1030471920967102
1788681099375791400,27.188791259765626,-1.3569183349609375,0.39751100540161133,0.09359300136566162
1788681099391660500,27.20466064453125,-0.9364080429077148,0.3421097993850708,0.3811400830745697
1788681099407499300,27.220499267578123,-0.7364473342895508,0.3177928924560547,0.4754602909088135
1788681099423399000,27.23639892578125,-0.5096673965454102,0.34090662002563477,0.2551732659339905
1788681099439268000,27.25226806640625,-0.18833351135253906,0.20207500457763672,-0.1390719711780548
1788681099455137000,27.268136962890626,-0.044096946716308594,0.1380840539932251,-0.3638473153114319
1788681099471006200,27.284006103515626,-0.06660747528076172,0.1900651454925537,-0.18638935685157776
1788681099486905900,27.29990576171875,-0.21382522583007812,0.39196085929870605,0.03367769718170166
1788681099502775000,27.315775146484373,-0.27961254119873047,0.5566531419754028,0.11413517594337463
1788681099518674700,27.3316748046875,-0.19819259643554688,0.5645207166671753,0.24604532122612
1788681099534544000,27.3475439453125,0.06074333190917969,0.4108771085739136,0.43370217084884644
1788681099550413000,27.3634130859375,0.6376380920410156,0.07933938503265381,0.25912192463874817
1788681099566282200,27.3792822265625,1.1516590118408203,-0.15337204933166504,-0.18790888786315918
1788681099582151200,27.395151123046876,1.439493179321289,-0.11645746231079102,-0.768261194229126
1788681099598020400,27.411020263671876,1.1606321334838867,-0.05912613868713379,-0.7652068138122559
1788681099613920000,27.426919921875,0.7605428695678711,-0.04939234256744385,-0.44860267639160156
1788681099629789200,27.4427890625,0.30062389373779297,-0.2253028154373169,0.008081525564193726
1788681099645688800,27.458688720703126,0.12882709503173828,-0.7656175494194031,0.09613198041915894
1788681099661558000,27.47455810546875,1.0212469100952148,-1.1872198581695557,-0.48772621154785156
1788681099677457700,27.490457763671873,2.465386390686035,-1.475992202758789,-1.2781732082366943
1788681099693357300,27.506357421875,3.284865379333496,-1.5746583938598633,-1.3884156942367554
1788681099709196000,27.522196044921873,2.823086738586426,-1.6416585445404053,-0.7793644666671753
1788681099725065200,27.538065185546873,1.51043701171875,-1.5030579566955566,-0.15405240654945374
1788681099740964900,27.55396484375,0.02400684356689453,-1.093552827835083,-0.23370738327503204
1788681099756833800,27.569833740234376,-0.9811515808105469,-0.9152976870536804,-0.5435898900032043
1788681099772672500,27.585672607421873,-1.119950294494629,-1.154510498046875,-0.9347206354141235
1788681099788511200,27.60151123046875,-0.8924531936645508,-1.345473051071167,-1.3444154262542725
1788681099804411000,27.617410888671873,-0.7156639099121094,-1.3740707635879517,-1.6704343557357788
1788681099820280000,27.633280029296873,-0.7703266143798828,-1.27690589427948,-1.3925976753234863
1788681099836179700,27.6491796875,-1.0059709548950195,-1.0947022438049316,-0.5406901836395264
1788681099852048600,27.665048583984376,-0.9247026443481445,-0.8709073662757874,-0.13078385591506958
1788681099867917800,27.680917724609376,-0.5810785293579102,-0.6023892164230347,-0.09431936591863632
1788681099883756500,27.696756591796873,-0.3633613586425781,-0.39919328689575195,-0.20070739090442657
1788681099899717000,27.712717041015626,-0.3895273208618164,-0.26015496253967285,-0.41250374913215637
1788681099915586300,27.72858642578125,-0.6758947372436523,-0.01733529567718506,-0.7302988767623901
1788681099931455500,27.74445556640625,-1.1344938278198242,0.1330500841140747,-0.8921628594398499
1788681099947324700,27.76032470703125,-1.5224990844726562,0.25446367263793945,-0.7652196884155273
1788681099963193900,27.77619384765625,-1.752974033355713,0.4185507297515869,-0.3508850932121277
1788681099979062800,27.792062744140626,-1.760228157043457,0.5584077835083008,-0.11464469134807587
1788681099994962700,27.807962646484373,-1.3511896133422852,0.5787568092346191,-0.18603475391864777
1788681100010831600,27.82383154296875,-0.7931413650512695,0.5599185228347778,-0.2630837857723236
1788681100026700800,27.83970068359375,0.014019012451171875,0.4969445466995239,-0.2024177610874176
1788681100042539500,27.85553955078125,0.4980182647705078,0.3245577812194824,-0.07418123632669449
1788681100058469600,27.8714697265625,0.4205646514892578,0.24773049354553223,-0.1451258659362793
1788681100074308400,27.887308349609373,0.1897878646850586,0.22695350646972656,-0.22654315829277039
1788681100090177300,27.90317724609375,-0.07096099853515625,0.09233999252319336,-0.20410674810409546
1788681100106077200,27.9190771484375,-0.2486286163330078,-0.1800377368927002,-0.10904307663440704
1788681100121946000,27.934946044921876,-0.06775093078613281,-0.5139817595481873,-0.35236889123916626
1788681100137815300,27.950815185546876,0.6680669784545898,-0.7872651815414429,-0.7675403356552124
1788681100153684500,27.9666845703125,1.4049854278564453,-0.7238686680793762,-1.1523486375808716
1788681100169584000,27.982584228515623,1.6382455825805664,-0.3542330265045166,-1.007498025894165
1788681100185422800,27.9984228515625,1.5077943801879883,-0.17462313175201416,-0.21340951323509216
1788681100201322500,28.014322509765623,1.0576419830322266,-0.16286766529083252,0.939023494720459
1788681100217252600,28.030252685546873,0.4810600280761719,-0.4665449261665344,1.6496422290802002
1788681100233091300,28.04609130859375,0.6864118576049805,-1.1875652074813843,1.504921793937683
1788681100248960300,28.061960205078126,2.0064773559570312,-1.8336366415023804,0.36971762776374817
1788681100264799000,28.077799072265623,3.3921279907226562,-2.2219913005828857,-0.6041871309280396
1788681100280668200,28.093668212890623,4.051753997802734,-2.4281935691833496,-0.7293499708175659
1788681100296598300,28.109598388671873,3.5621213912963867,-2.459571361541748,-0.0009598135948181152
1788681100312467500,28.125467529296873,2.1192808151245117,-2.2106730937957764,0.7941907644271851
1788681100328306200,28.14130615234375,0.6899938583374023,-1.6698728799819946,0.8865605592727661
1788681100344144600,28.15714453125,-0.2553119659423828,-1.2098336219787598,0.6251411437988281
1788681100359983400,28.1729833984375,-0.8888435363769531,-0.9653608798980713,0.4499703645706177
1788681100375852500,28.1888525390625,-1.5046100616455078,-0.8642637729644775,0.3744973838329315
1788681100391691000,28.20469091796875,-1.5929832458496094,-0.6232283711433411,0.3892419934272766
1788681100407560200,28.220560302734373,-1.3284988403320312,-0.3991331458091736,0.39687401056289673
1788681100423459800,28.2364599609375,-0.8321323394775391,-0.2013700008392334,0.22886888682842255
1788681100439329000,28.2523291015625,-0.5672073364257812,0.024217963218688965,0.14183703064918518
1788681100455198200,28.2681982421875,-0.74041748046875,0.2816804051399231,0.402784526348114
1788681100471067400,28.2840673828125,-1.3131189346313477,0.5063579082489014,0.7088286876678467
1788681100486967000,28.299967041015623,-1.7507085800170898,0.6722901463508606,0.6247225999832153
1788681100502805500,28.315805419921876,-1.6841869354248047,0.7358341813087463,0.08063453435897827
1788681100518674700,28.3316748046875,-1.4061002731323242,0.699176013469696,-0.3954690992832184
1788681100534513400,28.347513427734373,-0.9730253219604492,0.6196568012237549,-0.5687439441680908
1788681100550413000,28.3634130859375,-0.70465087890625,0.540998101234436,-0.39215487241744995
1788681100566312700,28.379312744140623,-0.34186458587646484,0.4788942337036133,-0.0867794007062912
1788681100582212400,28.39521240234375,-0.006278038024902344,0.4693589210510254,0.010662585496902466
1788681100598081500,28.41108154296875,0.01716136932373047,0.4488750696182251,0.07725948095321655
1788681100613950700,28.42695068359375,-0.17536544799804688,0.39347338676452637,0.03856079280376434
1788681100629819600,28.442819580078126,-0.3552885055541992,0.37949907779693604,-0.029276669025421143
1788681100645719300,28.45871923828125,-0.08394432067871094,0.26183271408081055,-0.18953728675842285
1788681100661588500,28.47458837890625,0.5856552124023438,-0.03846538066864014,-0.4311392307281494
1788681100677427200,28.49042724609375,1.3412361145019531,-0.2778357267379761,-0.5981345176696777
1788681100693357300,28.506357421875,1.9659929275512695,-0.4636439085006714,-0.46481046080589294
1788681100709226500,28.5222265625,2.1071653366088867,-0.39213693141937256,-0.5552017688751221
1788681100725095700,28.538095703125,1.710418701171875,-0.02088141441345215,-0.6941474676132202
1788681100740995300,28.553995361328123,1.0052862167358398,0.10988140106201172,-0.6106622815132141
1788681100756864500,28.569864501953123,0.12798500061035156,0.011837124824523926,-0.25917768478393555
1788681100772733400,28.5857333984375,-0.5665273666381836,-0.426527738571167,0.2922416627407074
1788681100788602600,28.6016025390625,-0.7380189895629883,-1.4176998138427734,0.5655258297920227
1788681100804471800,28.617471923828123,0.4678230285644531,-2.298612356185913,-0.5334218740463257
1788681100820310500,28.633310546875,2.1657333374023438,-2.442026138305664,-2.166738510131836
1788681100836179700,28.6491796875,3.0444459915161133,-2.240837574005127,-2.375572919845581
1788681100852079400,28.665079345703123,2.397336006164551,-2.1718082427978516,-1.0693355798721313
1788681100867948300,28.6809482421875,0.8812341690063477,-1.7911031246185303,0.061945728957653046
1788681100883848000,28.696847900390626,-0.6383161544799805,-1.3634190559387207,0.2363845705986023
1788681100899686700,28.712686767578123,-1.4820985794067383,-1.2194008827209473,-0.17023535072803497
1788681100915555800,28.728555908203123,-1.7706141471862793,-1.2837001085281372,-0.4639027714729309
1788681100931455500,28.74445556640625,-1.8214402198791504,-1.3683406114578247,-0.506696879863739
1788681100947324700,28.76032470703125,-2.49759578704834,-0.8616058826446533,0.8021596074104309
1788681100963193900,28.77619384765625,-1.1608648300170898,-0.6019939184188843,2.3469924926757812
1788681100979093500,28.792093505859373,0.7316217422485352,-0.06541407108306885,1.027572512626648
1788681100994993200,28.8079931640625,0.46338653564453125,-0.5931929349899292,-0.6200483441352844
1788681101010862300,28.8238623046875,-0.19420909881591797,-0.48124000430107117,-0.8774354457855225
1788681101026731300,28.839731201171876,-0.5892572402954102,-0.23351573944091797,-0.6195865273475647
1788681101042600400,28.855600341796876,-0.7610750198364258,0.04345172643661499,-0.3755917549133301
1788681101058469600,28.8714697265625,-0.5075931549072266,0.23264408111572266,-0.3277459442615509
1788681101074338800,28.8873388671875,-0.49237728118896484,0.3280084729194641,-0.31125742197036743
1788681101090208000,28.9032080078125,-0.9454660415649414,0.4414350986480713,-0.31222596764564514
1788681101106107600,28.919107666015623,-1.062941551208496,0.4040381908416748,0.07021042704582214
1788681101121976800,28.934976806640623,-1.093705177307129,0.39601683616638184,0.2988738715648651
1788681101137845800,28.950845703125,-1.0855236053466797,0.6715524196624756,0.13450124859809875
1788681101153684500,28.9666845703125,-1.1147575378417969,0.8200118541717529,-0.28192320466041565
1788681101169614600,28.982614501953126,-0.8819007873535156,0.6261374950408936,-0.6022317409515381
1788681101185483800,28.99848388671875,-0.3070507049560547,0.44007670879364014,-0.5470139980316162
1788681101201383400,29.014383544921873,0.028951644897460938,0.47133123874664307,-0.2644069790840149
1788681101217222100,29.03022216796875,0.32229137420654297,0.4035395383834839,-0.21458700299263
1788681101233051000,29.04605078125,0.5954504013061523,0.0209810733795166,-0.4225693345069885
1788681101248920000,29.061920166015625,1.352696418762207,-0.3691290616989136,-0.6132667064666748
1788681101264819700,29.07781982421875,2.257359504699707,-0.40897947549819946,-0.8716421127319336
1788681101280719400,29.09371923828125,2.5394744873046875,0.07945597171783447,-0.9028773307800293
1788681101296588500,29.109588623046875,1.9427127838134766,0.6436848640441895,-0.36129194498062134
1788681101312457700,29.125457763671875,1.1041450500488281,0.5855404138565063,0.5047925114631653
1788681101328327000,29.141326904296875,0.20982646942138672,0.2606210708618164,0.6455047726631165
1788681101344196000,29.157196044921875,-0.4284534454345703,-0.8150807619094849,0.5059330463409424
1788681101360065000,29.17306494140625,0.6305322647094727,-2.012505531311035,-0.2184443473815918
1788681101375964700,29.188964599609374,2.337820053100586,-2.3516130447387695,-0.6373672485351562
1788681101391803400,29.204803466796875,3.7685441970825195,-2.0378756523132324,-0.06881678104400635
1788681101407672600,29.220672607421875,3.146416664123535,-1.7165107727050781,0.9202758073806763
1788681101423572200,29.236572265625,0.986114501953125,-1.8851561546325684,1.2453477382659912
1788681101439471900,29.252471923828125,-1.3660030364990234,-1.6980955600738525,0.4834028482437134
1788681101455341000,29.268341064453125,-3.1358094215393066,-1.1242800951004028,-0.0780443549156189
1788681101471240700,29.28424072265625,-2.955838680267334,-0.7646001577377319,0.09844249486923218
1788681101487201300,29.300201171875,-1.563298225402832,-0.8334581851959229,0.29659926891326904
1788681101503070500,29.316070556640625,-0.06134223937988281,-0.9644856452941895,0.4504416286945343
1788681101518909200,29.3319091796875,0.5836372375488281,-0.8677810430526733,0.5336129665374756
1788681101534747600,29.34774755859375,0.41785335540771484,-0.7583444714546204,0.17983591556549072
1788681101550647300,29.363647216796874,-0.28878116607666016,-0.7231432795524597,-0.06508398056030273
1788681101566516500,29.3795166015625,-1.0360527038574219,-0.539298415184021,-0.06596708297729492
1788681101582477300,29.395477294921875,-1.5255212783813477,-0.2530791163444519,0.2700352370738983
1788681101598377000,29.411376953125,-1.8507084846496582,0.15482854843139648,0.44589754939079285
1788681101614246100,29.42724609375,-1.9697003364562988,0.5152348875999451,0.4100817143917084
1788681101630115000,29.443114990234374,-1.7472457885742188,0.6666314005851746,0.27467119693756104
1788681101645984300,29.458984375,-1.389150619506836,0.7254425287246704,0.23268672823905945
1788681101661853400,29.474853515625,-0.9402532577514648,0.5960639119148254,0.23891839385032654
1788681101677692200,29.490692138671875,-0.4555187225341797,0.470024049282074,0.3396037220954895
1788681101693530600,29.506530517578124,-0.08012104034423828,0.3975825309753418,0.4139725863933563
1788681101709430300,29.52243017578125,0.372955322265625,0.23625004291534424,0.38788363337516785
1788681101725269000,29.53826904296875,0.6100959777832031,0.2861561179161072,0.1867372989654541
1788681101741199000,29.55419921875,0.7618808746337891,0.34047579765319824,0.11376455426216125
1788681101757068300,29.570068359375,0.9464273452758789,0.3143649101257324,-0.019989192485809326
1788681101772968000,29.585968017578125,1.094252586364746,0.26330363750457764,-0.04898110032081604
1788681101788898000,29.60189794921875,1.2601251602172852,0.06526267528533936,-0.1958736777305603
1788681101804828400,29.617828369140625,1.6639127731323242,-0.14930826425552368,-0.2906849980354309
1788681101820697300,29.633697265625,2.415125846862793,-0.33441096544265747,-0.22297212481498718
1788681101836536000,29.6495361328125,2.755368232727051,-0.09678709506988525,-0.2711908221244812
1788681101852435700,29.665435791015625,2.2329607009887695,0.188232421875,-0.5433396100997925
1788681101868305000,29.681304931640625,1.1397409439086914,0.3353431224822998,-0.7562641501426697
1788681101884174000,29.697174072265625,-0.3485698699951172,0.3053933382034302,-0.9395781755447388
1788681101900073700,29.71307373046875,-0.034481048583984375,-0.4800959825515747,-0.18006637692451477
1788681101915973400,29.728973388671875,1.3665294647216797,-1.9875253438949585,0.12811151146888733
1788681101931842600,29.744842529296875,3.081883430480957,-2.986701011657715,-0.28210264444351196
1788681101947711500,29.76071142578125,4.345821380615234,-2.7687225341796875,-1.3845938444137573
1788681101963580700,29.77658056640625,3.635986328125,-2.11466121673584,-1.4126076698303223
1788681101979480300,29.792480224609374,1.4212837219238281,-1.8723154067993164,-0.7038500905036926
1788681101995380000,29.8083798828125,-1.3804693222045898,-1.4062340259552002,-0.4653414487838745
1788681102011218700,29.82421875,-3.7586512565612793,-0.6990445256233215,-0.8527263402938843
1788681102027088000,29.840087890625,-5.133853912353516,-0.19632422924041748,-1.03126060962677
1788681102043018000,29.85601806640625,-5.855968475341797,-0.1761552095413208,-1.153035044670105
1788681102058948000,29.871947998046874,-3.7873616218566895,-0.7173851728439331,-0.6499766111373901
1788681102074817300,29.8878173828125,-1.3598289489746094,-1.5288877487182617,-0.5991210341453552
1788681102090717000,29.903717041015625,0.821904182434082,-1.5212345123291016,-1.152031660079956
1788681102106586000,29.919586181640625,2.2127065658569336,-1.246414065361023,-1.2179741859436035
1788681102122455300,29.935455322265625,2.03122615814209,-0.9359434843063354,-1.3054583072662354
1788681102138355000,29.95135498046875,1.3935966491699219,-0.5694552659988403,-0.9155663847923279
1788681102154224000,29.96722412109375,0.5998220443725586,-0.03020644187927246,-0.35421669483184814
1788681102170062600,29.9830625,-0.5741796493530273,0.4654543995857239,-0.7826511263847351
1788681102185931800,29.998931884765625,-1.306584358215332,0.33085083961486816,-0.4201824367046356
1788681102201801000,30.014801025390625,-1.727579116821289,0.0689842700958252,-0.5248285531997681
1788681102217639700,30.0306396484375,-1.8762893676757812,0.3864387273788452,-0.6225528120994568
1788681102233508600,30.046508544921874,-1.9329843521118164,0.6242902278900146,-0.07266096770763397
1788681102249377800,30.062377685546874,-1.734938621520996,0.7114673852920532,-0.01272737979888916
1788681102265277400,30.07827734375,-1.1198005676269531,0.6331667304039001,-0.006285406649112701
1788681102281146600,30.094146728515625,-0.41412353515625,0.531193196773529,-0.32740265130996704
1788681102297046300,30.11004638671875,0.23986148834228516,0.5072567462921143,-0.6583156585693359
1788681102312946000,30.12594580078125,0.7687273025512695,0.3853529691696167,-0.5646967887878418
1788681102328845600,30.141845458984374,1.2165184020996094,0.1895214319229126,-0.3028872013092041
1788681102344745200,30.1577451171875,1.3958740234375,0.03049778938293457,-0.23614922165870667
1788681102360614400,30.173614501953125,1.4356575012207031,-0.07056260108947754,-0.2144595831632614
1788681102376483600,30.189483642578125,1.679926872253418,-0.25366830825805664,-0.029024727642536163
1788681102392352800,30.205352783203125,1.8003950119018555,-0.2690121531486511,-0.0736842080950737
1788681102408222000,30.221221923828125,1.6603288650512695,0.1979004144668579,-0.2764233946800232
1788681102424091000,30.2370908203125,1.061112403869629,0.7482200860977173,-0.05905190855264664
1788681102439960000,30.2529599609375,0.10811996459960938,0.6741188764572144,0.3788963854312897
1788681102455859700,30.268859619140624,-0.5232343673706055,-0.06466150283813477,0.5519525408744812
1788681102471759400,30.28475927734375,0.06753063201904297,-1.418292760848999,0.3633635640144348
1788681102487628500,30.300628662109375,2.242826461791992,-3.0524094104766846,0.2907285690307617
1788681102503467300,30.31646728515625,5.3600311279296875,-3.8801562786102295,-0.20682652294635773
1788681102519367000,30.332366943359375,7.036710739135742,-3.3125133514404297,-0.5232630372047424
1788681102535236000,30.348236083984375,5.754519462585449,-2.490358829498291,0.15510745346546173
1788681102551074600,30.364074462890624,1.9572381973266602,-2.186825752258301,0.6857857704162598
1788681102566974200,30.37997412109375,-2.1775002479553223,-1.8797175884246826,0.6932843923568726
1788681102582843400,30.395843505859375,-4.752435207366943,-1.4831043481826782,0.7994186282157898
1788681102598773500,30.4117734375,-5.569372177124023,-0.9728055000305176,0.954281747341156
1788681102614642700,30.427642578125,-4.771308422088623,-0.6707226037979126,0.8616212606430054
1788681102630511900,30.443511962890625,-2.9357590675354004,-0.6742569804191589,0.26616087555885315
1788681102646411500,30.45941162109375,-1.0684099197387695,-0.8284004926681519,0.17730823159217834
1788681102662311200,30.475311279296875,-0.08620357513427734,-0.9972238540649414,0.5393708944320679
1788681102678180400,30.491180419921875,0.33124542236328125,-1.0446503162384033,0.539726734161377
1788681102694049500,30.507049560546875,0.24793052673339844,-0.829060971736908,0.10349136590957642
1788681102717883600,30.530883544921874,-0.5168418884277344,-0.22526472806930542,-0.15535682439804077
1788681102733722400,30.546722412109375,-1.2337942123413086,0.1985774040222168,0.13799400627613068
1788681102749591600,30.562591552734375,-1.9270415306091309,0.5552425384521484,0.13727308809757233
1788681102765521700,30.578521728515625,-2.122407913208008,0.763669490814209,0.006111413240432739
1788681102781421300,30.59442138671875,-1.8311800956726074,0.7695015668869019,-0.11692723631858826
1788681102797290500,30.61029052734375,-1.4558029174804688,0.71567702293396,-0.0493035614490509
1788681102813159700,30.62615966796875,-1.2211294174194336,0.6949944496154785,0.02212616801261902
1788681102829059300,30.642059326171875,-0.6237697601318359,0.5878827571868896,0.11010678857564926
1788681102844897800,30.657897705078124,0.21019458770751953,0.5507484078407288,0.2340448647737503
1788681102860797400,30.67379736328125,0.8514280319213867,0.5364129543304443,0.1789916753768921
1788681102876697000,30.689697021484374,1.1254568099975586,0.2885082960128784,0.2046513557434082
1788681102892566300,30.705566162109374,0.9211082458496094,0.23463046550750732,0.2591787576675415
1788681102908466000,30.7214658203125,0.8347873687744141,0.16846239566802979,0.17930856347084045
1788681102924335000,30.737335205078125,1.192732810974121,-0.025473356246948242,0.12232973426580429
1788681102940204300,30.753204345703125,1.9873733520507812,-0.31079214811325073,0.11623981595039368
1788681102956073500,30.769073486328125,2.726655960083008,-0.6707343459129333,0.09588256478309631
1788681102971942700,30.784942626953125,3.1128244400024414,-0.6940097808837891,0.09002210944890976
1788681102987811600,30.8008115234375,2.839118003845215,-0.04440343379974365,-0.11390475183725357
1788681103003711200,30.816711181640624,1.6122512817382812,0.5597848892211914,-0.5181059241294861
1788681103019550000,30.832550048828125,0.3010377883911133,0.9622933864593506,-0.6540701985359192
1788681103035449600,30.84844970703125,-0.5375022888183594,0.677031397819519,-0.45856159925460815
1788681103051318800,30.86431884765625,-0.03415203094482422,-1.1283444166183472,0.11104345321655273
1788681103067157500,30.880157470703125,2.07769775390625,-3.1131138801574707,0.16109798848628998
1788681103083057200,30.89605712890625,4.200461387634277,-3.7384397983551025,-0.6894633769989014
1788681103098956800,30.911956787109375,4.776932716369629,-3.0703132152557373,-1.2037416696548462
1788681103114825700,30.92782568359375,2.7691726684570312,-2.5726218223571777,-1.1798479557037354
1788681103130664400,30.94366455078125,-0.06142139434814453,-2.3953490257263184,-1.1066904067993164
1788681103146533600,30.95953369140625,-2.3338260650634766,-2.010344982147217,-0.9270028471946716
1788681103162402800,30.97540283203125,-4.087876796722412,-1.3561973571777344,-0.6185187101364136
1788681103178272000,30.99127197265625,-4.331695556640625,-0.9260213971138,-0.5244939923286438
1788681103194171600,31.007171630859375,-3.273408889770508,-0.9612821340560913,-0.5511043071746826
1788681103210040600,31.02304052734375,-1.967010498046875,-1.1850719451904297,-0.6702556014060974
1788681103225879300,31.03887939453125,-0.8580045700073242,-1.222816824913025,-0.6623297929763794
1788681103241718000,31.054718017578125,-0.04837512969970703,-1.0815926790237427,-0.47887080907821655
1788681103257587200,31.070587158203125,0.32396411895751953,-0.9429289698600769,-0.36032864451408386
1788681103273456000,31.0864560546875,0.2520475387573242,-0.8197122812271118,-0.330493688583374
1788681103289325300,31.1023251953125,-0.193450927734375,-0.6051754355430603,-0.3955708146095276
1788681103305225000,31.118224853515624,-0.7061948776245117,-0.20148277282714844,-0.4581417441368103
1788681103321094100,31.13409423828125,-1.2342348098754883,0.23361504077911377,-0.41997331380844116
1788681103336963300,31.14996337890625,-1.5988616943359375,0.5253374576568604,-0.275864839553833
1788681103352832500,31.16583251953125,-1.647995948791504,0.47624874114990234,-0.0755285993218422
1788681103368701700,31.18170166015625,-1.3395767211914062,0.29450201988220215,-0.19288356602191925
1788681103384570600,31.197570556640624,-0.8865365982055664,0.1952359676361084,-0.475796639919281
1788681103400439800,31.213439697265624,-0.12589168548583984,0.2019275426864624,-0.67042076587677
1788681103416309000,31.22930908203125,0.4792909622192383,0.16725462675094604,-0.6234440803527832
1788681103432208600,31.245208740234375,0.9427394866943359,0.08387601375579834,-0.40710845589637756
1788681103448108300,31.2611083984375,1.2743520736694336,0.04507410526275635,-0.12344968318939209
1788681103463977500,31.2769775390625,1.356917381286621,-0.04308962821960449,-0.1984749287366867
1788681103479846700,31.2928466796875,1.3312082290649414,-0.18119430541992188,0.007914900779724121
1788681103495685000,31.30868505859375,1.2131986618041992,-0.33720195293426514,0.029637858271598816
1788681103511554300,31.32455419921875,1.1983213424682617,-0.6269848346710205,-0.015262410044670105
1788681103527423500,31.340423583984375,1.5789527893066406,-0.8895893692970276,-0.0056556761264801025
1788681103543323100,31.3563232421875,2.0546274185180664,-0.7981887459754944,0.0415782630443573
1788681103559192300,31.3721923828125,1.9734668731689453,-0.2281959056854248,0.2865598499774933
1788681103575031000,31.388031005859375,1.058283805847168,0.2698493003845215,0.394919216632843
1788681103590930700,31.4039306640625,-0.2943258285522461,0.4699898958206177,0.6548053622245789
1788681103606769200,31.41976904296875,-1.4764471054077148,0.03224968910217285,1.2372690439224243
1788681103622638300,31.435638427734375,-1.3137435913085938,-1.4967983961105347,1.2634166479110718
1788681103638568400,31.451568359375,1.1304864883422852,-3.216740131378174,0.6240593791007996
1788681103654468000,31.467468017578124,4.635509490966797,-3.704409122467041,0.00742650032043457
1788681103670337300,31.483337158203124,6.080364227294922,-3.0173966884613037,0.429450660943985
1788681103686237000,31.49923681640625,4.182009696960449,-2.538867473602295,1.1342827081680298
1788681103702136600,31.515136474609374,0.6759443283081055,-2.3357062339782715,1.0688087940216064
1788681103718005800,31.531005859375,-2.736687183380127,-2.027268409729004,1.171839952468872
1788681103733844500,31.546844482421875,-4.460225582122803,-1.5942133665084839,1.1234445571899414
1788681103749713700,31.562713623046875,-4.398106098175049,-1.3061203956604004,0.8038147687911987
1788681103765613300,31.57861328125,-3.0565338134765625,-1.176374077796936,0.6065413951873779
1788681103781513000,31.594512939453125,-1.40399169921875,-1.2259116172790527,0.6587543487548828
1788681103797382000,31.6103818359375,-0.11854267120361328,-1.320929765701294,0.8897525072097778
1788681103813312300,31.626312255859375,0.49693870544433594,-1.2240045070648193,0.8239004015922546
1788681103829212000,31.6422119140625,0.6389064788818359,-1.0012495517730713,0.31729450821876526
1788681103845111600,31.658111572265625,0.09885692596435547,-0.6765716671943665,0.1324487328529358
1788681103861011200,31.67401123046875,-0.8348045349121094,-0.3414762616157532,0.3004014492034912
1788681103876910800,31.689910888671875,-1.6385469436645508,-0.026494383811950684,0.5339385271072388
1788681103892749300,31.705749267578124,-1.9957756996154785,0.22501587867736816,0.4470984637737274
1788681103908649200,31.721649169921875,-1.762873649597168,0.26290738582611084,0.40578970313072205
1788681103924518100,31.73751806640625,-1.029557228088379,0.10983014106750488,0.42570263147354126
1788681103948383000,31.761383056640625,0.12715435028076172,-0.18881434202194214,0.3368816077709198
1788681103964282600,31.77728271484375,0.5695066452026367,-0.2639196515083313,0.21582791209220886
1788681103980182300,31.793182373046875,0.7873630523681641,-0.2314099669456482,0.0537567138671875
1788681103996051500,31.809051513671875,0.7826356887817383,-0.13303446769714355,-0.035957664251327515
1788681104011920600,31.824920654296875,0.8130369186401367,-0.09483909606933594,0.07805347442626953
1788681104027820300,31.8408203125,0.7074823379516602,0.015112757682800293,0.05399307608604431
1788681104043689500,31.856689453125,0.5670051574707031,0.21615219116210938,0.0625964105129242
1788681104059558400,31.872558349609374,0.45867252349853516,0.259138822555542,0.21655279397964478
1788681104075458300,31.888458251953125,0.5729560852050781,-0.023890018463134766,0.3794563412666321
1788681104091358000,31.90435791015625,1.231658935546875,-0.49834173917770386,0.2807665765285492
1788681104107227000,31.920226806640624,1.9462299346923828,-0.5739600658416748,0.1470857411623001
1788681104123126500,31.93612646484375,2.425398826599121,-0.18405044078826904,0.09292487800121307
1788681104139026200,31.952026123046874,1.9792232513427734,0.06189441680908203,0.04886680841445923
1788681104154865000,31.967864990234375,0.8105792999267578,0.4187605381011963,0.028811752796173096
1788681104170764500,31.9837646484375,-0.39045143127441406,0.4524952173233032,-0.08134907484054565
1788681104186664200,31.999664306640625,-0.7319316864013672,-0.611518383026123,-0.0018478631973266602
1788681104202563800,32.01556372070313,0.8729209899902344,-2.2304420471191406,0.1298653483390808
1788681104218463500,32.03146337890625,3.6343870162963867,-3.1023101806640625,-0.7324763536453247
1788681104234363100,32.04736303710938,5.114218711853027,-2.6474413871765137,-1.3068344593048096
1788681104250201900,32.063201904296875,3.564067840576172,-2.004810333251953,-1.1529792547225952
1788681104266132000,32.079132080078125,0.30878734588623047,-1.7343531847000122,-0.9273617267608643
1788681104282031600,32.09503149414063,-2.8158321380615234,-1.357969880104065,-0.7236238718032837
1788681104297931300,32.11093115234375,-5.057675361633301,-0.7756158113479614,-0.6495404839515686
1788681104313831000,32.12683081054688,-5.478493690490723,-0.45810866355895996,-0.49658551812171936
1788681104329700000,32.1427001953125,-3.8325023651123047,-0.6977877616882324,-0.344216525554657
1788681104345569300,32.1585693359375,-1.4651460647583008,-1.0996921062469482,-0.533129096031189
1788681104361469000,32.174468994140625,0.4902610778808594,-1.2107019424438477,-0.4587312340736389
1788681104377368600,32.19036865234375,1.429041862487793,-1.230193018913269,-0.2119404375553131
1788681104393268200,32.206268310546875,1.0789604187011719,-1.0931072235107422,-0.2668566107749939
1788681104409107000,32.22210693359375,0.21830368041992188,-0.8244912624359131,-0.44447949528694153
1788681104425006600,32.238006591796875,-0.5825967788696289,-0.5117185711860657,-0.41816216707229614
1788681104440906200,32.25390625,-1.0401849746704102,-0.24868792295455933,-0.21907413005828857
1788681104456775400,32.269775390625,-1.1221179962158203,0.025957584381103516,-0.07726743817329407
1788681104472644400,32.28564428710938,-0.9769916534423828,0.28060877323150635,-0.004267849959433079
1788681104488544000,32.3015439453125,-0.9246635437011719,0.5226986408233643,-0.11309366673231125
1788681104504474400,32.317474365234375,-1.075331687927246,0.5859453678131104,-0.006738767027854919
1788681104520343600,32.333343505859375,-1.1274900436401367,0.4231722354888916,0.016680719330906868
1788681104536243200,32.3492431640625,-0.581507682800293,0.144828200340271,-0.18854188919067383
1788681104552142800,32.365142822265625,0.049861907958984375,0.07768630981445312,-0.26317858695983887
1788681104567981300,32.38098120117188,0.5494632720947266,0.1343977451324463,-0.26484161615371704
1788681104583942100,32.396942138671875,0.8865232467651367,0.2197936773300171,-0.20486384630203247
1788681104599811300,32.412811279296875,0.8858194351196289,0.30212390422821045,-0.24549494683742523
1788681104615711000,32.4287109375,0.6998844146728516,0.1810016632080078,-0.12576735019683838
1788681104631580000,32.44457983398438,0.6699762344360352,-0.19452983140945435,-0.17527231574058533
1788681104647418600,32.460418701171875,1.0965557098388672,-0.39576542377471924,0.009463876485824585
1788681104663318300,32.476318359375,1.7936820983886719,-0.4880673289299011,0.12677454948425293
1788681104679187500,32.4921875,2.42059326171875,-0.3750947117805481,-0.010245352983474731
1788681104695056600,32.508056640625,2.4019365310668945,0.06034219264984131,-0.014654934406280518
1788681104710956300,32.523956298828125,1.390913963317871,0.14466631412506104,0.22586214542388916
1788681104726886400,32.539886474609375,-0.06508636474609375,-0.03034818172454834,0.1940818727016449
1788681104742816500,32.55581640625,-0.6369972229003906,-0.5699419975280762,0.11380624771118164
1788681104758716200,32.57171606445313,1.0164060592651367,-1.8407011032104492,0.2405729740858078
1788681104774615800,32.58761572265625,4.02203369140625,-3.1792666912078857,0.0777704119682312
1788681104790515500,32.60351538085938,5.9215593338012695,-3.2668449878692627,0.1371976137161255
1788681104806354200,32.619354248046875,5.119438171386719,-2.5569770336151123,0.19293838739395142
1788681104822284300,32.6352841796875,1.8497562408447266,-2.188906192779541,0.281649649143219
1788681104838184000,32.65118383789063,-1.7519240379333496,-2.080348491668701,0.5267171859741211
1788681104854022700,32.667022705078125,-4.11733341217041,-1.7472107410430908,0.5025470852851868
1788681104869922300,32.68292236328125,-4.92134952545166,-1.0935379266738892,0.5710210800170898
1788681104885822000,32.698822021484375,-3.976980686187744,-0.7086701989173889,0.777341902256012
1788681104901721600,32.7147216796875,-2.295142650604248,-0.7962571382522583,0.8989561796188354
1788681104917590800,32.7305908203125,-0.8796358108520508,-1.1116544008255005,0.9266984462738037
1788681104933490400,32.746490478515625,-0.5283908843994141,-1.328763484954834,0.9284070730209351
1788681104949390000,32.76239013671875,0.3152904510498047,-1.6031785011291504,0.4500076472759247
1788681104965289700,32.778289794921875,0.8090744018554688,-1.482703447341919,-0.27338510751724243
1788681104981159000,32.794158935546875,0.4669618606567383,-1.100424885749817,-0.16788142919540405
1788681104997058600,32.81005859375,-0.15787887573242188,-0.7768375873565674,0.3139556050300598
1788681105012958200,32.825958251953125,-0.7198171615600586,-0.4498457908630371,0.40747642517089844
1788681105028797000,32.841796875,-1.578084945678711,0.038883209228515625,0.3718479871749878
1788681105044696600,32.857696533203125,-2.3299736976623535,0.2991366386413574,0.03524208068847656
1788681105060565500,32.8735654296875,-3.055670738220215,0.32679104804992676,-0.2233005166053772
1788681105076434700,32.8894345703125,-2.3230714797973633,0.2167598009109497,0.13199365139007568
1788681105092334300,32.90533422851563,-0.2562589645385742,-0.19551968574523926,0.36990460753440857
1788681105108203500,32.92120361328125,0.8456335067749023,-0.19709020853042603,0.6382762789726257
1788681105132159700,32.94515966796875,0.08040428161621094,0.17936670780181885,0.9184494614601135
1788681105148059400,32.96105932617188,-0.32051849365234375,0.4510023593902588,0.8416752219200134
1788681105163989800,32.97698974609375,-0.2800474166870117,0.2646341323852539,0.5699687600135803
1788681105179889400,32.992889404296875,0.19646358489990234,0.014915227890014648,0.3271973729133606
1788681105195728000,33.00872778320313,0.4204978942871094,0.2553722858428955,0.600593090057373
1788681105211597000,33.02459716796875,0.5127391815185547,0.3156745433807373,0.6555333137512207
1788681105227496700,33.04049658203125,0.8631010055541992,0.2361546754837036,0.44054141640663147
1788681105243366000,33.056365966796875,1.2463626861572266,0.10522520542144775,0.1684822291135788
1788681105259235000,33.072235107421875,1.7326164245605469,-0.17738664150238037,0.02363896369934082
1788681105275165200,33.088165283203125,2.2807979583740234,-0.427190363407135,-0.1411125659942627
1788681105291095300,33.10409521484375,2.397695541381836,-0.2917903661727905,-0.3185182809829712
1788681105306903600,33.119903564453125,2.0919265747070312,-0.29782140254974365,-0.7321706414222717
1788681105322772700,33.135772705078125,1.390324592590332,-0.06710660457611084,-0.8255420327186584
1788681105338672400,33.15167236328125,0.6248712539672852,0.13295471668243408,-0.4336678981781006
1788681105354541300,33.16754125976563,0.24953269958496094,-0.42020899057388306,0.12373813986778259
1788681105370410500,33.18341040039063,1.2402172088623047,-1.7779573202133179,0.1180029809474945
1788681105386310100,33.19931005859375,3.082529067993164,-2.624689817428589,-0.48228028416633606
1788681105402209800,33.21520971679688,3.4700708389282227,-2.3201522827148438,-1.1428687572479248
1788681105418079000,33.23107885742188,1.7869510650634766,-1.7403870820999146,-0.9976115822792053
1788681105433948200,33.2469482421875,-0.6278505325317383,-1.4415085315704346,-0.7216742634773254
1788681105449847800,33.262847900390625,-2.788804054260254,-1.050386905670166,-0.7122783660888672
1788681105465747500,33.27874755859375,-4.2914252281188965,-0.6891751289367676,-0.7340831160545349
1788681105481586200,33.294586181640625,-4.604245662689209,-0.7088459134101868,-0.779798150062561
1788681105497455400,33.310455322265625,-3.758878231048584,-1.122847318649292,-0.8607226610183716
1788681105513355000,33.32635498046875,-2.0819883346557617,-1.431838870048523,-0.7659100294113159
1788681105529254700,33.342254638671875,-0.1802053451538086,-1.4647890329360962,-0.6695537567138672
1788681105545093000,33.35809301757813,0.8889589309692383,-1.3822524547576904,-0.7044326066970825
1788681105560962300,33.37396240234375,1.3068294525146484,-1.324431300163269,-0.8521616458892822
1788681105576831500,33.38983154296875,1.1758947372436523,-1.1798027753829956,-0.6309844255447388
1788681105592731100,33.405731201171875,0.4689168930053711,-0.8861971497535706,-0.4655759036540985
1788681105608600300,33.421600341796875,-0.26946067810058594,-0.32829248905181885,-0.3379581570625305
1788681105624469500,33.437469482421875,-0.8937778472900391,0.1186787486076355,-0.15643639862537384
1788681105640338400,33.45333837890625,-1.2875890731811523,0.5179058313369751,-0.155797079205513
1788681105656268800,33.469268798828125,-1.5403594970703125,0.9314653873443604,-0.30871421098709106
1788681105672138000,33.485137939453125,-1.4300041198730469,1.0934065580368042,-0.3293018341064453
1788681105688007000,33.5010068359375,-1.1703166961669922,0.9900096654891968,-0.27145108580589294
1788681105703906600,33.51690649414063,-0.6939611434936523,0.8146372437477112,-0.42574211955070496
1788681105719775700,33.53277563476563,-0.0051174163818359375,0.7268351316452026,-0.5270253419876099
1788681105735675400,33.54867529296875,1.0407485961914062,0.6257849335670471,-0.6840946674346924
1788681105751575000,33.56457495117188,1.855790138244629,0.4008934497833252,-0.8245205879211426
1788681105767474700,33.580474609375,2.3095321655273438,0.1684306263923645,-0.5677029490470886
1788681105783374300,33.59637426757813,1.9372739791870117,0.28430604934692383,-0.6311332583427429
1788681105799243500,33.61224340820313,1.206477165222168,0.10982227325439453,-0.5283189415931702
1788681105815112700,33.62811279296875,0.8690834045410156,-0.3038477301597595,-0.46343496441841125
1788681105830982000,33.64398193359375,1.3204574584960938,-0.6488412618637085,-0.3474912941455841
1788681105846851000,33.65985107421875,1.9556493759155273,-0.7943425178527832,-0.2755003273487091
1788681105862750700,33.675750732421875,2.226496696472168,-0.5228888988494873,-0.4038887619972229
1788681105878650400,33.691650390625,1.6495084762573242,0.00047338008880615234,-0.2272031456232071
1788681105894550000,33.707550048828125,0.2816629409790039,0.21524083614349365,0.056967660784721375
1788681105910419200,33.723419189453125,-1.0226936340332031,0.21276390552520752,0.16227152943611145
1788681105926349300,33.739349365234375,-1.5272560119628906,-0.4647620916366577,0.1923673301935196
1788681105942249000,33.7552490234375,0.09844493865966797,-2.191077470779419,0.272505521774292
1788681105958148600,33.771148681640625,3.703075408935547,-3.6341419219970703,0.0009587705135345459
1788681105974048300,33.78704833984375,6.809374809265137,-3.807992935180664,0.014713376760482788
1788681105989917400,33.80291748046875,6.458183288574219,-3.195066452026367,0.8055161237716675
1788681106005786600,33.81878662109375,2.83168888092041,-2.923797607421875,0.9061993360519409
1788681106021686300,33.834686279296875,-1.4882450103759766,-2.4948840141296387,0.6299434304237366
1788681106037586000,33.8505859375,-4.098136901855469,-1.7318741083145142,0.6239033341407776
1788681106053485600,33.866485595703125,-4.8830885887146,-1.116332769393921,0.858284592628479
1788681106069354800,33.882354736328125,-4.2431793212890625,-0.855649471282959,1.0344454050064087
1788681106085193200,33.89819311523438,-2.8566017150878906,-0.8178825378417969,0.869327187538147
1788681106101032000,33.914031982421875,-1.3940410614013672,-0.9766138792037964,0.9634078741073608
1788681106116931600,33.929931640625,-0.25652122497558594,-1.1867942810058594,0.9093894958496094
1788681106132831200,33.945831298828125,0.5840997695922852,-1.3219139575958252,0.5891476273536682
1788681106148731000,33.96173095703125,0.7807388305664062,-1.1029081344604492,0.6132020354270935
1788681106164661000,33.97766088867188,0.08879375457763672,-0.662061333656311,0.650155246257782
1788681106180530200,33.9935302734375,-0.9685964584350586,-0.2752169370651245,0.7185839414596558
1788681106196399400,34.0093994140625,-1.8846588134765625,0.10144484043121338,0.5907368659973145
1788681106212299000,34.025299072265625,-2.462165355682373,0.4327634572982788,0.31858187913894653
1788681106228229000,34.04122900390625,-2.421062469482422,0.5922349691390991,0.03633899241685867
1788681106244128800,34.05712866210938,-2.2225561141967773,0.8233932256698608,0.039300546050071716
1788681106259998000,34.072998046875,-1.8550190925598145,0.4846230745315552,0.3700360357761383
1788681106275867100,34.0888671875,-0.9274892807006836,0.20692050457000732,0.5986350774765015
1788681106291736300,34.104736328125,0.126434326171875,0.3081362247467041,0.09665572643280029
1788681106307605500,34.12060546875,0.8756170272827148,0.07669627666473389,0.022106394171714783
1788681106323474400,34.13647436523438,1.3972997665405273,0.030797362327575684,-0.047169655561447144
1788681106339343600,34.15234350585938,1.4830732345581055,0.06347930431365967,-0.2331552803516388
1788681106355212800,34.168212890625,1.3406362533569336,0.40451014041900635,-0.07028338313102722
1788681106371112400,34.184112548828125,1.311793327331543,0.6423623561859131,-0.052448421716690063
1788681106386981600,34.199981689453125,1.3645639419555664,0.49604952335357666,0.4008334279060364
1788681106402911700,34.215911865234375,1.292109489440918,-0.08439505100250244,0.24423086643218994
1788681106418781000,34.231781005859375,1.8601951599121094,-0.8474923372268677,0.16312800347805023
1788681106434619600,34.24761962890625,2.4159088134765625,-0.8340768218040466,-0.1749994158744812
1788681106450488600,34.26348852539063,2.095107078552246,-0.18752825260162354,-0.7476463913917542
1788681106466388500,34.279388427734375,1.345484733581543,0.5135838985443115,-1.0868018865585327
1788681106482257400,34.29525732421875,0.8219165802001953,0.8482111692428589,-1.0036453008651733
1788681106498157000,34.31115698242188,0.8360595703125,0.1581054925918579,0.05567008629441261
1788681106514026200,34.32702612304688,1.662531852722168,-1.6758222579956055,0.4342491328716278
1788681106529926000,34.34292578125,2.642392158508301,-2.9612185955047607,-0.15428966283798218
1788681106545795000,34.358795166015625,2.87972354888916,-3.0517690181732178,-0.9461305141448975
1788681106561694700,34.37469482421875,1.8734979629516602,-2.6804871559143066,-0.9700886011123657
1788681106577564000,34.39056396484375,0.2993288040161133,-2.2808964252471924,-0.6608996391296387
1788681106593402600,34.406402587890625,-1.4658775329589844,-1.8217694759368896,-0.6133857369422913
1788681106609271600,34.422271484375,-3.024857521057129,-1.31659734249115,-0.8030132055282593
1788681106625140700,34.438140625,-3.6150312423706055,-0.9946644306182861,-0.790854811668396
1788681106640979500,34.4539794921875,-3.1113181114196777,-1.022324562072754,-0.6484363675117493
1788681106656879000,34.469879150390625,-1.7601394653320312,-1.1515589952468872,-0.5351725220680237
1788681106672778800,34.48577880859375,-0.5310001373291016,-1.2475042343139648,-0.4201944172382355
1788681106688648000,34.50164794921875,0.0712728500366211,-1.2832694053649902,-0.5303648710250854
1788681106704517000,34.51751708984375,0.1723337173461914,-1.1302694082260132,-0.4681784510612488
1788681106720447200,34.533447265625,0.0062198638916015625,-0.823456883430481,-0.3513234853744507
1788681106736316400,34.54931640625,-0.2836751937866211,-0.46962451934814453,-0.2876911461353302
1788681106752185600,34.565185546875,-0.6470909118652344,-0.12104213237762451,-0.1294267773628235
1788681106768085200,34.581085205078125,-1.1488866806030273,0.22894370555877686,0.050679683685302734
1788681106783954200,34.5969541015625,-1.7571196556091309,0.4974304437637329,-0.06302227079868317
1788681106799823400,34.6128232421875,-1.8280706405639648,0.7522318363189697,-0.14516879618167877
1788681106815692500,34.628692626953125,-1.7843217849731445,0.7429671287536621,-0.07638407498598099
1788681106831561700,34.644561767578125,-1.4587268829345703,0.5256422758102417,0.018298674374818802
1788681106847461400,34.66046142578125,-0.5846061706542969,0.34628522396087646,-0.0457327738404274
1788681106863330600,34.67633056640625,0.25040340423583984,0.2605797052383423,-0.22112274169921875
1788681106879230200,34.692230224609375,0.7317733764648438,0.18085718154907227,-0.40701693296432495
1788681106895099400,34.708099365234375,1.3554267883300781,0.17598462104797363,-0.5053001642227173
1788681106911029500,34.724029541015625,1.501993179321289,0.0880962610244751,-0.442837119102478
1788681106926868000,34.73986791992188,1.3307723999023438,-0.20372486114501953,-0.19754961133003235
1788681106942767900,34.755767822265625,1.0404329299926758,-0.4100038409233093,0.013002023100852966
1788681106958636800,34.77163671875,0.8554010391235352,-0.6373497843742371,-0.09620404988527298
1788681106974506000,34.787506103515625,1.105560302734375,-0.8568724393844604,-0.2740367352962494
1788681106990375200,34.803375244140625,1.3805465698242188,-0.4034671187400818,-0.5390198826789856
1788681107006274800,34.81927490234375,1.2924718856811523,0.13821935653686523,-0.7742878794670105
1788681107022113500,34.835113525390625,0.3786897659301758,0.7141737937927246,-0.13530892133712769
1788681107037952000,34.85095190429688,-0.06450939178466797,0.786709189414978,1.6019282341003418
1788681107053790700,34.866790771484375,-0.7132644653320312,-0.05406475067138672,1.992415428161621
1788681107069690400,34.8826904296875,-0.05143547058105469,-1.8919579982757568,1.1598269939422607
1788681107085590000,34.898590087890625,2.6655616760253906,-3.3446621894836426,0.03310197591781616
1788681107101428700,34.9144287109375,5.84205436706543,-3.6623690128326416,-0.8036731481552124
1788681107117358800,34.93035888671875,6.7054443359375,-3.0948128700256348,-0.4700604975223541
1788681107133197300,34.946197265625,4.397882461547852,-2.6088993549346924,0.822282075881958
1788681107149066500,34.96206640625,0.6308670043945312,-2.3184800148010254,1.4540022611618042
1788681107172900900,34.98590087890625,-3.7455849647521973,-1.582543134689331,0.9059922695159912
1788681107188739300,35.0017392578125,-4.61077356338501,-1.137479305267334,0.646249532699585
1788681107204639000,35.01763891601563,-3.9751195907592773,-0.8218898177146912,0.6974721550941467
1788681107220508200,35.03350805664063,-2.4964404106140137,-0.7127509117126465,1.116391658782959
1788681107236347000,35.049346923828125,-1.4175071716308594,-0.6396536827087402,1.3188568353652954
1788681107252185600,35.065185546875,-0.7110614776611328,-0.7824856042861938,1.0510356426239014
1788681107268024000,35.081024169921875,0.05075836181640625,-0.9922769665718079,0.5142171382904053
1788681107283893200,35.096893310546875,0.7643060684204102,-1.2513662576675415,0.11804594099521637
1788681107299732000,35.11273193359375,0.8625564575195312,-1.137413740158081,0.2140801101922989
1788681107315570400,35.1285703125,0.2585582733154297,-0.5063245892524719,0.493862509727478
1788681107331470000,35.14446997070313,-1.1043376922607422,0.1285182237625122,0.6306713819503784
1788681107347369700,35.16036962890625,-2.086050033569336,0.5098767280578613,0.5241170525550842
1788681107363239000,35.176239013671875,-2.3485708236694336,0.5086181163787842,0.3833286762237549
1788681107379169000,35.1921689453125,-1.9854235649108887,0.36567187309265137,0.23650750517845154
1788681107395007700,35.2080078125,-1.5060300827026367,0.37131619453430176,0.09014898538589478
1788681107410907400,35.223907470703125,-0.7670755386352539,0.3370870351791382,0.40904879570007324
1788681107426776600,35.239776611328125,-0.13123416900634766,0.16183960437774658,0.5185914039611816
1788681107442676200,35.25567626953125,0.11266803741455078,0.046913743019104004,0.36808618903160095
1788681107458576000,35.271575927734375,0.4336833953857422,0.02485072612762451,0.18687859177589417
1788681107474445000,35.287445068359375,0.817072868347168,-0.05378150939941406,-0.030083149671554565
1788681107514209300,35.32720922851563,1.5957937240600586,-0.4122607111930847,-0.060606226325035095
1788681107530078500,35.34307836914063,1.609145164489746,-0.5989521145820618,-0.06452755630016327
1788681107545947600,35.35894775390625,1.757131576538086,-0.4275892972946167,-0.20401546359062195
1788681107561786400,35.374786376953125,1.484604835510254,0.17665565013885498,-0.6160539388656616
1788681107577686000,35.39068603515625,0.8006763458251953,0.7358918190002441,-1.064380168914795
1788681107593585700,35.406585693359375,0.13064956665039062,0.7988289594650269,-1.3228834867477417
1788681107609424100,35.42242407226563,0.3310079574584961,-0.3467142581939697,-0.46397870779037476
1788681107625323800,35.43832373046875,2.4320640563964844,-2.0820083618164062,0.36973756551742554
1788681107641193000,35.45419287109375,5.313075065612793,-3.3227343559265137,0.05351787805557251
1788681107657092600,35.47009252929688,6.5017900466918945,-3.288119316101074,-0.9929567575454712
1788681107672931300,35.485931396484375,4.977208137512207,-2.746973991394043,-1.4648563861846924
1788681107688831000,35.5018310546875,1.2174253463745117,-2.493562698364258,-1.1972209215164185
1788681107704669700,35.517669677734375,-2.2633872032165527,-2.194383144378662,-0.9154629111289978
1788681107720538600,35.53353857421875,-4.14774227142334,-1.5104154348373413,-0.7716617584228516
1788681107736438500,35.5494384765625,-4.1011552810668945,-1.0200971364974976,-0.6243076920509338
1788681107752368600,35.56536865234375,-2.718730926513672,-1.0156453847885132,-0.459209680557251
1788681107768237800,35.58123779296875,-1.7236742973327637,-1.1401597261428833,-0.49575600028038025
1788681107784106800,35.59710668945313,-1.1094045639038086,-1.225988745689392,-0.5601362586021423
1788681107799976000,35.61297583007813,-0.9298095703125,-1.120678424835205,-0.36006057262420654
1788681107815906300,35.62890625,-0.8786306381225586,-1.0231205224990845,-0.14133888483047485
1788681107831775200,35.64477514648438,-0.6545295715332031,-0.7734646201133728,-0.11071955412626266
1788681107847644400,35.66064453125,-0.5438089370727539,-0.411075234413147,-0.18823453783988953
1788681107863544000,35.6765439453125,-0.7298088073730469,0.06106972694396973,-0.23424367606639862
1788681107879443700,35.69244360351563,-1.1097707748413086,0.3847079277038574,-0.3962528705596924
1788681107895313000,35.70831298828125,-1.5053672790527344,0.53127121925354,-0.4833238124847412
1788681107911151600,35.724151611328125,-1.508631706237793,0.5210816860198975,-0.36399680376052856
1788681107927020800,35.740020751953125,-1.2137937545776367,0.3732461929321289,-0.40287700295448303
1788681107942859300,35.755859375,-0.9080390930175781,0.2644968032836914,-0.5478339791297913
1788681107958820000,35.771820068359375,-0.6725368499755859,0.1727386713027954,-0.7271778583526611
1788681107974658600,35.78765844726563,-0.24750328063964844,-0.011010050773620605,-0.8174816370010376
1788681107990527700,35.80352783203125,0.45103931427001953,-0.19569694995880127,-0.7526587843894958
1788681108006397000,35.81939697265625,1.0020980834960938,-0.17746710777282715,-0.6166515350341797
1788681108022266000,35.83526611328125,1.1848230361938477,-0.10661554336547852,-0.47467178106307983
1788681108038135300,35.85113525390625,0.8871221542358398,-0.14860999584197998,-0.2605985403060913
1788681108054035000,35.867034912109375,0.7340269088745117,-0.3189910054206848,0.11392050981521606
1788681108069934600,35.8829345703125,1.062891960144043,-0.4893060326576233,0.36330851912498474
1788681108085773000,35.89877294921875,2.079557418823242,-0.5679454803466797,0.10252100229263306
1788681108101611800,35.91461181640625,2.9953269958496094,-0.08395743370056152,-0.10183906555175781
1788681108117511400,35.930511474609375,2.7183942794799805,0.6034232378005981,0.3713029623031616
1788681108133380600,35.946380615234375,1.0653810501098633,0.5497305393218994,0.8522834777832031
1788681108149219000,35.96221899414063,-1.0991878509521484,0.008105039596557617,0.5688095688819885
1788681108165118700,35.97811865234375,-1.5900249481201172,-1.1407880783081055,0.36500513553619385
1788681108180988000,35.99398779296875,1.6330537796020508,-2.9035983085632324,0.3557552099227905
1788681108196857000,36.009857177734375,6.023653984069824,-3.727423667907715,0.2921169400215149
1788681108212726300,36.025726318359375,7.9421844482421875,-3.133517265319824,0.9596389532089233
1788681108228565000,36.04156494140625,5.375761032104492,-2.4724791049957275,1.53317129611969
1788681108244464600,36.057464599609375,-0.06125354766845703,-2.2870945930480957,1.3261957168579102
1788681108260364300,36.0733642578125,-3.8028483390808105,-1.6229745149612427,1.1195857524871826
1788681108276264000,36.089263916015625,-5.5132904052734375,-0.8834217190742493,1.1755441427230835
1788681108292132900,36.1051328125,-4.9608893394470215,-0.5611891746520996,1.3076410293579102
1788681108308002000,36.121001953125,-3.1952080726623535,-0.6137807369232178,1.3163763284683228
1788681108323871200,36.136871337890625,-1.069321632385254,-0.7369092106819153,1.3008369207382202
1788681108339710000,36.1527099609375,0.5151205062866211,-0.8865387439727783,1.3943978548049927
1788681108355548400,36.16854833984375,1.359868049621582,-1.1212403774261475,1.2966445684432983
1788681108371448000,36.18444799804688,1.3771629333496094,-1.1077018976211548,1.0209839344024658
1788681108387378400,36.20037841796875,0.7035198211669922,-0.8631501197814941,0.8078290224075317
1788681108403247400,36.21624731445313,-0.2408456802368164,-0.4573661684989929,0.6918020248413086
1788681108419086000,36.232086181640625,-1.3285579681396484,-0.043712615966796875,0.8669326305389404
1788681108435016200,36.24801611328125,-2.1440987586975098,0.23462450504302979,0.9333353638648987
1788681108450885400,36.263885498046875,-2.2127890586853027,0.34626567363739014,0.7550905346870422
1788681108466754600,36.279754638671875,-1.766331672668457,0.38249504566192627,0.5736756920814514
1788681108482623700,36.295623779296875,-1.0513811111450195,0.249578595161438,0.6045029759407043
1788681108498462200,36.31146215820313,-0.6460075378417969,0.17698633670806885,0.6890445351600647
1788681108514362000,36.327362060546875,-0.5653572082519531,0.1573725938796997,0.8309135437011719
1788681108530231000,36.34323095703125,-0.6773862838745117,0.06836473941802979,0.9406151175498962
1788681108546161400,36.359161376953125,-0.5485363006591797,-0.017140746116638184,0.8716059327125549
1788681108562061000,36.37506103515625,-0.05694580078125,-0.13747501373291016,0.7342122197151184
1788681108577930000,36.39092993164063,0.2113800048828125,-0.1671464443206787,0.5077258944511414
1788681108593860400,36.4068603515625,0.21498584747314453,-0.208612322807312,0.27261024713516235
1788681108609729500,36.4227294921875,0.3368949890136719,-0.2182382345199585,0.0465904101729393
1788681108625629200,36.438629150390625,0.8462514877319336,-0.3499830961227417,-0.131959468126297
1788681108641467600,36.45446752929688,1.724379539489746,-0.6048614978790283,-0.13888061046600342
1788681108657367300,36.4703671875,2.421682357788086,-0.5374616980552673,-0.2981548607349396
1788681108673236500,36.486236572265625,1.8863449096679688,-0.14772307872772217,-0.37560170888900757
1788681108689105700,36.502105712890625,0.4248828887939453,0.002622365951538086,-0.5147389769554138
1788681108704974800,36.517974853515625,-0.6902542114257812,-0.18156790733337402,-0.5108346939086914
1788681108720813300,36.53381323242188,-0.3496255874633789,-0.8356503844261169,-0.4567831754684448
1788681108736713000,36.549712890625,1.8924074172973633,-1.7459874153137207,-0.4316004812717438
1788681108752612600,36.56561254882813,4.84842586517334,-2.5742502212524414,-0.4140221178531647
1788681108768481800,36.58148168945313,6.413359642028809,-2.779679775238037,-0.8707655668258667
1788681108784351000,36.59735107421875,4.83975887298584,-2.3065762519836426,-0.8568175435066223
1788681108800250600,36.613250732421875,1.0471630096435547,-1.875154733657837,-0.9175155162811279
1788681108816150300,36.629150390625,-2.1542038917541504,-1.5167685747146606,-0.9145146608352661
1788681108832050000,36.6450498046875,-3.840656280517578,-0.9984567761421204,-0.7067367434501648
1788681108847949600,36.66094946289063,-3.876974105834961,-0.4878894090652466,-0.5809698700904846
1788681108863849200,36.67684912109375,-2.7247214317321777,-0.4379793405532837,-0.7437993288040161
1788681108879779600,36.692779541015625,-1.3065414428710938,-0.8205246329307556,-0.9609624743461609
1788681108895618000,36.7086181640625,-0.5338401794433594,-1.1145473718643188,-0.8614964485168457
1788681108911487200,36.7244873046875,-0.2690563201904297,-1.1600278615951538,-0.8710406422615051
1788681108927356400,36.7403564453125,-0.213134765625,-1.0145595073699951,-0.7916340231895447
1788681108943225600,36.7562255859375,-0.4734458923339844,-0.682318925857544,-0.7141405344009399
1788681108959155700,36.77215576171875,-0.8039064407348633,-0.380859375,-0.7314869165420532
1788681108974994400,36.787994384765625,-0.9602289199829102,-0.0542750358581543,-0.6365451812744141
1788681108990894000,36.80389404296875,-1.3013801574707031,0.2951000928878784,-0.5087728500366211
1788681109006763000,36.81976293945313,-1.9660377502441406,0.6099061965942383,-0.41507136821746826
1788681109022632200,36.83563208007813,-2.474435806274414,0.7155977487564087,-0.3961948752403259
1788681109038531800,36.85153173828125,-2.8157176971435547,0.8755925893783569,-0.5731406211853027
1788681109054462200,36.867462158203125,-2.6336474418640137,0.8616291284561157,-0.5451246500015259
1788681109070361900,36.88336181640625,-0.9274454116821289,0.40308570861816406,-0.5837008357048035
1788681109086261500,36.899261474609375,0.4290590286254883,0.14893698692321777,-0.5955710411071777
1788681109102100000,36.91509985351563,0.8066864013671875,0.13229900598526,-0.7418095469474792
1788681109125918000,36.93891796875,0.8490543365478516,0.034119486808776855,-1.2761609554290771
1788681109141756700,36.95475659179687,1.0545759201049805,0.0638498067855835,-1.1240509748458862
1788681109157656300,36.97065625,1.103494644165039,0.36753350496292114,-0.8436024188995361
1788681109173525500,36.986525390625,1.0675601959228516,0.45565658807754517,-0.6420892477035522
1788681109189394400,37.00239453125,1.166748046875,0.2201402187347412,-0.6590580940246582
1788681109205294000,37.01829418945312,1.3239068984985352,-0.1023709774017334,-0.5343235731124878
1788681109221163300,37.03416333007812,1.7587566375732422,-0.22628802061080933,-0.3900293707847595
1788681109237032400,37.05003247070312,2.236882209777832,0.1714334487915039,-0.597116231918335
1788681109252932000,37.06593212890625,1.8234634399414062,0.5693608522415161,-0.47213688492774963
1788681109268801300,37.08180126953125,1.0157451629638672,0.36493873596191406,-0.04629778861999512
1788681109284761900,37.09776196289062,0.3517580032348633,-0.25830596685409546,0.43901580572128296
1788681109300661500,37.11366162109375,0.6725492477416992,-1.6462026834487915,0.4559336304664612
1788681109316530700,37.12953076171875,2.9819650650024414,-2.9459214210510254,0.31401702761650085
1788681109332369400,37.14536938476562,5.689641952514648,-3.17988920211792,0.08697070181369781
1788681109348238600,37.16123852539062,5.845172882080078,-2.8308327198028564,0.28654932975769043
1788681109364168700,37.17716870117187,2.8198394775390625,-2.493819236755371,0.8694407939910889
1788681109380098800,37.19309887695312,-0.9221677780151367,-2.1278562545776367,0.8616109490394592
1788681109395998500,37.20899853515625,-3.4410629272460938,-1.5836968421936035,0.6661841869354248
1788681109411867600,37.22486767578125,-4.272663116455078,-0.984698474407196,0.6397179365158081
1788681109427767300,37.24076733398437,-3.616128444671631,-0.5911030173301697,0.5499614477157593
1788681109443667000,37.2566669921875,-2.1236114501953125,-0.5927585363388062,0.38839998841285706
1788681109459566600,37.27256665039062,-0.5039434432983398,-0.7906908988952637,0.4243483245372772
1788681109475466200,37.28846630859375,0.2939023971557617,-0.9885932803153992,0.5699644088745117
1788681109491335400,37.30433544921875,0.5453577041625977,-1.0209647417068481,0.3786901831626892
1788681109507235000,37.32023510742187,0.009963035583496094,-0.8759519457817078,0.020753532648086548
1788681109523165200,37.33616528320312,-1.0073652267456055,-0.5702368021011353,-0.04451748728752136
1788681109539034400,37.35203442382812,-2.0021448135375977,-0.151319682598114,0.2552298605442047
1788681109554934000,37.36793408203125,-2.8032703399658203,0.31400614976882935,0.1070411205291748
1788681109570772700,37.38377270507812,-3.307915210723877,0.6905074715614319,0.05000540614128113
1788681109586642000,37.39964184570312,-3.1181044578552246,0.8935231566429138,0.15235307812690735
1788681109602541600,37.41554150390625,-2.333153247833252,0.8743180632591248,0.255856990814209
1788681109618441200,37.43144116210937,-1.462306022644043,0.7334328889846802,0.13781574368476868
1788681109634279700,37.44727978515625,-0.43901729583740234,0.4733670949935913,0.08557647466659546
1788681109650148900,37.46314892578125,0.36530113220214844,0.38583630323410034,0.020988836884498596
1788681109666048500,37.47904858398437,0.8654880523681641,0.4059078097343445,-0.03617247939109802
1788681109681948200,37.4949482421875,1.1930313110351562,0.36206120252609253,-0.01051396131515503
1788681109697817300,37.5108173828125,1.2683887481689453,0.3656994700431824,-0.150629460811615
1788681109713686500,37.5266865234375,1.304062843322754,0.4826340675354004,-0.3702981770038605
1788681109729586200,37.54258618164062,1.6514005661010742,0.45573335886001587,-0.47627532482147217
1788681109745516300,37.55851635742187,2.159388542175293,0.24483722448349,-0.39965999126434326
1788681109761416000,37.574416015625,2.4404611587524414,-0.10741543769836426,-0.4006727635860443
1788681109777315600,37.59031567382812,2.7242307662963867,-0.42045724391937256,-0.301125705242157
1788681109793215200,37.60621533203125,2.70468807220459,-0.33223527669906616,-0.4941837787628174
1788681109809084400,37.62208447265625,2.1294116973876953,0.152335524559021,-1.011029601097107
1788681109848757200,37.66175732421875,-0.22959613800048828,0.8229565620422363,-1.1269769668579102
1788681109864657000,37.67765698242187,0.35294628143310547,-0.949445366859436,-0.39430171251296997
1788681109880587300,37.69358715820312,2.54940128326416,-3.022566795349121,-0.5147360563278198
1788681109896517400,37.70951733398437,4.459901809692383,-3.578092098236084,-0.8327510356903076
1788681109912417000,37.7254169921875,4.121159553527832,-2.9412736892700195,-0.9408712983131409
1788681109928316700,37.74131665039062,1.731165885925293,-2.6477460861206055,-1.2829010486602783
1788681109944216300,37.75721630859375,-1.1932086944580078,-2.3071508407592773,-1.1446787118911743
1788681109960116000,37.77311596679687,-3.3736038208007812,-1.6368076801300049,-0.8499050140380859
1788681109976015600,37.789015625,-3.969062328338623,-0.9030479192733765,-0.7515076398849487
1788681109991854300,37.80485424804687,-3.2908544540405273,-0.7186921834945679,-0.5334955453872681
1788681110007723300,37.82072314453125,-1.9186286926269531,-0.9793060421943665,-0.3196871280670166
1788681110023592400,37.83659252929687,-0.6534605026245117,-1.1596635580062866,-0.4128594994544983
1788681110039461600,37.85246166992187,0.3186788558959961,-1.0328999757766724,-0.41157066822052
1788681110055330800,37.86833081054687,0.709355354309082,-0.8047453761100769,-0.3456583023071289
1788681110071169500,37.88416943359375,0.39484596252441406,-0.4497363269329071,-0.39100876450538635
1788681110087069200,37.90006909179687,-0.5176620483398438,-0.06145823001861572,-0.39890170097351074
1788681110102968800,37.91596875,-1.3301362991333008,0.23442542552947998,-0.32192498445510864
1788681110118837800,37.931837646484375,-1.7853693962097168,0.4860299229621887,-0.12398670613765717
1788681110134707000,37.94770703125,-2.0012779235839844,0.7358514070510864,-0.09708729386329651
1788681110150606600,37.96360668945312,-2.14107084274292,0.8674758672714233,-0.12349358201026917
1788681110166506200,37.97950634765625,-2.138225555419922,0.8850877285003662,-0.16849902272224426
1788681110182345000,37.99534497070312,-1.7084064483642578,0.7360556721687317,0.006238967180252075
1788681110198244600,38.01124462890625,-0.9472332000732422,0.55828458070755,-0.07212792336940765
1788681110214113800,38.02711376953125,0.14147281646728516,0.418035089969635,-0.3008650541305542
1788681110229983000,38.04298291015625,0.946293830871582,0.2535070776939392,-0.20994941890239716
1788681110245852200,38.05885205078125,1.3289260864257812,-0.01464235782623291,-0.1841699182987213
1788681110261751800,38.07475170898437,1.3736724853515625,0.05323362350463867,-0.3104090094566345
1788681110277620700,38.09062084960937,1.1315526962280273,0.007275223731994629,-0.24421223998069763
1788681110293490000,38.10648999023437,0.7922554016113281,-0.3564150333404541,-0.2062215805053711
1788681110309389600,38.1223896484375,1.208169937133789,-0.3888934850692749,-0.41239020228385925
1788681110325258800,38.1382587890625,2.0639495849609375,-0.7901263236999512,-0.2721508741378784
1788681110349062400,38.1620625,2.685791015625,-0.6307013630867004,-0.2541980743408203
1788681110396731000,38.20973095703125,-1.219167709350586,0.22607779502868652,0.3252318799495697
1788681110412569600,38.22556958007812,-1.4578514099121094,-0.9491100311279297,0.23028719425201416
1788681110428438800,38.24143872070312,0.8207540512084961,-2.9415199756622314,-0.4104304909706116
1788681110444338400,38.25733837890625,4.913182258605957,-3.8364858627319336,-0.5145714282989502
1788681110460268500,38.2732685546875,7.223827362060547,-3.3307697772979736,0.2724916338920593
1788681110476137700,38.2891376953125,5.676577568054199,-2.68088960647583,0.3947790265083313
1788681110491976200,38.30497607421875,1.1168994903564453,-2.450815200805664,0.16077160835266113
1788681110507875800,38.320875732421875,-3.012570858001709,-1.96541166305542,0.20539575815200806
1788681110523775700,38.33677563476562,-5.330809116363525,-1.365464210510254,0.6134235262870789
1788681110539644700,38.35264477539062,-6.029961585998535,-0.7932450771331787,0.7266871333122253
1788681110555513900,38.36851391601562,-5.186036586761475,-0.5920463800430298,0.30743470788002014
1788681110571383000,38.38438305664062,-3.4727330207824707,-0.7169576287269592,0.019078463315963745
1788681110587282700,38.40028271484375,-1.3118762969970703,-0.9129298329353333,0.24991637468338013
1788681110603090700,38.416090576171875,0.28423500061035156,-1.1593899726867676,0.4911216199398041
1788681110618990600,38.43199047851562,1.3879480361938477,-1.3246915340423584,0.28376251459121704
1788681110634890200,38.44789013671875,1.3823556900024414,-1.091881513595581,-0.149724543094635
1788681110650790000,38.46378979492187,0.44700050354003906,-0.5985698699951172,-0.1598566770553589
1788681110666750500,38.47975048828125,-0.9834842681884766,-0.1855083703994751,0.0044851601123809814
1788681110682650000,38.49565014648437,-2.087594985961914,0.156838059425354,0.20919254422187805
1788681110698580200,38.51158032226562,-2.5047593116760254,0.4237316846847534,0.3129374384880066
1788681110714479900,38.52747998046875,-2.371335983276367,0.58863765001297,0.1994505524635315
1788681110730318600,38.54331860351562,-1.604196548461914,0.5889933109283447,0.14972904324531555
1788681110746187800,38.55918774414062,-0.4492483139038086,0.3091726303100586,0.06060791015625
1788681110762026200,38.575026123046875,0.60650634765625,0.10908365249633789,0.024381399154663086
1788681110777926000,38.59092578125,1.294999122619629,0.2105100154876709,0.1010245680809021
1788681110793795000,38.60679516601562,1.3283805847167969,0.35739654302597046,0.03722469508647919
1788681110809664300,38.62266430664062,0.9170331954956055,0.41311949491500854,-0.11271566152572632
1788681110825533400,38.63853344726562,0.6773586273193359,0.3949713706970215,-0.04665255546569824
1788681110841402600,38.65440258789062,0.703343391418457,0.10902440547943115,0.03939330577850342
1788681110857271800,38.67027172851562,1.4264841079711914,-0.3169950246810913,0.07904280722141266
1788681110873140700,38.686140625,2.5066699981689453,-0.5847374200820923,0.11102711409330368
1788681110889010000,38.70201000976562,3.507847785949707,-0.8351156711578369,0.09321162849664688
1788681110904909600,38.71790966796875,3.508469581604004,-0.708305835723877,0.009623311460018158
1788681110920809200,38.73380932617187,2.4775915145874023,-0.38143521547317505,-0.40895625948905945
1788681110936678400,38.74967846679687,0.8254318237304688,-0.029752016067504883,-0.6800073385238647
1788681110952578000,38.765578125,-0.52618408203125,0.5998114347457886,-0.6173000335693359
1788681110968477700,38.78147778320312,-0.8178062438964844,0.08704233169555664,-0.6011217832565308
1788681110984347000,38.79734692382812,0.6122674942016602,-1.6275224685668945,-0.27938568592071533
1788681111000216000,38.81321606445312,3.6610260009765625,-3.217376232147217,-0.674349308013916
1788681111016085200,38.82908520507812,5.0036163330078125,-3.183220386505127,-0.633620023727417
1788681111031985000,38.84498486328125,3.592945098876953,-2.5940136909484863,-0.8668623566627502
1788681111047884500,38.86088452148437,0.5164890289306641,-2.3242859840393066,-1.291304111480713
1788681111063784200,38.8767841796875,-2.5824899673461914,-1.9105019569396973,-1.1042197942733765
1788681111079623000,38.89262280273437,-4.4115118980407715,-1.368161678314209,-1.1845577955245972
1788681111095522600,38.9085224609375,-4.581980228424072,-0.9996854662895203,-1.0628790855407715
1788681111111391500,38.9243916015625,-3.4263548851013184,-1.0526150465011597,-0.5582730174064636
1788681111127230200,38.94023022460937,-1.865138053894043,-1.3011744022369385,-0.39833247661590576
1788681111143129900,38.9561298828125,-0.3702249526977539,-1.2722547054290771,-0.4474392831325531
1788681111159029500,38.97202954101562,0.33117103576660156,-1.0257914066314697,-0.6357125639915466
1788681111174898700,38.98789868164062,0.20922088623046875,-0.790778398513794,-0.4841453433036804
1788681111190767900,39.00376782226562,-0.2898674011230469,-0.6796155571937561,-0.25323277711868286
1788681111206637000,39.01963696289062,-0.8061141967773438,-0.4512318968772888,-0.29356202483177185
1788681111222506000,39.03550610351562,-1.2707557678222656,-0.10466301441192627,-0.24795275926589966
1788681111238375200,39.05137524414062,-1.564474105834961,0.19846737384796143,-0.04544054716825485
1788681111254214000,39.0672138671875,-1.8793268203735352,0.5391713380813599,-0.08152323216199875
1788681111270113500,39.08311352539062,-2.012661933898926,0.7012876272201538,-0.18964076042175293
1788681111286013200,39.09901318359375,-1.778712272644043,0.6088416576385498,-0.07241514325141907
1788681111301882400,39.11488232421875,-1.0913867950439453,0.3661656379699707,-0.08503185957670212
1788681111317720800,39.13072094726562,-0.3549022674560547,0.1626584529876709,-0.27720022201538086
1788681111333651200,39.14665112304687,0.251617431640625,0.0062552690505981445,-0.3243587017059326
1788681111349520100,39.16252001953125,0.860595703125,-0.022412538528442383,-0.3767716884613037
1788681111365389300,39.17838940429687,1.2373056411743164,0.04957377910614014,-0.41354817152023315
1788681111381258500,39.19425854492187,1.432021141052246,0.027288079261779785,-0.3463912010192871
1788681111397127700,39.21012768554687,1.2504043579101562,-0.11038327217102051,-0.2542387545108795
1788681111412996900,39.22599682617187,1.3185253143310547,-0.40228790044784546,0.18798011541366577
1788681111428957400,39.24195751953125,1.917363166809082,-0.7762655019760132,0.4829874634742737
1788681111444826600,39.25782666015625,2.765562057495117,-0.6851862072944641,0.19744747877120972
1788681111460665300,39.27366528320312,3.1426830291748047,-0.16743779182434082,0.15793028473854065
1788681111476565000,39.28956494140625,2.3568639755249023,0.3126627206802368,0.650560736656189
1788681111492434200,39.30543408203125,0.8217849731445312,0.23759078979492188,1.1105165481567383
1788681111508303000,39.32130322265625,-0.3102092742919922,-0.11765766143798828,1.1141538619995117
1788681111524141800,39.33714184570312,-0.059531211853027344,-1.2121487855911255,1.0130841732025146
1788681111540011000,39.35301098632812,2.1669750213623047,-2.6755142211914062,0.5309027433395386
1788681111555849500,39.368849365234375,4.780191421508789,-3.3707127571105957,0.12459424138069153
1788681111571749400,39.38474926757812,5.693513870239258,-3.122359275817871,0.3987603187561035
1788681111587649000,39.40064892578125,3.426711082458496,-2.6732702255249023,0.8512939214706421
1788681111603548700,39.41654858398437,0.06939411163330078,-2.317145347595215,1.191074252128601
1788681111619448300,39.4324482421875,-2.8818607330322266,-2.018281936645508,1.395153284072876
1788681111635286800,39.44828686523437,-4.5517964363098145,-1.6869386434555054,1.3725043535232544
1788681111651156000,39.46415600585937,-4.9057111740112305,-1.2499810457229614,1.1233683824539185
1788681111667055600,39.4800556640625,-4.168110370635986,-1.126417636871338,1.0939253568649292
1788681111682924800,39.4959248046875,-2.6633224487304688,-1.223454236984253,0.8829378485679626
1788681111698824400,39.51182446289062,-0.8223905563354492,-1.2907233238220215,0.5903968214988708
1788681111714693600,39.52769360351562,0.7194032669067383,-1.3215305805206299,0.7080466747283936
1788681111730593300,39.54359326171875,1.1262998580932617,-1.164038896560669,0.8399047255516052
1788681111746523400,39.5595234375,0.276031494140625,-0.7550742626190186,0.5842002034187317
1788681111762362000,39.57536206054687,-1.1788597106933594,-0.3411247134208679,0.4643987715244293
1788681111778261800,39.59126171875,-2.37166690826416,0.0010682344436645508,0.516569197177887
1788681111794161400,39.60716137695312,-2.599916934967041,0.26455533504486084,0.6753526329994202
1788681111810091500,39.62309155273437,-1.9024815559387207,0.48131799697875977,0.3682653605937958
1788681111825991200,39.6389912109375,-1.2512273788452148,0.6388323307037354,0.11989796161651611
1788681111841890800,39.65489086914062,-0.7275905609130859,0.6941220760345459,0.16183364391326904
1788681111857821000,39.67082104492187,-0.4907083511352539,0.4247678518295288,0.031013071537017822
1788681111873751300,39.68675122070312,-0.17822647094726562,0.2048860788345337,-0.12137138843536377
1788681111889651000,39.70265087890625,0.42867183685302734,0.12102353572845459,-0.13378459215164185
1788681111905550600,39.71855053710937,1.0409765243530273,0.003305792808532715,0.04285627603530884
1788681111921450200,39.7344501953125,1.0770673751831055,0.031145215034484863,0.13677522540092468
1788681111937319400,39.7503193359375,0.9497585296630859,0.004758596420288086,0.1324130892753601
1788681111953158000,39.76615795898437,1.0272111892700195,-0.17684710025787354,0.10548055171966553
1788681111969088000,39.782087890625,1.3388195037841797,-0.3130529522895813,0.2002357840538025
1788681111984957200,39.79795727539062,2.058168411254883,-0.2500908374786377,0.1477041244506836
1788681112000796000,39.8137958984375,2.766341209411621,-0.07688736915588379,-0.10389208793640137
1788681112016695600,39.82969555664062,2.316852569580078,0.21818363666534424,-0.15551728010177612
1788681112032564700,39.84556469726562,1.087118148803711,0.5244675874710083,-0.4438543915748596
1788681112048434000,39.86143383789062,-0.023217201232910156,0.28628504276275635,-0.8862202167510986
1788681112064302800,39.877302734375,0.8424901962280273,-1.1393470764160156,-0.5466692447662354
1788681112080172000,39.89317211914062,3.8712987899780273,-3.1594810485839844,-0.48086875677108765
1788681112096041200,39.90904125976562,6.804873466491699,-4.13281774520874,-0.6174941658973694
1788681112111940900,39.92494091796875,6.651828765869141,-3.4672932624816895,-0.6288355588912964
1788681112127810000,39.94081005859375,3.3914566040039062,-2.7050652503967285,-1.2571786642074585
1788681112143679200,39.95667919921875,-0.9287939071655273,-2.5049805641174316,-1.2978758811950684
1788681112159517700,39.972517578125,-3.958308219909668,-2.326659917831421,-0.7834404706954956
1788681112175417300,39.988417236328125,-4.663266658782959,-1.6149203777313232,-0.7386584877967834
1788681112191317200,40.00431713867187,-3.1567864418029785,-1.238278865814209,-0.7004632949829102
1788681112207247400,40.02024731445312,-1.6164302825927734,-1.2127422094345093,-0.07357782125473022
1788681112223116500,40.03611645507812,-0.9732179641723633,-1.1467363834381104,0.060478389263153076
1788681112239016200,40.05201611328125,-0.8730125427246094,-0.9841984510421753,-0.21517053246498108
1788681112254885000,40.067885009765625,-0.7907447814941406,-0.8989912867546082,-0.24308821558952332
1788681112270754300,40.08375439453125,-0.5519132614135742,-0.7157765626907349,-0.09120839834213257
1788681112286623500,40.09962353515625,-0.5471820831298828,-0.35440289974212646,-0.014764994382858276
1788681112302492700,40.11549267578125,-0.9872493743896484,-0.01682257652282715,-0.056898921728134155
1788681112318361900,40.13136181640625,-2.0308194160461426,0.19733178615570068,0.014145374298095703
1788681112334231000,40.14723095703125,-2.7874646186828613,0.2982140779495239,0.21629443764686584
1788681112350069500,40.16306958007812,-2.6517271995544434,0.4119378328323364,0.3305972218513489
1788681112365938700,40.17893872070312,-1.7481017112731934,0.33638811111450195,0.27443861961364746
1788681112381899500,40.1948994140625,-0.6995992660522461,0.16693329811096191,0.2409970760345459
1788681112397768400,40.2107685546875,0.06690502166748047,0.12834131717681885,0.37929433584213257
1788681112413698800,40.22669873046875,0.31340503692626953,-0.0879589319229126,0.31882017850875854
1788681112429598500,40.24259838867187,0.3413829803466797,-0.3551727533340454,0.11909101158380508
1788681112445467400,40.25846728515625,0.4090566635131836,-0.41305989027023315,0.1971413791179657
1788681112461336600,40.27433666992187,0.6856527328491211,-0.25394439697265625,0.025089293718338013
1788681112477175300,40.29017529296875,1.0584049224853516,-0.36836332082748413,0.013669908046722412
1788681112493044500,40.30604443359375,1.2711105346679688,-0.5298235416412354,0.08985541760921478
1788681112508913700,40.32191357421875,1.9193267822265625,-0.6041351556777954,0.14950653910636902
1788681112524843800,40.33784375,2.4750661849975586,-0.5485833287239075,0.20906347036361694
1788681112540713000,40.353712890625,2.612039566040039,-0.1005091667175293,-0.017767369747161865
1788681112556551400,40.36955151367187,1.8030109405517578,0.6765574216842651,0.10510057210922241
1788681112572451000,40.385451171875,0.3993387222290039,0.8404780626296997,0.42182207107543945
1788681112588320300,40.4013203125,-1.071847915649414,0.3384873867034912,0.893157958984375
1788681112604220000,40.41721997070312,-1.4635772705078125,-0.924399733543396,0.981480598449707
1788681112620150000,40.43314990234375,1.3348827362060547,-2.8266468048095703,0.11546674370765686
1788681112636049700,40.449049560546875,5.461750030517578,-3.4381864070892334,-0.27992838621139526
1788681112651918800,40.4649189453125,7.631269454956055,-2.9339332580566406,0.44337019324302673
1788681112667788000,40.4807880859375,5.155460357666016,-2.5867974758148193,1.1594030857086182
1788681112683687700,40.49668774414062,0.49952220916748047,-2.550741195678711,1.3489453792572021
1788681112699556900,40.51255688476562,-3.5290656089782715,-2.0323445796966553,1.0662511587142944
1788681112715395600,40.5283955078125,-5.418432235717773,-1.2435826063156128,0.636569082736969
1788681112731264500,40.544264404296875,-5.243769645690918,-0.7181023955345154,0.31056806445121765
1788681112747133700,40.5601337890625,-3.5266385078430176,-0.4745180606842041,0.035746097564697266
1788681112763064000,40.57606396484375,-1.893742561340332,-0.47460097074508667,0.06296008825302124
1788681112778933000,40.59193310546875,-0.9508438110351562,-0.5688586235046387,0.41889604926109314
1788681112794832600,40.60783251953125,-0.7236270904541016,-0.611426591873169,0.3658928871154785
1788681112810763000,40.62376293945312,-0.9014739990234375,-0.7452759742736816,0.01735711097717285
1788681112826662700,40.63966259765625,-0.9972400665283203,-0.6560230255126953,-0.0019383430480957031
1788681112842501000,40.65550122070312,-0.9542980194091797,-0.3990539014339447,0.06853705644607544
1788681112858400800,40.67140087890625,-1.1191577911376953,-0.06901562213897705,0.29881614446640015
1788681112874270000,40.68727001953125,-1.385542869567871,0.1742362380027771,0.5036780834197998
1788681112890169600,40.70316967773437,-1.7212867736816406,0.5220723748207092,0.39832186698913574
1788681112906069200,40.7190693359375,-1.7668662071228027,0.673816442489624,0.3196256160736084
1788681112921969000,40.73496899414062,-1.481597900390625,0.5669641494750977,0.1897784173488617
1788681112937807600,40.7508076171875,-1.0006399154663086,0.44238704442977905,-0.0021363496780395508
1788681112953676800,40.7666767578125,-0.2605886459350586,0.3842458128929138,-0.22835132479667664
1788681112969546000,40.7825458984375,0.7976217269897461,0.33686643838882446,-0.10126039385795593
1788681112985415000,40.798414794921875,1.472193717956543,0.47855424880981445,-0.112343430519104
1788681113001314600,40.814314453125,1.6129398345947266,0.6797718405723572,-0.137393981218338
1788681113017245000,40.83024487304687,1.2980537414550781,0.8296388983726501,-0.1485762596130371
1788681113033114000,40.84611401367187,1.1034784317016602,0.7251706719398499,-0.0853184163570404
1788681113048983000,40.86198315429687,1.585221290588379,0.316636860370636,0.017615169286727905
1788681113064852200,40.87785229492187,2.532480239868164,-0.17312264442443848,0.34208500385284424
1788681113080813000,40.89381298828125,3.4397153854370117,-0.6719264984130859,0.6534231901168823
1788681113096682200,40.90968212890625,3.636467933654785,-0.5499984622001648,0.5507636070251465
1788681113112582000,40.92558178710937,2.4709415435791016,0.012584328651428223,0.14608216285705566
1788681113128481500,40.9414814453125,0.9482269287109375,0.41602838039398193,-0.24935609102249146
1788681113144320000,40.95732006835937,0.06122589111328125,0.9619903564453125,-0.529356837272644
1788681113160189200,40.97318920898437,-0.0019292831420898438,1.0617166757583618,-0.5066304802894592
1788681113176058400,40.98905834960937,1.759110450744629,-1.3139533996582031,-0.49144798517227173
1788681113191927600,41.00492749023437,3.4943008422851562,-2.545480728149414,-0.464647114276886
1788681113207766000,41.02076611328125,4.020943641662598,-2.871173858642578,-0.779143750667572
1788681113223635200,41.03663525390625,2.964482307434082,-2.7013676166534424,-0.9800973534584045
1788681113239504400,41.05250439453125,1.161747932434082,-2.2096166610717773,-1.2930458784103394
1788681113255434500,41.0684345703125,-1.359903335571289,-1.6334915161132812,-1.0931928157806396
1788681113271303700,41.0843037109375,-3.367237091064453,-1.2573494911193848,-0.7330841422080994
1788681113287203300,41.10020336914062,-4.218886375427246,-1.055473804473877,-0.5161343812942505
1788681113303042000,41.1160419921875,-4.338228702545166,-1.1596388816833496,-0.6710143089294434
1788681113318911200,41.1319111328125,-3.9583487510681152,-1.1903423070907593,-0.9405292868614197
1788681113334811000,41.14781079101562,-2.8465404510498047,-1.3376504182815552,-0.7395552396774292
1788681113350649300,41.1636494140625,-1.5264244079589844,-1.2836151123046875,-0.0676969438791275
1788681113366518500,41.1795185546875,-0.6917219161987305,-0.934714674949646,0.2250523716211319
1788681113382387700,41.1953876953125,0.0653533935546875,-0.41170087456703186,-0.1286763697862625
1788681113398287400,41.21128735351562,0.08790874481201172,0.036879897117614746,-0.46089714765548706
1788681113414187000,41.22718701171875,-0.6533708572387695,0.37179315090179443,-0.48702895641326904
1788681113430056200,41.24305615234375,-1.2346611022949219,0.6064497828483582,-0.24865642189979553
1788681113445955800,41.25895581054687,-1.5731945037841797,0.8327224850654602,0.07763857394456863
1788681113461825000,41.27482495117187,-1.4065189361572266,0.9989385604858398,0.2561364769935608
1788681113477724700,41.290724609375,-0.945918083190918,1.0386241674423218,0.16520485281944275
1788681113493624300,41.30662426757812,-0.19613265991210938,1.0128090381622314,0.09815697371959686
1788681113509493500,41.32249340820312,0.6666402816772461,0.886182963848114,-0.10136338323354721
1788681113525362400,41.33836254882812,1.4923095703125,0.654023289680481,-0.23665672540664673
1788681113541201200,41.354201171875,2.053434371948242,0.5259302854537964,-0.2856779992580414
1788681113557070300,41.3700703125,2.180180549621582,0.50253826379776,-0.13485468924045563
1788681113572970000,41.38596997070312,2.239002227783203,0.29710960388183594,-0.13747090101242065
1788681113588869600,41.40186962890625,2.4062070846557617,-0.241100013256073,0.04247097671031952
1788681113604799700,41.4177998046875,2.9036550521850586,-0.7253506183624268,0.10146419703960419
1788681113620638500,41.43363842773437,3.533879280090332,-0.8363229036331177,0.003232985734939575
1788681113636507600,41.44950756835937,3.382876396179199,-0.16617810726165771,0.040183424949645996
1788681113652468200,41.46546826171875,1.693018913269043,0.7130645513534546,0.5454047918319702
1788681113668307000,41.48130688476562,-0.40308475494384766,1.0582468509674072,0.8156243562698364
1788681113684206600,41.49720654296875,-1.2931327819824219,0.26334500312805176,0.15577846765518188
1788681113700075800,41.51307568359375,-0.24888992309570312,-0.9654626250267029,0.47440779209136963
1788681113715975400,41.52897534179687,2.736567497253418,-2.757963180541992,0.15786731243133545
1788681113731875000,41.544875,5.7568769454956055,-3.646153211593628,0.43747901916503906
1788681113747774700,41.56077465820312,5.795744895935059,-3.347567319869995,1.2447004318237305
1788681113763613200,41.57661328125,2.317882537841797,-2.757981777191162,1.6013431549072266
1788681113779482400,41.592482421875,-2.0139002799987793,-2.1987767219543457,1.2158169746398926
1788681113795412500,41.60841259765625,-5.080959320068359,-1.7063992023468018,1.154771327972412
1788681113811281700,41.62428173828125,-6.474701881408691,-1.2007229328155518,1.3309919834136963
1788681113827120400,41.64012036132812,-6.389476776123047,-0.8213286995887756,1.2763252258300781
1788681113842958800,41.655958740234375,-4.896294116973877,-0.8405215740203857,1.0532047748565674
1788681113858828000,41.671828125,-2.6667098999023438,-1.1156620979309082,0.8169655799865723
1788681113874758400,41.68775830078125,-0.5969734191894531,-1.3386400938034058,0.9792437553405762
1788681113890627300,41.70362744140625,0.4722871780395508,-1.4561516046524048,0.9596318006515503
1788681113906466000,41.71946606445312,0.6030006408691406,-1.3919757604599,0.5472350120544434
1788681113922304800,41.7353046875,-0.05392742156982422,-1.0019443035125732,0.1590231955051422
1788681113938173700,41.751173583984375,-0.8784446716308594,-0.4035292863845825,0.15425989031791687
1788681113954043000,41.76704296875,-1.7734627723693848,0.1378379464149475,0.3245479464530945
1788681113969942500,41.78294262695312,-2.470369338989258,0.4478806257247925,0.2321193516254425
1788681113985842200,41.79884228515625,-2.4639225006103516,0.6493961811065674,-0.01623624563217163
1788681114001681000,41.81468090820312,-1.760312557220459,0.7259433269500732,-0.11912208795547485
1788681114025576200,41.838576171875,-0.31526851654052734,0.6392948031425476,-0.15741586685180664
1788681114041445400,41.8544453125,0.2081756591796875,0.5257489681243896,-0.12506163120269775
1788681114057314600,41.870314453125,0.5119009017944336,0.3993561863899231,-0.2956886887550354
1788681114081118200,41.8941181640625,0.7524309158325195,0.26100295782089233,-0.380323201417923
1788681114097048300,41.91004833984375,0.99658203125,0.3953232765197754,-0.38418522477149963
1788681114112917500,41.92591748046875,1.3412151336669922,0.6532474756240845,-0.10232758522033691
1788681114128817200,41.94181713867187,1.7840576171875,0.49159640073776245,-0.08125686645507812
1788681114144686300,41.95768627929687,2.473851203918457,0.13775736093521118,0.21921798586845398
1788681114160524800,41.97352490234375,3.1287832260131836,-0.38138771057128906,0.32512906193733215
1788681114176394000,41.98939404296875,3.4073972702026367,-0.6613225936889648,0.22329138219356537
1788681114192293600,42.00529370117187,2.9418439865112305,-0.14531701803207397,0.03527602553367615
1788681114208193300,42.021193359375,1.7947349548339844,0.6238102912902832,-0.3579653799533844
1788681114224093000,42.03709301757812,0.3855447769165039,1.5981831550598145,-0.5664861798286438
1788681114239962000,42.05296215820312,0.02173328399658203,0.9994875192642212,-0.42241889238357544
1788681114255831300,42.06883129882812,1.565567970275879,-0.8303080797195435,-0.030732661485671997
1788681114271700500,42.08470043945312,3.649463653564453,-2.931804895401001,-0.25584572553634644
1788681114287569700,42.10056958007812,5.017563819885254,-3.768979549407959,-0.40659499168395996
1788681114303438600,42.1164384765625,4.069197654724121,-3.3447670936584473,-0.6205878257751465
1788681114319338200,42.132338134765625,1.6272621154785156,-2.714860200881958,-0.763407289981842
1788681114335238100,42.14823803710937,-1.5857810974121094,-2.2075634002685547,-0.6327872276306152
1788681114351107000,42.16410717773437,-4.198136329650879,-1.5390712022781372,-0.8581767082214355
1788681114366976300,42.17997631835937,-5.102281093597412,-1.1249336004257202,-0.7674155235290527
1788681114382845400,42.19584545898437,-4.219962120056152,-1.0745856761932373,-0.3787704408168793
1788681114398714600,42.21171459960937,-2.91375732421875,-1.0605707168579102,0.07609911262989044
1788681114414614300,42.2276142578125,-1.4705276489257812,-0.6756320595741272,-0.09821857511997223
1788681114430483500,42.2434833984375,-0.4140615463256836,-0.33449774980545044,-0.22599491477012634
1788681114446352600,42.2593525390625,-0.10748577117919922,-0.23364591598510742,-0.0555117130279541
1788681114462221600,42.2752216796875,-0.4628162384033203,-0.23257094621658325,-0.04960718750953674
1788681114478121200,42.29112133789062,-0.9049396514892578,-0.20388257503509521,-0.18819865584373474
1788681114494082000,42.30708203125,-1.1069536209106445,-0.013460099697113037,-0.20343545079231262
1788681114509951200,42.322951171875,-1.2822647094726562,0.2655251622200012,0.009152278304100037
1788681114525851000,42.33885083007812,-1.2796859741210938,0.4941219091415405,0.0995200052857399
1788681114541720000,42.35471997070312,-1.2980403900146484,0.6483101844787598,-0.002321116626262665
1788681114557589000,42.37058911132812,-1.2683048248291016,0.6221011281013489,-0.10362666845321655
1788681114573427700,42.386427734375,-0.8270473480224609,0.36308687925338745,-0.0870160162448883
1788681114589388300,42.40238818359375,-0.18213176727294922,0.10764932632446289,-0.12957634031772614
1788681114605257500,42.41825756835937,0.2923879623413086,-0.1594449281692505,0.02650168538093567
1788681114621126700,42.43412670898437,0.6990957260131836,-0.172596275806427,-0.11126846075057983
1788681114637026300,42.4500263671875,0.9480190277099609,-0.04710501432418823,-0.3149266541004181
1788681114652895500,42.4658955078125,1.2551937103271484,0.010849356651306152,-0.3694747984409332
1788681114668764700,42.4817646484375,1.8739233016967773,-0.12326264381408691,-0.09435206651687622
1788681114684725200,42.49772534179687,2.586148262023926,-0.4217897951602936,0.29239022731781006
1788681114700625000,42.513625,2.899519920349121,-0.6976532936096191,0.5549219846725464
1788681114716494000,42.529494140625,3.095264434814453,-0.7364497780799866,0.4379871189594269
1788681114732393700,42.54539379882812,2.9189882278442383,-0.23690766096115112,0.07653000950813293
1788681114748263000,42.56126293945312,1.9335260391235352,0.5948359966278076,0.05833044648170471
1788681114764132000,42.57713208007812,0.49636077880859375,1.074014663696289,0.40098416805267334
1788681114780001300,42.59300122070312,-0.8486232757568359,1.0232688188552856,0.7118068933486938
1788681114795839700,42.60883984375,-0.6602382659912109,0.3214261531829834,0.5873253345489502
1788681114811739400,42.62473950195312,1.6786136627197266,-1.451202630996704,0.3350123167037964
1788681114827608600,42.64060864257812,5.159223556518555,-3.0411529541015625,0.2514638304710388
1788681114843508200,42.65650830078125,7.305811882019043,-3.4145429134368896,0.418470174074173
1788681114859438300,42.672438232421875,5.711261749267578,-2.8833322525024414,0.7482396364212036
1788681114875338200,42.68833813476562,1.489039421081543,-2.3337655067443848,0.8677037358283997
1788681114891238000,42.70423779296875,-2.5528006553649902,-1.7609302997589111,0.7101253271102905
1788681114907106800,42.72010693359375,-5.149074554443359,-1.179589867591858,0.9354678392410278
1788681114923006500,42.73600634765625,-6.267310619354248,-0.7057348489761353,0.9339149594306946
1788681114938936800,42.75193676757812,-5.785807132720947,-0.5770267248153687,0.48100969195365906
1788681114954836500,42.76783642578125,-4.034154415130615,-0.7600471377372742,0.2575731575489044
1788681114970705700,42.78370556640625,-2.1882686614990234,-0.9199073910713196,0.5396657586097717
1788681114986605300,42.79960522460937,-0.8959207534790039,-1.0599621534347534,0.8553472757339478
1788681115002535400,42.81553540039062,-0.3044900894165039,-1.1050238609313965,0.7271391749382019
1788681115018435000,42.83143505859375,-0.45430755615234375,-1.0381312370300293,0.30541959404945374
1788681115034304300,42.84730419921875,-1.1542224884033203,-0.8588732481002808,0.3270646929740906
1788681115050142700,42.86314282226562,-1.8541932106018066,-0.5977821350097656,0.3515365719795227
1788681115066042400,42.87904248046875,-2.14072847366333,-0.20391112565994263,0.21256977319717407
1788681115081972700,42.89497265625,-1.9142661094665527,0.20174145698547363,0.1615133285522461
1788681115097872400,42.91087231445312,-1.3948135375976562,0.45585811138153076,0.058701276779174805
1788681115113710800,42.9267109375,-1.0061712265014648,0.6508001089096069,0.12680017948150635
1788681115129580000,42.942580078125,-0.47394847869873047,0.583530068397522,0.06399577856063843
1788681115145479700,42.95847973632812,0.12068939208984375,0.3362342119216919,-0.13683998584747314
1788681115161348900,42.97434887695312,0.8213090896606445,0.1182827353477478,-0.18496173620224
1788681115177218000,42.99021801757812,1.263833999633789,0.10732340812683105,-0.1735246181488037
1788681115193087200,43.00608715820312,1.1910629272460938,0.3676658868789673,-0.14947909116744995
1788681115208956200,43.0219560546875,1.0288782119750977,0.5417567491531372,-0.07552534341812134
1788681115224825300,43.03782543945312,1.0896434783935547,0.26857590675354004,0.02688458561897278
1788681115240755700,43.05375561523437,1.8817720413208008,-0.238297700881958,0.1905994415283203
1788681115256624600,43.06962475585937,2.938704490661621,-0.5265743136405945,0.17159584164619446
1788681115272463400,43.08546337890625,3.817567825317383,-0.575863242149353,0.006823986768722534
1788681115288302000,43.10130200195312,3.4535703659057617,-0.12115013599395752,-0.21510940790176392
1788681115304232200,43.11723217773437,1.7931146621704102,0.36394524574279785,-0.4520997405052185
1788681115320131800,43.1331318359375,0.07759380340576172,0.4128904342651367,-0.6655675172805786
1788681115336031500,43.14903149414062,-0.7937736511230469,0.4223606586456299,-0.5337931513786316
1788681115351961600,43.16496166992187,-0.018362998962402344,-0.563639223575592,-0.09524944424629211
1788681115367891700,43.1808916015625,2.3546323776245117,-2.1655001640319824,-0.1285117268562317
1788681115383822000,43.19682202148437,4.20423698425293,-2.994278907775879,-0.6952766180038452
1788681115399691300,43.21269116210937,4.14350700378418,-2.8992159366607666,-1.13484525680542
1788681115415529700,43.22852978515625,2.1670150756835938,-2.249854326248169,-1.3717718124389648
1788681115431399000,43.24439892578125,-0.6970596313476562,-1.7295756340026855,-1.3097801208496094
1788681115447298600,43.26029858398437,-2.929996967315674,-1.3613104820251465,-0.763154149055481
1788681115463167700,43.27616772460937,-3.593904972076416,-1.0996818542480469,-0.3825143873691559
1788681115479037000,43.29203686523437,-2.57382869720459,-1.0021367073059082,-0.35518142580986023
1788681115494906000,43.30790600585937,-1.3205718994140625,-1.0913728475570679,-0.5453658699989319
1788681115510775000,43.32377514648437,-0.5092630386352539,-1.1031991243362427,-0.5855242609977722
1788681115526644200,43.33964428710937,-0.6845321655273438,-0.9534693360328674,-0.14758539199829102
1788681115542544000,43.3555439453125,-1.1938552856445312,-0.8877416849136353,0.35315561294555664
1788681115558474000,43.371473876953125,-1.5749969482421875,-0.7993833422660828,0.22808244824409485
1788681115574343200,43.38734326171875,-1.3943557739257812,-0.4667423963546753,-0.0247073732316494
1788681115590242800,43.40324291992187,-1.1303291320800781,-0.016014456748962402,-0.25532665848731995
1788681115606142500,43.419142578125,-1.1453533172607422,0.4037632942199707,-0.28990548849105835
1788681115622072800,43.43507275390625,-1.522364616394043,0.7324553728103638,-0.10552670061588287
1788681115637941800,43.450941650390625,-1.893388271331787,0.8212090730667114,0.11780135333538055
1788681115653841700,43.46684155273437,-1.9153532981872559,0.833185076713562,0.13687950372695923
1788681115669710600,43.48271069335937,-1.7092761993408203,0.6810245513916016,-0.03950275853276253
1788681115685549300,43.49854931640625,-0.9904956817626953,0.3189070224761963,-0.1289985030889511
1788681115701479400,43.5144794921875,0.1818695068359375,-0.07648622989654541,-0.27695557475090027
1788681115717379000,43.53037915039062,1.1270828247070312,-0.14107710123062134,-0.2859761416912079
1788681115733217800,43.5462177734375,1.5005826950073242,0.04488956928253174,-0.21117712557315826
1788681115749087000,43.5620869140625,1.0771255493164062,-0.02116525173187256,0.09431107342243195
1788681115764956200,43.5779560546875,0.8895149230957031,-0.38871824741363525,0.17211167514324188
1788681115780825000,43.5938251953125,1.627202033996582,-0.8424364924430847,-0.06069492548704147
1788681115796724700,43.60972485351562,2.8951005935668945,-1.1534531116485596,-0.07611048966646194
1788681115812685600,43.625685546875,3.7771968841552734,-0.9139342308044434,-0.20178714394569397
1788681115828615700,43.64161572265625,2.824582099914551,0.23862004280090332,-0.047467708587646484
1788681115844454400,43.65745434570312,0.5419998168945312,0.7821838855743408,0.5422216653823853
1788681115860354000,43.67335400390625,-1.2886991500854492,0.4826852083206177,0.9573158025741577
1788681115876253700,43.68925366210937,-1.788111686706543,-0.36155545711517334,0.6987237930297852
1788681115892153300,43.7051533203125,0.43598270416259766,-2.16680645942688,0.3032195270061493
1788681115908053000,43.72105297851562,4.389071464538574,-3.7526168823242188,-0.10675105452537537
1788681115923922200,43.73692211914062,7.094576835632324,-3.840430974960327,0.2544683814048767
1788681115939791400,43.75279125976562,6.016950607299805,-3.1017308235168457,0.8540786504745483
1788681115955691000,43.76869091796875,1.6336793899536133,-2.6423563957214355,0.8624208569526672
1788681115971590700,43.78459057617187,-2.4237236976623535,-2.1791014671325684,0.7000519037246704
1788681115987490300,43.800490234375,-4.705441474914551,-1.380982756614685,0.6801663637161255
1788681116003298300,43.81629833984375,-5.25789737701416,-0.7569018006324768,0.9181994199752808
1788681116019198000,43.83219799804687,-4.122303009033203,-0.6300126314163208,1.0158681869506836
1788681116035097600,43.84809765625,-2.254195213317871,-0.809206485748291,0.9071226119995117
1788681116058962400,43.87196240234375,-0.25877857208251953,-0.8366385698318481,1.1101887226104736
1788681116074831600,43.88783154296875,0.13179302215576172,-0.8534959554672241,0.8392120599746704
1788681116090700500,43.903700439453125,-0.02028179168701172,-0.846923828125,0.2974117696285248
1788681116106631000,43.919630859375,-0.5879116058349609,-0.6944336891174316,0.24994401633739471
1788681116122500000,43.9355,-1.3884267807006836,-0.3145902752876282,0.4766336977481842
1788681116138369000,43.951369140625,-2.1166954040527344,0.13281816244125366,0.6223777532577515
1788681116154299400,43.96729931640625,-2.2263131141662598,0.4801403284072876,0.561735987663269
1788681116170199000,43.98319897460937,-1.989194393157959,0.7877799868583679,0.43159836530685425
1788681116186129200,43.99912915039062,-1.561966896057129,0.823817789554596,0.39583683013916016
1788681116202028800,44.01502880859375,-1.1196537017822266,0.8043493628501892,0.351033091545105
1788681116217928400,44.03092846679687,-0.6135435104370117,0.6988560557365417,0.10738193988800049
1788681116233797600,44.04679760742187,0.1559276580810547,0.5903216004371643,0.05693414807319641
1788681116249666800,44.06266674804687,0.8317155838012695,0.43225163221359253,0.17175856232643127
1788681116265505300,44.07850537109375,1.0421676635742188,0.25172698497772217,0.031272292137145996
1788681116281405000,44.09440502929687,1.1312437057495117,0.2753094434738159,-0.14848466217517853
1788681116297274000,44.11027416992187,1.4113759994506836,0.2697124481201172,-0.06058181822299957
1788681116313143300,44.12614331054687,1.8571977615356445,-0.01265108585357666,-0.25186973810195923
1788681116329012500,44.14201245117187,2.7859201431274414,-0.3492125868797302,-0.3095775544643402
1788681116344881700,44.15788159179687,3.8439855575561523,-0.8666856288909912,-0.1391339898109436
1788681116360750600,44.17375048828125,4.281658172607422,-1.2654821872711182,-0.03371317684650421
1788681116376589300,44.18958935546875,3.6979236602783203,-1.004274606704712,-0.2172233760356903
1788681116392519400,44.20551953125,2.220067024230957,-0.5970047116279602,-0.5538206100463867
1788681116408419000,44.22141918945312,0.6908674240112305,-0.18492889404296875,-0.8794235587120056
1788681116424257800,44.2372578125,-0.16570568084716797,0.318691611289978,-0.7887884378433228
1788681116440157400,44.25315747070312,-0.014710426330566406,0.052170634269714355,-0.595647931098938
1788681116456026600,44.26902661132812,1.1906938552856445,-1.539293646812439,-0.3507843017578125
1788681116471987200,44.2849873046875,2.5939254760742188,-2.8505752086639404,-0.3729223906993866
1788681116487886800,44.30088696289062,2.718207359313965,-3.297898292541504,-0.70079106092453
1788681116503786500,44.316786376953125,1.5332489013671875,-3.06837797164917,-1.1195427179336548
1788681116519625200,44.33262524414062,-0.30108642578125,-2.6030068397521973,-1.2029751539230347
1788681116535524900,44.34852490234375,-2.1322250366210938,-2.142632007598877,-0.9863272905349731
1788681116551424500,44.36442456054687,-3.114283561706543,-1.7180019617080688,-0.7234531044960022
1788681116567354600,44.38035473632812,-2.815626621246338,-1.5259013175964355,-0.6022346615791321
1788681116583254300,44.396254150390625,-1.7709484100341797,-1.6702667474746704,-0.5644835829734802
1788681116599123500,44.41212353515625,-1.1202278137207031,-1.83249831199646,-0.6927887201309204
1788681116614992600,44.42799267578125,-1.1037979125976562,-1.7551735639572144,-0.7980230450630188
1788681116630861800,44.44386181640625,-1.1661405563354492,-1.4817907810211182,-0.583743155002594
1788681116646792000,44.4597919921875,-1.231175422668457,-1.19048273563385,-0.37787696719169617
1788681116662630700,44.47563061523437,-1.3812828063964844,-0.990598201751709,-0.3903920650482178
1788681116678530300,44.4915302734375,-1.4108028411865234,-0.7395204305648804,-0.40473663806915283
1788681116694430000,44.50742993164062,-1.4153165817260742,-0.4094526171684265,-0.33247339725494385
1788681116710299100,44.52329907226562,-1.4925060272216797,-0.08136391639709473,-0.253461629152298
1788681116726198800,44.53919873046875,-1.382364273071289,0.12955546379089355,-0.36838001012802124
1788681116742098400,44.55509838867187,-1.107381820678711,0.1383146047592163,-0.3147708773612976
1788681116757967600,44.57096752929687,-0.8111362457275391,0.041243553161621094,-0.08315624296665192
1788681116773867300,44.5868671875,-0.28069496154785156,-0.14232182502746582,-0.19645223021507263
1788681116789736200,44.602736083984375,0.1805105209350586,-0.29344451427459717,-0.3445282578468323
1788681116805605400,44.61860546875,0.5683393478393555,-0.16030406951904297,-0.42023593187332153
1788681116821505000,44.63450512695312,0.7467021942138672,0.12057983875274658,-0.4422956705093384
1788681116837404700,44.65040478515625,0.8335332870483398,0.1348024606704712,-0.24923285841941833
1788681116853304300,44.66630419921875,1.3150749206542969,-0.3307652473449707,-0.01047806441783905
1788681116869173500,44.68217358398437,2.410151481628418,-0.8875570297241211,0.02241053432226181
1788681116885042700,44.69804272460937,3.659111976623535,-1.0999808311462402,0.20550638437271118
1788681116908938000,44.72193798828125,3.932781219482422,-0.32819247245788574,-0.032113634049892426
1788681116924807200,44.73780712890625,2.261932373046875,0.4415198564529419,0.304685115814209
1788681116940706800,44.75370678710937,0.2233600616455078,0.3011634349822998,0.9171214699745178
1788681116956606500,44.7696064453125,-0.8942413330078125,-0.5543609857559204,1.047194480895996
1788681116972506000,44.78550610351562,0.19495105743408203,-1.5862380266189575,0.9012223482131958
1788681116988405800,44.80140576171875,3.4187545776367188,-2.9745032787323,0.42807716131210327
1788681117004335900,44.8173359375,6.837126731872559,-3.79868745803833,0.22828127443790436
1788681117020235500,44.83323559570312,7.816934585571289,-3.614492416381836,0.8077112436294556
1788681117036135200,44.84913525390625,4.841106414794922,-2.990248203277588,1.374654769897461
1788681117052034800,44.86503491210937,-0.09527778625488281,-2.461440324783325,1.1015868186950684
1788681117067965200,44.88096508789062,-3.9760680198669434,-1.9219005107879639,0.7976523637771606
1788681117083864800,44.89686474609375,-5.6778883934021,-1.3610661029815674,0.5815104246139526
1788681117099764500,44.91276440429687,-5.332133769989014,-0.9180493354797363,0.6236533522605896
1788681117115664100,44.9286640625,-3.818660259246826,-0.788636326789856,0.539710283279419
1788681117131563800,44.94456372070312,-2.2662158012390137,-0.9305298924446106,0.4942910075187683
1788681117147463400,44.96046337890625,-1.4623546600341797,-1.2292699813842773,0.4522557556629181
1788681117163332600,44.97633251953125,-1.0979528427124023,-1.4566291570663452,0.39923039078712463
1788681117179262700,44.9922626953125,-0.8804397583007812,-1.547200083732605,0.24885770678520203
1788681117195132000,45.0081318359375,-0.7132291793823242,-1.4173156023025513,0.335595041513443
1788681117211031600,45.02403149414062,-0.8570327758789062,-0.9822267293930054,0.4976189434528351
1788681117226900700,45.03990063476562,-1.3096084594726562,-0.5196773409843445,0.35285526514053345
1788681117242830800,45.05583081054687,-1.707235336303711,-0.17793524265289307,0.16080009937286377
1788681117258730500,45.07173046875,-1.910092830657959,0.05128920078277588,0.1663549244403839
1788681117274599700,45.087599609375,-2.0808491706848145,0.26741671562194824,0.22097444534301758
1788681117290468600,45.103468505859375,-2.0608315467834473,0.5469952821731567,0.10266023874282837
1788681117306307300,45.11930737304687,-1.9036240577697754,0.6086950302124023,0.23060880601406097
1788681117322176500,45.13517651367187,-1.5785303115844727,0.4570438861846924,0.20025011897087097
1788681117338045700,45.15104565429687,-0.5421085357666016,0.1354120969772339,0.15597781538963318
1788681117353915000,45.16691479492187,0.34246253967285156,-0.14185583591461182,0.2317570149898529
1788681117369783800,45.18278369140625,0.9454078674316406,-0.1428213119506836,0.2589743733406067
1788681117385653000,45.19865307617187,1.2408065795898438,-0.03668856620788574,-0.02607947587966919
1788681117401583400,45.21458325195312,1.6067466735839844,-0.05118203163146973,-0.2792845070362091
1788681117417452300,45.23045239257812,2.4104623794555664,-0.27533018589019775,-0.2756616175174713
1788681117433352000,45.24635205078125,3.2488460540771484,-0.6124899387359619,-0.1147417426109314
1788681117449251600,45.26225146484375,3.8527603149414062,-0.8632581233978271,0.2885305881500244
1788681117465182000,45.27818188476562,3.8962926864624023,-0.7239442467689514,0.36891618371009827
1788681117481051100,45.29405102539062,2.852850914001465,-0.11942470073699951,-0.05015205591917038
1788681117496889600,45.3098896484375,1.3509445190429688,0.13322031497955322,-0.4955848455429077
1788681117512789200,45.32578930664062,0.5510158538818359,0.07955503463745117,-0.22524243593215942
1788681117528658400,45.34165844726562,0.9485864639282227,-0.35000765323638916,0.4807135760784149
1788681117544527600,45.35752758789062,2.51516056060791,-1.5769150257110596,0.3365437388420105
1788681117560427300,45.37342724609375,4.265779495239258,-2.7979090213775635,-0.16030645370483398
1788681117576357400,45.389357421875,4.221753120422363,-3.1784651279449463,-0.5718387365341187
1788681117592257000,45.40525708007812,2.4475297927856445,-2.898245096206665,-0.7175275087356567
1788681117608187100,45.42118725585937,-0.40810108184814453,-2.382523536682129,-0.6275242567062378
1788681117624148000,45.43714794921875,-3.0118064880371094,-1.911338210105896,-0.41277986764907837
1788681117640017200,45.45301708984375,-3.8612594604492188,-1.4769190549850464,-0.3868420720100403
1788681117655855600,45.46885571289062,-2.5306477546691895,-1.2875087261199951,-0.22669470310211182
1788681117671755300,45.48475537109375,-1.7997040748596191,-1.182302474975586,-0.5973936915397644
1788681117687624400,45.50062451171875,-3.147580146789551,-1.7749124765396118,0.2249910980463028
1788681117703493600,45.51649365234375,-1.6273183822631836,-2.1175272464752197,0.4190772771835327
1788681117719362800,45.53236279296875,-1.046478271484375,-1.7401223182678223,0.054196879267692566
1788681117735262500,45.54826245117187,0.9300851821899414,-1.461140751838684,-0.3718228340148926
1788681117751162000,45.564162109375,-0.7309865951538086,-1.250725269317627,-0.5916851758956909
1788681117767031300,45.58003125,-2.325934410095215,-0.8368266820907593,-0.4229157567024231
1788681117782738000,45.59573803710938,-3.362668037414551,-0.129744291305542,0.05129873752593994
1788681117798637600,45.61163745117187,-3.5129146575927734,0.3595227003097534,0.07151751220226288
1788681117814537200,45.627537109375,-2.1017956733703613,0.3724212646484375,-0.2896893322467804
1788681117830376000,45.6433759765625,-0.7134628295898438,0.35888993740081787,-0.6443599462509155
1788681117846245000,45.6592451171875,-0.6667137145996094,0.5144330263137817,-0.5449485778808594
1788681117862144800,45.67514477539063,-1.3353500366210938,0.5008442401885986,-0.15025594830513
1788681117878044400,45.69104443359375,-1.645096778869629,0.34603607654571533,-0.19476532936096191
1788681117893913300,45.70691333007812,-0.9985980987548828,0.413108229637146,-0.5279058218002319
1788681117909782500,45.72278247070312,-0.12018775939941406,0.4302194118499756,-0.5168062448501587
1788681117925651700,45.73865161132812,0.626215934753418,0.1743708848953247,-0.3971167206764221
1788681117941581800,45.75458178710937,1.3687849044799805,-0.19111359119415283,-0.3718651533126831
1788681117957420500,45.77042065429688,2.3276519775390625,-0.5869539380073547,-0.16256515681743622
1788681117973320200,45.7863203125,3.2061500549316406,-0.7952550053596497,0.04804784059524536
1788681117989219800,45.8022197265625,4.113295555114746,-0.8630235195159912,0.12210908532142639
1788681118005119500,45.81811938476562,4.392606735229492,-0.5867208242416382,-0.20747298002243042
1788681118021049600,45.83404956054687,3.385364532470703,0.0492856502532959,0.10301405191421509
1788681118036980000,45.84997998046875,1.442835807800293,-0.12101471424102783,0.8157230019569397
1788681118052879600,45.86587963867188,-0.07469654083251953,-0.7563039660453796,0.9834787845611572
1788681118068779300,45.881779296875,0.32137393951416016,-1.6526281833648682,1.0303488969802856
1788681118084679000,45.89767895507813,3.3870582580566406,-3.0698695182800293,0.8154354095458984
1788681118108482600,45.92148266601563,7.618276596069336,-4.245632648468018,0.6514855027198792
1788681118124412700,45.93741259765625,6.355518341064453,-3.754995107650757,1.0874840021133423
1788681118140312300,45.95331225585937,2.083949089050293,-3.2531206607818604,1.1976360082626343
1788681118156181500,45.96918139648437,-2.0478954315185547,-2.5735273361206055,0.938551664352417
1788681118172020200,45.98502026367188,-4.340849876403809,-1.871420979499817,1.0157557725906372
1788681118195823900,46.00882397460938,-4.489524841308594,-0.8821069002151489,1.457390308380127
1788681118211693000,46.02469311523438,-3.2279467582702637,-0.7733533978462219,1.3170782327651978
1788681118227531500,46.04053149414062,-2.0070223808288574,-0.9092393517494202,1.0629024505615234
1788681118243400700,46.05640063476562,-1.2043123245239258,-0.9951399564743042,1.0610802173614502
1788681118259270000,46.07226977539062,-0.6335411071777344,-1.1298645734786987,1.0341987609863281
1788681118275200000,46.08819995117187,-0.4493074417114258,-1.2214322090148926,0.8534321784973145
1788681118291099600,46.104099609375,-0.30365848541259766,-1.1298166513442993,0.6081385612487793
1788681118306999300,46.11999926757812,-0.623866081237793,-0.7994253635406494,0.48021453619003296
1788681118322899000,46.13589892578125,-1.126373291015625,-0.34162992238998413,0.3559744656085968
1788681118338768100,46.15176806640625,-1.849935531616211,0.1511228084564209,0.14734196662902832
1788681118354637300,46.16763720703125,-2.2549314498901367,0.5548070669174194,0.22506341338157654
1788681118370506500,46.18350659179688,-2.070651054382324,0.7258764505386353,0.33134859800338745
1788681118386375700,46.19937573242188,-1.5550527572631836,0.6964149475097656,0.2371915578842163
1788681118402336300,46.21533618164062,-0.9649887084960938,0.5083123445510864,-0.033687710762023926
1788681118418236000,46.23123583984375,-0.48868465423583984,0.26693809032440186,-0.1029503345489502
1788681118434105000,46.24710498046875,-0.01969623565673828,0.0541154146194458,-0.13801735639572144
1788681118449974300,46.26297436523438,0.4999570846557617,0.02063572406768799,-0.14190897345542908
1788681118465874000,46.2788740234375,0.9447612762451172,0.1434847116470337,-0.04152649641036987
1788681118481773600,46.29477368164063,1.0389900207519531,0.24404001235961914,-0.19044792652130127
1788681118497642800,46.31064282226563,1.0467281341552734,0.13997554779052734,-0.4871174395084381
1788681118513512000,46.32651196289063,1.4676074981689453,-0.18340134620666504,-0.43485814332962036
1788681118529411600,46.34241162109375,2.4579248428344727,-0.68453049659729,-0.10249501466751099
1788681118545280800,46.35828076171875,3.2843618392944336,-1.049061894416809,-0.03332221508026123
1788681118561211000,46.3742109375,3.498528480529785,-0.8055374026298523,-0.2517591416835785
1788681118577141000,46.39014111328125,2.4188947677612305,-0.22806847095489502,-0.5198636054992676
1788681118593010200,46.40601025390625,0.7848224639892578,-0.00028586387634277344,-0.3422183394432068
1788681118608849000,46.42184887695313,-0.5411691665649414,0.06560957431793213,0.04474028944969177
1788681118624748500,46.43774853515625,-0.24090290069580078,-0.9124708771705627,0.3569396138191223
1788681118640678700,46.4536787109375,1.6003055572509766,-2.4996442794799805,0.26042860746383667
1788681118656547800,46.4695478515625,4.3113861083984375,-3.931568145751953,-0.5292882323265076
1788681118672386300,46.48538623046875,4.563447952270508,-3.460165023803711,-0.5458321571350098
1788681118688225000,46.50122509765625,2.403156280517578,-2.752499580383301,-0.36555373668670654
1788681118704155100,46.51715502929687,-1.0369186401367188,-2.5654242038726807,-0.3477482795715332
1788681118720054800,46.5330546875,-3.8154921531677246,-2.1411185264587402,-0.4577254056930542
1788681118735985000,46.54898486328125,-4.680260181427002,-1.6231008768081665,-0.6458696722984314
1788681118751884500,46.56488452148437,-3.640817642211914,-1.3608673810958862,-0.7340787649154663
1788681118767784400,46.58078442382813,-1.8228363990783691,-1.3237487077713013,-0.4230460226535797
1788681118783714600,46.59671459960938,-0.5491828918457031,-1.4107156991958618,-0.27398478984832764
1788681118799583700,46.61258374023438,0.08403587341308594,-1.401425838470459,-0.6703245639801025
1788681118815452700,46.62845263671875,0.11443424224853516,-1.327650547027588,-0.7112185955047607
1788681118831352300,46.64435229492187,-0.20221328735351562,-1.3436663150787354,-0.23940855264663696
1788681118847252000,46.660251953125,-0.5995807647705078,-1.2731807231903076,0.057127006351947784
1788681118863151900,46.67615185546875,-0.8345279693603516,-0.9326058626174927,0.09838003665208817
1788681118879051500,46.69205151367188,-1.3600397109985352,-0.41380739212036133,-0.09867792576551437
1788681118894920400,46.70792041015625,-2.013495445251465,0.024945378303527832,-0.20897939801216125
1788681118910759200,46.72375927734375,-2.4203782081604004,0.2872265577316284,-0.029659628868103027
1788681118926598000,46.73959790039063,-2.4593863487243652,0.3104516267776489,0.12527142465114594
1788681118942497500,46.75549755859375,-1.6497917175292969,0.20385831594467163,0.2474069744348526
1788681118958366700,46.77136669921875,-0.3814268112182617,0.3406335115432739,0.26388299465179443
1788681118974296800,46.787296875,0.37302589416503906,0.35825586318969727,0.0015516579151153564
1788681118990166000,46.803166015625,0.9591560363769531,0.20988517999649048,0.01815028488636017
1788681119006035000,46.81903491210937,1.2430315017700195,0.1410883069038391,-0.006526879966259003
1788681119021904100,46.83490405273437,1.4973487854003906,0.18189501762390137,0.02278883010149002
1788681119037773300,46.85077319335937,1.6740341186523438,0.2579770088195801,0.1868050992488861
1788681119053673000,46.8666728515625,2.191102981567383,0.1168215274810791,0.2990504801273346
1788681119069572600,46.88257250976562,3.1246118545532227,-0.3206081986427307,0.30035096406936646
1788681119085472300,46.89847216796875,4.037311553955078,-0.6661062240600586,0.2502301037311554
1788681119101402400,46.91440234375,4.606483459472656,-0.5161134004592896,0.0019827038049697876
1788681119117271600,46.930271484375,3.676449775695801,0.24347758293151855,-0.20234937965869904
1788681119133140700,46.946140625,1.3102397918701172,0.9753028154373169,0.45302316546440125
1788681119149010000,46.96201000976563,-0.1082916259765625,0.5219066143035889,0.6636843681335449
1788681119164909600,46.97790966796875,-0.6062688827514648,0.17605793476104736,1.0019382238388062
1788681119180748300,46.99374829101563,1.8616714477539062,-1.395477056503296,0.45353782176971436
1788681119196617200,47.0096171875,5.301060676574707,-3.305171489715576,0.29627180099487305
1788681119212486400,47.025486328125,7.274086952209473,-4.418386459350586,0.2857128977775574
1788681119228355600,47.04135546875,5.153199195861816,-4.020040512084961,1.1950113773345947
1788681119244255200,47.05725512695312,0.5820016860961914,-3.2457451820373535,1.4310986995697021
1788681119260155000,47.07315478515625,-3.632740020751953,-2.5503199100494385,0.9911496639251709
1788681119276024000,47.08902416992188,-5.9196062088012695,-1.811791181564331,0.699569821357727
1788681119291954200,47.1049541015625,-6.613654136657715,-1.0662037134170532,0.7921534776687622
1788681119307823400,47.1208232421875,-6.208158493041992,-0.7416896820068359,0.8617600798606873
1788681119323692500,47.13669262695313,-4.980197429656982,-0.8594201803207397,0.8108698129653931
1788681119347557400,47.16055737304688,-2.3769688606262207,-1.4880337715148926,0.634486198425293
1788681119363457000,47.17645703125,-0.9977188110351562,-1.6759049892425537,0.8185338973999023
1788681119379356700,47.19235668945313,0.1128072738647461,-1.6948888301849365,0.7894461750984192
1788681119395256300,47.20825634765625,0.5961055755615234,-1.515219807624817,0.41548269987106323
1788681119411156000,47.22415600585938,0.3641777038574219,-1.2387391328811646,0.20097316801548004
1788681119427025200,47.24002514648438,-0.2914619445800781,-0.9823700189590454,0.2673272490501404
1788681119442894000,47.25589404296875,-1.096186637878418,-0.5840444564819336,0.4380846321582794
1788681119458793700,47.27179370117187,-1.6469345092773438,-0.10784912109375,0.4436454176902771
1788681119474724000,47.28772412109375,-1.6476974487304688,0.17615628242492676,0.41550639271736145
1788681119490593300,47.30359326171875,-1.1936969757080078,0.2668520212173462,0.2617684006690979
1788681119506462200,47.31946215820312,-0.7374439239501953,0.20611321926116943,0.08657568693161011
1788681119522361900,47.33536181640625,-0.17720985412597656,0.013482213020324707,0.036642253398895264
1788681119538200600,47.35120068359375,0.45997142791748047,-0.2157278060913086,-0.0678209662437439
1788681119554100200,47.36710034179688,1.206878662109375,-0.203285813331604,-0.09338387846946716
1788681119570061000,47.38306103515625,1.6170120239257812,-0.007242321968078613,-0.035704344511032104
1788681119585930000,47.39892993164062,1.582554817199707,0.06368017196655273,0.09979680180549622
1788681119601799200,47.41479907226562,1.2454872131347656,-0.04125821590423584,0.11537635326385498
1788681119617638000,47.43063793945313,1.3888654708862305,-0.2384347915649414,0.0946158766746521
1788681119633537500,47.44653759765625,2.104844093322754,-0.5623815655708313,-0.025686025619506836
1788681119649467600,47.46246752929687,2.9657936096191406,-0.8682321906089783,-0.01241031289100647
1788681119665397800,47.47839770507812,3.2117700576782227,-0.5995537638664246,0.004694998264312744
1788681119681297400,47.49429736328125,2.0475311279296875,-0.07325351238250732,-0.012543559074401855
1788681119697197000,47.51019702148437,0.5118932723999023,0.14550185203552246,0.1078433245420456
1788681119713066200,47.52606616210937,-0.46744823455810547,0.3485379219055176,0.026833444833755493
1788681119728935400,47.54193530273437,-1.0515899658203125,0.31115496158599854,0.30170756578445435
1788681119744835000,47.5578349609375,1.6530685424804688,-2.3395164012908936,0.059827059507369995
1788681119760734700,47.57373461914062,4.021366119384766,-3.188685655593872,-0.44290411472320557
1788681119776634400,47.58963427734375,4.275973320007324,-3.1176869869232178,-1.0676648616790771
1788681119792534000,47.60553393554687,2.6320858001708984,-2.7484285831451416,-1.0304793119430542
1788681119808403200,47.6214033203125,-0.25412940979003906,-2.185575246810913,-0.8284459710121155
1788681119824272400,47.6372724609375,-3.057065010070801,-1.6338154077529907,-0.6548241972923279
1788681119840111000,47.65311108398438,-4.122120380401611,-1.390275001525879,-0.5997557640075684
1788681119855980000,47.66897998046875,-3.140007495880127,-1.3850016593933105,-0.38892728090286255
1788681119871879700,47.68487963867187,-1.5691328048706055,-1.3221275806427002,-0.042345836758613586
1788681119887779300,47.700779296875,-0.6181430816650391,-1.107587456703186,-0.3169679641723633
1788681119903740200,47.716740234375,-0.4104738235473633,-1.1143885850906372,-0.4137544631958008
1788681119919609300,47.732609375,-0.6032400131225586,-1.3985459804534912,-0.1521211564540863
1788681119935509000,47.74850903320313,-0.6864919662475586,-1.3999254703521729,-0.14064638316631317
1788681119951378200,47.76437817382813,-0.5814752578735352,-0.878262996673584,-0.11232641339302063
1788681119967247000,47.7802470703125,-0.7652444839477539,-0.20565706491470337,-0.04960384964942932
1788681119983116300,47.7961162109375,-1.1845817565917969,0.14271414279937744,-0.07628580927848816
1788681119998985500,47.8119853515625,-1.6582603454589844,0.41016685962677,-0.14556066691875458
1788681120014824200,47.82782421875,-1.7799668312072754,0.6550099849700928,-0.05138934403657913
1788681120030693400,47.843693359375,-1.415689468383789,0.7009239196777344,0.03937624394893646
1788681120046562300,47.85956225585937,-0.9247159957885742,0.6057722568511963,0.09860289096832275
1788681120062462000,47.8754619140625,-0.4672279357910156,0.4963953495025635,0.058987244963645935
1788681120078300700,47.89130078125,0.13638591766357422,0.2719234228134155,0.029378799721598625
1788681120094169900,47.907169921875,0.807337760925293,0.03834271430969238,-0.014546558260917664
1788681120110069500,47.92306958007813,1.6083269119262695,-0.10980594158172607,0.033779628574848175
1788681120125908200,47.938908203125,2.135106086730957,-0.3360787630081177,-0.037743523716926575
1788681120141838300,47.95483837890625,2.183382987976074,-0.49837714433670044,0.06996449083089828
1788681120157676800,47.9706767578125,2.193635940551758,-0.6360312700271606,0.2575952410697937
1788681120173546000,47.9865458984375,2.1211633682250977,-0.8566221594810486,0.2864709794521332
1788681120189384700,48.002384765625,2.420429229736328,-1.076150894165039,0.15454162657260895
1788681120205254000,48.01825390625,2.6666994094848633,-0.776623010635376,-0.03651025891304016
1788681120221123000,48.034123046875,2.1649608612060547,-0.27744972705841064,0.3514207899570465
1788681120236992000,48.04999194335937,0.7861223220825195,-0.20377850532531738,0.5748205184936523
1788681120252891600,48.0658916015625,-0.6155738830566406,-0.43900132179260254,0.5954666137695312
1788681120268822000,48.08182202148438,-0.7726707458496094,-1.2506661415100098,0.23755070567131042
1788681120284752100,48.09775219726563,1.1805171966552734,-2.4877281188964844,-0.1335696578025818
1788681120300682200,48.11368212890625,3.9064712524414062,-3.401731014251709,-0.035019755363464355
1788681120316551400,48.12955151367188,5.211634635925293,-3.356218099594116,0.7679632902145386
1788681120332451000,48.145451171875,3.0471925735473633,-2.923853635787964,0.9329168200492859
1788681120348350700,48.16135083007813,-0.7494592666625977,-2.6833181381225586,1.0362282991409302
1788681120364220000,48.17721997070313,-3.4870100021362305,-2.355799436569214,1.0005462169647217
1788681120380058400,48.19305834960937,-4.772380828857422,-1.818730115890503,0.7775459289550781
1788681120395958300,48.20895825195313,-4.271739482879639,-1.3477790355682373,0.7734779119491577
1788681120411858000,48.22485791015625,-2.84098482131958,-1.1042509078979492,0.872715950012207
1788681120427757600,48.24075756835938,-1.5806779861450195,-1.1712783575057983,0.8862237930297852
1788681120443626500,48.25662646484375,-0.8153228759765625,-1.2669099569320679,1.067909836769104
1788681120459495700,48.27249560546875,-0.6450881958007812,-1.311118483543396,1.0420700311660767
1788681120475395300,48.28839526367187,-1.0018596649169922,-1.1836978197097778,0.7158394455909729
1788681120491264500,48.30426440429687,-1.341597557067871,-0.9968018531799316,0.513786256313324
1788681120507316700,48.32031665039062,-1.5228910446166992,-0.7463839054107666,0.45628851652145386
1788681120523216400,48.33621630859375,-1.897423267364502,-0.4388391971588135,0.44107484817504883
1788681120539085600,48.35208544921875,-2.2571306228637695,-0.16515517234802246,0.3329041004180908
1788681120554985200,48.36798510742187,-2.1585021018981934,0.01100611686706543,0.22839394211769104
1788681120570824000,48.38382397460938,-1.8115992546081543,0.20116591453552246,0.14236652851104736
1788681120586693000,48.39969311523438,-1.3731250762939453,0.37351536750793457,0.07953840494155884
1788681120602531600,48.41553149414062,-1.0397119522094727,0.4225882291793823,0.03674536943435669
1788681120618400800,48.43140087890625,-0.5759334564208984,0.2549564838409424,0.15015628933906555
1788681120634270000,48.44727001953125,0.3375711441040039,0.09815454483032227,0.2262951135635376
1788681120650139100,48.46313916015625,1.2517786026000977,0.14540702104568481,0.13544410467147827
1788681120666008300,48.47900830078125,1.5311317443847656,0.43557894229888916,0.13344812393188477
1788681120681908000,48.49490795898438,1.5305538177490234,0.6914348006248474,0.1650192141532898
1788681120697868500,48.51086865234375,1.6437015533447266,0.6371704339981079,0.11468732357025146
1788681120713768200,48.52676831054688,1.9786128997802734,0.29254114627838135,0.28660792112350464
1788681120729637400,48.54263745117188,2.8223981857299805,-0.4144318103790283,0.5813096761703491
1788681120745506600,48.55850659179688,3.809872627258301,-0.9493404626846313,0.9276208877563477
1788681120761406200,48.57440625,4.196673393249512,-0.590326726436615,0.7471210956573486
1788681120777305900,48.59030590820313,3.545156478881836,0.15514123439788818,0.12689454853534698
1788681120793205500,48.60620556640625,1.8943347930908203,0.9728947877883911,-0.43328121304512024
1788681120809044000,48.6220439453125,0.3778038024902344,1.3453480005264282,-0.1885068416595459
1788681120824913200,48.6379130859375,1.2092151641845703,-0.7642331123352051,0.5535634756088257
1788681120840812800,48.65381274414062,3.3447418212890625,-2.991192102432251,0.23718324303627014
1788681120856682000,48.66968188476562,5.565482139587402,-3.9911510944366455,-1.0157313346862793
1788681120872581600,48.68558154296875,5.246382713317871,-3.5272791385650635,-0.9849618673324585
1788681120888481300,48.70148120117187,2.2206954956054688,-3.050673007965088,-0.9227644801139832
1788681120904381000,48.717380859375,-1.673417091369629,-2.740473985671997,-0.7514406442642212
1788681120920250000,48.73325,-4.493675231933594,-2.2004995346069336,-1.08540940284729
1788681120936119300,48.74911938476563,-5.158487796783447,-1.551939845085144,-1.210490107536316
1788681120952019000,48.76501904296875,-3.901034355163574,-1.2364493608474731,-0.6268187165260315
1788681120967918600,48.78091870117188,-2.4727320671081543,-1.297843337059021,-0.5105189085006714
1788681120983818200,48.796818359375,-1.1458053588867188,-1.4618898630142212,-0.6573705673217773
1788681120999687400,48.8126875,-0.45630645751953125,-1.573675274848938,-0.30840349197387695
1788681121015556600,48.828556640625,-0.25463294982910156,-1.4979578256607056,-0.1200314462184906
1788681121031486700,48.84448681640625,-0.027639389038085938,-1.2354799509048462,-0.06381386518478394
1788681121047356000,48.86035595703125,-0.03086090087890625,-0.9117653965950012,-0.0599806010723114
1788681121063225000,48.87622509765625,-0.001163482666015625,-0.5286175608634949,0.2594914436340332
1788681121079124700,48.89212475585938,-0.554966926574707,-0.028114497661590576,0.6676605343818665
1788681121095024400,48.9080244140625,-1.3502588272094727,0.4170064926147461,0.5738705396652222
1788681121110924000,48.92392407226563,-2.043384552001953,0.7136930227279663,0.27256032824516296
1788681121126823700,48.93982373046875,-2.4469165802001953,0.8794314861297607,0.014767579734325409
1788681121142784300,48.9557841796875,-2.340214252471924,0.9139500856399536,0.10298129916191101
1788681121158684000,48.97168383789062,-1.8291869163513184,0.6926783323287964,0.043510422110557556
1788681121174553000,48.98755297851562,-1.107987403869629,0.3936936855316162,-0.2268524467945099
1788681121190452700,49.00345263671875,-0.25415706634521484,0.11201822757720947,-0.5099712610244751
1788681121206352400,49.01935229492187,0.7337617874145508,-0.06973838806152344,-0.6893292665481567
1788681121222221600,49.0352216796875,1.5130224227905273,-0.21426820755004883,-0.6909908056259155
1788681121238090800,49.0510908203125,1.7228584289550781,-0.37876957654953003,-0.3756479024887085
1788681121253960000,49.0669599609375,1.405853271484375,-0.4421570897102356,-0.031115010380744934
1788681121269829000,49.0828291015625,1.2331523895263672,-0.3171508312225342,0.209268257021904
1788681121285698000,49.09869799804687,1.3992853164672852,-0.3773502707481384,0.27383238077163696
1788681121301597700,49.11459765625,2.2581748962402344,-0.6986480951309204,0.2672325074672699
1788681121317467000,49.130466796875,3.2707290649414062,-0.6148442029953003,0.07578355073928833
1788681121333366500,49.14636645507812,3.130965232849121,0.1593172550201416,0.36075982451438904
1788681121349266200,49.16226611328125,1.167801856994629,0.9215320348739624,0.7782983779907227
1788681121365135400,49.17813525390625,-1.0802907943725586,0.8185853958129883,0.6141074299812317
1788681121381035000,49.19403491210937,-1.2612781524658203,-0.4688153862953186,0.1576066017150879
1788681121396934700,49.2099345703125,2.163607597351074,-2.4037113189697266,-0.15404319763183594
1788681121412773400,49.2257734375,6.312760353088379,-3.8261666297912598,-0.4516485929489136
1788681121428642600,49.241642578125,8.14544677734375,-3.8140416145324707,0.37396949529647827
1788681121444542200,49.25754223632813,5.278861999511719,-3.0878260135650635,1.1734044551849365
1788681121460441900,49.27344189453125,0.45020008087158203,-2.5411629676818848,1.1975669860839844
1788681121476341500,49.28934155273438,-3.634756088256836,-2.184971809387207,1.0918546915054321
1788681121492241200,49.3052412109375,-4.97545862197876,-1.6808263063430786,1.1189393997192383
1788681121508140800,49.32114086914063,-4.578586101531982,-1.1922639608383179,1.0913619995117188
1788681121523979300,49.33697924804687,-3.2807207107543945,-0.9054957032203674,1.012305736541748
1788681121539848400,49.35284838867187,-2.0735068321228027,-1.0530750751495361,0.9202723503112793
1788681121555717600,49.36871752929687,-1.3147716522216797,-1.3782031536102295,0.9682426452636719
1788681121571586800,49.3845869140625,-1.1139554977416992,-1.4237468242645264,0.9927219152450562
1788681121587456000,49.4004560546875,-1.1380443572998047,-1.2764936685562134,0.8335654735565186
1788681121603325200,49.4163251953125,-1.1446304321289062,-1.0797821283340454,0.9228696823120117
1788681121619194000,49.43219409179687,-1.2731285095214844,-0.8183422088623047,0.7302945852279663
1788681121635063300,49.44806323242187,-1.4579839706420898,-0.488772451877594,0.5893436074256897
1788681121650932500,49.46393237304687,-1.5753660202026367,-0.18253695964813232,0.3509976267814636
1788681121666832100,49.47983203125,-1.4613990783691406,0.10021233558654785,0.4620022177696228
1788681121682731800,49.49573168945312,-1.4495649337768555,0.36046290397644043,0.4419217109680176
1788681121698631400,49.51163134765625,-1.4954280853271484,0.4476132392883301,0.4060663878917694
1788681121714500600,49.52750048828125,-1.3679838180541992,0.32125210762023926,0.45535117387771606
1788681121730369800,49.54336987304688,-0.8924312591552734,0.16971564292907715,0.5384460091590881
1788681121746239000,49.55923901367188,-0.1879110336303711,0.004931449890136719,0.5024966597557068
1788681121762108200,49.57510815429688,0.5430154800415039,-0.11161762475967407,0.5058287382125854
1788681121777977000,49.59097705078125,1.1222009658813477,-0.15628904104232788,0.36419859528541565
1788681121793907500,49.60690747070313,1.3388080596923828,-0.031382203102111816,-0.009845227003097534
1788681121809837600,49.62283764648438,1.5188617706298828,0.1520540714263916,-0.33737900853157043
1788681121825706800,49.63870678710938,1.6066703796386719,0.15416526794433594,-0.3703024685382843
1788681121841576000,49.65457592773438,1.774888038635254,-0.26219069957733154,0.04312625527381897
1788681121857475600,49.6704755859375,2.455172538757324,-0.8354523777961731,0.5303052663803101
1788681121873375200,49.68637524414063,2.9945449829101562,-0.799506664276123,0.15673723816871643
1788681121889275000,49.70227490234375,2.821056365966797,-0.3990868926048279,-0.3289608061313629
1788681121905174500,49.71817456054688,1.8427534103393555,0.02870500087738037,-0.5030890703201294
1788681121921043700,49.73404370117188,0.767643928527832,0.6890599727630615,-0.4327700138092041
1788681121936912600,49.74991259765625,0.07602405548095703,0.7617965936660767,-0.4349122643470764
1788681121952812300,49.76581225585937,0.5016908645629883,-0.8223458528518677,0.08882811665534973
1788681121968712000,49.7817119140625,2.3963708877563477,-2.662785053253174,-0.08369813114404678
1788681121984550700,49.79755053710937,3.8428468704223633,-3.3073084354400635,-0.8553102612495422
1788681122000419800,49.813419921875,3.6891307830810547,-2.934913158416748,-0.8139309287071228
1788681122016289000,49.8292890625,1.6849536895751953,-2.5277292728424072,-0.738749086856842
1788681122032188700,49.84518872070313,-0.8873682022094727,-2.12666392326355,-0.8401814103126526
1788681122048088300,49.86108837890625,-2.7770657539367676,-1.6705691814422607,-0.738147497177124
1788681122063988000,49.87698803710938,-3.143871307373047,-1.3768749237060547,-0.7035101056098938
1788681122079826400,49.89282641601562,-2.117530345916748,-1.2146958112716675,-0.7416409254074097
1788681122095695600,49.90869555664062,-1.4869632720947266,-1.0450458526611328,-0.8045554161071777
1788681122111595300,49.92459521484375,-1.4490184783935547,-0.8408417105674744,-0.8427679538726807
1788681122127464400,49.94046435546875,-1.6131982803344727,-0.8854799866676331,-0.5234165191650391
1788681122143364000,49.95636401367187,-1.3155927658081055,-1.075814962387085,-0.37853488326072693
1788681122159263700,49.972263671875,-0.7432241439819336,-1.0337663888931274,-0.307729035615921
1788681122175163400,49.98816333007812,0.034073829650878906,-0.7438281178474426,-0.45808765292167664
1788681122191032600,50.00403247070312,0.22353839874267578,-0.4780486226081848,-0.39546999335289
1788681122206901800,50.01990185546875,-0.6155319213867188,-0.1985321044921875,-0.09876853227615356
1788681122222801400,50.03580151367188,-1.6905641555786133,0.16560697555541992,-0.2677648067474365
1788681122238701000,50.051701171875,-2.2361764907836914,0.41555118560791016,-0.34077516198158264
1788681122254600700,50.0676005859375,-2.156369686126709,0.4316612482070923,-0.29150664806365967
1788681122270500400,50.08350024414062,-1.5790233612060547,0.3142906427383423,-0.13685239851474762
1788681122286400000,50.09939990234375,-0.7615184783935547,0.04459524154663086,-0.11755645275115967
1788681122302299600,50.11529956054687,0.09113883972167969,-0.2030353546142578,-0.33618366718292236
1788681122318138400,50.13113842773438,0.6312313079833984,-0.2791926860809326,-0.22620311379432678
1788681122334038000,50.1470380859375,0.6470117568969727,-0.14043664932250977,-0.15432146191596985
1788681122349968100,50.16296801757812,0.46308231353759766,-0.07373952865600586,-0.05313749611377716
1788681122365837300,50.17883740234375,0.5377674102783203,-0.3377547264099121,0.2529059648513794
1788681122381706500,50.19470654296875,1.4470090866088867,-0.7089974284172058,0.43040385842323303
1788681122397606100,50.21060620117188,2.763181686401367,-0.7563092708587646,0.4244520366191864
1788681122413505800,50.226505859375,3.5445804595947266,-0.4711916446685791,0.0665929764509201
1788681122429375000,50.242375,3.2745304107666016,0.1892167329788208,-0.16382256150245667
1788681122445274600,50.25827465820313,1.7768030166625977,0.5951805114746094,0.21584121882915497
1788681122461143800,50.27414379882813,0.33361053466796875,0.6603646278381348,0.714616596698761
1788681122477043500,50.29004345703125,-0.3274040222167969,0.37101006507873535,0.7185336351394653
1788681122492912400,50.30591235351562,0.5204963684082031,-0.4803515672683716,0.47485625743865967
1788681122508781600,50.32178149414062,2.840059280395508,-1.750492811203003,0.21682795882225037
1788681122524681200,50.33768115234375,5.384433746337891,-2.676133871078491,0.09116539359092712
1788681122540580900,50.35358081054687,6.14939022064209,-2.7141666412353516,0.41920986771583557
1788681122556419600,50.36941967773438,3.617055892944336,-2.392913818359375,0.8478378057479858
1788681122572288800,50.38528881835938,-0.006962776184082031,-2.0047624111175537,0.8239949941635132
1788681122588158000,50.40115795898438,-3.037107467651367,-1.3784434795379639,0.7737569212913513
1788681122604027000,50.41702685546875,-4.774866104125977,-0.5719448328018188,0.794747531414032
1788681122619926500,50.43292651367187,-5.384056091308594,-0.1563253402709961,0.7857833504676819
1788681122635795700,50.44879565429687,-4.5829081535339355,-0.22590041160583496,0.8173683881759644
1788681122651665000,50.46466479492187,-3.2865891456604004,-0.5544426441192627,0.546320915222168
1788681122667625700,50.48062573242188,-1.4103670120239258,-0.8071818351745605,0.5806213617324829
1788681122683494700,50.49649462890625,-0.17438030242919922,-0.9771710634231567,0.7390609979629517
1788681122699363800,50.51236376953125,0.3642091751098633,-0.9278477430343628,0.2316609025001526
1788681122715263500,50.52826342773437,0.055212974548339844,-0.8155173659324646,-0.06878036260604858
1788681122731163100,50.5441630859375,-1.0180072784423828,-0.6854428052902222,0.3268241286277771
1788681122747032300,50.5600322265625,-1.9342117309570312,-0.47252845764160156,0.6512612104415894
1788681122762901500,50.57590161132813,-2.1099700927734375,-0.14496445655822754,0.540573000907898
1788681122778770700,50.59177075195313,-1.568643569946289,0.08252322673797607,0.2588313817977905
1788681122794640000,50.60763989257813,-1.1256189346313477,0.31075000762939453,0.11664170771837234
1788681122810570000,50.62357006835938,-1.238901138305664,0.44327378273010254,0.08013692498207092
1788681122826439200,50.63943920898438,-1.4587745666503906,0.5542253255844116,0.21970883011817932
1788681122842277600,50.65527758789062,-1.3061256408691406,0.48920178413391113,0.2864983379840851
1788681122858146800,50.67114672851562,-0.6170339584350586,0.3995957374572754,0.18962742388248444
1788681122874016000,50.68701611328125,0.09550952911376953,0.32878339290618896,0.17446140944957733
1788681122889854700,50.70285473632813,0.887242317199707,0.12440550327301025,0.01148909330368042
1788681122905815300,50.71881518554687,1.4033403396606445,0.011334896087646484,-0.1048421859741211
1788681122921684500,50.7346845703125,1.837834358215332,-0.0087815523147583,-0.1690475046634674
1788681122937584000,50.75058422851563,2.159524917602539,-0.20689940452575684,-0.40834200382232666
1788681122953453300,50.76645336914063,2.373873710632324,-0.41481441259384155,-0.2617320418357849
1788681122969322500,50.78232250976563,2.9668283462524414,-0.607958197593689,-0.16048717498779297
1788681122985191400,50.79819140625,3.1253299713134766,-0.26883065700531006,-0.1254872828722
1788681123001060600,50.814060546875,2.0419864654541016,0.09361445903778076,-0.29059576988220215
1788681123016929800,50.8299296875,0.6653585433959961,0.028734922409057617,-0.7008929252624512
1788681123032829400,50.84582934570312,-0.016111373901367188,0.004578590393066406,-0.6866282820701599
1788681123048698600,50.86169873046875,0.6626148223876953,-0.38237667083740234,-0.5096224546432495
1788681123064567800,50.87756787109375,2.4156665802001953,-1.5362071990966797,-0.4528445899486542
1788681123080467500,50.89346752929688,4.490077018737793,-2.516601800918579,-0.5841355323791504
1788681123096367000,50.9093671875,5.174263954162598,-2.7728734016418457,-0.9098595380783081
1788681123112266800,50.92526684570313,3.5213851928710938,-2.5538835525512695,-1.0424953699111938
1788681123128166400,50.94116650390625,0.4774131774902344,-2.299140453338623,-0.7881413698196411
1788681123144035600,50.95703564453125,-2.2041735649108887,-1.9501574039459229,-0.7292846441268921
1788681123159935200,50.97293530273438,-3.5171561241149902,-1.3289823532104492,-0.8749752044677734
1788681123175835000,50.9888349609375,-3.6067113876342773,-0.8528185486793518,-0.7825267314910889
1788681123191765000,51.00476489257812,-2.8445444107055664,-0.8067141771316528,-0.38882946968078613
1788681123207634200,51.02063427734375,-1.9375414848327637,-1.1224716901779175,-0.318545937538147
1788681123223473000,51.03647290039063,-1.4627761840820312,-1.3839082717895508,-0.2950511574745178
1788681123239341800,51.052341796875,-0.9178199768066406,-1.322195291519165,-0.3407074213027954
1788681123255241500,51.06824145507812,-0.6679792404174805,-1.0850496292114258,-0.3602331876754761
1788681123271110700,51.08411059570312,-0.5445528030395508,-0.7487435340881348,-0.3208872675895691
1788681123287010300,51.10001025390625,-0.6529664993286133,-0.2771849036216736,-0.1574525535106659
1788681123302879500,51.11587939453125,-1.4215974807739258,0.12056612968444824,-0.05782577395439148
1788681123318748700,51.13174877929688,-2.179898738861084,0.31603384017944336,-0.11602631211280823
1788681123334648300,51.1476484375,-2.0133209228515625,0.47375786304473877,-0.3257843255996704
1788681123350548000,51.1635478515625,-1.6280488967895508,0.5604026317596436,-0.2077459692955017
1788681123366447600,51.17944750976562,-1.4657220840454102,0.7046308517456055,-0.16228143870830536
1788681123382316800,51.19531689453125,-1.320037841796875,0.7097910642623901,-0.32073232531547546
1788681123398186000,51.21118603515625,-1.0023880004882812,0.5487269163131714,-0.4301246404647827
1788681123414055200,51.22705517578125,-0.5200357437133789,0.28925347328186035,-0.36818018555641174
1788681123429893600,51.2428935546875,0.37409210205078125,0.1031806468963623,-0.32060012221336365
1788681123445793300,51.25879321289062,1.6138668060302734,0.04441303014755249,-0.280328631401062
1788681123461662500,51.27466235351562,2.0296707153320312,-0.03613168001174927,-0.15624892711639404
1788681123477623300,51.29062329101563,1.7855510711669922,-0.23034530878067017,-0.13848407566547394
1788681123493492200,51.3064921875,1.7951622009277344,-0.4547814130783081,-0.41778337955474854
1788681123509331000,51.3223310546875,2.6118240356445312,-0.5733370780944824,-0.327711820602417
1788681123525200100,51.3382001953125,3.655031204223633,-0.6561269164085388,-0.23391112685203552
1788681123541069300,51.3540693359375,3.94091796875,-0.4046100378036499,-0.02356603741645813
1788681123556938500,51.3699384765625,2.8445005416870117,0.2423839569091797,0.2885373830795288
1788681123572838100,51.38583813476563,0.7921714782714844,0.412699818611145,0.6649092435836792
1788681123588737800,51.40173779296875,-0.7073583602905273,-0.13661932945251465,0.8812314867973328
1788681123604668000,51.41766796875,0.0029191970825195312,-1.1739343404769897,0.921532154083252
1788681123620567600,51.43356762695313,2.753462791442871,-2.508820056915283,0.1986897885799408
1788681123636467200,51.44946728515625,5.891866683959961,-3.3100757598876953,-0.07256823778152466
1788681123652366800,51.46536694335938,6.716794967651367,-3.0950684547424316,0.4053427577018738
1788681123668205600,51.48120556640625,3.6834144592285156,-2.754589557647705,0.9388777017593384
1788681123684074500,51.49707446289062,-0.3308401107788086,-2.462509870529175,0.9654266834259033
1788681123699943700,51.51294360351562,-3.563990592956543,-1.9178316593170166,0.7822802066802979
1788681123715812900,51.52881274414062,-5.011378288269043,-1.2513253688812256,0.8159069418907166
1788681123731620900,51.54462084960937,-4.81764554977417,-0.9123086333274841,0.8285349011421204
1788681123755485700,51.56848559570312,-3.120490550994873,-0.9305528402328491,0.7127945423126221
1788681123771355000,51.58435498046875,-1.9912166595458984,-0.9671107530593872,0.9458906650543213
1788681123787224000,51.60022412109375,-0.7904329299926758,-1.1364097595214844,0.8813782334327698
1788681123803123700,51.61612377929688,0.17548847198486328,-1.1657650470733643,0.40670207142829895
1788681123818993000,51.63199291992188,0.35507869720458984,-1.07568359375,0.009669750928878784
1788681123834862000,51.64786206054688,-0.4119071960449219,-0.7177854776382446,0.04971867799758911
1788681123850731000,51.66373095703125,-1.5239686965942383,-0.21903842687606812,0.19891364872455597
1788681123866600200,51.67960009765625,-2.701920986175537,0.1662830114364624,0.22076576948165894
1788681123882469400,51.69546948242188,-3.1973066329956055,0.49842238426208496,0.20375417172908783
1788681123898430000,51.71142993164062,-2.8833885192871094,0.7413794994354248,0.2692316770553589
1788681123914268700,51.7272685546875,-1.751896858215332,0.6528844833374023,0.04484018683433533
1788681123930107400,51.743107421875,-0.7997407913208008,0.5142639875411987,-0.0020753443241119385
1788681123946007000,51.75900708007813,0.0401458740234375,0.4846327304840088,-0.14585888385772705
1788681123961876200,51.77487622070313,0.5685529708862305,0.4006035327911377,-0.22956901788711548
1788681123977806300,51.79080639648438,0.64544677734375,0.26606690883636475,-0.1809929609298706
1788681123993706000,51.8067060546875,0.4495248794555664,0.24546682834625244,0.008217781782150269
1788681124009575200,51.8225751953125,0.29770469665527344,0.3662900924682617,0.0552445650100708
1788681124025444400,51.8384443359375,0.34848690032958984,0.39746928215026855,-0.06684443354606628
1788681124041313300,51.85431323242187,0.9260730743408203,0.112143874168396,-0.22284537553787231
1788681124057243600,51.87024365234375,2.2288265228271484,-0.28410375118255615,-0.17260578274726868
1788681124073112600,51.88611254882812,3.5637636184692383,-0.6835553050041199,-0.2664656937122345
1788681124089012200,51.90201220703125,4.615875244140625,-0.83133864402771,-0.1167055070400238
1788681124104912100,51.917912109375,4.364434242248535,-0.5580663084983826,-0.00011387467384338379
1788681124120842200,51.93384228515625,2.2869701385498047,-0.199723482131958,-0.07215562462806702
1788681124136742000,51.94974194335938,0.019374847412109375,0.15190088748931885,-0.3218004107475281
1788681124152580400,51.96558032226562,-1.1292047500610352,0.42325377464294434,-0.5312508344650269
1788681124168419000,51.98141918945313,-0.010213851928710938,-0.27604997158050537,-0.4324047863483429
1788681124184288300,51.99728833007813,2.3505992889404297,-2.010639190673828,-0.2526397705078125
1788681124200188000,52.01318798828125,4.860882759094238,-3.0585713386535645,-0.3017714321613312
1788681124216087600,52.02908764648438,5.017075538635254,-2.9662272930145264,-0.21513424813747406
1788681124231987200,52.0449873046875,1.9770946502685547,-2.7466816902160645,-0.32568681240081787
1788681124247886800,52.06088696289063,-1.4199600219726562,-2.420276403427124,-0.8039629459381104
1788681124263725600,52.0767255859375,-3.496030807495117,-1.726958990097046,-0.8833277225494385
1788681124279625200,52.09262524414063,-3.751204013824463,-1.1393836736679077,-0.6350421905517578
1788681124295494400,52.10849438476563,-2.951449394226074,-0.9258534908294678,-0.3146483600139618
1788681124311363300,52.12436328125,-2.168020248413086,-1.0277597904205322,-0.16853797435760498
1788681124327263000,52.14026293945312,-1.8503742218017578,-1.2613416910171509,-0.12621577084064484
1788681124343132200,52.15613208007812,-1.4757156372070312,-1.412787675857544,0.04566993936896324
1788681124359001300,52.17200146484375,-0.5772066116333008,-1.238814353942871,-0.19165736436843872
1788681124374931500,52.18793139648437,0.27893543243408203,-0.976809024810791,-0.2843317985534668
1788681124390770200,52.20377026367188,0.656193733215332,-0.6155397891998291,-0.002916984260082245
1788681124406669800,52.219669921875,0.33966732025146484,-0.17945903539657593,0.02292768657207489
1788681124422569500,52.23556958007813,-0.7008752822875977,0.2721412777900696,-0.13447017967700958
1788681124438469000,52.25146923828125,-1.6982221603393555,0.5619515180587769,-0.06524009257555008
1788681124454338300,52.26733837890625,-2.2024941444396973,0.789219856262207,-0.05747918039560318
1788681124470268400,52.28326831054687,-2.160106658935547,0.9037860631942749,-0.19905857741832733
1788681124486168000,52.29916796875,-1.6193952560424805,0.7876254320144653,-0.24043691158294678
1788681124502037200,52.31503735351563,-0.7355165481567383,0.4725290536880493,-0.24090337753295898
1788681124517937000,52.33093701171875,0.05723762512207031,0.27570945024490356,-0.36356252431869507
1788681124533806000,52.34680615234375,0.5546360015869141,0.24802052974700928,-0.5427327156066895
1788681124549705700,52.36270581054688,0.6428375244140625,0.1531214714050293,-0.36969193816185
1788681124565575000,52.37857495117188,0.3928995132446289,0.019193172454833984,-0.32763415575027466
1788681124581474600,52.394474609375,0.29860877990722656,-0.007659435272216797,-0.4550701975822449
1788681124597404700,52.41040478515625,0.4878244400024414,-0.06755149364471436,-0.43994221091270447
1788681124613273900,52.42627392578125,1.029557228088379,-0.21874380111694336,-0.3911634683609009
1788681124629173500,52.44217358398438,1.9101810455322266,-0.5637309551239014,-0.3092294931411743
1788681124645042700,52.45804272460938,2.9039697647094727,-0.6989773511886597,-0.0707215964794159
1788681124661003300,52.47400317382812,3.414853096008301,-0.5676910281181335,0.04536208510398865
1788681124676872400,52.48987255859375,3.002692222595215,0.07408487796783447,-0.023854047060012817
1788681124692741600,52.50574169921875,1.5365962982177734,0.3192793130874634,0.07991597056388855
1788681124708610800,52.52161083984375,-0.26302528381347656,0.4144490957260132,0.24519634246826172
1788681124724449300,52.53744921875,-1.1076984405517578,0.2148498296737671,0.7028350830078125
1788681124740349000,52.55334887695312,-0.1443195343017578,-1.0284706354141235,0.5341980457305908
1788681124756248600,52.56924853515625,2.719374656677246,-2.4275336265563965,-0.16540050506591797
1788681124772117800,52.58511767578125,5.148926734924316,-2.6676626205444336,-0.14108633995056152
1788681124788017400,52.60101733398437,5.117626190185547,-2.2094409465789795,0.6731319427490234
1788681124803917000,52.6169169921875,1.7857770919799805,-1.9691654443740845,0.9609745740890503
1788681124819755800,52.632755859375,-1.60491943359375,-1.7629961967468262,0.9198664426803589
1788681124835625000,52.648625,-3.455075263977051,-1.4050235748291016,0.9701677560806274
1788681124851524600,52.66452465820313,-3.9421677589416504,-0.8592223525047302,1.0282789468765259
1788681124867393800,52.68039379882813,-3.4812655448913574,-0.4476613402366638,1.2445405721664429
1788681124883293400,52.69629345703125,-2.7789764404296875,-0.34288084506988525,1.2412524223327637
1788681124899193000,52.71219311523438,-2.254180908203125,-0.46083003282546997,0.9249355792999268
1788681124915123200,52.72812329101563,-1.64068603515625,-0.5944991111755371,0.9332144260406494
1788681124930992400,52.74399243164063,-0.5015459060668945,-0.7667098641395569,0.8318713307380676
1788681124946861600,52.75986157226563,0.5613470077514648,-0.7503896951675415,0.6646078824996948
1788681124962730500,52.77573046875,0.5599679946899414,-0.38234764337539673,0.38860636949539185
1788681124978599700,52.791599609375,-0.3764371871948242,-0.10715997219085693,0.6515827775001526
1788681124994468900,52.80746875,-1.6746883392333984,0.19021308422088623,0.7454272508621216
1788681125010399000,52.82339892578125,-2.4466538429260254,0.4768211841583252,0.6372639536857605
1788681125026298600,52.83929858398437,-2.3743505477905273,0.6814736127853394,0.4898885190486908
1788681125042198300,52.8551982421875,-1.638427734375,0.6968304514884949,0.42331647872924805
1788681125058098000,52.87109790039062,-0.8490810394287109,0.6009998917579651,0.389021098613739
1788681125073967000,52.88696704101562,-0.22339820861816406,0.47851699590682983,0.39395713806152344
1788681125089897500,52.9028974609375,0.08181476593017578,0.3141304850578308,0.34686654806137085
1788681125105766400,52.91876635742187,0.36119842529296875,-0.013138055801391602,0.2526298761367798
1788681125121635600,52.93463549804687,0.6195611953735352,-0.1628705859184265,0.08009283244609833
1788681125137535200,52.95053515625,0.927032470703125,-0.2150568962097168,-0.17729640007019043
1788681125153435000,52.96643481445312,1.1187381744384766,-0.26676028966903687,-0.3245009481906891
1788681125177269200,52.99026928710938,1.2440614700317383,-0.3339763879776001,-0.43692487478256226
1788681125193138400,53.00613842773438,1.7145957946777344,-0.5908774137496948,-0.5948222875595093
1788681125209038000,53.0220380859375,2.6639480590820312,-0.6977761387825012,-0.6047303080558777
1788681125224907000,53.03790698242187,3.3181819915771484,-0.431402325630188,-0.6824485063552856
1788681125240806700,53.053806640625,2.597606658935547,0.08273792266845703,-0.9948858022689819
1788681125256706600,53.06970654296875,0.8701229095458984,0.40550875663757324,-1.1252429485321045
1788681125272606200,53.08560620117188,-0.7166194915771484,0.6931177377700806,-1.120182991027832
1788681125288475100,53.10147509765625,-0.9873743057250977,0.05962169170379639,-0.6139440536499023
1788681125304405500,53.11740551757813,1.088043212890625,-1.7310508489608765,-0.25401803851127625
1788681125320305200,53.13330517578125,4.953296661376953,-3.208552598953247,-1.2138320207595825
1788681125336204800,53.14920483398438,7.401110649108887,-3.1586878299713135,-1.4376020431518555
1788681125352135000,53.16513500976563,5.50972843170166,-2.390805721282959,-1.1082267761230469
1788681125368065000,53.18106494140625,1.1416778564453125,-1.9347656965255737,-1.0384286642074585
1788681125383964700,53.19696459960937,-3.145801544189453,-1.7627559900283813,-0.7263294458389282
1788681125399864300,53.2128642578125,-5.014438629150391,-1.545148491859436,-0.7032814621925354
1788681125415764000,53.22876391601562,-3.944627285003662,-1.3892101049423218,-0.9004783630371094
1788681125431663600,53.24466357421875,-1.3309993743896484,-1.3424241542816162,-0.9170105457305908
1788681125447532800,53.26053271484375,0.00013637542724609375,-1.2388278245925903,-0.5695485472679138
1788681125463371500,53.27637158203125,-0.3414897918701172,-1.0554735660552979,-0.45670977234840393
1788681125479210000,53.2922099609375,-1.4973163604736328,-1.2158957719802856,-0.35847529768943787
1788681125495048700,53.30804858398437,-2.027466297149658,-1.4860553741455078,-0.3643168807029724
1788681125510948400,53.3239482421875,-1.5354042053222656,-1.2854509353637695,-0.37063923478126526
1788681125526878500,53.33987841796875,-0.8154420852661133,-0.7721506357192993,-0.39767611026763916
1788681125542747600,53.35574755859375,-0.551335334777832,-0.3064642548561096,-0.45687347650527954
1788681125558616800,53.37161694335938,-1.0882434844970703,0.04458117485046387,-0.5000116229057312
1788681125574547000,53.387546875,-1.8333420753479004,0.3674342632293701,-0.551067590713501
1788681125590446600,53.40344653320312,-2.2935357093811035,0.4522281885147095,-0.41586410999298096
1788681125606315800,53.41931567382812,-2.087985038757324,0.38651537895202637,-0.36942458152770996
1788681125622185000,53.43518505859375,-1.535477638244629,0.36343443393707275,-0.3908272385597229
1788681125638084600,53.45108471679688,-1.0228185653686523,0.3821643590927124,-0.4215238690376282
1788681125653953800,53.46695385742188,-0.38616371154785156,0.23704147338867188,-0.5139432549476624
1788681125669884000,53.4828837890625,0.12221050262451172,0.1037435531616211,-0.6033010482788086
1788681125685753000,53.49875317382813,0.32517147064208984,0.07270193099975586,-0.5781137943267822
1788681125701622300,53.51462231445313,0.3553152084350586,0.11339735984802246,-0.26450806856155396
1788681125717522000,53.53052197265625,0.20122623443603516,0.0190354585647583,-0.1875431388616562
1788681125733391000,53.54639111328125,0.048392295837402344,-0.13204443454742432,-0.20014022290706635
1788681125749290800,53.56229077148438,0.6427812576293945,-0.13100194931030273,-0.1907080113887787
1788681125765160000,53.57815991210938,1.8507585525512695,-0.4273362159729004,-0.16984699666500092
1788681125781028900,53.59402880859375,2.9278364181518555,-0.5428504943847656,-0.21203480660915375
1788681125796928500,53.60992846679687,3.1061391830444336,-0.0007166862487792969,-0.06528282165527344
1788681125812767200,53.62576733398438,2.0985755920410156,0.15820658206939697,0.6699802279472351
1788681125828636400,53.64163647460938,0.8879890441894531,-0.08253300189971924,0.6015968918800354
1788681125844505600,53.65750561523438,0.49382686614990234,-0.36420416831970215,0.5399117469787598
1788681125860405200,53.6734052734375,1.5229682922363281,-1.5574488639831543,0.506036639213562
1788681125876243700,53.68924365234375,3.957927703857422,-2.7521681785583496,0.20797251164913177
1788681125892113000,53.70511279296875,5.954728126525879,-2.7961604595184326,0.3766370713710785
1788681125915947300,53.728947265625,3.5862464904785156,-2.154397487640381,0.9762293696403503
1788681125931785700,53.74478564453125,0.2245616912841797,-2.141930103302002,1.1392183303833008
1788681125947624400,53.76062451171875,-2.404397964477539,-2.0186641216278076,1.0221943855285645
1788681125963554600,53.77655444335937,-3.623948574066162,-1.5718556642532349,0.7463545799255371
1788681125979454200,53.7924541015625,-3.4057302474975586,-1.0762444734573364,0.7965911030769348
1788681125995323400,53.80832348632813,-2.398143768310547,-0.9056241512298584,0.9943913221359253
1788681126011162000,53.824162109375,-1.4373197555541992,-1.062935709953308,0.9702731370925903
1788681126027031000,53.84003100585937,-0.735931396484375,-1.31409752368927,0.8079859018325806
1788681126042900200,53.85590014648437,-0.044709205627441406,-1.4431973695755005,0.703729510307312
1788681126058739000,53.87173901367188,0.3463163375854492,-1.40851891040802,0.5703881978988647
1788681126074638600,53.887638671875,0.4673776626586914,-1.1394902467727661,0.17636758089065552
1788681126090538200,53.90353833007813,0.12178421020507812,-0.7100832462310791,0.3130362927913666
1788681126106438000,53.91943798828125,-0.956171989440918,-0.30373650789260864,0.41057920455932617
1788681126122276600,53.93527661132813,-2.149629592895508,0.07437175512313843,0.15647366642951965
1788681126138145500,53.9511455078125,-2.702427387237549,0.3616601824760437,0.07157215476036072
1788681126154045200,53.96704516601562,-2.6000752449035645,0.564629316329956,0.11040621995925903
1788681126169945000,53.98294506835938,-2.0641751289367676,0.5970221757888794,-0.13039594888687134
1788681126185814000,53.99881396484375,-1.3972625732421875,0.5529361367225647,0.04243582487106323
1788681126201683200,54.01468310546875,-0.5141782760620117,0.39993906021118164,0.20522397756576538
1788681126217552400,54.03055249023438,-0.09735584259033203,0.26840394735336304,0.06087341904640198
1788681126233482500,54.046482421875,0.00039386749267578125,0.19088292121887207,0.08442634344100952
1788681126249351700,54.0623515625,-0.036426544189453125,0.19162005186080933,0.1464185118675232
1788681126265220900,54.07822094726563,-0.18906402587890625,0.26674342155456543,0.2448735535144806
1788681126281120500,54.09412060546875,-0.2599763870239258,0.2727782726287842,0.2357501983642578
1788681126297020200,54.11002026367188,-0.24587059020996094,0.20780563354492188,0.07302269339561462
1788681126312919800,54.125919921875,0.3953075408935547,-0.07360851764678955,-0.096281498670578
1788681126328880600,54.14188061523438,2.2091474533081055,-0.5567018985748291,-0.1600588858127594
1788681126344749600,54.15774951171875,3.948531150817871,-0.867331862449646,-0.07276603579521179
1788681126360618800,54.17361865234375,4.219573020935059,-0.6048029661178589,-0.07047411799430847
1788681126376488000,54.18948803710938,2.5131025314331055,-0.39837414026260376,-0.3410803973674774
1788681126392357000,54.20535717773438,0.5492877960205078,-0.30947935581207275,-0.3574618101119995
1788681126408256800,54.2212568359375,-0.42922115325927734,-0.01744711399078369,-0.41880670189857483
1788681126424217300,54.23721728515625,0.14165973663330078,-0.39290452003479004,-0.5053187608718872
1788681126440117000,54.25311694335937,2.207185745239258,-1.856384515762329,-0.13647639751434326
1788681126456016600,54.2690166015625,4.3156585693359375,-2.7659711837768555,-0.41371089220046997
1788681126471916300,54.28491625976562,4.544341087341309,-2.7079267501831055,-0.532221794128418
1788681126487755000,54.30075512695313,2.17205810546875,-2.6252923011779785,-0.3101240396499634
1788681126503624200,54.31662426757813,-0.6350736618041992,-2.3518548011779785,-0.6538766622543335
1788681126519523800,54.33252392578125,-2.4749855995178223,-1.9029157161712646,-0.7842423915863037
1788681126535423500,54.34842358398438,-2.4257431030273438,-1.4738787412643433,-0.6116006374359131
1788681126551292700,54.36429272460938,-1.3983573913574219,-1.3652465343475342,-0.05559271574020386
1788681126567161900,54.38016186523438,-0.5598049163818359,-1.4021250009536743,0.003907382488250732
1788681126583122400,54.39612231445312,-0.6031494140625,-1.4800450801849365,-0.11244378983974457
1788681126598991600,54.41199169921875,-0.7618627548217773,-1.569699764251709,-0.16055381298065186
1788681126614860800,54.42786083984375,-0.6374263763427734,-1.3422479629516602,-0.04430888593196869
1788681126630730000,54.44372998046875,-0.2661314010620117,-0.940729558467865,-0.08697272837162018
1788681126646629600,54.45962963867188,-0.054378509521484375,-0.6004282236099243,-0.2017054259777069
1788681126662498600,54.47549853515625,-0.20714759826660156,-0.26538896560668945,-0.12464042007923126
1788681126678398200,54.49139819335937,-0.9080686569213867,0.07697510719299316,-0.1322418451309204
1788681126694267400,54.50726733398437,-1.8251843452453613,0.3269525170326233,-0.13907603919506073
1788681126710167000,54.5231669921875,-2.395181179046631,0.5006258487701416,-0.03418993204832077
1788681126726036200,54.5390361328125,-2.3656344413757324,0.611528217792511,0.15133139491081238
1788681126741905400,54.55490551757813,-1.9452705383300781,0.5397622585296631,0.16724149882793427
1788681126757805000,54.57080517578125,-1.2145261764526367,0.4162225127220154,0.028147032484412193
1788681126773674200,54.58667431640625,-0.7015285491943359,0.2920958995819092,-0.07170958817005157
1788681126789574000,54.60257397460938,-0.3792142868041992,0.19965845346450806,-0.13224124908447266
1788681126805473500,54.6184736328125,-0.19144153594970703,0.0740998387336731,-0.16301394999027252
1788681126821342700,54.6343427734375,0.04458332061767578,0.032334983348846436,-0.17180615663528442
1788681126837242400,54.65024243164063,0.41690826416015625,0.05647546052932739,-0.15369299054145813
1788681126853142000,54.66614208984375,0.5967416763305664,-0.06763339042663574,-0.3872818946838379
1788681126868980700,54.68198071289063,0.9765348434448242,-0.10974746942520142,-0.41534775495529175
1788681126884849700,54.697849609375,1.3098945617675781,-0.2127913236618042,-0.2304723560810089
1788681126900780000,54.71378002929688,1.8098077774047852,-0.6208513975143433,-0.28031259775161743
1788681126916649000,54.72964892578125,2.5212230682373047,-0.7177306413650513,-0.5314936637878418
1788681126932548600,54.74554858398437,2.7269859313964844,-0.19194018840789795,-0.45946821570396423
1788681126948448300,54.7614482421875,1.5614852905273438,0.1144266128540039,-0.0720382034778595
1788681126964348200,54.77734814453125,-0.17520523071289062,0.16999733448028564,0.10534271597862244
1788681126980217000,54.79321704101562,-0.761016845703125,-0.20642906427383423,0.956719160079956
1788681126996086300,54.80908618164062,-0.5153989791870117,-1.1076186895370483,0.6322071552276611
1788681127011955500,54.82495556640625,2.1121721267700195,-2.4081175327301025,0.19311848282814026
1788681127027794200,54.84079418945313,5.2721357345581055,-3.2030887603759766,0.14704424142837524
1788681127043632600,54.85663256835937,6.554001808166504,-2.7749834060668945,0.5651230812072754
1788681127059532300,54.8725322265625,4.310624122619629,-2.803460121154785,0.8509190082550049
1788681127075401500,54.8884013671875,0.5759391784667969,-2.6206910610198975,1.3873679637908936
1788681127091301000,54.90430102539062,-2.742429733276367,-1.9535863399505615,1.1920534372329712
1788681127107076600,54.92007666015625,-4.084517002105713,-1.2334004640579224,0.964435338973999
1788681127122945800,54.93594580078125,-3.7116684913635254,-1.008677363395691,0.9576836824417114
1788681127138876000,54.9518759765625,-2.459700584411621,-1.119524359703064,0.9956991672515869
1788681127154806000,54.967805908203125,-1.1632757186889648,-1.2779459953308105,0.9049011468887329
1788681127170705700,54.98370556640625,-0.4423179626464844,-1.252642273902893,0.8368045091629028
1788681127186635800,54.9996357421875,-0.5726022720336914,-1.0683236122131348,0.6514054536819458
1788681127202535400,55.015535400390625,-0.9670591354370117,-0.9362303018569946,0.44923117756843567
1788681127218404600,55.031404541015625,-1.4012727737426758,-0.6786306500434875,0.4794575273990631
1788681127234334700,55.047334716796875,-1.7651829719543457,-0.4013441503047943,0.5330035090446472
1788681127250234600,55.06323461914062,-1.977430820465088,-0.10926574468612671,0.36018648743629456
1788681127266134300,55.07913427734375,-1.8853874206542969,0.21214860677719116,0.2056047022342682
1788681127282034000,55.09503393554687,-1.7649173736572266,0.38752394914627075,0.0656258761882782
1788681127297933600,55.11093359375,-1.527693748474121,0.410073459148407,0.010691046714782715
1788681127313802500,55.126802490234375,-0.9059524536132812,0.19263732433319092,-0.16471147537231445
1788681127329702100,55.1427021484375,-0.2680072784423828,0.19449245929718018,-0.267424613237381
1788681127345571300,55.1585712890625,0.5196971893310547,0.18068259954452515,-0.014520704746246338
1788681127361440500,55.1744404296875,1.1860151290893555,0.17877709865570068,-0.07423552870750427
1788681127377340200,55.190340087890625,0.12771224975585938,0.41282445192337036,-1.2922508716583252
1788681127393239800,55.20623974609375,0.4652862548828125,0.29788684844970703,0.7091020345687866
1788681127409139500,55.222139404296875,0.39856624603271484,0.4941466450691223,0.051555246114730835
1788681127425008600,55.238008544921875,0.3259601593017578,0.8584006428718567,0.10882726311683655
1788681127440847400,55.25384741210937,0.5064287185668945,0.39448028802871704,-0.3254868686199188
1788681127456747000,55.2697470703125,1.547663688659668,0.08522844314575195,-0.04640725255012512
1788681127472616200,55.2856162109375,3.0520095825195312,-0.26728183031082153,0.33714523911476135
1788681127488485000,55.301485107421875,5.4957685470581055,-1.4442191123962402,-0.39549720287323
1788681127504354300,55.317354248046875,4.366501808166504,-0.676406741142273,-0.4398544728755951
1788681127520254000,55.33325390625,2.4388427734375,-0.20951592922210693,-0.008885443210601807
1788681127536184300,55.34918432617187,0.3247194290161133,0.2466341257095337,0.41978687047958374
1788681127552053200,55.36505322265625,-0.22801780700683594,0.5006773471832275,0.8289417624473572
1788681127567892000,55.38089208984375,1.097001075744629,-0.14381194114685059,1.9551467895507812
1788681127583730700,55.39673071289062,3.13466739654541,-1.131515622138977,1.9967670440673828
1788681127599599600,55.412599609375,4.582030296325684,-2.344569206237793,0.7473552227020264
1788681127615530000,55.42853002929687,4.326996803283691,-3.0846381187438965,-0.4091309905052185
1788681127631399200,55.44439916992187,2.2136287689208984,-3.0095670223236084,-0.9915322661399841
1788681127647237600,55.460237548828125,-0.49179553985595703,-2.960845708847046,-0.5032498836517334
1788681127663137300,55.47613720703125,-2.556633472442627,-2.3777337074279785,-0.3481862545013428
1788681127679037000,55.492036865234375,-3.5947585105895996,-1.462672472000122,-0.7429405450820923
1788681127694967000,55.507967041015625,-3.5807600021362305,-0.9236462116241455,-1.0772926807403564
1788681127710836200,55.523836181640625,-2.8044090270996094,-0.9911815524101257,-0.8369981050491333
1788681127726705400,55.539705322265625,-1.9455881118774414,-1.129612684249878,-0.11683517694473267
1788681127742605000,55.55560498046875,-1.1912765502929688,-1.0424959659576416,0.1261901557445526
1788681127758504700,55.571504638671875,-0.8111648559570312,-1.0875663757324219,0.16174912452697754
1788681127774404400,55.587404296875,-0.5592746734619141,-1.273508906364441,0.12851262092590332
1788681127790273500,55.6032734375,-0.4284505844116211,-1.1309254169464111,-0.11163470149040222
1788681127806142700,55.61914282226562,-0.5376949310302734,-1.0427191257476807,-0.11757642030715942
1788681127822042400,55.63504248046875,-0.528721809387207,-0.9245484471321106,-0.2980881929397583
1788681127837911600,55.65091162109375,-0.5597095489501953,-0.6230250597000122,-0.33703914284706116
1788681127853780700,55.66678076171875,-0.2846097946166992,-0.3179764747619629,-0.0445713996887207
1788681127869649700,55.682649658203125,-0.6026029586791992,-0.6965978145599365,-0.8636954426765442
1788681127885518800,55.698518798828125,-1.140411376953125,-0.4798887372016907,-0.7532187700271606
1788681127901388000,55.714387939453125,-1.8726682662963867,0.16654574871063232,-0.5910600423812866
1788681127917257200,55.73025732421875,-2.0764212608337402,0.19055485725402832,-0.5295242071151733
1788681127933248500,55.74624853515625,-1.7387895584106445,0.22282946109771729,-0.2881767451763153
1788681127949178600,55.7621787109375,-0.9786195755004883,0.3106456995010376,-0.1954355537891388
1788681127965047800,55.7780478515625,-0.11637496948242188,0.2705068588256836,-0.03930768370628357
1788681127980917000,55.7939169921875,0.4100761413574219,0.031316161155700684,-0.1289946585893631
1788681127996786000,55.809785888671875,1.389470100402832,0.17279207706451416,-0.6026048064231873
1788681128012655000,55.825655029296875,1.3299407958984375,0.04890322685241699,-0.6465575695037842
1788681128028524300,55.841524169921875,1.1668701171875,-0.10191679000854492,-0.6942498087882996
1788681128044454400,55.857454345703125,1.1814813613891602,-0.32277125120162964,-0.7753593921661377
1788681128060354000,55.87335400390625,1.083439826965332,-0.5161686539649963,-0.7678635120391846
1788681128076223200,55.88922314453125,0.7284727096557617,-0.5673601031303406,-0.651531994342804
1788681128092123000,55.905122802734375,0.09359359741210938,-0.309969425201416,-0.8370054364204407
1788681128107992000,55.920991943359375,-0.5485973358154297,0.03434097766876221,-0.875450849533081
1788681128123861200,55.936861328125,-0.5280284881591797,0.11245346069335938,-0.6169149279594421
1788681128139730400,55.95273046875,0.22289180755615234,-0.10148072242736816,0.05464473366737366
1788681128155599400,55.968599365234375,1.267836570739746,-0.7541426420211792,1.3410389423370361
1788681128171468500,55.984468505859375,2.6035757064819336,-1.2385271787643433,1.7554583549499512
1788681128187337700,56.000337646484375,3.9279956817626953,-1.8786495923995972,1.5829310417175293
1788681128203176400,56.01617651367187,4.275378227233887,-2.313823699951172,1.1264045238494873
1788681128219045600,56.03204565429687,3.6637868881225586,-2.392225980758667,0.3561665117740631
1788681128234945300,56.0479453125,2.100039482116699,-2.3510210514068604,0.11814188957214355
1788681128250875400,56.06387548828125,0.12656688690185547,-2.022092342376709,0.47057241201400757
1788681128266744600,56.07974462890625,-1.2051515579223633,-1.3101048469543457,0.5421005487442017
1788681128282644200,56.09564428710937,-1.581674575805664,-0.6701277494430542,0.6345208883285522
1788681128298543900,56.1115439453125,-1.498539924621582,-0.49784839153289795,1.0592780113220215
1788681128314413000,56.1274130859375,-1.3678464889526367,-0.6332976222038269,1.4125454425811768
1788681128330343200,56.14334326171875,-1.1861257553100586,-0.6964093446731567,1.3399128913879395
1788681128346212400,56.15921240234375,-1.4510383605957031,-0.6891229748725891,1.2301855087280273
1788681128362112000,56.17511206054687,-1.7211213111877441,-0.7391782402992249,1.2562546730041504
1788681128377981200,56.19098120117187,-1.4251556396484375,-0.8750278353691101,1.1727266311645508
1788681128393850000,56.20685009765625,-0.9086990356445312,-0.8040685057640076,0.8558114767074585
1788681128409688800,56.222688720703125,-0.3104133605957031,-0.6708685159683228,0.7557839155197144
1788681128425649700,56.23864965820312,-0.062333106994628906,-0.4552896022796631,0.5584323406219482
1788681128441518600,56.2545185546875,0.07111740112304688,-0.3160210847854614,0.2925964593887329
1788681128457387800,56.2703876953125,-0.43443965911865234,-0.2504793405532837,0.22674375772476196
1788681128473287400,56.286287353515625,-0.8650360107421875,-0.13211917877197266,0.45118704438209534
1788681128489187000,56.30218701171875,-0.7002553939819336,0.11778807640075684,0.6606763601303101
1788681128505056300,56.31805615234375,0.08664512634277344,0.17499232292175293,0.6376118659973145
1788681128520925400,56.33392553710937,-0.3490123748779297,0.12747013568878174,0.8386490345001221
1788681128536794600,56.34979467773437,-0.9507818222045898,0.14097023010253906,1.096174716949463
1788681128552694300,56.3656943359375,-1.9222373962402344,0.13097119331359863,1.1843141317367554
1788681128568594000,56.38159399414062,-2.41705322265625,0.26138007640838623,0.797259509563446
1788681128584463000,56.39746313476562,-1.6838946342468262,0.17870104312896729,0.551713228225708
1788681128600362800,56.41336279296875,-0.4904804229736328,0.13388276100158691,0.42144256830215454
1788681128616232000,56.42923193359375,0.4868907928466797,0.4602031707763672,0.5480911731719971
1788681128632100900,56.445100830078125,1.436570167541504,0.4540325403213501,0.8773512840270996
1788681128647970000,56.460969970703125,2.275444984436035,0.398492693901062,1.0974074602127075
1788681128663839200,56.476839111328125,3.104456901550293,0.25790607929229736,1.4734668731689453
1788681128679708400,56.49270849609375,3.3028879165649414,0.18836820125579834,1.0874004364013672
1788681128695577600,56.50857763671875,2.6806716918945312,0.27704083919525146,0.11287885904312134
1788681128711446500,56.524446533203125,1.5817689895629883,0.27253103256225586,-0.26040953397750854
1788681128727315700,56.540315673828125,0.3128852844238281,0.2829693555831909,-0.14565014839172363
1788681128743185000,56.556184814453125,-0.37312793731689453,0.35887598991394043,0.102932870388031
1788681128759054000,56.57205419921875,-0.29007434844970703,0.037146925926208496,0.9797370433807373
1788681128774984200,56.587984130859375,0.6325178146362305,-0.6157939434051514,1.52947998046875
1788681128790883800,56.6038837890625,1.7453012466430664,-1.191603183746338,1.025383710861206
1788681128806875100,56.61987524414062,2.612703323364258,-1.6187171936035156,0.10961207747459412
1788681128822744300,56.63574438476562,2.4212474822998047,-1.7185869216918945,-1.009687900543213
1788681128838613500,56.65161352539062,1.3942508697509766,-1.8433691263198853,-1.3453642129898071
1788681128854513200,56.66751318359375,0.36440086364746094,-1.9466221332550049,-0.7678050994873047
1788681128870412800,56.68341284179687,-0.6464862823486328,-1.478569746017456,-0.568171501159668
1788681128886282000,56.69928198242187,-1.2330598831176758,-0.9752607941627502,-0.7865744233131409
1788681128902151000,56.71515087890625,-1.6084041595458984,-0.5562372207641602,-1.0039781332015991
1788681128918111700,56.73111181640625,-1.5025529861450195,-0.4466252326965332,-0.7469881176948547
1788681128933981000,56.74698095703125,-1.2627973556518555,-0.6236881017684937,-0.1977393627166748
1788681128949819400,56.7628193359375,-1.3956193923950195,-0.8725634813308716,0.36504077911376953
1788681128965719000,56.778718994140625,-1.394658088684082,-0.9429109692573547,0.386948823928833
1788681128981588200,56.794588134765625,-1.0048294067382812,-0.8249714374542236,0.049533993005752563
1788681128997487900,56.81048779296875,-0.2205657958984375,-0.7583486437797546,-0.1542324721813202
1788681129013326600,56.82632666015625,0.6372108459472656,-0.6625307202339172,-0.2872099280357361
1788681129029226200,56.84222631835937,0.7995815277099609,-0.5343912839889526,-0.40909990668296814
1788681129045156400,56.85815625,0.1083517074584961,-0.3555711507797241,-0.3394511640071869
1788681129060995000,56.8739951171875,-1.0909061431884766,-0.10550224781036377,-0.062031954526901245
1788681129076894700,56.88989477539062,-1.6893796920776367,-0.1468578577041626,0.10608860850334167
1788681129092733200,56.905733154296875,-1.6479406356811523,-0.08248639106750488,0.06752479076385498
1788681129108602400,56.921602294921875,-0.8031282424926758,0.005107104778289795,-0.20414385199546814
1788681129124532500,56.937532470703125,0.18071842193603516,-0.006167590618133545,-0.3922319710254669
1788681129140401700,56.953401611328125,0.8832473754882812,-0.17162960767745972,-0.48837634921073914
1788681129156301300,56.96930126953125,0.8771514892578125,-0.2673340439796448,-0.443937212228775
1788681129172170500,56.98517041015625,0.2230520248413086,-0.25216037034988403,-0.3228644132614136
1788681129188070100,57.001070068359375,-0.1827688217163086,-0.20166534185409546,-0.1020858883857727
1788681129203939300,57.016939208984375,0.4662046432495117,-0.3928680419921875,0.4316934049129486
1788681129219808500,57.03280859375,0.9434356689453125,-0.6165311932563782,0.25310301780700684
1788681129235708200,57.04870825195312,-0.24585342407226562,-0.6409257650375366,-0.45066696405410767
1788681129251607800,57.06460791015625,-0.6844005584716797,-0.6437163352966309,-0.8033664226531982
1788681129275411500,57.088411376953125,0.22183799743652344,-0.9515314698219299,-0.8559653162956238
1788681129291311000,57.10431103515625,1.3504981994628906,-0.9517707824707031,-0.6128935813903809
1788681129307180300,57.12018017578125,1.5665607452392578,-0.6095870733261108,0.5561738610267639
1788681129323049500,57.13604956054687,0.8524045944213867,-0.373543381690979,1.271789312362671
1788681129338888000,57.151887939453125,-0.19360065460205078,-0.6117208003997803,1.7414096593856812
1788681129354818300,57.167818359375,-0.8664312362670898,-0.7253367900848389,1.4160208702087402
1788681129370687500,57.1836875,-0.4735403060913086,-1.1933152675628662,1.1212180852890015
1788681129386556400,57.199556396484375,0.882441520690918,-1.8323451280593872,1.3200230598449707
1788681129402456000,57.2154560546875,2.565272331237793,-2.306062698364258,1.304058313369751
1788681129418386400,57.23138647460937,3.297663688659668,-2.4825193881988525,0.9074476957321167
1788681129434316500,57.24731665039062,2.7368478775024414,-2.3973920345306396,0.5439137816429138
1788681129450185700,57.26318579101562,1.335693359375,-2.242417335510254,0.6852688789367676
1788681129466085400,57.27908544921875,0.008342742919921875,-1.7895591259002686,0.6235886216163635
1788681129481954600,57.29495458984375,-0.8551464080810547,-1.1294329166412354,0.01370018720626831
1788681129497854200,57.31085424804687,-1.2161979675292969,-0.7325257062911987,-0.21996724605560303
1788681129513723400,57.32672338867187,-0.9912691116333008,-0.8286263942718506,0.5050089359283447
1788681129529623000,57.342623046875,-0.4731292724609375,-0.8820518851280212,1.2724580764770508
1788681129545522700,57.35852270507812,-0.16062259674072266,-0.785717248916626,1.6879295110702515
1788681129561422300,57.37442236328125,-0.050383567810058594,-0.5865012407302856,1.9468424320220947
1788681129577260800,57.3902607421875,0.21481990814208984,-0.3582131266593933,1.4104626178741455
1788681129593130000,57.4061298828125,0.3495931625366211,-0.4326103925704956,1.0754759311676025
1788681129608999200,57.42199926757812,0.36588287353515625,-0.7402678728103638,0.8384444117546082
1788681129624898800,57.43789892578125,0.10412883758544922,-0.6005029082298279,-0.05842810869216919
1788681129640798500,57.45379858398437,-0.1533517837524414,-0.3767849802970886,-0.6555555462837219
1788681129656667600,57.46966772460937,-0.3102426528930664,-0.2627676725387573,-0.7822829484939575
1788681129672536800,57.48553686523437,-0.5769376754760742,-0.1540570855140686,-0.7197030186653137
1788681129688436500,57.5014365234375,-0.7128047943115234,-0.04964745044708252,-0.38618505001068115
1788681129704305700,57.5173056640625,0.3934602737426758,0.011034846305847168,-0.07261192798614502
1788681129720174600,57.533174560546875,-0.4348745346069336,0.15846991539001465,0.09859806299209595
1788681129736074200,57.54907421875,-1.4861249923706055,0.3954687714576721,0.20006442070007324
1788681129751974000,57.564973876953125,-1.9194984436035156,0.3859642744064331,0.39179909229278564
1788681129767843000,57.580843017578125,-1.0455045700073242,0.05313903093338013,-0.3171985149383545
1788681129783742700,57.59674267578125,0.6889228820800781,-0.5135943293571472,-0.8185217976570129
