time,seconds_elapsed,z,y,x
1788678594574275000,0.166275146484375,2.3530001640319824,-47.32100296020508,20.52400016784668
1788678594590521000,0.18252099609375,-14.973000526428223,-36.17900085449219,-21.52800178527832
1788678594606731500,0.1987314453125,-16.260000228881836,-35.749000549316406,-21.522001266479492
1788678594622863600,0.214863525390625,-15.86500072479248,-35.553001403808594,-22.845001220703125
1788678594638913500,0.23091357421875,-15.070000648498535,-36.388999938964844,-21.224000930786133
1788678594655068400,0.247068359375,-13.618000984191895,-36.09400177001953,-22.955001831054688
1788678594671177200,0.26317724609375,-15.26400089263916,-36.91800308227539,-20.71900177001953
1788678594687392300,0.279392333984375,-14.32300090789795,-35.85100173950195,-20.915000915527344
1788678594703534800,0.295534912109375,-14.796000480651855,-35.986000061035156,-23.054000854492188
1788678594719609300,0.311609375,-13.063000679016113,-36.73100280761719,-22.452001571655273
1788678594735758600,0.327758544921875,-13.499000549316406,-35.76300048828125,-22.23900032043457
1788678594751900000,0.34389990234375,-12.43600082397461,-36.41600036621094,-22.85700035095215
1788678594768114000,0.360114013671875,-13.272000312805176,-36.94300079345703,-22.352001190185547
1788678594784270300,0.376270263671875,-15.209000587463379,-35.86800003051758,-22.34000015258789
1788678594800303900,0.392303955078125,-13.508000373840332,-35.33500289916992,-22.33700180053711
1788678594816452900,0.408452880859375,-13.703001022338867,-35,-21.315000534057617
1788678594832563200,0.424563232421875,-14.94800090789795,-36.4890022277832,-20.61400032043457
1788678594848783000,0.440783203125,-13.625000953674316,-34.04500198364258,-22.020000457763672
1788678594864901000,0.456901123046875,-12.920001029968262,-35.41200256347656,-19.996000289916992
1788678594880957400,0.47295751953125,-14.76400089263916,-35.967002868652344,-21.628000259399414
1788678594897109800,0.48910986328125,-14.552000999450684,-36.50800323486328,-22.041000366210938
1788678594913217800,0.5052177734375,-13.608000755310059,-35.980003356933594,-22.44500160217285
1788678594929434000,0.52143408203125,-13.393000602722168,-35.76300048828125,-22.23900032043457
1788678594945561900,0.537561767578125,-13.072000503540039,-35.979000091552734,-22.343000411987305
1788678594961620200,0.5536201171875,-12.640000343322754,-36.301002502441406,-22.347000122070312
1788678594977771500,0.569771484375,-12.303000450134277,-36.832000732421875,-21.944000244140625
1788678594993882000,0.585882080078125,-14.337000846862793,-35.967002868652344,-21.62900161743164
1788678595010097400,0.602097412109375,-13.04800033569336,-36.83000183105469,-21.84200096130371
1788678595026235100,0.618235107421875,-15.200000762939453,-36.512001037597656,-22.345001220703125
1788678595042293200,0.634293212890625,-13.26300048828125,-36.6140022277832,-21.738000869750977
1788678595058439200,0.650439208984375,-13.590001106262207,-36.617000579833984,-22.043001174926758
1788678595074546700,0.666546630859375,-13.15000057220459,-36.070003509521484,-21.12200164794922
1788678595090761500,0.682761474609375,-13.339000701904297,-37.13600158691406,-20.72300148010254
1788678595106903300,0.6989033203125,-13.015000343322754,-38.43000030517578,-21.34600067138672
1788678595122973400,0.714973388671875,-12.426000595092773,-35.329002380371094,-21.727001190185547
1788678595139123000,0.731123046875,-14.007000923156738,-37.1510009765625,-21.94500160217285
1788678595155230700,0.747230712890625,-11.648000717163086,-37.689002990722656,-21.851001739501953
1788678595171445500,0.763445556640625,-13.154000282287598,-37.26100158691406,-22.049001693725586
1788678595187596800,0.7795966796875,-13.25100040435791,-36.60700225830078,-21.22800064086914
1788678595203623200,0.795623046875,-13.366000175476074,-37.04300308227539,-21.843000411987305
1788678595219772400,0.8117724609375,-11.963000297546387,-37.79300308227539,-21.648000717163086
1788678595235885000,0.827885009765625,-13.053000450134277,-38.12900161743164,-22.87200164794922
1788678595252104400,0.8441044921875,-11.767000198364258,-37.69600296020508,-22.360000610351562
1788678595268265700,0.860265625,-14.308000564575195,-36.59800338745117,-20.71700096130371
1788678595284292900,0.87629296875,-12.687000274658203,-37.67000198364258,-20.525001525878906
1788678595300452600,0.89245263671875,-13.471000671386719,-37.79900360107422,-22.257001876831055
1788678595316571600,0.908571533203125,-11.558000564575195,-37.483001708984375,-22.46000099182129
1788678595332789500,0.92478955078125,-13.557001113891602,-37.354000091552734,-21.0310001373291
1788678595348913000,0.940912841796875,-14.082000732421875,-37.45600128173828,-20.725000381469727
1788678595364963000,0.956963134765625,-11.744000434875488,-37.034000396728516,-20.928001403808594
1788678595381111600,0.973111572265625,-13.590001106262207,-36.4010009765625,-21.939001083374023
1788678595397223700,0.9892236328125,-14.324000358581543,-36.39200210571289,-21.327001571655273
1788678595413443600,1.005443603515625,-12.600000381469727,-37.358001708984375,-21.236000061035156
1788678595429575000,1.021574951171875,-11.653000831604004,-37.04300308227539,-21.642000198364258
1788678595445633300,1.03763330078125,-14.649001121520996,-37.58300018310547,-22.25400161743164
1788678595461785900,1.053785888671875,-11.51300048828125,-37.78000259399414,-20.630001068115234
1788678595477899800,1.069899658203125,-13.248001098632812,-37.361000061035156,-21.540000915527344
1788678595494118400,1.086118408203125,-14.182001113891602,-37.34300231933594,-20.317001342773438
1788678595510255000,1.102255126953125,-13.158000946044922,-35.967002868652344,-21.426000595092773
1788678595526322000,1.118322021484375,-13.795001029968262,-37.36800003051758,-22.1510009765625
1788678595542473000,1.134472900390625,-13.142000198364258,-36.605003356933594,-21.126001358032227
1788678595558582800,1.150582763671875,-12.792000770568848,-38.10100173950195,-20.733001708984375
1788678595574799600,1.166799560546875,-13.221000671386719,-37.4530029296875,-20.421001434326172
1788678595590945000,1.182945068359375,-14.009000778198242,-36.50400161743164,-21.634000778198242
1788678595607020800,1.199020751953125,-14.22900104522705,-36.39900207519531,-21.836000442504883
1788678595623169800,1.215169677734375,-12.611001014709473,-35.95900344848633,-20.816001892089844
1788678595639280400,1.2312802734375,-13.242000579833984,-37.790000915527344,-21.54400062561035
1788678595655497500,1.24749755859375,-13.906001091003418,-36.93800354003906,-22.045001983642578
1788678595671646700,1.263646728515625,-13.908000946044922,-37.5880012512207,-22.560001373291016
1788678595687675100,1.279675048828125,-14.965001106262207,-37.040000915527344,-21.73900032043457
1788678595703826400,1.295826416015625,-13.6850004196167,-37.79900360107422,-22.257001876831055
1788678595719940400,1.3119404296875,-12.358000755310059,-38.422000885009766,-20.634000778198242
1788678595736159700,1.32815966796875,-12.601000785827637,-38.979000091552734,-22.269001007080078
1788678595752317700,1.344317626953125,-11.643000602722168,-38.44200134277344,-22.06100082397461
1788678595768354800,1.360354736328125,-11.770000457763672,-36.94200134277344,-22.04800033569336
1788678595784503600,1.376503662109375,-13.016000747680664,-38.86300277709961,-21.6560001373291
1788678595800612900,1.39261279296875,-14.834000587463379,-37.13300323486328,-20.72100067138672
1788678595816829200,1.4088291015625,-12.941000938415527,-37.694000244140625,-22.35900115966797
1788678595832949800,1.42494970703125,-13.91100025177002,-36.72500228881836,-22.145000457763672
1788678595849007400,1.44100732421875,-12.5910005569458,-37.677001953125,-21.035001754760742
1788678595865160000,1.457159912109375,-13.804000854492188,-36.72500228881836,-22.145000457763672
1788678595881257200,1.47325732421875,-13.65000057220459,-37.345001220703125,-20.41900062561035
1788678595897475600,1.4894755859375,-12.782000541687012,-37.3380012512207,-19.80900001525879
1788678595913603600,1.505603515625,-13.03600025177002,-37.25400161743164,-21.540000915527344
1788678595929661400,1.521661376953125,-13.664000511169434,-37.13800048828125,-20.927000045776367
1788678595945780200,1.5377802734375,-12.706000328063965,-37.573001861572266,-21.339000701904297
1788678595961888800,1.553888671875,-12.790000915527344,-38.42400360107422,-20.83700180053711
1788678595978105600,1.570105712890625,-13.566000938415527,-36.819000244140625,-21.128000259399414
1788678595994244600,1.58624462890625,-12.596000671386719,-38.00400161743164,-21.44500160217285
1788678596010307000,1.60230712890625,-13.042000770568848,-36.28499984741211,-21.226001739501953
1788678596026455600,1.61845556640625,-13.880001068115234,-36.81500244140625,-20.82200050354004
1788678596042567200,1.634567138671875,-14.076000213623047,-37.236000061035156,-20.316001892089844
1788678596058783200,1.650783203125,-15.568000793457031,-36.80000305175781,-19.90300178527832
1788678596074921000,1.6669208984375,-15.292000770568848,-36.71900177001953,-21.838001251220703
1788678596090991900,1.682991943359375,-14.391000747680664,-38.31300354003906,-20.73200035095215
1788678596107139600,1.6991396484375,-13.224000930786133,-37.2390022277832,-20.41900062561035
1788678596123251000,1.7152509765625,-12.793000221252441,-37.020999908447266,-20.112001419067383
1788678596139468300,1.73146826171875,-13.207000732421875,-38.20100021362305,-20.224000930786133
1788678596155617000,1.747616943359375,-13.891000747680664,-37.470001220703125,-21.744001388549805
1788678596171642400,1.763642333984375,-15.790000915527344,-37.02000045776367,-20.41400146484375
1788678596187790000,1.7797900390625,-14.928000450134277,-37.125,-20.110000610351562
1788678596203898000,1.795898193359375,-17.18000030517578,-36.91100311279297,-20.411001205444336
1788678596220113700,1.81211376953125,-15.387001037597656,-35.415000915527344,-20.50200080871582
1788678596236267000,1.82826708984375,-14.200000762939453,-36.70500183105469,-20.71900177001953
1788678596252294000,1.8442939453125,-15.134000778198242,-37.12000274658203,-19.804000854492188
1788678596268454400,1.860454345703125,-15.474000930786133,-36.051002502441406,-19.998001098632812
1788678596284567600,1.876567626953125,-13.637001037597656,-38.09400177001953,-20.32400131225586
1788678596300787000,1.892786865234375,-15.474000930786133,-37.02400207519531,-20.618000030517578
1788678596316906800,1.90890673828125,-16.648000717163086,-36.2650032043457,-20.100000381469727
1788678596332953300,1.924953369140625,-15.821001052856445,-36.28200149536133,-21.32400131225586
1788678596349099000,1.94109912109375,-15.167000770568848,-37.24800109863281,-21.33300018310547
1788678596365212000,1.9572119140625,-15.801000595092773,-37.027000427246094,-20.92300033569336
1788678596381428700,1.9734287109375,-15.13800048828125,-37.3390007019043,-20.112001419067383
1788678596397559600,1.9895595703125,-15.585000991821289,-36.702003479003906,-20.615001678466797
1788678596413621800,2.005621826171875,-16.767000198364258,-36.380001068115234,-20.71200180053711
1788678596429772500,2.0217724609375,-14.492000579833984,-36.58000183105469,-19.393001556396484
1788678596445880600,2.037880615234375,-13.868000984191895,-37.34800338745117,-20.623001098632812
1788678596462093000,2.054093017578125,-16.21500015258789,-36.694000244140625,-20.10500144958496
1788678596478224100,2.07022412109375,-15.362000465393066,-37.56100082397461,-20.725000381469727
1788678596494281700,2.08628173828125,-18.145000457763672,-36.5880012512207,-20.407001495361328
1788678596510430000,2.102429931640625,-13.680000305175781,-35.85000228881836,-20.81300163269043
1788678596526541300,2.118541259765625,-14.5260009765625,-36.92500305175781,-21.12700080871582
1788678596542758700,2.134758544921875,-14.309000968933105,-37.031002044677734,-21.027000427246094
1788678596558907000,2.150906982421875,-14.067000389099121,-37.12200164794922,-19.806001663208008
1788678596574934300,2.166934326171875,-13.680000305175781,-36.499000549316406,-21.227001190185547
1788678596591082200,2.183082275390625,-12.545001029968262,-37.75699996948242,-18.998001098632812
1788678596607190500,2.1991904296875,-14.340001106262207,-37.374000549316406,-22.660001754760742
1788678596623404800,2.21540478515625,-13.965001106262207,-35.93600082397461,-19.286001205444336
1788678596639555600,2.2315556640625,-15.796000480651855,-37.888999938964844,-21.236000061035156
1788678596655589400,2.24758935546875,-15.803000450134277,-36.59600067138672,-20.716001510620117
1788678596671737900,2.26373779296875,-14.283000946044922,-36.58300018310547,-19.597000122070312
1788678596687848200,2.27984814453125,-15.367000579833984,-37.02400207519531,-20.618000030517578
1788678596704066000,2.296066162109375,-15.562000274658203,-38.525001525878906,-20.733001708984375
1788678596720228600,2.312228515625,-14.743000984191895,-36.819000244140625,-21.22800064086914
1788678596736269800,2.328269775390625,-15.903000831604004,-36.592002868652344,-20.410001754760742
1788678596752420000,2.344420166015625,-15.485000610351562,-36.27300262451172,-20.611000061035156
1788678596768559000,2.36055908203125,-16.84000015258789,-37.656002044677734,-20.010000228881836
1788678596784773400,2.3767734375,-16.520000457763672,-38.41400146484375,-20.527000427246094
1788678596800923400,2.39292333984375,-15.78700065612793,-37.23500061035156,-20.416000366210938
1788678596816985000,2.408985107421875,-14.893000602722168,-37.320003509521484,-18.68600082397461
1788678596833131500,2.425131591796875,-15.370000839233398,-37.025001525878906,-20.720001220703125
1788678596849241900,2.441241943359375,-15.117000579833984,-37.5420036315918,-19.299001693725586
1788678596865460700,2.457460693359375,-15.369000434875488,-36.592002868652344,-20.410001754760742
1788678596881591600,2.473591552734375,-15.417000770568848,-38.39400100708008,-18.898000717163086
1788678596897639400,2.489639404296875,-14.270000457763672,-37.22300338745117,-19.39900016784668
1788678596913790000,2.5057900390625,-16.541000366210938,-36.913002014160156,-20.514001846313477
1788678596929899000,2.52189892578125,-13.724000930786133,-38.082000732421875,-19.407001495361328
1788678596946112300,2.5381123046875,-14.314001083374023,-36.49400329589844,-20.920000076293945
1788678596962251000,2.5542509765625,-14.50200080871582,-37.34300231933594,-20.316001892089844
1788678596978318000,2.570318115234375,-15.873001098632812,-36.57400131225586,-19.08500099182129
1788678596994469000,2.58646923828125,-15.894001007080078,-37.23500061035156,-20.415000915527344
1788678597010579500,2.602579345703125,-17.08500099182129,-37.027000427246094,-21.023000717163086
1788678597026797300,2.61879736328125,-16.33100128173828,-36.69900131225586,-20.512001037597656
1788678597042942700,2.634942626953125,-14.410000801086426,-36.92000198364258,-20.720001220703125
1788678597058971100,2.65097119140625,-15.316000938415527,-37.42500305175781,-18.584001541137695
1788678597075122700,2.667122802734375,-16.894001007080078,-37.04100036621094,-22.042001724243164
1788678597091233300,2.6832333984375,-14.634000778198242,-36.49300003051758,-20.920000076293945
1788678597107452400,2.699452392578125,-15.61500072479248,-36.720001220703125,-21.939001083374023
1788678597123611000,2.71561083984375,-15.363000869750977,-36.69700241088867,-20.20800018310547
1788678597139637000,2.731636962890625,-14.44800090789795,-36.294002532958984,-22.03900146484375
1788678597155789000,2.7477890625,-11.942000389099121,-37.13199996948242,-20.31800079345703
1788678597171899400,2.7638994140625,-16.44500160217285,-36.8120002746582,-20.920000076293945
1788678597188116500,2.780116455078125,-14.949000358581543,-36.92100143432617,-20.92300033569336
1788678597204274200,2.796274169921875,-17.10700035095215,-36.06700134277344,-21.422000885009766
1788678597220296200,2.812296142578125,-16.655000686645508,-36.37700271606445,-20.509000778198242
1788678597236442000,2.828442138671875,-16.253000259399414,-35.42000198364258,-21.010000228881836
1788678597252548000,2.844548095703125,-15.682001113891602,-36.803001403808594,-20.20800018310547
1788678597268765200,2.86076513671875,-15.36600112915039,-36.807003021240234,-20.41200065612793
1788678597284884200,2.87688427734375,-14.934000968933105,-37.12900161743164,-20.416000366210938
1788678597300930800,2.892930908203125,-14.28600025177002,-37.342002868652344,-20.21500015258789
1788678597317072100,2.909072021484375,-14.332000732421875,-36.829002380371094,-21.942001342773438
1788678597333179000,2.925178955078125,-14.11400032043457,-36.827003479003906,-21.738000869750977
1788678597349392600,2.941392578125,-14.460000991821289,-36.301002502441406,-22.54800033569336
1788678597365511400,2.957511474609375,-13.903000831604004,-37.47700119018555,-22.25400161743164
1788678597381569800,2.97356982421875,-14.867000579833984,-37.04500198364258,-22.147001266479492
1788678597397721300,2.989721435546875,-13.242000579833984,-37.25,-21.23400115966797
1788678597413831400,3.00583154296875,-13.578001022338867,-36.177001953125,-21.224000930786133
1788678597430048000,3.022048095703125,-13.690000534057617,-37.586002349853516,-22.35700035095215
1788678597446179300,3.038179443359375,-13.248001098632812,-37.685001373291016,-21.74700164794922
1788678597462244900,3.054244873046875,-15.602001190185547,-35.84700012207031,-20.81100082397461
1788678597478390500,3.070390625,-14.642001152038574,-35.957000732421875,-20.915000915527344
1788678597494499300,3.086499267578125,-13.891000747680664,-37.470001220703125,-21.744001388549805
1788678597510717400,3.102717529296875,-15.040000915527344,-36.91200256347656,-20.21000099182129
1788678597526867000,3.118866943359375,-15.27500057220459,-36.16800308227539,-20.71200180053711
1788678597542895900,3.134895751953125,-14.321001052856445,-36.93100357055664,-21.535001754760742
1788678597559043800,3.1510439453125,-16.440000534057617,-37.13300323486328,-20.92300033569336
1788678597575154200,3.167154296875,-15.408000946044922,-36.400001525878906,-22.03900146484375
1788678597591368400,3.183368408203125,-15.182001113891602,-35.63600158691406,-21.01300048828125
1788678597607522300,3.199522216796875,-13.660000801086426,-36.81100082397461,-20.516000747680664
1788678597623557600,3.2155576171875,-15.07300090789795,-35.31100082397461,-20.705001831054688
1788678597639705600,3.23170556640625,-14.633000373840332,-36.92500305175781,-21.12700080871582
1788678597655816400,3.24781640625,-14.521000862121582,-37.13800048828125,-21.02800178527832
1788678597672033000,3.264032958984375,-16.437000274658203,-36.375,-20.30500030517578
1788678597688149200,3.280149169921875,-14.749000549316406,-35.41699981689453,-20.60500144958496
1788678597704191000,3.29619091796875,-15.387001037597656,-37.25200271606445,-21.639001846313477
1788678597720337400,3.31233740234375,-14.566000938415527,-35.3280029296875,-21.928001403808594
1788678597736447200,3.328447265625,-16.246000289916992,-36.7130012512207,-21.5310001373291
1788678597752663600,3.34466357421875,-14.964000701904297,-36.60700225830078,-21.43000030517578
1788678597768784400,3.360784423828125,-15.183000564575195,-37.25800323486328,-22.046001434326172
1788678597784843800,3.37684375,-16.04800033569336,-35.75,-21.625001907348633
1788678597800994000,3.392994140625,-14.85200023651123,-36.17100143432617,-20.917001724243164
1788678597817107500,3.409107421875,-15.792000770568848,-37.99500274658203,-21.135000228881836
1788678597833326600,3.42532666015625,-12.51300048828125,-36.61300277709961,-21.637001037597656
1788678597849457700,3.441457763671875,-14.762001037597656,-37.262001037597656,-22.35300064086914
1788678597865514200,3.45751416015625,-15.075000762939453,-37.14900207519531,-21.944000244140625
1788678597881664000,3.4736640625,-14.723000526428223,-37.13100051879883,-20.518001556396484
1788678597897774800,3.48977490234375,-13.696001052856445,-36.29300308227539,-21.836000442504883
1788678597913990400,3.505990478515625,-14.511000633239746,-37.02400207519531,-20.517000198364258
1788678597930132500,3.522132568359375,-14.828001022338867,-36.5890007019043,-20.10500144958496
1788678597946201900,3.538201904296875,-15.170001029968262,-36.169002532958984,-20.814001083374023
1788678597962352000,3.55435205078125,-15.605000495910645,-35.30900192260742,-20.60300064086914
1788678597978463500,3.57046337890625,-14.839000701904297,-37.784000396728516,-21.338001251220703
1788678597994679300,3.58667919921875,-14.975000381469727,-35.6410026550293,-21.319000244140625
1788678598010825700,3.60282568359375,-14.438000679016113,-34.55900192260742,-20.496000289916992
1788678598026898400,3.6188984375,-14.516000747680664,-37.45900344848633,-21.030000686645508
1788678598043050200,3.63505029296875,-14.093000411987305,-36.70600128173828,-20.71900177001953
1788678598059160000,3.65116015625,-15.180000305175781,-36.608001708984375,-21.5310001373291
1788678598075375400,3.667375244140625,-16.6820011138916,-36.070003509521484,-21.525001525878906
1788678598091523800,3.68352392578125,-15.909000396728516,-36.270999908447266,-20.509000778198242
1788678598107548700,3.699548583984375,-16.43400001525879,-36.91400146484375,-20.514001846313477
1788678598123701800,3.71570166015625,-16.665000915527344,-36.49100112915039,-21.019001007080078
1788678598139816700,3.731816650390625,-13.555000305175781,-37.35200119018555,-20.929000854492188
1788678598156035600,3.74803564453125,-12.38900089263916,-38.00800323486328,-21.751001358032227
1788678598172195800,3.76419580078125,-15.582000732421875,-37.781002044677734,-21.134000778198242
1788678598188233500,3.7802333984375,-13.426000595092773,-36.79900360107422,-19.600000381469727
1788678598204381000,3.796380859375,-14.927000999450684,-36.04300308227539,-19.387001037597656
1788678598220489500,3.812489501953125,-13.332000732421875,-37.67100143432617,-20.72800064086914
1788678598236704800,3.828704833984375,-14.195000648498535,-37.027000427246094,-20.72100067138672
1788678598252828000,3.844827880859375,-14.279000282287598,-37.33700180053711,-19.909000396728516
1788678598268882400,3.86088232421875,-14.193000793457031,-37.0260009765625,-20.619001388549805
1788678598285026800,3.87702685546875,-14.745000839233398,-36.711002349853516,-21.227001190185547
1788678598301136000,3.893135986328125,-14.208001136779785,-35.954002380371094,-20.610000610351562
1788678598317347800,3.909347900390625,-14.718000411987305,-36.371002197265625,-19.79800033569336
1788678598333468200,3.92546826171875,-13.194000244140625,-37.97700119018555,-19.509000778198242
1788678598349528000,3.941528076171875,-14.082000732421875,-37.34700012207031,-20.62200164794922
1788678598365676000,3.957676025390625,-14.066000938415527,-37.3380012512207,-19.909000396728516
1788678598381784600,3.97378466796875,-13.750000953674316,-37.34100341796875,-20.113000869750977
1788678598397999400,3.989999267578125,-14.245000839233398,-36.99300003051758,-18.174001693725586
1788678598414131700,4.006131591796875,-13.679000854492188,-37.36300277709961,-21.744001388549805
1788678598430194200,4.022194091796875,-15.325000762939453,-38.29500198364258,-19.509000778198242
1788678598446342400,4.03834228515625,-13.41200065612793,-38.62800216674805,-20.125001907348633
1788678598462454300,4.054454345703125,-11.601000785827637,-38.30900192260742,-20.125001907348633
1788678598478672000,4.070671875,-12.367000579833984,-37.454002380371094,-20.422000885009766
1788678598494819300,4.0868193359375,-13.340001106262207,-37.784000396728516,-21.137001037597656
1788678598510891000,4.10289111328125,-14.712000846862793,-36.90800094604492,-19.905000686645508
1788678598527040500,4.11904052734375,-15.02500057220459,-37.659000396728516,-20.01300048828125
1788678598543148800,4.135148681640625,-13.840001106262207,-38.08700180053711,-19.814001083374023
1788678598559361300,4.151361328125,-14.277000427246094,-38.20000076293945,-20.32400131225586
1788678598575519000,4.16751904296875,-11.834000587463379,-38.861000061035156,-21.352001190185547
1788678598591547000,4.183546875,-12.35200023651123,-38.41800308227539,-20.32900047302246
1788678598607695400,4.1996953125,-12.546000480651855,-38.29800033569336,-19.410001754760742
1788678598623830500,4.21583056640625,-13.856000900268555,-38.20500183105469,-20.630001068115234
1788678598640044300,4.232044189453125,-12.176000595092773,-37.79300308227539,-21.647001266479492
1788678598656154600,4.248154541015625,-14.193000793457031,-36.37700271606445,-20.20600128173828
1788678598672194000,4.264194091796875,-14.306000709533691,-37.24500274658203,-21.029001235961914
1788678598688342300,4.28034228515625,-13.100000381469727,-37.552001953125,-19.81100082397461
1788678598704454000,4.296453857421875,-13.315000534057617,-37.12000274658203,-19.60300064086914
1788678598720667600,4.312667724609375,-11.721000671386719,-37.884002685546875,-20.426000595092773
1788678598736789500,4.32878955078125,-12.297000885009766,-36.612003326416016,-21.535001754760742
1788678598752839000,4.3448388671875,-13.878000259399414,-36.59700012207031,-20.61600112915039
1788678598768988200,4.36098828125,-12.132000923156738,-37.874000549316406,-19.713001251220703
1788678598785100000,4.37710009765625,-11.509000778198242,-37.5620002746582,-20.32200050354004
1788678598801316900,4.39331689453125,-12.576000213623047,-37.99100112915039,-20.52800178527832
1788678598817449000,4.409448974609375,-12.76400089263916,-37.652000427246094,-19.201000213623047
1788678598833510100,4.42551025390625,-12.802000999450684,-37.242000579833984,-20.623001098632812
1788678598849658600,4.44165869140625,-14.398000717163086,-37.4530029296875,-20.5210018157959
1788678598865769500,4.45776953125,-15.29900074005127,-39.46800231933594,-19.112001419067383
1788678598881985800,4.47398583984375,-13.430000305175781,-37.01700210571289,-19.907001495361328
1788678598898126300,4.490126220703125,-13.845000267028809,-37.874000549316406,-19.91400146484375
1788678598914199800,4.50619970703125,-17.393001556396484,-37.88300323486328,-21.030000686645508
1788678598930353400,4.522353515625,-13.824000358581543,-38.402000427246094,-19.308000564575195
1788678598946467000,4.538467041015625,-14.836000442504883,-36.37700271606445,-20.3070011138916
1788678598962688300,4.554688232421875,-15.349000930786133,-37.87700271606445,-20.32000160217285
1788678598978842000,4.570842041015625,-16.657001495361328,-35.297000885009766,-19.88800048828125
1788678598994907000,4.586906982421875,-17.52400016784668,-35.52000045776367,-20.602001190185547
1788678599011059200,4.60305908203125,-17.67300033569336,-37.21000289916992,-18.783000946044922
1788678599027172400,4.61917236328125,-18.134000778198242,-35.393001556396484,-19.174001693725586
1788678599043389700,4.6353896484375,-16.963001251220703,-35.61300277709961,-19.483001708984375
1788678599059543000,4.65154296875,-16.21500015258789,-36.04600143432617,-19.69099998474121
1788678599075567400,4.6675673828125,-16.564001083374023,-35.7390022277832,-20.809001922607422
1788678599091716000,4.683716064453125,-15.585000991821289,-36.37800216674805,-20.408000946044922
1788678599107827500,4.699827392578125,-14.931000709533691,-37.01900100708008,-20.211000442504883
1788678599124056300,4.716056396484375,-17.095001220703125,-36.816001892089844,-21.327001571655273
1788678599140174000,4.732174072265625,-14.421000480651855,-37.14200210571289,-21.33300018310547
1788678599156220000,4.748219970703125,-14.851000785827637,-37.25100326538086,-21.53700065612793
1788678599172372200,4.764372314453125,-15.169000625610352,-36.60100173950195,-21.022001266479492
1788678599188517000,4.78051708984375,-14.533000946044922,-35.41600036621094,-20.503000259399414
1788678599204735000,4.79673486328125,-13.11400032043457,-37.345001220703125,-20.31800079345703
1788678599220897500,4.8128974609375,-15.362000465393066,-36.5880012512207,-20.10500144958496
1788678599236985000,4.828985107421875,-13.23900032043457,-37.68000030517578,-21.34000015258789
1788678599253131800,4.8451318359375,-16.35300064086914,-36.388999938964844,-21.32400131225586
1788678599269237000,4.861237060546875,-15.984001159667969,-36.46800231933594,-19.18600082397461
1788678599285453800,4.877453857421875,-16.176000595092773,-37.211002349853516,-18.683000564575195
1788678599301575200,4.8935751953125,-16.946001052856445,-36.89900207519531,-19.494001388549805
1788678599317633500,4.909633544921875,-15.761000633239746,-36.78700256347656,-18.986000061035156
1788678599333786000,4.9257861328125,-15.334000587463379,-37.00300216674805,-19.09000015258789
1788678599349897500,4.9418974609375,-16.431001663208008,-35.50699996948242,-19.483001708984375
1788678599366114000,4.958114013671875,-15.742000579833984,-36.88300323486328,-18.171001434326172
1788678599382250200,4.974250244140625,-16.148000717163086,-37.73400115966797,-17.770999908447266
1788678599398317800,4.99031787109375,-14.016000747680664,-39.14500045776367,-18.80500030517578
1788678599414477000,5.00647705078125,-13.802000999450684,-37.84800338745117,-17.979000091552734
1788678599430584800,5.022584716796875,-12.732000350952148,-39.794002532958984,-19.118000030517578
1788678599446803700,5.0388037109375,-14.00100040435791,-38.919002532958984,-17.988000869750977
1788678599462943500,5.054943603515625,-13.765000343322754,-39.87900161743164,-17.589000701904297
1788678599478968600,5.070968505859375,-12.317000389099121,-38.9370002746582,-19.111000061035156
1788678599495126500,5.08712646484375,-13.667000770568848,-39.236000061035156,-17.584001541137695
1788678599511233300,5.1032333984375,-13.217000961303711,-38.57400131225586,-16.152000427246094
1788678599527453200,5.119453125,-13.116000175476074,-38.470001220703125,-16.35500144958496
1788678599543597600,5.13559765625,-13.667000770568848,-38.26300048828125,-16.964000701904297
1788678599559629800,5.1516298828125,-14.848000526428223,-39.23800277709961,-17.88800048828125
1788678599575783400,5.167783447265625,-13.35300064086914,-39.45600128173828,-17.993000030517578
1788678599591899000,5.18389892578125,-14.420001029968262,-39.022003173828125,-17.683000564575195
1788678599608105500,5.20010546875,-15.27500057220459,-39.4530029296875,-17.99100112915039
1788678599624269300,5.216269287109375,-14.416000366210938,-38.479000091552734,-17.16900062561035
1788678599640311800,5.232311767578125,-14.009000778198242,-37.84400177001953,-17.67300033569336
1788678599656465200,5.248465087890625,-13.344000816345215,-38.262001037597656,-16.862001419067383
1788678599672573700,5.26457373046875,-14.062000274658203,-39.432003021240234,-16.261001586914062
1788678599688791300,5.280791259765625,-15.357000350952148,-39.871002197265625,-17.18000030517578
1788678599704913700,5.29691357421875,-13.322000503540039,-40.194000244140625,-17.08300018310547
1788678599720967400,5.312967529296875,-14.625000953674316,-39.125,-17.378000259399414
1788678599737117200,5.3291171875,-12.67300033569336,-39.974002838134766,-16.572999954223633
1788678599753227800,5.345227783203125,-13.370000839233398,-38.71000289916992,-18.292001724243164
1788678599769447000,5.361447021484375,-12.13900089263916,-40.29900360107422,-16.780000686645508
1788678599785572900,5.37757275390625,-14.164000511169434,-40.402000427246094,-16.677000045776367
1788678599801634000,5.393634033203125,-10.971000671386719,-39.87200164794922,-16.777999877929688
1788678599817780200,5.4097802734375,-13.754000663757324,-40.62900161743164,-17.59600067138672
1788678599833893000,5.42589306640625,-12.356000900268555,-39.544002532958984,-16.468000411987305
1788678599850106000,5.442106201171875,-12.580000877380371,-39.33400344848633,-16.770999908447266
1788678599866239000,5.458239013671875,-11.211000442504883,-38.26700210571289,-16.96700096130371
1788678599882306800,5.474306884765625,-11.51300048828125,-39.768001556396484,-17.082000732421875
1788678599898454500,5.49045458984375,-11.375000953674316,-40.182003021240234,-15.965001106262207
1788678599914563000,5.50656298828125,-13.116000175476074,-39.44300079345703,-16.975000381469727
1788678599930777600,5.522777587890625,-13.969000816345215,-39.76400375366211,-17.07900047302246
1788678599946928400,5.538928466796875,-11.598000526428223,-39.647003173828125,-16.062000274658203
1788678599962999300,5.554999267578125,-12.36500072479248,-39.55000305175781,-16.875
1788678599979118800,5.571118896484375,-13.342000961303711,-38.58500289916992,-16.96700096130371
1788678599995231500,5.5872314453125,-12.71500015258789,-38.37900161743164,-17.475000381469727
1788678600011455200,5.603455322265625,-11.862000465393066,-39.137001037597656,-17.993000030517578
1788678600027619300,5.619619384765625,-12.597000122070312,-40.20900344848633,-18.10300064086914
1788678600043643100,5.63564306640625,-11.952000617980957,-39.88300323486328,-17.69300079345703
1788678600059800000,5.651800048828125,-10.697000503540039,-38.604000091552734,-18.091001510620117
1788678600075915800,5.667915771484375,-12.385000228881836,-39.77800369262695,-17.895999908447266
1788678600092130800,5.684130859375,-12.595000267028809,-39.34300231933594,-17.48400115966797
1788678600108247800,5.700247802734375,-10.558000564575195,-38.801002502441406,-16.769001007080078
1788678600124296000,5.7162958984375,-12.24000072479248,-40.40300369262695,-16.577001571655273
1788678600140443600,5.732443603515625,-13.950000762939453,-40.294002532958984,-16.57400131225586
1788678600156554200,5.74855419921875,-15.914000511169434,-39.884002685546875,-18.197999954223633
1788678600172774000,5.76477392578125,-11.867000579833984,-38.60000228881836,-17.886001586914062
1788678600188905200,5.7809052734375,-13.980000495910645,-38.90700149536133,-17.071001052856445
1788678600204965600,5.796965576171875,-11.440000534057617,-38.816001892089844,-17.990001678466797
1788678600221109500,5.813109619140625,-14.610000610351562,-39.87200164794922,-17.181001663208008
1788678600237218600,5.829218505859375,-15.26400089263916,-39.87900161743164,-17.791000366210938
1788678600253436700,5.845436767578125,-13.857000350952148,-38.78900146484375,-16.255001068115234
1788678600269572400,5.861572265625,-13.5600004196167,-39.560001373291016,-17.790000915527344
1788678600285648000,5.87764794921875,-12.273000717163086,-39.12700271606445,-17.279001235961914
1788678600301803000,5.893802978515625,-15.155000686645508,-38.25699996948242,-16.6560001373291
1788678600317917000,5.9099169921875,-13.379000663757324,-38.176002502441406,-18.39000129699707
1788678600334132200,5.92613232421875,-12.506000518798828,-38.922000885009766,-17.990001678466797
1788678600350283000,5.942282958984375,-13.480000495910645,-37.95600128173828,-17.98000144958496
1788678600366357200,5.958357177734375,-14.016000747680664,-38.605003356933594,-18.494001388549805
1788678600382510300,5.97451025390625,-12.816000938415527,-39.45600128173828,-17.892000198364258
1788678600398628000,5.990628173828125,-12.283000946044922,-38.592002868652344,-17.376001358032227
1788678600414847700,6.00684765625,-13.868000984191895,-38.6870002746582,-16.66200065612793
1788678600430963500,6.02296337890625,-13.885000228881836,-37.617000579833984,-16.75400161743164
1788678600446991600,6.03899169921875,-14.414000511169434,-37.93800354003906,-16.756000518798828
1788678600463138600,6.055138671875,-12.732000350952148,-38.49700164794922,-18.291000366210938
1788678600479244300,6.071244384765625,-13.224000930786133,-38.90300369262695,-16.66400146484375
1788678600495409000,6.087408935546875,-12.082000732421875,-38.492000579833984,-17.885000228881836
1788678600511515400,6.103515380859375,-13.890000343322754,-37.40400314331055,-16.854000091552734
1788678600527550500,6.119550537109375,-14.825000762939453,-38.143001556396484,-16.145999908447266
1788678600543696600,6.135696533203125,-11.532000541687012,-38.375,-17.069000244140625
1788678600559803000,6.151802978515625,-13.363000869750977,-37.518001556396484,-17.26300048828125
1788678600576020200,6.168020263671875,-13.993000984191895,-39.78000259399414,-18.19900131225586
1788678600592140000,6.18414013671875,-13.25200080871582,-39.35200119018555,-18.196001052856445
1788678600608188200,6.200188232421875,-12.831000328063965,-39.24800109863281,-18.400001525878906
1788678600624337000,6.2163369140625,-13.78600025177002,-38.487003326416016,-17.679000854492188
1788678600640445200,6.232445068359375,-12.509000778198242,-38.492000579833984,-17.884000778198242
1788678600656662300,6.248662353515625,-10.998000144958496,-38.052001953125,-16.86400032043457
1788678600672785200,6.26478515625,-13.35200023651123,-39.672000885009766,-18.097000122070312
1788678600688850400,6.280850341796875,-10.56100082397461,-39.884002685546875,-17.593000411987305
1788678600705000700,6.297000732421875,-10.982000350952148,-39.55500030517578,-17.08100128173828
1788678600721113300,6.31311328125,-11.420000076293945,-40.21000289916992,-18.003000259399414
1788678600737330400,6.329330322265625,-8.642000198364258,-40.53700256347656,-18.111000061035156
1788678600753462300,6.345462158203125,-10.522000312805176,-40.941001892089844,-16.48200035095215
1788678600769522000,6.36152197265625,-9.394000053405762,-39.0260009765625,-17.38300132751465
1788678600785665800,6.377665771484375,-7.543000221252441,-39.65500259399414,-16.16900062561035
1788678600801772300,6.393772216796875,-11.59000015258789,-41.047000885009766,-16.584001541137695
1788678600817990100,6.409990234375,-12.038000106811523,-39.871002197265625,-16.7760009765625
1788678600834126600,6.426126708984375,-9.276000022888184,-38.695003509521484,-16.668001174926758
1788678600850187300,6.442187255859375,-9.483000755310059,-40.3120002746582,-17.395000457763672
1788678600866337000,6.4583369140625,-9.256999969482422,-39.54800033569336,-16.3700008392334
1788678600882445600,6.474445556640625,-8.530000686645508,-39.4530029296875,-17.185001373291016
1788678600898658300,6.490658203125,-8.393000602722168,-40.30000305175781,-16.37700080871582
1788678600914805200,6.50680517578125,-9.683000564575195,-40.62700271606445,-16.990001678466797
1788678600930832400,6.522832275390625,-9.284000396728516,-39.45600128173828,-17.48900032043457
1788678600946983400,6.5389833984375,-7.5360002517700195,-40.191001892089844,-16.174001693725586
1788678600963095800,6.555095703125,-11.374000549316406,-39.749000549316406,-15.656001091003418
1788678600979313000,6.57131298828125,-9.903000831604004,-39.65800094604492,-16.67500114440918
1788678600995471400,6.587471435546875,-10.00100040435791,-39.3280029296875,-16.06100082397461
1788678601011498800,6.603498779296875,-9.221000671386719,-41.36300277709961,-15.87600040435791
1788678601027652400,6.61965234375,-7.967000484466553,-40.51700210571289,-16.584001541137695
1788678601043762000,6.635761962890625,-10.51400089263916,-39.531002044677734,-15.247000694274902
1788678601059976200,6.65197607421875,-10.938000679016113,-40.717002868652344,-15.868000984191895
1788678601076092400,6.668092529296875,-9.892000198364258,-39.327003479003906,-15.959000587463379
1788678601092133400,6.68413330078125,-8.406000137329102,-40.19900131225586,-16.886001586914062
1788678601108280300,6.7002802734375,-9.671000480651855,-40.836002349853516,-16.584001541137695
1788678601124389600,6.7163896484375,-7.506000518798828,-41.03700256347656,-15.36600112915039
1788678601140608000,6.73260791015625,-10.224000930786133,-39.98200225830078,-16.881999969482422
1788678601156724700,6.748724853515625,-9.220000267028809,-40.93000030517578,-15.567000389099121
1788678601172766700,6.7647666015625,-8.788000106811523,-40.604000091552734,-15.157000541687012
1788678601188920600,6.780920654296875,-10.084000587463379,-40.39400100708008,-15.66300106048584
1788678601205029600,6.797029541015625,-9.482000350952148,-40.74300003051758,-17.602001190185547
1788678601221247700,6.813247802734375,-10.719000816345215,-40.60600280761719,-15.562000274658203
1788678601237372700,6.82937255859375,-12.113000869750977,-40.71600341796875,-15.867000579833984
1788678601253434400,6.845434326171875,-9.042000770568848,-39.22300338745117,-16.06100082397461
1788678601269586400,6.86158642578125,-9.122000694274902,-40.827003479003906,-15.872000694274902
1788678601285696800,6.87769677734375,-8.701000213623047,-41.48100280761719,-16.591001510620117
1788678601301913900,6.893913818359375,-9.976000785827637,-40.28600311279297,-15.5600004196167
1788678601318036500,6.910036376953125,-10.29800033569336,-40.070003509521484,-15.456000328063965
1788678601334097000,6.926096923828125,-7.964000225067139,-40.62300109863281,-16.483001708984375
1788678601350247400,6.942247314453125,-7.737000465393066,-40.400001525878906,-15.768000602722168
1788678601366357000,6.95835693359375,-9.861000061035156,-40.605003356933594,-15.360000610351562
1788678601382573600,6.974573486328125,-9.230000495910645,-40.39600372314453,-15.664000511169434
1788678601398721300,6.99072119140625,-9.88800048828125,-40.621002197265625,-16.582000732421875
1788678601414748000,7.006747802734375,-7.115000247955322,-39.22300338745117,-15.860000610351562
1788678601430894600,7.02289453125,-7.494000434875488,-41.57100296020508,-15.167000770568848
1788678601447001300,7.03900146484375,-9.873000144958496,-40.720001220703125,-15.972001075744629
1788678601463213000,7.055213134765625,-8.571000099182129,-41.89900207519531,-15.780000686645508
1788678601479364000,7.071364013671875,-9.848000526428223,-40.38100051879883,-14.644001007080078
1788678601495400400,7.087400390625,-9.219000816345215,-40.17300033569336,-15.051000595092773
1788678601511547400,7.10354736328125,-9.233000755310059,-39.6410026550293,-15.352001190185547
1788678601527657500,7.119657470703125,-11.122000694274902,-40.2660026550293,-14.234000205993652
1788678601543871000,7.13587109375,-10.916000366210938,-41.02800369262695,-15.056000709533691
1788678601559979300,7.151979248046875,-9.529000282287598,-40.599002838134766,-14.851000785827637
1788678601576030500,7.168030517578125,-10.158000946044922,-41.13100051879883,-14.6510009765625
1788678601592171300,7.184171142578125,-10.519000053405762,-39.64200210571289,-15.554000854492188
1788678601608279600,7.200279541015625,-10.593000411987305,-40.7030029296875,-14.748001098632812
1788678601624493300,7.216493408203125,-9.077000617980957,-41.44900131225586,-14.247000694274902
1788678601640611300,7.232611328125,-9.398000717163086,-40.69200134277344,-13.833000183105469
1788678601656675300,7.24867529296875,-10.629000663757324,-40.61600112915039,-16.275001525878906
1788678601672825600,7.26482568359375,-9.847000122070312,-41.24500274658203,-15.16100025177002
1788678601688936700,7.280936767578125,-10.47700023651123,-40.698001861572266,-14.3410005569458
1788678601705151500,7.2971513671875,-11.38800048828125,-39.43300247192383,-16.060001373291016
1788678601721282800,7.31328271484375,-10.295000076293945,-40.069000244140625,-15.35400104522705
1788678601737341200,7.329341064453125,-9.856000900268555,-40.60200119018555,-15.156001091003418
1788678601753487400,7.3454873046875,-10.612000465393066,-40.17400360107422,-15.253000259399414
1788678601769594400,7.361594482421875,-10.913000106811523,-40.37800216674805,-14.541000366210938
1788678601785811500,7.3778115234375,-10.508000373840332,-39.96000289916992,-15.25100040435791
1788678601801953000,7.393953125,-11.863000869750977,-40.694000244140625,-14.237000465393066
1788678601818018800,7.410018798828125,-11.166000366210938,-40.51000213623047,-16.376001358032227
1788678601834165000,7.4261650390625,-12.305000305175781,-40.59400177001953,-14.847001075744629
1788678601850273500,7.4422734375,-10.958000183105469,-39.108001708984375,-15.75200080871582
1788678601866485200,7.4584853515625,-9.663000106811523,-39.31800079345703,-15.247000694274902
1788678601882634000,7.474634033203125,-9.981000900268555,-39.316001892089844,-15.144001007080078
1788678601898654700,7.49065478515625,-11.351000785827637,-39.303001403808594,-14.327000617980957
1788678601914797600,7.506797607421875,-10.961000442504883,-39.43400192260742,-16.06100082397461
1788678601930903800,7.52290380859375,-11.168000221252441,-39.538002014160156,-15.858000755310059
1788678601947115000,7.539114990234375,-10.749000549316406,-38.4630012512207,-15.543001174926758
1788678601963247400,7.555247314453125,-10.306000709533691,-38.99400329589844,-15.141000747680664
1788678601979300900,7.57130078125,-10.533000946044922,-38.35300064086914,-15.339000701904297
1788678601995419100,7.587419189453125,-9.898000717163086,-38.89800262451172,-15.956000328063965
1788678602011558700,7.60355859375,-8.368000030517578,-39.3120002746582,-14.637001037597656
1788678602027769000,7.61976904296875,-10.942000389099121,-39.9630012512207,-15.556000709533691
1788678602043927300,7.63592724609375,-10.993000984191895,-38.5890007019043,-16.970001220703125
1788678602059969300,7.65196923828125,-8.60200023651123,-39.108001708984375,-15.450000762939453
1788678602076115500,7.668115478515625,-9.292000770568848,-39.35300064086914,-17.79400062561035
1788678602092223000,7.684222900390625,-8.413000106811523,-39.663002014160156,-16.881000518798828
1788678602108437500,7.7004375,-8.394000053405762,-40.19200134277344,-16.376001358032227
1788678602124560100,7.71656005859375,-10.644000053405762,-39.329002380371094,-16.16200065612793
1788678602140620800,7.732620849609375,-10.208000183105469,-40.297000885009766,-16.375
1788678602156767200,7.748767333984375,-12.629000663757324,-40.16400146484375,-14.74100112915039
1788678602172875300,7.764875244140625,-9.704000473022461,-38.47800064086914,-16.56300163269043
1788678602189092400,7.78109228515625,-10.221000671386719,-39.54800033569336,-16.470001220703125
1788678602205227000,7.79722705078125,-12.54900074005127,-40.07200241088867,-15.861001014709473
1788678602221293800,7.8132939453125,-9.882000923156738,-39.75300216674805,-15.759000778198242
1788678602237438500,7.8294384765625,-11.213000297546387,-39.13300323486328,-17.586000442504883
1788678602253544400,7.84554443359375,-10.363000869750977,-39.137001037597656,-17.791000366210938
1788678602269757000,7.8617568359375,-10.862000465393066,-39.65500259399414,-16.57200050354004
1788678602285895700,7.877895751953125,-9.057000160217285,-39.23200225830078,-16.775001525878906
1788678602301974300,7.893974365234375,-8.194000244140625,-39.22800064086914,-16.368000030517578
1788678602318126300,7.910126220703125,-7.778000354766846,-38.803001403808594,-16.569000244140625
1788678602334237700,7.92623779296875,-9.27400016784668,-39.9900016784668,-17.392000198364258
1788678602350454300,7.942454345703125,-11.623000144958496,-38.3650016784668,-16.356000900268555
1788678602366601200,7.958601318359375,-9.063000679016113,-39.12800216674805,-16.977001190185547
1788678602382631200,7.974631103515625,-10.5260009765625,-39.64600372314453,-15.860000610351562
1788678602398781400,7.990781494140625,-8.407000541687012,-39.768001556396484,-16.678001403808594
1788678602414893800,8.006893798828125,-9.564000129699707,-39.8640022277832,-15.965001106262207
1788678602431073300,8.0230732421875,-10.528000831604004,-39.64800262451172,-15.961000442504883
1788678602447233300,8.0392333984375,-9.777000427246094,-39.755001068115234,-15.861001014709473
1788678602463276800,8.05527685546875,-10.533000946044922,-39.11000061035156,-15.855000495910645
1788678602479426800,8.0714267578125,-7.121000289916992,-39.983001708984375,-16.579999923706055
1788678602495539000,8.0875390625,-10.530000686645508,-40.189002990722656,-16.374000549316406
1788678602511754000,8.10375390625,-10.769000053405762,-38.691001892089844,-16.564001083374023
1788678602527873300,8.119873291015624,-9.383000373840332,-39.01900100708008,-16.874000549316406
1788678602543919600,8.135919677734375,-10.236000061035156,-39.77300262451172,-17.28700065612793
1788678602560064300,8.152064208984376,-7.972000598907471,-40.19600296020508,-16.58100128173828
1788678602576174600,8.168174560546875,-8.29900074005127,-38.362003326416016,-15.749000549316406
1788678602592390100,8.18439013671875,-9.946000099182129,-38.711002349853516,-17.99100112915039
1788678602608507000,8.2005068359375,-8.180000305175781,-39.43600082397461,-15.861001014709473
1788678602624551000,8.216551025390626,-7.249000549316406,-38.59100341796875,-16.66900062561035
1788678602640701000,8.232700927734374,-10.663000106811523,-38.26000213623047,-16.356000900268555
1788678602656816600,8.248816650390625,-9.605000495910645,-38.70000076293945,-17.075000762939453
1788678602673033500,8.265033447265624,-9.031000137329102,-40.189002990722656,-16.172000885009766
1788678602689163000,8.2811630859375,-8.914999961853027,-39.535003662109375,-15.351000785827637
1788678602705224400,8.297224365234374,-11.368000984191895,-40.070003509521484,-15.557001113891602
1788678602721372700,8.31337255859375,-7.958000183105469,-40.72800064086914,-16.280000686645508
1788678602737483000,8.32948291015625,-8.393000602722168,-38.678001403808594,-15.344000816345215
1788678602753699800,8.345699951171875,-7.52400016784668,-40.724002838134766,-15.975000381469727
1788678602769843200,8.36184326171875,-8.370000839233398,-39.96200180053711,-15.152000427246094
1788678602785906700,8.37790673828125,-9.041000366210938,-38.57400131225586,-15.648000717163086
1788678602802057200,8.39405712890625,-8.821000099182129,-39.54300308227539,-15.963000297546387
1788678602818169600,8.410169677734375,-10.721000671386719,-39.85100173950195,-15.148000717163086
1788678602834387200,8.42638720703125,-8.776000022888184,-40.704002380371094,-14.649001121520996
1788678602850537200,8.442537109375,-9.4350004196167,-39.5260009765625,-14.73900032043457
1788678602866562000,8.45856201171875,-6.674000263214111,-39.43100357055664,-15.35300064086914
1788678602882709800,8.474709716796875,-8.596000671386719,-39.75200271606445,-15.557001113891602
1788678602898823400,8.490823486328125,-9.645000457763672,-39.7400016784668,-14.74100112915039
1788678602915046400,8.50704638671875,-8.587000846862793,-40.39500045776367,-15.563000679016113
1788678602931208400,8.52320849609375,-9.542000770568848,-39.20100021362305,-14.533000946044922
1788678602947251500,8.53925146484375,-9.748000144958496,-40.06100082397461,-14.744000434875488
1788678602963401000,8.55540087890625,-9.635000228881836,-40.16600036621094,-14.541000366210938
1788678602979509800,8.571509765625,-10.075000762939453,-39.20000076293945,-14.532000541687012
1788678602995689000,8.58768896484375,-10.075000762939453,-39.20000076293945,-14.532000541687012
1788678603011804200,8.60380419921875,-10.076000213623047,-39.63300323486328,-14.8410005569458
1788678603027849000,8.619848876953125,-8.808000564575195,-39.535003662109375,-15.351000785827637
1788678603043996700,8.63599658203125,-7.728000164031982,-41.04300308227539,-15.774001121520996
1788678603060105200,8.652105224609375,-10.530000686645508,-39.00100326538086,-15.65000057220459
1788678603076319000,8.668319091796874,-8.801000595092773,-41.044002532958984,-15.976000785827637
1788678603092447000,8.684447021484376,-10.302000045776367,-40.073001861572266,-15.660000801086426
1788678603108499000,8.7004990234375,-11.1510009765625,-39.31100082397461,-14.939001083374023
1788678603124643800,8.716643798828125,-10.166000366210938,-38.86600112915039,-13.612000465393066
1788678603140750300,8.732750244140625,-10.928000450134277,-39.522003173828125,-14.636000633239746
1788678603156961800,8.7489619140625,-11.759000778198242,-40.156002044677734,-14.029000282287598
1788678603173089300,8.76508935546875,-8.461000442504883,-40.816001892089844,-14.956000328063965
1788678603189153300,8.7811533203125,-11.247000694274902,-39.0890007019043,-14.326000213623047
1788678603205300500,8.797300537109376,-10.812000274658203,-39.51700210571289,-14.22800064086914
1788678603221442300,8.8134423828125,-10.081000328063965,-38.663002014160156,-14.42500114440918
1788678603237655800,8.82965576171875,-11.039000511169434,-39.20000076293945,-14.633000373840332
1788678603253775000,8.845775146484375,-9.897000312805176,-38.46600341796875,-15.646000862121582
1788678603269833700,8.861833740234376,-9.428000450134277,-40.49400329589844,-15.053000450134277
1788678603285991000,8.877990966796874,-9.643000602722168,-39.09000015258789,-14.226000785827637
1788678603302093800,8.89409375,-10.087000846862793,-39.85600280761719,-15.454000473022461
1788678603318311000,8.910310791015625,-8.690999984741211,-39.42100143432617,-14.8410005569458
1788678603334467300,8.92646728515625,-10.095000267028809,-40.72600173950195,-16.37900161743164
1788678603350500000,8.9425,-9.579000473022461,-39.11600112915039,-16.16200065612793
1788678603366648000,8.95864794921875,-9.223999977111816,-39.85200119018555,-15.04800033569336
1788678603382756000,8.974756103515626,-9.358000755310059,-39.00400161743164,-15.75300121307373
1788678603398967800,8.9909677734375,-5.8480000495910645,-40.20600128173828,-17.093000411987305
1788678603415120400,9.007120361328125,-7.142000198364258,-39.564002990722656,-17.28900146484375
1788678603431150300,9.023150390625,-7.163000106811523,-38.387001037597656,-17.483001708984375
1788678603447296500,9.039296630859376,-7.314000129699707,-39.970001220703125,-15.66300106048584
1788678603463403500,9.055403564453124,-7.563000202178955,-40.53200149536133,-17.60300064086914
1788678603479617300,9.0716171875,-8.719000816345215,-40.195003509521484,-16.579999923706055
1788678603495736600,9.087736572265625,-9.780000686645508,-39.540000915527344,-15.860000610351562
1788678603511803000,9.103802978515626,-7.235000133514404,-39.23100280761719,-16.47100067138672
1788678603527942400,9.1199423828125,-9.57300090789795,-39.43600082397461,-16.06300163269043
1788678603544049400,9.13604931640625,-9.808000564575195,-39.34100341796875,-16.97800064086914
1788678603560262400,9.152262451171875,-9.281000137329102,-40.319000244140625,-17.904001235961914
1788678603576388000,9.16838818359375,-7.880000591278076,-39.77300262451172,-16.985000610351562
1788678603592455400,9.184455322265626,-8.277000427246094,-40.94300079345703,-16.38300132751465
1788678603608605400,9.20060546875,-7.579000473022461,-40.650001525878906,-18.41900062561035
1788678603624714500,9.216714599609375,-9.723000526428223,-38.38199996948242,-17.37700080871582
1788678603640892000,9.232891845703126,-7.125000476837158,-39.986000061035156,-16.784000396728516
1788678603657022200,9.249022216796876,-6.818000316619873,-39.88600158691406,-17.292001724243164
1788678603673077200,9.2650771484375,-7.255000114440918,-39.78300094604492,-17.69900131225586
1788678603689215200,9.28121533203125,-7.328000545501709,-39.43800354003906,-15.964000701904297
1788678603705325300,9.2973251953125,-7.87000036239624,-40.307003021240234,-16.887001037597656
1788678603721538300,9.313538330078124,-7.112000465393066,-40.95000076293945,-16.792001724243164
1788678603737679000,9.32967919921875,-6.687000274658203,-39.979000091552734,-16.275001525878906
1788678603753783800,9.34578369140625,-6.735000133514404,-38.49500274658203,-17.48400115966797
1788678603769933300,9.361933349609375,-5.418000221252441,-40.53000259399414,-17.197999954223633
1788678603786043000,9.37804296875,-7.788000583648682,-40.2140007019043,-17.905000686645508
1788678603802257200,9.394257080078125,-6.687000274658203,-40.30400085449219,-16.481000900268555
1788678603818403300,9.4104033203125,-8.390000343322754,-39.650001525878906,-15.862000465393066
1788678603834425600,9.426425537109376,-6.703000545501709,-39.77300262451172,-16.884000778198242
1788678603850575600,9.44257568359375,-6.7920002937316895,-40.086002349853516,-16.2760009765625
1788678603866682000,9.45868212890625,-6.9150004386901855,-39.880001068115234,-16.885000228881836
1788678603882899700,9.474899658203125,-8.641000747680664,-39.13100051879883,-17.1820011138916
1788678603899010600,9.491010498046874,-6.807000160217285,-39.3390007019043,-16.47300148010254
1788678603915038700,9.507038818359375,-6.988000392913818,-40.50800323486328,-15.770000457763672
1788678603931185200,9.52318505859375,-4.985000133514404,-40.310001373291016,-16.78900146484375
1788678603947289300,9.539289306640624,-8.171000480651855,-40.40300369262695,-16.072999954223633
1788678603963501600,9.55550146484375,-5.151000022888184,-41.25400161743164,-15.269001007080078
1788678603979618800,9.571618896484376,-7.51900053024292,-41.26100158691406,-16.08100128173828
1788678603995661000,9.5876611328125,-7.741000175476074,-40.294002532958984,-15.869000434875488
1788678604011776500,9.603776611328126,-6.635000228881836,-41.24500274658203,-14.758000373840332
1788678604027884500,9.619884521484375,-7.085000514984131,-40.93400192260742,-15.570000648498535
1788678604044096500,9.636096435546875,-7.533000469207764,-41.05400085449219,-16.589000701904297
1788678604060222700,9.65222265625,-8.891000747680664,-41.89800262451172,-15.780000686645508
1788678604076279800,9.66827978515625,-6.436000347137451,-41.68600082397461,-15.679000854492188
1788678604092427300,9.68442724609375,-7.516000270843506,-39.9630012512207,-15.153000831604004
1788678604108534300,9.7005341796875,-6.430000305175781,-41.14200210571289,-15.063000679016113
1788678604124751600,9.716751708984376,-6.840000152587891,-41.02300262451172,-14.247000694274902
1788678604140889300,9.732889404296875,-8.06100082397461,-39.64500045776367,-15.455000877380371
1788678604156952800,9.748952880859376,-7.067000389099121,-41.35600280761719,-15.064001083374023
1788678604173097000,9.765096923828125,-4.758000373840332,-40.62700271606445,-16.385000228881836
1788678604189205000,9.781205078125,-7.521000385284424,-40.72300338745117,-15.873001098632812
1788678604205417000,9.7974169921875,-6.656000137329102,-40.069000244140625,-14.951001167297363
1788678604221560600,9.813560546875,-7.4120001792907715,-40.72200012207031,-15.771000862121582
1788678604237632300,9.82963232421875,-8.167000770568848,-40.83300018310547,-16.179000854492188
1788678604253781000,9.845781005859376,-6.357000350952148,-40.29900360107422,-16.07400131225586
1788678604269889500,9.8618896484375,-6.76300048828125,-40.393001556396484,-15.158000946044922
1788678604286102800,9.878102783203126,-7.5410003662109375,-41.275001525878906,-17.100000381469727
1788678604302260000,9.894260009765626,-7.333000183105469,-39.7650032043457,-16.374000549316406
1788678604318291000,9.910291015625,-4.843000411987305,-41.694000244140625,-16.089000701904297
1788678604334439200,9.926439208984375,-6.889000415802002,-41.80900192260742,-16.902000427246094
1788678604350547000,9.942546875,-5.191000461578369,-41.17000198364258,-17
1788678604366759000,9.958759033203124,-6.568000316619873,-41.16100311279297,-16.48900032043457
1788678604382871800,9.974871826171874,-6.702000141143799,-39.9890022277832,-16.988000869750977
1788678604398914300,9.990914306640626,-6.381000518798828,-40.42100143432617,-17.196001052856445
1788678604415060000,10.00706005859375,-6.244000434875488,-40.61900329589844,-15.975000381469727
1788678604431204600,10.02320458984375,-8.152000427246094,-42.121002197265625,-16.292001724243164
1788678604447420200,10.039420166015624,-7.248000144958496,-40.10300064086914,-17.599000930786133
1788678604463572200,10.055572265625,-7.549000263214111,-40.415000915527344,-16.888999938964844
1788678604479653000,10.071653076171875,-8.830000877380371,-40.737003326416016,-17.0939998626709
1788678604495807500,10.087807373046875,-8.070000648498535,-40.51400375366211,-16.380001068115234
1788678604511914500,10.10391455078125,-6.918000221252441,-39.88100051879883,-16.987001419067383
1788678604528131300,10.12013134765625,-6.913000106811523,-41.176002502441406,-17.60900115966797
1788678604544265200,10.13626513671875,-5.753000259399414,-39.78200149536133,-17.395000457763672
1788678604560322600,10.152322509765625,-7.448000431060791,-39.986000061035156,-16.885000228881836
1788678604576472300,10.168472412109375,-5.430000305175781,-40.32100296020508,-17.604000091552734
1788678604592581400,10.184581298828125,-7.3520002365112305,-40.31800079345703,-17.601001739501953
1788678604608799700,10.2007998046875,-5.13200044631958,-39.362003326416016,-18.003000259399414
1788678604624935700,10.216935791015626,-5.825000286102295,-41.814002990722656,-17.10700035095215
1788678604641000200,10.233000244140625,-6.503000259399414,-40.970001220703125,-18.21900177001953
1788678604657143800,10.249143798828126,-5.413000106811523,-41.3910026550293,-17.511001586914062
1788678604673251800,10.265251953125,-5.867000102996826,-40.11000061035156,-17.907001495361328
1788678604689464800,10.28146484375,-4.965000152587891,-42.24400329589844,-17.112001419067383
1788678604705606100,10.297606201171876,-4.130000114440918,-40.85200119018555,-17.101001739501953
1788678604721676000,10.313676025390626,-4.6080002784729,-40.9900016784668,-19.444000244140625
1788678604737824000,10.329823974609376,-3.814000129699707,-40.855003356933594,-17.30500030517578
1788678604753936600,10.3459365234375,-6.928000450134277,-40.428001403808594,-17.806001663208008
1788678604770154200,10.362154296875,-2.8620002269744873,-41.402000427246094,-18.02400016784668
1788678604786300200,10.378300048828125,-5.553000450134277,-39.790000915527344,-18.006000518798828
1788678604802325000,10.394324951171875,-4.785000324249268,-41.94000244140625,-18.43400001525879
1788678604818472400,10.410472412109375,-4.3580002784729,-42.2650032043457,-18.641000747680664
1788678604834580500,10.42658056640625,-4.016000270843506,-42.36100387573242,-17.725000381469727
1788678604850794200,10.442794189453124,-3.261000156402588,-42.78900146484375,-17.628000259399414
1788678604866904000,10.458904052734376,-4.081000328063965,-41.319000244140625,-19.957000732421875
1788678604882936800,10.474936767578125,-4.89300012588501,-41.400001525878906,-18.123001098632812
1788678604899044900,10.491044921875,-2.8470001220703125,-42.474002838134766,-18.033000946044922
1788678604915185400,10.507185302734374,-3.7150001525878906,-41.61600112915039,-18.12700080871582
1788678604931399400,10.5233994140625,-1.9280000925064087,-41.09600067138672,-19.041000366210938
1788678604947556000,10.53955615234375,-1.3990000486373901,-42.72100067138672,-20.279001235961914
1788678604963633700,10.555633544921875,-3.130000114440918,-40.246002197265625,-19.7450008392334
1788678604979783200,10.571783203125,-2.1660001277923584,-40.78600311279297,-19.955001831054688
1788678604995893500,10.5878935546875,-3.4040000438690186,-41.62200164794922,-18.535001754760742
1788678605012103400,10.604103515625,-0.5530000329017639,-40.78200149536133,-19.448001861572266
1788678605028223700,10.6202236328125,-1.0860000848770142,-40.88800048828125,-19.448001861572266
1788678605044277800,10.63627783203125,-1.290000081062317,-40.55800247192383,-18.83300018310547
1788678605060423700,10.652423583984374,-1.505000114440918,-41.31500244140625,-19.349000930786133
1788678605076530700,10.66853076171875,-4.184000015258789,-40.7760009765625,-19.44300079345703
1788678605092743700,10.68474365234375,-0.4140000343322754,-41.51900100708008,-18.43600082397461
1788678605108876800,10.700876708984374,-2.868000030517578,-41.62200164794922,-18.433000564575195
1788678605124929500,10.716929443359374,-0.5330000519752502,-41.09400177001953,-18.737001419067383
1788678605141086000,10.7330859375,-1.6470000743865967,-40.90400314331055,-20.670000076293945
1788678605157195500,10.749195556640625,-0.5520000457763672,-41.2130012512207,-19.655000686645508
1788678605173410300,10.765410400390625,-0.9740000367164612,-41.21000289916992,-19.451000213623047
1788678605189558500,10.78155859375,-2.2300000190734863,-42.38100051879883,-19.052000045776367
1788678605205628700,10.797628662109375,-1.069000005722046,-42.06700134277344,-19.45800018310547
1788678605221773800,10.81377392578125,0.9950000643730164,-42.04800033569336,-17.83100128173828
1788678605237883000,10.8298828125,-0.3100000023841858,-42.277000427246094,-19.054000854492188
1788678605254094800,10.8460947265625,-2.5240001678466797,-42.14900207519531,-17.725000381469727
1788678605270229800,10.862229736328125,-1.5430001020431519,-43.759002685546875,-17.843000411987305
1788678605286295300,10.87829541015625,1.0090000629425049,-43.444000244140625,-18.047000885009766
1788678605302444300,10.8944443359375,-2.495000123977661,-42.45500183105469,-16.608001708984375
1788678605318547700,10.910547607421876,-2.739000082015991,-42.04100036621094,-17.724000930786133
1788678605334757400,10.92675732421875,-1.5430001020431519,-42.78600311279297,-17.22300148010254
1788678605350913300,10.942913330078126,-1.8700001239776611,-43.43800354003906,-17.94099998474121
1788678605366948600,10.958948486328126,-2.008000135421753,-41.40300369262695,-18.025001525878906
1788678605383093000,10.975093017578125,-1.8870000839233398,-42.90800094604492,-18.34400177001953
1788678605399219000,10.991218994140626,-1.2300000190734863,-42.57500076293945,-17.42500114440918
1788678605415431000,11.007430908203125,-0.9410000443458557,-41.189002990722656,-17.92300033569336
1788678605431553500,11.023553466796875,-2.18500018119812,-42.03000259399414,-16.808000564575195
1788678605447600400,11.039600341796875,-2.4230000972747803,-42.58400344848633,-18.23900032043457
1788678605463746300,11.055746337890625,-1.162000060081482,-41.95000076293945,-18.744001388549805
1788678605479884300,11.07188427734375,-3.5240001678466797,-41.95500183105469,-19.352001190185547
1788678605496095200,11.08809521484375,-2.0320000648498535,-40.77000045776367,-18.733001708984375
1788678605512204300,11.104204345703126,-2.7860000133514404,-40.66400146484375,-18.93400001525879
1788678605528266800,11.120266845703124,-2.003000020980835,-43.022003173828125,-18.854000091552734
1788678605544413000,11.136412841796876,-2.9020001888275146,-40.67000198364258,-19.34200096130371
1788678605560521700,11.152521728515625,-3.0950000286102295,-42.60200119018555,-19.66400146484375
1788678605576737500,11.168737548828124,-2.9220001697540283,-41.00600051879883,-20.46500015258789
1788678605592872400,11.18487255859375,-1.7300001382827759,-40.457000732421875,-19.341001510620117
1788678605608937500,11.2009375,-1.0730000734329224,-40.66400146484375,-18.733001708984375
1788678605625079000,11.2170791015625,-2.0360000133514404,-41.961002349853516,-19.660001754760742
1788678605641187300,11.233187255859375,-3.5350000858306885,-40.23200225830078,-18.726001739501953
1788678605657400800,11.24940087890625,-1.9830000400543213,-39.61600112915039,-20.556001663208008
1788678605673540600,11.26554052734375,-2.203000068664551,-40.268001556396484,-21.275001525878906
1788678605689610200,11.2816103515625,-0.47300001978874207,-38.204002380371094,-19.017000198364258
1788678605705760000,11.297760009765625,-2.621000051498413,-40.262001037597656,-20.86600112915039
1788678605721869600,11.31386962890625,-1.5460001230239868,-38.314002990722656,-19.323001861572266
1788678605738083000,11.3300830078125,-3.6710002422332764,-39.60100173950195,-19.637001037597656
1788678605754227000,11.34622705078125,-3.055000066757202,-38.75300216674805,-20.24100112915039
1788678605770251500,11.36225146484375,-4.195000171661377,-39.486000061035156,-19.126001358032227
1788678605786396700,11.378396728515625,-2.9630000591278076,-39.194000244140625,-21.16200065612793
1788678605802505200,11.394505126953124,-1.3480000495910645,-38.97200012207031,-20.44900131225586
1788678605818720000,11.410719970703125,-4.88700008392334,-39.40800094604492,-21.365001678466797
1788678605834830600,11.42683056640625,-4.210999965667725,-39.928001403808594,-20.148000717163086
1788678605850870300,11.442870361328126,-0.7970000505447388,-38.96200180053711,-19.635000228881836
1788678605867017200,11.459017333984375,-3.1740002632141113,-39.73200225830078,-21.3700008392334
1788678605883125200,11.475125244140624,-1.755000114440918,-40.47200012207031,-20.46200180053711
1788678605899339300,11.49133935546875,-1.4470000267028809,-39.39900207519531,-20.351001739501953
1788678605915459800,11.5074599609375,0.6640000343322754,-38.552001953125,-20.856000900268555
1788678605931503600,11.523503662109375,-1.1150000095367432,-40.25700378417969,-20.35900115966797
1788678605947651000,11.539651123046875,-1.0230000019073486,-39.18600082397461,-20.350000381469727
1788678605963761000,11.555760986328124,-0.9410000443458557,-38.87700271606445,-21.264001846313477
1788678605979974000,11.571973876953125,0.6660000085830688,-39.19900131225586,-21.167001724243164
1788678605996097800,11.588097900390625,0.7780000567436218,-38.87300109863281,-20.757001876831055
1788678606012150500,11.604150634765626,-0.2750000059604645,-38.2140007019043,-19.731000900268555
1788678606028297500,11.62029736328125,0.7770000100135803,-38.98100280761719,-20.85900115966797
1788678606044404700,11.63640478515625,-0.5290000438690186,-39.10300064086914,-22.08100128173828
1788678606060596200,11.65259619140625,0.7360000610351562,-37.169002532958984,-21.5570011138916
1788678606076728300,11.668728271484374,-0.7460000514984131,-38.02400207519531,-21.562000274658203
1788678606092792300,11.684792236328125,0.5590000152587891,-37.47100067138672,-20.13300132751465
1788678606108937200,11.700937255859374,-0.19600000977516174,-37.367000579833984,-20.437000274658203
1788678606125044700,11.717044677734375,1.8580000400543213,-38.435001373291016,-19.939001083374023
1788678606141261800,11.73326171875,-2.2330000400543213,-37.909000396728516,-21.152000427246094
1788678606157407000,11.749406982421876,1.8350000381469727,-38.448001861572266,-20.95800018310547
1788678606173434400,11.765434326171874,-0.7390000224113464,-37.695003509521484,-21.05000114440918
1788678606189586700,11.781586669921875,-1.4810000658035278,-38.23200225830078,-21.1560001373291
1788678606205731800,11.79773193359375,-0.6130000352859497,-38.7650032043457,-20.856000900268555
1788678606221952000,11.813951904296875,1.3040000200271606,-38.3380012512207,-20.753000259399414
1788678606238110700,11.83011083984375,-0.01100000087171793,-36.952003479003906,-21.452001571655273
1788678606254182400,11.846182373046876,-1.7930001020431519,-38.22600173950195,-20.748001098632812
1788678606270337000,11.8623369140625,-0.8020000457763672,-38.42500305175781,-19.52800178527832
1788678606286440400,11.8784404296875,0.032999999821186066,-37.573001861572266,-19.827001571655273
1788678606302657300,11.8946572265625,0.44700002670288086,-36.60900115966797,-19.819000244140625
1788678606318777900,11.91077783203125,-0.37300002574920654,-38.53300094604492,-19.530000686645508
1788678606334822400,11.926822509765625,-0.18000000715255737,-37.573001861572266,-19.827001571655273
1788678606350971600,11.9429716796875,-2.2320001125335693,-36.17900085449219,-20.016000747680664
1788678606367082200,11.959082275390625,-1.1200000047683716,-37.55900192260742,-18.909000396728516
1788678606383299800,11.9752998046875,-1.2200000286102295,-38.74300003051758,-19.327001571655273
1788678606399419400,11.99141943359375,-2.0920000076293945,-36.91600036621094,-19.00400161743164
1788678606415472400,12.007472412109376,-2.8370001316070557,-37.4530029296875,-19.21200180053711
1788678606431620000,12.0236201171875,-0.6960000395774841,-37.020999908447266,-18.701000213623047
1788678606447727600,12.0397275390625,-1.718000054359436,-34.89500045776367,-20.10700035095215
1788678606463942000,12.05594189453125,0.24400001764297485,-36.71000289916992,-19.413000106811523
1788678606480076500,12.07207666015625,-2.1050000190734863,-37.1400032043457,-19.71900177001953
1788678606496138200,12.08813818359375,-0.6200000047683716,-36.60700225830078,-19.81800079345703
1788678606512287700,12.104287841796875,-1.7000000476837158,-35.53300094604492,-19.705001831054688
1788678606528398600,12.120398681640625,0.09400000423192978,-35.224002838134766,-20.418001174926758
1788678606544619000,12.136618896484375,-2.330000162124634,-35.849002838134766,-19.402000427246094
1788678606560759300,12.15275927734375,-0.2630000114440918,-32.86800003051758,-20.600000381469727
1788678606576828200,12.168828125,-3.127000093460083,-34.58100128173828,-20.816001892089844
1788678606592952300,12.184952392578126,-1.3960000276565552,-35.21800231933594,-20.21200180053711
1788678606609064200,12.201064208984375,-2.8610000610351562,-35.73800277709961,-19.196001052856445
1788678606625283300,12.217283447265626,-3.0350000858306885,-33.83400344848633,-21.01300048828125
1788678606641430000,12.233429931640625,-2.3610000610351562,-33.59800338745117,-19.381999969482422
1788678606657502200,12.249502197265626,-2.2810001373291016,-33.83100128173828,-20.70800018310547
1788678606673648000,12.265648193359375,-2.3910000324249268,-34.913002014160156,-21.533000946044922
1788678606689779500,12.281779541015625,-2.7320001125335693,-32.763999938964844,-21.106000900268555
1788678606705997300,12.297997314453125,-4.087000370025635,-32.525001525878906,-19.472000122070312
1788678606722150100,12.314150146484375,-4.4150004386901855,-34.259002685546875,-20.913000106811523
1788678606738174200,12.33017431640625,-2.6010000705718994,-33.182003021240234,-20.295000076293945
1788678606754320000,12.34631982421875,-3.6650002002716064,-33.28600311279297,-20.192001342773438
1788678606770460700,12.362460693359376,-4.75,-31.998001098632812,-20.18000030517578
1788678606786673700,12.378673583984375,-4.982000350952148,-31.684001922607422,-20.788000106811523
1788678606802822100,12.394822265625,-4.084000110626221,-32.7400016784668,-19.474000930786133
1788678606818895000,12.41089501953125,-4.5329999923706055,-32.428001403808594,-20.286001205444336
1788678606835049500,12.427049560546875,-3.997000217437744,-32.104000091552734,-19.97800064086914
1788678606851150800,12.44315087890625,-4.76800012588501,-32.009002685546875,-20.9950008392334
1788678606867368200,12.4593681640625,-3.0310001373291016,-33.29100036621094,-20.499000549316406
1788678606883498200,12.475498291015626,-5.1670002937316895,-33.07200241088867,-20.392000198364258
1788678606899553800,12.4915537109375,-5.063000202178955,-32.858001708984375,-20.391000747680664
1788678606915700700,12.50770068359375,-3.253000259399414,-32.647003173828125,-20.493000030517578
1788678606931809800,12.523809814453125,-4.953000068664551,-32.9640007019043,-20.290000915527344
1788678606948026000,12.540026123046875,-4.3580002784729,-30.506000518798828,-20.77800178527832
1788678606964157000,12.556156982421875,-1.9480000734329224,-32.09400177001953,-19.06300163269043
1788678606980217300,12.57221728515625,-4.6610002517700195,-30.279001235961914,-19.85900115966797
1788678606996363500,12.588363525390625,-6.28000020980835,-30.288002014160156,-20.672000885009766
1788678607012505300,12.60450537109375,-3.892000198364258,-31.781002044677734,-19.873001098632812
1788678607028724700,12.620724853515625,-5.389000415802002,-31.347002029418945,-19.66400146484375
1788678607044867800,12.636867919921874,-4.939000129699707,-32.307003021240234,-19.26500129699707
1788678607060942000,12.652942138671875,-3.6700000762939453,-31.560001373291016,-19.362001419067383
1788678607077092600,12.669092529296876,-3.9080002307891846,-30.81800079345703,-19.96700096130371
1788678607093205200,12.685205322265626,-6.3460001945495605,-32.42399978637695,-20.181001663208008
1788678607109422000,12.701422119140625,-2.9580001831054688,-31.47500228881836,-20.89000129699707
1788678607125575200,12.7175751953125,-5.383000373840332,-32.10000228881836,-19.874000549316406
1788678607141608000,12.73360791015625,-4.183000087738037,-32.303001403808594,-18.85900115966797
1788678607157717800,12.7497177734375,-4.200000286102295,-30.908000946044922,-18.7450008392334
1788678607173826000,12.765825927734374,-4.323000431060791,-30.702001571655273,-19.354000091552734
1788678607190043400,12.78204345703125,-5.571000099182129,-31.652002334594727,-18.444000244140625
1788678607206200300,12.798200439453124,-5.153000354766846,-31.11800193786621,-18.541000366210938
1788678607222237400,12.814237548828125,-4.830000400543213,-30.144001007080078,-17.82000160217285
1788678607238384000,12.830384033203124,-4.840000152587891,-31.447002410888672,-19.054000854492188
1788678607254526700,12.846526611328125,-6.650000095367432,-31.3330020904541,-18.7450008392334
1788678607270741500,12.862741455078124,-4.9770002365112305,-28.76300048828125,-18.725000381469727
1788678607286888200,12.87888818359375,-6.1080002784729,-30.57200050354004,-17.924001693725586
1788678607302960000,12.894960205078124,-7.734000205993652,-30.261001586914062,-18.836000442504883
1788678607319108900,12.91110888671875,-6.111000061035156,-31.007001876831055,-18.336000442504883
1788678607335254300,12.927254150390626,-7.75100040435791,-30.055002212524414,-19.446001052856445
1788678607351468500,12.943468505859375,-5.379000186920166,-30.90900230407715,-18.94700050354004
1788678607367625500,12.95962548828125,-6.867000102996826,-30.038002014160156,-18.12200164794922
1788678607383682600,12.9756826171875,-6.87000036239624,-30.364002227783203,-18.431001663208008
1788678607399836000,12.9918359375,-7.907000541687012,-30.45100212097168,-17.106000900268555
1788678607415940000,13.007940185546875,-6.2330002784729,-30.907001495361328,-18.946001052856445
1788678607432158500,13.024158447265625,-6.197000503540039,-30.886001586914062,-17.31599998474121
1788678607448273700,13.040273681640626,-4.805000305175781,-31.31800079345703,-17.42300033569336
1788678607464368600,13.05636865234375,-5.2270002365112305,-31.854001998901367,-17.529001235961914
1788678607480516900,13.072516845703126,-6.842000484466553,-32.07600021362305,-18.242000579833984
1788678607496628700,13.088628662109375,-7.478000164031982,-30.559001922607422,-17.10700035095215
1788678607512846000,13.10484619140625,-6.174000263214111,-31.845001220703125,-16.917001724243164
1788678607528989700,13.12098974609375,-8.093000411987305,-31.407001495361328,-16.503000259399414
1788678607545016000,13.13701611328125,-6.39900016784668,-32.06700134277344,-17.530000686645508
1788678607561158700,13.15315869140625,-7.3580002784729,-30.33500099182129,-16.393001556396484
1788678607577268700,13.169268798828124,-7.992000579833984,-30.546001434326172,-16.190000534057617
1788678607593485000,13.185485107421876,-6.716000556945801,-32.281002044677734,-17.5310001373291
1788678607609629200,13.201629150390625,-7.567000389099121,-30.87200164794922,-16.499000549316406
1788678607625700000,13.2177001953125,-7.277000427246094,-30.999000549316406,-17.927000045776367
1788678607641845500,13.233845458984375,-7.569000244140625,-30.55000114440918,-16.394001007080078
1788678607657956600,13.24995654296875,-5.940000057220459,-31.400001525878906,-15.691000938415527
1788678607674168600,13.26616845703125,-7.487000465393066,-30.889001846313477,-17.722000122070312
1788678607690322200,13.282322265625,-6.589000225067139,-30.4320011138916,-15.47800064086914
1788678607706359300,13.298359375,-5.948000431060791,-31.297000885009766,-15.995000839233398
1788678607722506200,13.31450634765625,-6.817000389099121,-30.87200164794922,-16.398000717163086
1788678607738614800,13.33061474609375,-10.229000091552734,-30.10700225830078,-15.67400074005127
1788678607754828000,13.346828125,-8.184000015258789,-31.93800163269043,-16.100000381469727
1788678607770941000,13.36294091796875,-8.419000625610352,-29.897001266479492,-15.7760009765625
1788678607787046700,13.379046630859374,-9.142000198364258,-30.31300163269043,-14.964000701904297
1788678607803190800,13.395190673828125,-9.379000663757324,-30.11100196838379,-15.879000663757324
1788678607819298000,13.411298095703126,-10.427000045776367,-30.530000686645508,-15.270000457763672
1788678607835512800,13.427512939453125,-10.847000122070312,-31.065000534057617,-15.274001121520996
1788678607851637500,13.443637451171876,-9.50100040435791,-30.336002349853516,-16.69500160217285
1788678607867696400,13.4596962890625,-11.930000305175781,-30.424001693725586,-15.57300090789795
1788678607883840800,13.4758408203125,-9.384000778198242,-29.898000717163086,-15.97900104522705
1788678607899981300,13.491981201171875,-10.748000144958496,-29.989002227783203,-14.959000587463379
1788678607916195600,13.508195556640626,-10.131000518798828,-28.60000228881836,-15.1510009765625
1788678607932310500,13.524310546875,-10.454000473022461,-30.222002029418945,-16.286001205444336
1788678607948404000,13.540404052734376,-12.378000259399414,-29.463001251220703,-15.869000434875488
1788678607964549000,13.556549072265625,-10.220000267028809,-29.237001419067383,-14.749000549316406
1788678607980647000,13.57264697265625,-8.317000389099121,-30.00800132751465,-16.08300018310547
1788678607996860000,13.58885986328125,-9.359000205993652,-30.74700164794922,-15.375000953674316
1788678608013007400,13.60500732421875,-11.915000915527344,-30.19900131225586,-14.756000518798828
1788678608029075200,13.6210751953125,-9.822000503540039,-29.47100067138672,-16.178001403808594
1788678608045188900,13.63718896484375,-10.788000106811523,-29.905000686645508,-16.690000534057617
1788678608061298400,13.65329833984375,-10.425000190734863,-29.880001068115234,-14.755001068115234
1788678608077513000,13.669512939453124,-7.6650004386901855,-30.543001174926758,-15.885001182556152
1788678608093672700,13.685672607421875,-7.034000396728516,-29.46900177001953,-15.672000885009766
1788678608109700000,13.7017001953125,-8.079999923706055,-30.535001754760742,-15.375000953674316
1788678608125851000,13.717850830078126,-7.563000202178955,-29.033000946044922,-15.158000946044922
1788678608141960000,13.7339599609375,-8.092000007629395,-30.00200080871582,-15.574000358581543
1788678608158173700,13.750173583984376,-8.094000816345215,-29.679000854492188,-15.469000816345215
1788678608174332400,13.76633251953125,-10.19800090789795,-29.87200164794922,-14.144001007080078
1788678608190369800,13.782369873046875,-9.350000381469727,-31.066001892089844,-15.17400074005127
1788678608206517000,13.79851708984375,-9.140000343322754,-31.285001754760742,-15.482000350952148
1788678608222623700,13.814623779296875,-6.488000392913818,-30.327001571655273,-15.681000709533691
1788678608238839600,13.830839599609375,-8,-29.795001983642578,-16.08100128173828
1788678608254959400,13.84695947265625,-6.909000396728516,-30.97100067138672,-15.78800106048584
1788678608271009500,13.863009521484376,-9.308000564575195,-32.44600296020508,-14.168000221252441
1788678608287201500,13.879201416015626,-8.392000198364258,-30.96200180053711,-15.2760009765625
1788678608303309800,13.895309814453125,-6.664000511169434,-31.601001739501953,-14.77500057220459
1788678608319523800,13.91152392578125,-5.617000102996826,-30.750001907348633,-15.176000595092773
1788678608335647000,13.92764697265625,-6.75700044631958,-31.917001724243164,-14.370000839233398
1788678608351701800,13.94370166015625,-7.837000370025635,-31.70600128173828,-14.774001121520996
1788678608367846700,13.9598466796875,-7.192000389099121,-31.704002380371094,-14.571001052856445
1788678608383954000,13.975953857421874,-7.722000598907471,-32.134002685546875,-14.676000595092773
1788678608400171000,13.9921708984375,-8.0600004196167,-31.171001434326172,-14.871000289916992
1788678608416301300,14.00830126953125,-8.451000213623047,-32.77000045776367,-14.273000717163086
1788678608432356900,14.02435693359375,-6.764000415802002,-31.921001434326172,-14.676000595092773
1788678608448505000,14.040505126953125,-6.7310004234313965,-32.65700149536133,-13.66300106048584
1788678608464615200,14.056615234375,-7.872000217437744,-33.28300094604492,-12.547000885009766
1788678608480831200,14.072831298828126,-7.688000202178955,-32.4370002746582,-13.355000495910645
1788678608496955400,14.088955322265624,-8.542000770568848,-32.76000213623047,-13.5600004196167
1788678608513025000,14.10502490234375,-6.717000484466553,-32.54100036621094,-12.949000358581543
1788678608529166800,14.121166748046875,-8.336000442504883,-31.57600212097168,-13.143000602722168
1788678608545310500,14.137310546875,-8.188000679016113,-32.7400016784668,-12.032000541687012
1788678608561527000,14.153527099609375,-7.595000267028809,-32.121002197265625,-13.759000778198242
1788678608577658000,14.169658203125,-7.246000289916992,-32.861000061035156,-12.952000617980957
1788678608593728500,14.185728515625,-8.096000671386719,-33.83000183105469,-13.366000175476074
1788678608609873400,14.201873291015625,-8.636000633239746,-32.428001403808594,-12.742000579833984
1788678608625977300,14.217977294921875,-8.086000442504883,-33.39200210571289,-12.65000057220459
1788678608642192100,14.234192138671874,-7.543000221252441,-32.73800277709961,-11.830000877380371
1788678608658304800,14.2503046875,-7.955000400543213,-34.45800018310547,-12.25200080871582
1788678608674344700,14.2663447265625,-7.139000415802002,-32.75300216674805,-12.849000930786133
1788678608690491400,14.282491455078125,-6.0400004386901855,-33.16800308227539,-11.733000755310059
1788678608706600200,14.29860009765625,-5.624000072479248,-33.5,-12.450000762939453
1788678608722815000,14.31481494140625,-7.7870001792907715,-31.027002334594727,-12.120000839233398
1788678608738967600,14.330967529296874,-6.505000114440918,-33.191001892089844,-13.465001106262207
1788678608755012600,14.3470126953125,-7.357000350952148,-33.079002380371094,-13.259000778198242
1788678608771162600,14.36316259765625,-7.327000141143799,-33.60200119018555,-12.245000839233398
1788678608787273200,14.379273193359374,-6.457000255584717,-33.702003479003906,-11.636000633239746
1788678608803489000,14.395489013671876,-5.62000036239624,-33.82100296020508,-12.453001022338867
1788678608819613400,14.411613525390624,-9.267000198364258,-33.71800231933594,-13.160000801086426
1788678608835673600,14.427673583984374,-6.5970001220703125,-33.83000183105469,-13.165000915527344
1788678608851823000,14.443822998046874,-7.119000434875488,-33.82200241088867,-12.655000686645508
1788678608867933400,14.459933349609376,-6.490000247955322,-33.505001068115234,-12.958000183105469
1788678608884149200,14.476149169921875,-6.812000274658203,-32.20899963378906,-12.233000755310059
1788678608900284400,14.492284423828124,-8.069000244140625,-33.165000915527344,-11.731000900268555
1788678608916327700,14.50832763671875,-5.8470001220703125,-33.829002380371094,-13.064001083374023
1788678608932474400,14.524474365234376,-7.321000576019287,-34.67900085449219,-12.66200065612793
1788678608948615200,14.540615234375,-7.978000164031982,-33.823001861572266,-12.857000350952148
1788678608964830000,14.556829833984375,-4.948000431060791,-34.236000061035156,-11.337000846862793
1788678608980965400,14.57296533203125,-8.178000450134277,-32.842002868652344,-11.62600040435791
1788678608997071400,14.5890712890625,-6.754000186920166,-34.11900329589844,-10.824000358581543
1788678609013227500,14.6052275390625,-9.23900032043457,-33.80900192260742,-11.939000129699707
1788678609029368600,14.62136865234375,-8.895000457763672,-35.52400207519531,-11.954000473022461
1788678609045580500,14.63758056640625,-7.969000339508057,-32.19600296020508,-11.417000770568848
1788678609061712000,14.6537119140625,-7.633000373840332,-33.48400115966797,-11.530000686645508
1788678609077775400,14.669775390625,-8.189000129699707,-34.03700256347656,-12.859000205993652
1788678609093916700,14.685916748046875,-9.031000137329102,-33.59600067138672,-12.039000511169434
1788678609110019600,14.70201953125,-8.522000312805176,-34.36900329589844,-13.676000595092773
1788678609126235600,14.718235595703124,-7.559000492095947,-34.909000396728516,-13.886000633239746
1788678609142391000,14.73439111328125,-8.184000015258789,-34.68300247192383,-13.068000793457031
1788678609158434600,14.7504345703125,-8.50100040435791,-34.788002014160156,-12.967000961303711
1788678609174584300,14.766584228515624,-8.755000114440918,-33.30000305175781,-13.870000839233398
1788678609190691000,14.782691162109375,-6.700000286102295,-33.611000061035156,-12.857000350952148
1788678609206906400,14.79890625,-7.64900016784668,-33.81800079345703,-12.450000762939453
1788678609223024600,14.815024658203125,-4.154000282287598,-34.16600036621094,-13.986001014709473
1788678609239069000,14.83106884765625,-7.728000164031982,-34.66600036621094,-11.744000434875488
1788678609255218200,14.84721826171875,-6.464000225067139,-35.21900177001953,-12.871000289916992
1788678609271323400,14.863323486328126,-8.096000671386719,-33.83000183105469,-13.366000175476074
1788678609287533300,14.879533203125,-8.837000846862793,-33.5,-12.85300064086914
1788678609303661800,14.895661865234375,-8.011000633239746,-34.70800018310547,-14.902000427246094
1788678609319715600,14.911715576171876,-6.497000217437744,-34.48200225830078,-13.884000778198242
1788678609335862300,14.9278623046875,-5.835000514984131,-34.038002014160156,-12.658000946044922
1788678609351969800,14.9439697265625,-6.717000484466553,-33.8380012512207,-13.7760009765625
1788678609368186000,14.96018603515625,-7.777000427246094,-33.72300338745117,-13.366000175476074
1788678609384325000,14.9763251953125,-5.384000301361084,-34.13199996948242,-11.641000747680664
1788678609400389000,14.99238916015625,-7.630000591278076,-34.996002197265625,-12.359000205993652
1788678609416536800,15.008536865234374,-7.206000328063965,-33.80900192260742,-11.738000869750977
1788678609432644600,15.02464453125,-7.418000221252441,-33.70000076293945,-11.634000778198242
1788678609448858400,15.0408583984375,-6.14900016784668,-34.46600341796875,-12.66100025177002
1788678609465000200,15.057000244140625,-6.440000534057617,-35.3120002746582,-11.854000091552734
1788678609481073200,15.0730732421875,-8.409000396728516,-34.04100036621094,-13.164000511169434
1788678609497217800,15.0892177734375,-4.922000408172607,-35.51700210571289,-10.941000938415527
1788678609513325300,15.1053251953125,-6.1710004806518555,-35.236000061035156,-14.094000816345215
1788678609529541400,15.121541259765625,-4.5360002517700195,-35.32600021362305,-12.671000480651855
1788678609545688600,15.1376884765625,-7.211000442504883,-33.92100143432617,-12.044000625610352
1788678609561713400,15.15371337890625,-6.350000381469727,-34.242000579833984,-11.946000099182129
1788678609577866200,15.1698662109375,-5.802000045776367,-36.395999908447266,-12.679000854492188
1788678609593966000,15.185966064453124,-7.729000568389893,-35.74700164794922,-12.467000961303711
1788678609610179000,15.202178955078125,-6.090000152587891,-36.48400115966797,-11.253000259399414
1788678609626286800,15.218286865234376,-7.178000450134277,-36.27799987792969,-12.065000534057617
1788678609642349800,15.234349853515624,-9.188000679016113,-36.480003356933594,-11.351000785827637
1788678609658491400,15.250491455078125,-6.8460001945495605,-36.16400146484375,-11.45300006866455
1788678609674632700,15.2666328125,-5.240000247955322,-36.163002014160156,-11.25100040435791
1788678609690849000,15.28284912109375,-6.909000396728516,-38.19000244140625,-10.758000373840332
1788678609706996700,15.298996826171875,-5.949000358581543,-38.625,-11.069000244140625
1788678609723069700,15.315069580078125,-6.028000354766846,-37.63500213623047,-9.226000785827637
1788678609739220700,15.331220703125,-6.729000091552734,-36.698001861572266,-11.356000900268555
1788678609755319000,15.347319091796875,-5.824000358581543,-38.28900146484375,-10.047000885009766
1788678609771533300,15.363533203125,-3.8410000801086426,-35.94300079345703,-10.640000343322754
1788678609787651600,15.379651611328125,-5.8460001945495605,-38.51900100708008,-11.170000076293945
1788678609803704600,15.39570458984375,-4.486999988555908,-36.702003479003906,-11.359000205993652
1788678609819850800,15.411850830078125,-6.699000358581543,-38.08500289916992,-10.859000205993652
1788678609835959300,15.427959228515626,-5.986000061035156,-37.242000579833984,-11.871000289916992
1788678609852172000,15.444172119140624,-5.529000282287598,-37.441001892089844,-10.6510009765625
1788678609868305700,15.4603056640625,-4.700000286102295,-38.2140007019043,-12.289000511169434
1788678609884366600,15.47636669921875,-4.64300012588501,-39.26000213623047,-10.363000869750977
1788678609900512800,15.4925126953125,-6.845000267028809,-38.54100036621094,-12.90000057220459
1788678609916620500,15.50862060546875,-6.175000190734863,-38.52400207519531,-11.577000617980957
1788678609932829700,15.52482958984375,-6.73900032043457,-37.35200119018555,-12.177000999450684
1788678609948969000,15.540968994140625,-4.781000137329102,-38.630001068115234,-11.37600040435791
1788678609965036800,15.557036865234375,-7.00700044631958,-38.94200134277344,-10.866000175476074
1788678609981183500,15.57318359375,-5.777000427246094,-37.570003509521484,-12.282000541687012
1788678609997289700,15.589289794921875,-5.990000247955322,-38.75800323486328,-13.005001068115234
1788678610013501000,15.6055009765625,-6.954000473022461,-37.35300064086914,-12.278000831604004
1788678610029654500,15.621654541015625,-6.964000225067139,-37.68300247192383,-12.893000602722168
1788678610045683700,15.63768359375,-6.617000102996826,-38.74800109863281,-12.393000602722168
1788678610061799000,15.653798828125,-6.617000102996826,-38.10000228881836,-11.980000495910645
1788678610077905000,15.66990478515625,-5.130000114440918,-38.53900146484375,-12.597000122070312
1788678610094118700,15.68611865234375,-5.01200008392334,-39.505001068115234,-12.707000732421875
1788678610110255600,15.702255615234375,-4.931000232696533,-38.98100280761719,-13.518000602722168
1788678610126325800,15.71832568359375,-4.379000186920166,-38.755001068115234,-12.600000381469727
1788678610142471700,15.7344716796875,-6.741000175476074,-39.191001892089844,-13.416000366210938
1788678610158575600,15.75057568359375,-6.838000297546387,-39.4010009765625,-13.112000465393066
1788678610174788000,15.7667880859375,-5.9770002365112305,-39.182003021240234,-12.703001022338867
1788678610190901000,15.78290087890625,-6.119000434875488,-38.3380012512207,-13.714000701904297
1788678610206978000,15.79897802734375,-4.941000461578369,-38.87900161743164,-13.92400074005127
1788678610223118600,15.81511865234375,-6.749000549316406,-39.0880012512207,-13.720000267028809
1788678610239256000,15.831256103515624,-5.3560004234313965,-40.2760009765625,-14.242000579833984
1788678610255468500,15.847468505859375,-4.615000247955322,-40.605003356933594,-14.755001068115234
1788678610271620900,15.863620849609376,-4.820000171661377,-39.95100021362305,-13.934000968933105
1788678610287703000,15.879703125,-4.279000282287598,-40.92000198364258,-14.249000549316406
1788678610303858200,15.895858154296874,-5.670000076293945,-40.05500030517578,-13.832000732421875
1788678610319969000,15.911968994140626,-6.085000514984131,-41.560001373291016,-14.25200080871582
1788678610336182800,15.928182861328125,-4.284000396728516,-40.707000732421875,-14.349000930786133
1788678610352316000,15.94431591796875,-4.278000354766846,-39.8390007019043,-13.5260009765625
1788678610368378000,15.960378173828126,-2.9020001888275146,-40.281002044677734,-14.347001075744629
1788678610384523000,15.97652294921875,-2.8960001468658447,-39.737003326416016,-13.731000900268555
1788678610400628700,15.992628662109375,-2.892000198364258,-40.707000732421875,-14.147000312805176
1788678610416846000,16.00884619140625,-3.433000087738037,-39.84600067138672,-13.9350004196167
1788678610432984800,16.02498486328125,-3.6710002422332764,-40.07600021362305,-15.159000396728516
1788678610449011200,16.04101123046875,-2.8910000324249268,-41.24700164794922,-14.457000732421875
1788678610465158000,16.057157958984376,-4.353000164031982,-39.66800308227539,-16.784000396728516
1788678610481264400,16.073264404296875,-3.3550002574920654,-39.21500015258789,-14.846000671386719
1788678610497475600,16.0894755859375,-2.498000144958496,-40.40400314331055,-15.469000816345215
1788678610513624000,16.1056240234375,-2.822000026702881,-40.297000885009766,-15.569001197814941
1788678610529643300,16.121643310546876,-3.1550002098083496,-39.1150016784668,-15.355000495910645
1788678610545791700,16.137791748046876,-4.276000022888184,-41.999000549316406,-14.768000602722168
1788678610561896400,16.153896484375,-2.9060001373291016,-40.82400131225586,-14.861001014709473
1788678610578109700,16.170109619140625,-3.0310001373291016,-41.159000396728516,-15.882000923156738
1788678610594217500,16.186217529296876,-4.181000232696533,-41.250003814697266,-14.863000869750977
1788678610610251500,16.20225146484375,-3.884000301361084,-40.94000244140625,-15.676000595092773
1788678610626402000,16.218402099609374,-2.134999990463257,-41.56700134277344,-14.257000923156738
1788678610642511400,16.234511474609373,-2.0260000228881836,-42.2140007019043,-14.569000244140625
1788678610658725400,16.250725341796876,-3.7370002269744873,-41.67300033569336,-14.358000755310059
1788678610674846500,16.266846435546874,-5.3460001945495605,-41.999000549316406,-14.868000984191895
1788678610690899200,16.282899169921876,-3.882000207901001,-41.37200164794922,-15.883000373840332
1788678610707046700,16.299046630859376,-2.7930002212524414,-41.25200271606445,-14.86500072479248
1788678610723179300,16.31517919921875,-5.567000389099121,-41.24700164794922,-14.759000778198242
1788678610739399000,16.33139892578125,-2.372000217437744,-42.33700180053711,-15.792000770568848
1788678610755537200,16.347537109375,-3.19100022315979,-42.531002044677734,-14.36600112915039
1788678610771599400,16.363599365234375,-1.7110000848770142,-42.32600021362305,-14.87600040435791
1788678610787749000,16.3797490234375,-5.331000328063965,-42.09800338745117,-14.258000373840332
1788678610803892000,16.39589208984375,-4.080000400543213,-42.01000213623047,-15.583001136779785
1788678610820107800,16.412107666015626,-4.593000411987305,-41.02400207519531,-14.046000480651855
1788678610836243200,16.4282431640625,-5.511000156402588,-41.53700256347656,-12.419000625610352
1788678610852307500,16.444307373046875,-7.213000297546387,-42.178001403808594,-12.52400016784668
1788678610868461300,16.46046142578125,-4.663000106811523,-42.406002044677734,-13.243000984191895
1788678610884568800,16.47656884765625,-4.584000110626221,-41.55900192260742,-13.94800090789795
1788678610900785200,16.49278515625,-5.51800012588501,-42.189002990722656,-13.13800048828125
1788678610916932400,16.508932373046875,-3.6000001430511475,-42.84400177001953,-13.757000923156738
1788678610932967200,16.52496728515625,-3.627000093460083,-42.75200271606445,-14.87700080871582
1788678610949113600,16.541113525390625,-3.819000244140625,-43.60300064086914,-14.47700023651123
1788678610965220400,16.557220458984375,-6.24500036239624,-42.500003814697266,-12.427000999450684
1788678610981434400,16.573434326171874,-4.236000061035156,-42.08300018310547,-13.03700065612793
1788678610997582800,16.589582763671874,-5.505000114440918,-44.55900192260742,-14.076000213623047
1788678611013614800,16.60561474609375,-4.345000267028809,-43.057003021240234,-13.758000373840332
1788678611029756400,16.62175634765625,-5.019000053405762,-42.428001403808594,-14.872000694274902
1788678611045898800,16.637898681640625,-4.464000225067139,-43.496002197265625,-14.577000617980957
1788678611062115600,16.654115478515624,-3.578000068664551,-44.45100021362305,-13.772000312805176
1788678611078231300,16.670231201171877,-5.408000469207764,-43.052001953125,-13.553000450134277
1788678611094272800,16.686272705078125,-5.307000160217285,-42.948001861572266,-13.756000518798828
1788678611110421500,16.70242138671875,-7.207000255584717,-43.90400314331055,-13.355000495910645
1788678611126529300,16.718529296875,-6.591000080108643,-42.94700241088867,-13.856000900268555
1788678611142742000,16.734741943359374,-5.500000476837158,-43.47500228881836,-13.14900016784668
1788678611158861000,16.750861083984375,-7.634000301361084,-44.552001953125,-13.767000198364258
1788678611174908400,16.766908447265624,-5.729000091552734,-42.512001037597656,-13.242000579833984
1788678611191037000,16.783036865234376,-5.9730000495910645,-41.77400207519531,-14.152000427246094
1788678611207145000,16.79914501953125,-5.404000282287598,-43.15800094604492,-13.452000617980957
1788678611223358500,16.8153583984375,-6.363000392913818,-42.50700378417969,-12.93600082397461
1788678611239487700,16.83148779296875,-4.385000228881836,-42.10900115966797,-14.972001075744629
1788678611255584800,16.847584716796874,-5.425000190734863,-43.17000198364258,-14.369000434875488
1788678611271731200,16.863731201171873,-5.7220001220703125,-42.18400192260742,-12.730000495910645
1788678611287839000,16.8798388671875,-6.825000286102295,-42.95900344848633,-14.773000717163086
1788678611304054300,16.89605419921875,-3.6070001125335693,-43.496002197265625,-14.476000785827637
1788678611320194300,16.9121943359375,-5.873000144958496,-42.64200210571289,-14.975000381469727
1788678611336264700,16.9282646484375,-4.904000282287598,-43.720001220703125,-15.291000366210938
1788678611352408000,16.944407958984375,-6.372000217437744,-42.18800354003906,-13.137001037597656
1788678611368548000,16.960548095703125,-5.744000434875488,-43.71000289916992,-14.679000854492188
1788678611384766700,16.9767666015625,-7.238000392913818,-42.302001953125,-13.748001098632812
1788678611400899300,16.9928994140625,-8.086000442504883,-42.945003509521484,-13.85400104522705
1788678611416957700,17.008957763671877,-5.081000328063965,-43.37300109863281,-13.455000877380371
1788678611433115400,17.025115478515627,-6.807000160217285,-41.97600173950195,-13.338000297546387
1788678611449222100,17.04122216796875,-6.492000102996826,-42.19600296020508,-13.748001098632812
1788678611465445600,17.057445556640626,-6.180000305175781,-42.63300323486328,-14.363000869750977
1788678611481600800,17.073600830078124,-7.044000148773193,-42.53000259399414,-14.769001007080078
1788678611497620200,17.0896201171875,-8.711000442504883,-43.04300308227539,-13.243000984191895
1788678611513767700,17.105767578125,-7.438000202178955,-43.2660026550293,-13.756000518798828
1788678611529876200,17.121876220703125,-6.64300012588501,-41.14200210571289,-15.063000679016113
1788678611546091000,17.138091064453125,-6.816000461578369,-42.630001068115234,-14.159000396728516
1788678611562212900,17.154212890625,-6.058000087738037,-42.08400344848633,-13.340001106262207
1788678611578262000,17.170261962890624,-7.6660003662109375,-43.05800247192383,-14.26300048828125
1788678611594410800,17.18641064453125,-6.607000350952148,-41.76900100708008,-13.846000671386719
1788678611610522600,17.202522705078124,-7.777000427246094,-42.737003326416016,-14.260000228881836
1788678611626738400,17.218738525390624,-5.0980000495910645,-43.1670036315918,-14.064001083374023
1788678611642866400,17.234866455078127,-5.5400004386901855,-41.55400085449219,-13.744000434875488
1788678611658922800,17.2509228515625,-8.01200008392334,-42.20900344848633,-14.867000579833984
1788678611675073800,17.26707373046875,-7.133000373840332,-42.51900100708008,-13.954000473022461
1788678611691180500,17.2831806640625,-6.386000156402588,-41.980003356933594,-13.644001007080078
1788678611707394300,17.299394287109376,-6.826000213623047,-42.52800369262695,-14.565000534057617
1788678611723532800,17.31553271484375,-5.985000133514404,-41.45600128173828,-14.455000877380371
1788678611739601400,17.331601318359375,-6.218000411987305,-41.14400100708008,-15.165000915527344
1788678611755752700,17.347752685546876,-5.324000358581543,-42.742000579833984,-14.36500072479248
1788678611771865300,17.363865234375,-5.314000129699707,-43.2760009765625,-14.268000602722168
1788678611788082000,17.38008203125,-6.6110005378723145,-44.14800262451172,-15.497000694274902
1788678611804224500,17.396224609375,-3.6070001125335693,-43.06300354003906,-14.167000770568848
1788678611820269600,17.41226953125,-5.0970001220703125,-43.05800247192383,-13.961000442504883
1788678611836413000,17.428412841796874,-6.086000442504883,-42.20900344848633,-14.665000915527344
1788678611852518400,17.444518310546876,-6.176000118255615,-42.415000915527344,-14.056000709533691
1788678611868731100,17.460731201171875,-5.323000431060791,-42.63300323486328,-14.26300048828125
1788678611884863200,17.47686328125,-5.420000076293945,-43.492000579833984,-14.372000694274902
1788678611900892700,17.492892578125,-4.4720001220703125,-42.09600067138672,-14.055000305175781
1788678611917037600,17.50903759765625,-1.787000060081482,-43.71200180053711,-14.379000663757324
1788678611933145300,17.525145263671874,-5.0960001945495605,-42.95000076293945,-13.858000755310059
1788678611949359600,17.541359619140625,-6.99500036239624,-42.60900115966797,-12.630001068115234
1788678611965468700,17.55746875,-4.460000038146973,-41.98100280761719,-13.443000793457031
1788678611981508000,17.573508056640627,-6.560000419616699,-43.03700256347656,-12.533000946044922
1788678611997651700,17.589651611328126,-5.498000144958496,-42.28600311279297,-12.324000358581543
1788678612013762000,17.605761962890625,-5.408000469207764,-42.40400314331055,-13.140000343322754
1788678612029976000,17.62197607421875,-6.019000053405762,-42.38500213623047,-11.815000534057617
1788678612046089700,17.63808984375,-4.630000114440918,-43.79100036621094,-12.644001007080078
1788678612062130200,17.654130126953124,-4.394000053405762,-43.454002380371094,-11.419000625610352
1788678612078246700,17.67024658203125,-4.671000003814697,-41.979000091552734,-13.3410005569458
1788678612094354700,17.686354736328123,-6.419000148773193,-43.0160026550293,-11.005000114440918
1788678612110567700,17.702567626953126,-5.88800048828125,-43.99100112915039,-11.72700023651123
1788678612126689000,17.71868896484375,-5.082000255584717,-41.320003509521484,-12.214000701904297
1788678612142742000,17.734741943359374,-6.219000339508057,-42.592002868652344,-11.307000160217285
1788678612158891000,17.75089111328125,-3.7710001468658447,-43.46600341796875,-12.235000610351562
1788678612175000000,17.767,-4.492000102996826,-43.88100051879883,-11.321000099182129
1788678612191214800,17.78321484375,-5.2310004234313965,-42.902000427246094,-10.292000770568848
1788678612207341300,17.79934130859375,-3.739000082015991,-43.12200164794922,-10.60200023651123
1788678612223401500,17.8154013671875,-3.3590002059936523,-42.070003509521484,-12.019001007080078
1788678612239553300,17.83155322265625,-4.396000385284424,-41.94200134277344,-10.5910005569458
1788678612255663900,17.847663818359376,-3.9580001831054688,-42.801002502441406,-10.599000930786133
1788678612271879200,17.863879150390623,-6.9720001220703125,-42.487003326416016,-11.509000778198242
1788678612288018400,17.880018310546873,-6.104000091552734,-42.80400085449219,-11.105000495910645
1788678612304087300,17.89608740234375,-6.01300048828125,-42.4890022277832,-11.612000465393066
1788678612320236800,17.91223681640625,-4.934000015258789,-43.349002838134766,-11.621000289916992
1788678612336343000,17.928343017578126,-6.195000171661377,-43.44300079345703,-10.805000305175781
1788678612352555800,17.9445556640625,-4.8520002365112305,-42.82400131225586,-12.431000709533691
1788678612368703700,17.960703857421876,-6.111000061035156,-41.83500289916992,-10.791000366210938
1788678612384779300,17.976779296875,-5.697000503540039,-42.16800308227539,-11.610000610351562
1788678612400927500,17.992927490234376,-6.23900032043457,-41.7400016784668,-11.707000732421875
1788678612417035500,18.009035400390626,-6.974000453948975,-42.8120002746582,-11.817000389099121
1788678612433252900,18.0252529296875,-6.349000453948975,-42.7140007019043,-12.428000450134277
1788678612449366800,18.04136669921875,-6.779000282287598,-42.17500305175781,-12.219000816345215
1788678612465407000,18.057406982421874,-6.533000469207764,-43.345001220703125,-11.517000198364258
1788678612481554000,18.073553955078125,-7.735000133514404,-42.49500274658203,-12.221000671386719
1788678612497660400,18.089660400390624,-8.144000053405762,-41.83500289916992,-10.992000579833984
1788678612513873400,18.105873291015627,-8.17199993133545,-40.12300109863281,-11.181000709533691
1788678612529986600,18.121986572265627,-6.685000419616699,-42.39900207519531,-12.9350004196167
1788678612546030800,18.13803076171875,-7.431000232696533,-40.66800308227539,-11.79800033569336
1788678612562176500,18.154176513671874,-7.224000453948975,-40.88800048828125,-12.207000732421875
1788678612578275800,18.17027587890625,-8.37700080871582,-41.954002380371094,-11.910000801086426
1788678612594491000,18.186490966796875,-8.705000877380371,-41.5260009765625,-12.008000373840332
1788678612610604800,18.202604736328126,-6.136000156402588,-41.310001373291016,-11.601000785827637
1788678612626660000,18.21866015625,-6.99500036239624,-41.63600158691406,-12.011000633239746
1788678612642807300,18.234807373046873,-7.561000347137451,-41.76300048828125,-13.539000511169434
1788678612658914300,18.250914306640624,-7.445000171661377,-40.461002349853516,-12.305000305175781
1788678612675128300,18.26712841796875,-6.397000312805176,-41.55500030517578,-13.844000816345215
1788678612691264500,18.283264404296876,-9.559000015258789,-41.20100021362305,-11.800000190734863
1788678612707325700,18.29932568359375,-7.209000110626221,-41.63600158691406,-12.010000228881836
1788678612723473000,18.315472900390624,-5.923000335693359,-41.95900344848633,-12.015000343322754
1788678612739579400,18.331579345703126,-5.838000297546387,-40.676002502441406,-12.207000732421875
1788678612755812600,18.3478125,-7.02400016784668,-40.573001861572266,-12.612000465393066
1788678612771955500,18.36395556640625,-7.583000183105469,-40.695003509521484,-13.835000991821289
1788678612788017700,18.380017578125,-8.963000297546387,-41.445003509521484,-13.942000389099121
1788678612804170800,18.396170654296874,-8.086000442504883,-41.108001708984375,-12.718000411987305
1788678612820281300,18.41228125,-6.133000373840332,-41.41600036621094,-11.500000953674316
1788678612836498700,18.428498779296874,-6.579000473022461,-41.535003662109375,-12.418000221252441
1788678612852655400,18.4446552734375,-8.52500057220459,-41.43800354003906,-13.433000564575195
1788678612868695300,18.4606953125,-6.350000381469727,-41.634002685546875,-11.808000564575195
1788678612884842200,18.47684228515625,-7.647000312805176,-41.64200210571289,-12.519001007080078
1788678612900951300,18.492951416015625,-7.446000576019287,-41.86600112915039,-13.235000610351562
1788678612917165000,18.5091650390625,-8.29699993133545,-41.32200241088867,-12.719000816345215
1788678612933277400,18.52527734375,-6.37600040435791,-41.43400192260742,-12.825000762939453
1788678612949310000,18.54131005859375,-6.811000347137451,-40.03300094604492,-12.302000999450684
1788678612965450800,18.55745068359375,-7.11400032043457,-40.77800369262695,-12.003000259399414
1788678612981556500,18.573556396484374,-7.9810004234313965,-39.16400146484375,-11.580000877380371
1788678612997771500,18.589771484375,-6.060000419616699,-40.897003173828125,-12.718000411987305
1788678613013887500,18.605887451171874,-6.991000175476074,-40.76900100708008,-11.290000915527344
1788678613029964300,18.62196435546875,-7.207000255584717,-40.44600296020508,-11.1850004196167
1788678613046112800,18.63811279296875,-4.88700008392334,-40.7920036315918,-12.719000816345215
1788678613062221600,18.6542216796875,-7.969000339508057,-41.534000396728516,-12.518000602722168
1788678613078438700,18.670438720703125,-7.2220001220703125,-41.320003509521484,-12.415000915527344
1788678613094568200,18.686568115234376,-6.654000282287598,-40.867000579833984,-10.57800006866455
1788678613110626000,18.7026259765625,-7.836000442504883,-40.329002380371094,-10.572000503540039
1788678613126768600,18.7187685546875,-8.907999992370605,-40.33000183105469,-10.77400016784668
1788678613142875600,18.734875732421877,-7.086000442504883,-40.65400314331055,-10.678000450134277
1788678613159087600,18.751087646484375,-7.609000205993652,-40.10600280761719,-9.857000350952148
1788678613175214800,18.76721484375,-8.006999969482422,-41.384002685546875,-9.359000205993652
1788678613191269400,18.783269287109373,-6.549000263214111,-40.544002532958984,-10.474000930786133
1788678613207426800,18.7994267578125,-7.635000228881836,-39.90500259399414,-10.874000549316406
1788678613223540500,18.81554052734375,-8.450000762939453,-41.71800231933594,-10.278000831604004
1788678613239758600,18.831758544921875,-7.942000389099121,-41.194000244140625,-11.089000701904297
1788678613255897300,18.8478974609375,-8.883000373840332,-40.6400032043457,-9.860000610351562
1788678613271966500,18.863966552734375,-6.0970001220703125,-40.20600128173828,-9.147000312805176
1788678613288116000,18.880115966796875,-6.543000221252441,-40.97300338745117,-10.47700023651123
1788678613304225000,18.89622509765625,-5.236000061035156,-41.500003814697266,-9.669000625610352
1788678613320438300,18.912438232421874,-7.582000255584717,-41.38600158691406,-9.461000442504883
1788678613336583700,18.928583740234377,-6.077000141143799,-41.16600036621094,-8.850000381469727
1788678613352609000,18.944609130859376,-7.354000568389893,-41.27000045776367,-8.747000694274902
1788678613368758800,18.9607587890625,-7.109000205993652,-42.224002838134766,-7.941000461578369
1788678613384868000,18.9768681640625,-7.246000289916992,-41.37700271606445,-8.748000144958496
1788678613401088300,18.993088134765625,-6.510000228881836,-39.76400375366211,-8.226000785827637
1788678613417196800,19.00919677734375,-6.038000106811523,-42.332000732421875,-7.841000556945801
1788678613433236200,19.025236328125,-6.924000263214111,-41.16100311279297,-8.543000221252441
1788678613449383700,19.0413837890625,-7.783000469207764,-39.8650016784668,-7.919000148773193
1788678613465490700,19.05749072265625,-7.00700044631958,-41.25400161743164,-7.52500057220459
1788678613481707800,19.073707763671877,-6.073000431060791,-40.624000549316406,-8.336000442504883
1788678613497823700,19.08982373046875,-7.75700044631958,-41.25400161743164,-7.62600040435791
1788678613513870000,19.1058701171875,-6.6050004959106445,-41.27000045776367,-8.646000862121582
1788678613530017000,19.12201708984375,-7.478000164031982,-40.52400207519531,-9.046000480651855
1788678613546124300,19.138124267578124,-6.78000020980835,-40.05800247192383,-6.191000461578369
1788678613562300700,19.15430078125,-7.3460001945495605,-41.04900360107422,-8.236000061035156
1788678613578428400,19.170428466796874,-6.4720001220703125,-41.14600372314453,-7.423000335693359
1788678613594485800,19.18648583984375,-6.055000305175781,-41.58500289916992,-8.140000343322754
1788678613610629000,19.202629150390624,-4.871000289916992,-40.93300247192383,-7.321000576019287
1788678613626769400,19.218769287109374,-6.253000259399414,-41.03600311279297,-7.117000102996826
1788678613642985500,19.2349853515625,-6.236000061035156,-42.32200241088867,-7.128000259399414
1788678613659104300,19.251104248046875,-6.043000221252441,-41.794002532958984,-7.735000133514404
1788678613675200500,19.267200439453124,-6.478000164031982,-41.691001892089844,-8.039000511169434
1788678613691342600,19.283342529296874,-6.686000347137451,-41.470001220703125,-7.629000186920166
1788678613707482400,19.299482421875,-8.520000457763672,-39.96600341796875,-7.512000560760498
1788678613723697200,19.315697265625,-6.241000175476074,-40.92000198364258,-6.504000186920166
1788678613739830300,19.331830322265624,-6.6710004806518555,-39.624000549316406,-5.779000282287598
1788678613755891500,19.347891357421876,-8.506000518798828,-40.82200241088867,-7.418000221252441
1788678613772037600,19.36403759765625,-6.906000137329102,-40.82600021362305,-7.521000385284424
1788678613788147000,19.38014697265625,-8.641000747680664,-39.867000579833984,-8.122000694274902
1788678613804362200,19.3963623046875,-6.993000507354736,-41.246002197265625,-6.914000511169434
1788678613820514300,19.412514404296875,-6.709000110626221,-40.944000244140625,-8.338000297546387
1788678613836542200,19.428542236328123,-6.095000267028809,-40.204002380371094,-9.045000076293945
1788678613852689400,19.444689453125,-5.9710001945495605,-39.97800064086914,-8.12600040435791
1788678613868799000,19.460799072265626,-6.935000419616699,-40.41100311279297,-8.53600025177002
1788678613885013800,19.477013671875,-6.9120001792907715,-41.26100158691406,-8.035000801086426
1788678613901127400,19.49312744140625,-4.401000022888184,-40,-9.555000305175781
1788678613917163300,19.509163330078124,-5.345000267028809,-39.880001068115234,-8.737000465393066
1788678613933306600,19.525306640625,-6.964000225067139,-39.78000259399414,-9.44800090789795
1788678613949417700,19.541417724609374,-6.808000087738037,-41.047000885009766,-8.032999992370605
1788678613965633500,19.557633544921874,-7.1660003662109375,-41.285003662109375,-9.868000030517578
1788678613981753300,19.57375341796875,-5.581000328063965,-39.569000244140625,-9.54900074005127
1788678613997802200,19.58980224609375,-5.241000175476074,-41.50300216674805,-9.872000694274902
1788678614013952000,19.605951904296877,-4.39900016784668,-41.29500198364258,-10.279000282287598
1788678614030061600,19.6220615234375,-5.236000061035156,-41.82400131225586,-9.875
1788678614046280200,19.6382802734375,-7.6110005378723145,-40.43100357055664,-10.166000366210938
1788678614062412000,19.654412109375,-7.369000434875488,-40.84700012207031,-9.151000022888184
1788678614078469600,19.6704697265625,-6.7360005378723145,-41.176002502441406,-9.664000511169434
1788678614094619400,19.686619384765624,-5.999000072479248,-40.75100326538086,-9.86500072479248
1788678614110728200,19.702728271484375,-6.440000534057617,-40.868003845214844,-10.57800006866455
1788678614126942200,19.718942138671874,-5.260000228881836,-41.62200164794922,-10.790000915527344
1788678614143075800,19.735075927734375,-5.714000225067139,-40.77400207519531,-11.495000839233398
1788678614159137000,19.751136962890627,-5.451000213623047,-42.04100036621094,-10.081000328063965
1788678614175263700,19.767263671875,-7.377000331878662,-40.95900344848633,-9.559000015258789
1788678614191371000,19.78337109375,-7.598000526428223,-41.720001220703125,-10.381000518798828
1788678614207584500,19.79958447265625,-5.6620001792907715,-41.93100357055664,-9.87600040435791
1788678614223730700,19.815730712890623,-5.560000419616699,-41.39400100708008,-9.769000053405762
1788678614239754800,19.831754638671875,-6.63800048828125,-40.20900344848633,-9.452000617980957
1788678614255902500,19.84790234375,-4.968000411987305,-40.884002685546875,-11.599000930786133
1788678614272009700,19.864009765625,-6.5460004806518555,-42.272003173828125,-11.406000137329102
1788678614288223700,19.8802236328125,-6.534000396728516,-40.319000244140625,-9.657000541687012
1788678614304379100,19.896379150390626,-5.584000110626221,-41.19200134277344,-10.684000968933105
1788678614320436200,19.912436279296877,-6.75100040435791,-41.18600082397461,-10.37700080871582
1788678614336585000,19.9285849609375,-7.478000164031982,-40.415000915527344,-8.943000793457031
1788678614352734000,19.94473388671875,-6.058000087738037,-41.371002197265625,-8.138999938964844
1788678614368951600,19.96095166015625,-5.031000137329102,-41.073001861572266,-9.767000198364258
1788678614385065200,19.977065185546873,-6.294000148773193,-42.573001861572266,-9.881000518798828
1788678614401098500,19.993098388671875,-7.479000568389893,-42.14500045776367,-10.079000473022461
1788678614417246200,20.00924609375,-6.693000316619873,-42.772003173828125,-8.761000633239746
1788678614433357800,20.02535791015625,-6.714000225067139,-42.24400329589844,-9.368000030517578
1788678614449576200,20.041576171875,-5.023000240325928,-41.500003814697266,-9.669000625610352
1788678614465705000,20.057705078125,-7.267000198364258,-40.85000228881836,-9.355000495910645
1788678614481761800,20.07376171875,-4.371000289916992,-41.819000244140625,-9.367000579833984
1788678614497913600,20.08991357421875,-5.922000408172607,-43.62300109863281,-8.260000228881836
1788678614514029000,20.106029052734375,-7.573000431060791,-41.057003021240234,-8.847000122070312
1788678614530248200,20.122248291015627,-7.028000354766846,-42.02400207519531,-8.958000183105469
1788678614546379800,20.1383798828125,-6.084000110626221,-41.60300064086914,-9.46500015258789
1788678614562438000,20.15443798828125,-7.305000305175781,-42.53700256347656,-7.332000255584717
1788678614578590000,20.17058984375,-7.328000545501709,-42.33500289916992,-8.247000694274902
1788678614594704000,20.186703857421875,-6.812000274658203,-43.211002349853516,-9.580000877380371
1788678614610922800,20.2029228515625,-5.317000389099121,-42.56500244140625,-9.169000625610352
1788678614627062500,20.2190625,-6.937000274658203,-42.03300094604492,-9.671000480651855
1788678614643128800,20.23512890625,-4.793000221252441,-42.031002044677734,-9.267000198364258
1788678614659279600,20.251279541015624,-6.723000526428223,-41.277000427246094,-9.156000137329102
1788678614675388000,20.267387939453126,-6.709000110626221,-42.24100112915039,-9.164000511169434
1788678614691581700,20.283581787109377,-6.284000396728516,-42.45900344848633,-9.370000839233398
1788678614707732500,20.299732421875,-7.156000137329102,-42.46800231933594,-10.184000015258789
1788678614723764700,20.3157646484375,-8.289000511169434,-43.198001861572266,-8.76300048828125
1788678614739915000,20.3319150390625,-8.86400032043457,-42.03300094604492,-9.873000144958496
1788678614756049200,20.348049072265624,-5.5370001792907715,-43.10900115966797,-9.784000396728516
1788678614772266000,20.364265869140624,-6.505000114440918,-41.92300033569336,-9.36500072479248
1788678614788427800,20.380427734375,-6.612000465393066,-43.220001220703125,-10.192000389099121
1788678614804463000,20.396463134765625,-3.623000144958496,-43.65700149536133,-10.505000114440918
1788678614820615400,20.412615478515626,-7.337000370025635,-43.52900314331055,-9.378000259399414
1788678614836728300,20.428728271484374,-5.854000091552734,-44.29500198364258,-10.406000137329102
1788678614852948000,20.444947998046874,-7.0420002937316895,-42.35600280761719,-9.776000022888184
1788678614869097700,20.46109765625,-6.933000564575195,-42.67900085449219,-9.881000518798828
1788678614885144300,20.477144287109375,-4.788000106811523,-42.35300064086914,-9.269000053405762
1788678614901291500,20.49329150390625,-6.527000427246094,-42.47600173950195,-10.694000244140625
1788678614917396000,20.50939599609375,-6.8580002784729,-42.05000305175781,-10.894000053405762
1788678614933612800,20.52561279296875,-5.240000247955322,-43.34000015258789,-11.009000778198242
1788678614949731300,20.5417314453125,-2.264000177383423,-42.704002380371094,-11.211000442504883
1788678614965777200,20.557777099609375,-6.414000511169434,-43.22900390625,-10.905000686645508
1788678614981924600,20.573924560546875,-6.082000255584717,-42.790000915527344,-10.087000846862793
1788678614998034200,20.5900341796875,-5.994000434875488,-43.23400115966797,-11.211000442504883
1788678615014249000,20.6062490234375,-5.038000106811523,-43.02300262451172,-11.312000274658203
1788678615030376400,20.62237646484375,-6.7300004959106445,-42.25300216674805,-10.081000328063965
1788678615046433000,20.63843310546875,-6.965000152587891,-43.022003173828125,-11.51400089263916
1788678615062581000,20.6545810546875,-7.947000503540039,-42.27800369262695,-12.015000343322754
1788678615078691300,20.67069140625,-7.725000381469727,-42.92100143432617,-12.021000862121582
1788678615094905000,20.686905029296874,-7.406000137329102,-42.4900016784668,-11.814000129699707
1788678615111039000,20.7030390625,-7.098000526428223,-43.03900146484375,-12.736001014709473
1788678615127098600,20.7190986328125,-7.077000141143799,-42.26900100708008,-11.303000450134277
1788678615143246800,20.735246826171874,-5.061000347137451,-43.36100387573242,-12.53800106048584
1788678615159355600,20.751355712890625,-5.452000141143799,-43.66200256347656,-11.11400032043457
1788678615175570000,20.76756982421875,-5.490000247955322,-43.68600082397461,-12.846000671386719
1788678615191709700,20.783709716796874,-6.850000381469727,-43.88300323486328,-11.725000381469727
1788678615207734000,20.799734130859374,-5.043000221252441,-43.134002685546875,-11.619000434875488
1788678615223882500,20.815882568359374,-7.273000240325928,-44.74400329589844,-12.038000106811523
1788678615239992300,20.831992431640625,-5.927000045776367,-43.47500228881836,-13.14900016784668
1788678615256208600,20.848208740234377,-4.6020002365112305,-44.531002044677734,-11.836000442504883
1788678615272365000,20.864364990234375,-7.1700005531311035,-43.77400207519531,-11.622000694274902
1788678615288296400,20.88029638671875,-6.6710004806518555,-44.22800064086914,-13.460000991821289
1788678615304395500,20.8963955078125,-5.575000286102295,-43.78000259399414,-11.930000305175781
1788678615320509400,20.912509521484374,-6.217000484466553,-44.32100296020508,-12.3410005569458
1788678615336727300,20.928727294921874,-3.957000255584717,-45.61000061035156,-12.355000495910645
1788678615352842800,20.9448427734375,-5.677000045776367,-44.64200210571289,-12.243000984191895
1788678615368885000,20.960885009765626,-4.516000270843506,-44.00300216674805,-12.442000389099121
1788678615385036800,20.977036865234375,-5.669000148773193,-45.178001403808594,-12.247000694274902
1788678615401145900,20.993145751953126,-5.771000385284424,-45.3900032043457,-12.147000312805176
1788678615417361400,21.009361328125,-5.422000408172607,-45.15700149536133,-10.719000816345215
1788678615433480000,21.02547998046875,-5.650000095367432,-43.76100158691406,-10.503000259399414
1788678615449563600,21.041563720703124,-5.909000396728516,-44.76100158691406,-13.160000801086426
1788678615465710000,21.0577099609375,-9.812000274658203,-43.75300216674805,-10.396000862121582
1788678615481854000,21.07385400390625,-7.554000377655029,-44.720001220703125,-10.305000305175781
1788678615498070800,21.09007080078125,-8.643000602722168,-44.730003356933594,-11.221000671386719
1788678615514189800,21.10618994140625,-7.006000518798828,-43.63100051879883,-8.972000122070312
1788678615530237200,21.1222373046875,-7.759000301361084,-44.066001892089844,-9.484000205993652
1788678615546382300,21.13838232421875,-6.154000282287598,-43.95800018310547,-9.282000541687012
1788678615562490000,21.154489990234374,-5.219000339508057,-44.083003997802734,-10.507000923156738
1788678615578655200,21.1706552734375,-8.056000709533691,-44.91600036621094,-8.982000350952148
1788678615594792000,21.1867919921875,-6.509000301361084,-45.384002685546875,-11.73900032043457
1788678615610816500,21.20281640625,-6.603000164031982,-43.86300277709961,-10.197000503540039
1788678615626964000,21.2189638671875,-5.3510003089904785,-42.910003662109375,-10.903000831604004
1788678615643072800,21.23507275390625,-6.395000457763672,-44.62300109863281,-10.917000770568848
1788678615659288000,21.2512880859375,-6.929000377655029,-44.29800033569336,-10.710000038146973
1788678615675439600,21.267439697265626,-6.6060004234313965,-43.97300338745117,-10.402000427246094
1788678615691468300,21.28346826171875,-5.201000213623047,-44.397003173828125,-9.898000717163086
1788678615707617500,21.299617431640623,-7.14400053024292,-43.86600112915039,-10.50200080871582
1788678615723726600,21.3157265625,-5.451000213623047,-44.85100173950195,-11.837000846862793
1788678615739941600,21.331941650390625,-4.89900016784668,-44.73200225830078,-10.920000076293945
1788678615756097800,21.348097900390623,-7.380000114440918,-43.87900161743164,-11.521000862121582
1788678615772134100,21.364134033203126,-6.078000068664551,-44.842002868652344,-11.225000381469727
1788678615788280000,21.380280029296873,-5.845000267028809,-43.965003967285156,-9.792000770568848
1788678615804388400,21.396388427734376,-4.922000408172607,-43.88200378417969,-11.422000885009766
1788678615820580900,21.412580810546874,-6.713000297546387,-45.26900100708008,-11.22800064086914
1788678615836699000,21.428698974609375,-6.306000232696533,-44.634002685546875,-11.732000350952148
1788678615852747000,21.4447470703125,-7.794000148773193,-44.62700271606445,-11.425000190734863
1788678615868891100,21.46089111328125,-6.760000228881836,-45.19000244140625,-13.265000343322754
1788678615884999400,21.47699951171875,-6.835000514984131,-44.84600067138672,-11.632000923156738
1788678615901213200,21.493213134765625,-5.558000087738037,-44.85100173950195,-11.837000846862793
1788678615917331200,21.509331298828126,-4.819000244140625,-43.452003479003906,-11.316000938415527
1788678615933381600,21.525381591796876,-5.057000160217285,-44.1150016784668,-12.850000381469727
1788678615949527800,21.54152783203125,-5.070000171661377,-44.0150032043457,-13.358000755310059
1788678615965634000,21.557634033203126,-6.128000259399414,-43.035003662109375,-12.330000877380371
1788678615981846800,21.5738466796875,-4.429000377655029,-44.55600357055664,-13.670001029968262
1788678615998009000,21.590009033203124,-5.0420002937316895,-45.1870002746582,-12.859000205993652
1788678616014100500,21.6061005859375,-8.284000396728516,-44.55600357055664,-14.17400074005127
1788678616030250000,21.62225,-5.455000400543213,-43.772003173828125,-11.318000793457031
1788678616046394600,21.63839453125,-5.587000370025635,-44.86900329589844,-13.16200065612793
1788678616062613000,21.654613037109375,-3.815000295639038,-43.92500305175781,-14.480000495910645
1788678616078743600,21.67074365234375,-6.968000411987305,-43.781002044677734,-12.131000518798828
1788678616094812200,21.686812255859376,-4.531000137329102,-42.932003021240234,-12.433000564575195
1788678616110936600,21.7029365234375,-6.77400016784668,-44.009002685546875,-13.152000427246094
1788678616127046100,21.719046142578126,-5.533000469207764,-43.387001037597656,-14.575000762939453
1788678616143262200,21.73526220703125,-5.695000171661377,-44.00400161743164,-12.644001007080078
1788678616159411500,21.751411376953126,-3.808000087738037,-42.948001861572266,-13.554000854492188
1788678616175439600,21.767439697265626,-4.019000053405762,-44.45900344848633,-14.382000923156738
1788678616191586800,21.7835869140625,-5.317000389099121,-43.0620002746582,-14.266000747680664
1788678616207693300,21.799693359375,-4.879000186920166,-43.704002380371094,-14.171000480651855
1788678616223909000,21.8159091796875,-4.877000331878662,-43.7030029296875,-14.069000244140625
1788678616240060400,21.832060302734376,-5.953000068664551,-43.92300033569336,-14.579000473022461
1788678616256120300,21.848120361328125,-6.49500036239624,-43.49400329589844,-14.676000595092773
1788678616272264000,21.864263916015624,-4.440999984741211,-44.13100051879883,-13.971000671386719
1788678616288372200,21.880372314453126,-4.90500020980835,-44.152000427246094,-15.601000785827637
1788678616304588000,21.896588134765626,-5.514000415802002,-44.13200378417969,-14.17400074005127
1788678616320703700,21.912703857421874,-4.344000339508057,-43.92100143432617,-14.27500057220459
1788678616336747500,21.92874755859375,-5.951000213623047,-43.70600128173828,-14.373001098632812
1788678616352897500,21.9448974609375,-5.00100040435791,-42.74100112915039,-14.26400089263916
1788678616369005600,21.961005615234374,-5.016000270843506,-43.50600051879883,-15.391000747680664
1788678616385219300,21.97721923828125,-2.8370001316070557,-44.02400207519531,-13.769001007080078
1788678616401343000,21.993343017578123,-6.498000144958496,-43.60400390625,-14.881000518798828
1788678616417399000,22.00939892578125,-5.087000370025635,-43.59300231933594,-13.86400032043457
1788678616433528800,22.02552880859375,-5.749000072479248,-43.38800048828125,-14.676000595092773
1788678616449638000,22.041637939453125,-5.320000171661377,-42.52400207519531,-14.058000564575195
1788678616465852700,22.057852783203124,-5.4170002937316895,-43.70600128173828,-14.374000549316406
1788678616481967600,22.073967529296876,-2.5390000343322754,-43.7140007019043,-14.581000328063965
1788678616498063600,22.090063720703125,-4.025000095367432,-44.03000259399414,-14.378000259399414
1788678616514212900,22.106212890625,-3.9100000858306885,-43.80900192260742,-13.867000579833984
1788678616530325000,22.122324951171876,-2.8440001010894775,-44.35200119018555,-14.281001091003418
1788678616546542800,22.13854296875,-6.3560004234313965,-43.691001892089844,-13.35400104522705
1788678616562672600,22.154672607421876,-5.285000324249268,-43.58300018310547,-13.1510009765625
1788678616578784500,22.170784423828124,-6.895000457763672,-43.47700119018555,-13.453001022338867
1788678616594936300,22.186936279296877,-6.559000492095947,-44.441001892089844,-13.360000610351562
1788678616611038700,22.203038818359374,-5.261000156402588,-44.64900207519531,-12.753000259399414
1788678616627296800,22.219296875,-3.5980002880096436,-42.518001556396484,-13.449000358581543
1788678616643439600,22.235439697265626,-4.230000019073486,-43.48400115966797,-13.660000801086426
1788678616659462700,22.251462646484374,-4.938000202178955,-44.32400131225586,-12.444000244140625
1788678616675607800,22.26760791015625,-4.895000457763672,-43.17400360107422,-14.574000358581543
1788678616691723000,22.283722900390625,-2.7300000190734863,-44.02400207519531,-13.769001007080078
1788678616707943400,22.299943359375,-4.732000350952148,-43.4640007019043,-12.233000755310059
1788678616724103700,22.316103759765625,-4.389000415802002,-43.12700271606445,-11.008000373840332
1788678616740134000,22.3321337890625,-5.889000415802002,-43.23600387573242,-11.313000679016113
1788678616756286500,22.348286376953126,-4.278000354766846,-44.09700393676758,-11.425000190734863
1788678616772398000,22.364398193359374,-4.927000045776367,-43.669002532958984,-11.522000312805176
1788678616788615400,22.380615478515626,-5.577000141143799,-44.64600372314453,-12.54800033569336
1788678616804765400,22.396765380859375,-3.7400002479553223,-43.12200164794922,-10.60200023651123
1788678616820844500,22.412844482421875,-4.104000091552734,-42.39200210571289,-12.123000144958496
1788678616836988400,22.428988525390626,-3.5360002517700195,-43.56100082397461,-11.319000244140625
1788678616853097700,22.44509765625,-4.516000270843506,-44.00300216674805,-12.442000389099121
1788678616869314300,22.461314208984376,-3.766000270843506,-43.355003356933594,-11.928000450134277
1788678616885435000,22.477434814453126,-5.913000106811523,-42.70900344848633,-12.021000862121582
1788678616901483800,22.49348388671875,-4.394000053405762,-42.80500030517578,-11.006000518798828
1788678616917634000,22.509634033203124,-6.0970001220703125,-43.0160026550293,-10.903000831604004
1788678616933743400,22.525743408203127,-4.728000164031982,-44.11000061035156,-12.443000793457031
1788678616949941000,22.54194091796875,-3.5430002212524414,-43.67400360107422,-11.72700023651123
1788678616966072800,22.55807275390625,-5.327000141143799,-41.87900161743164,-13.950000762939453
1788678616982168600,22.57416845703125,-3.8020002841949463,-42.40400314331055,-12.938000679016113
1788678616998314500,22.590314453125,-2.7400002479553223,-42.625003814697266,-13.349000930786133
1788678617014424600,22.606424560546873,-4.426000118255615,-43.906002044677734,-13.154000282287598
1788678617030641200,22.62264111328125,-4.320000171661377,-43.36600112915039,-12.844000816345215
1788678617046787800,22.638787841796876,-3.383000135421753,-42.301002502441406,-13.244000434875488
1788678617062850000,22.65485009765625,-1.7950000762939453,-41.0150032043457,-13.030000686645508
1788678617079001600,22.671001708984374,-2.7720000743865967,-42.320003509521484,-14.569000244140625
1788678617095147800,22.687147705078125,-2.4680001735687256,-42.439002990722656,-15.385001182556152
1788678617111367700,22.70336767578125,-1.8010001182556152,-41.88300323486328,-13.85300064086914
1788678617127491800,22.719491943359376,-2.4670000076293945,-42.33000183105469,-15.282000541687012
1788678617143599600,22.735599609375,-3.616000175476074,-43.177001953125,-14.677000999450684
1788678617159745000,22.7517451171875,-3.4090001583099365,-42.20900344848633,-14.363000869750977
1788678617175885300,22.76788525390625,-3.514000177383423,-43.829002380371094,-15.294000625610352
1788678617192104200,22.784104248046877,-2.9840002059936523,-41.887001037597656,-14.259000778198242
1788678617208257500,22.800257568359374,-2.2180001735687256,-42.957000732421875,-14.066000938415527
1788678617224294400,22.81629443359375,-3.8330001831054688,-42.9630012512207,-14.67500114440918
1788678617240447700,22.83244775390625,-1.9250000715255737,-41.137001037597656,-14.152000427246094
1788678617256561200,22.84856103515625,-1.8450000286102295,-40.829002380371094,-15.168001174926758
1788678617272781300,22.86478125,-2.252000093460083,-41.78900146484375,-14.870000839233398
1788678617288897000,22.88089697265625,-2.9030001163482666,-42.551002502441406,-15.793001174926758
1788678617304943000,22.896943115234375,-1.1030000448226929,-42.56300354003906,-16.50800132751465
1788678617321097700,22.91309765625,-3.440000057220459,-40.823001861572266,-14.860000610351562
1788678617337206800,22.929206787109376,-3.625000238418579,-41.5620002746582,-14.052000999450684
1788678617353425000,22.9454248046875,-3.000000238418579,-42.76100158691406,-15.48900032043457
1788678617369555700,22.9615556640625,-3.5390002727508545,-41.358001708984375,-14.86500072479248
1788678617385613800,22.97761376953125,-1.5130001306533813,-41.36300277709961,-14.969000816345215
1788678617401765600,22.993765625,-2.2730000019073486,-39.749000549316406,-14.547000885009766
1788678617417874700,23.009874755859375,-2.570000171661377,-41.4630012512207,-14.56100082397461
1788678617434089000,23.0260888671875,-0.7590000629425049,-40.820003509521484,-14.35400104522705
1788678617450219500,23.042219482421874,-1.5040000677108765,-42.00600051879883,-14.975000381469727
1788678617466280700,23.05828076171875,-0.9810000658035278,-41.3650016784668,-15.072000503540039
1788678617482427400,23.074427490234374,-0.5440000295639038,-41.25200271606445,-14.562000274658203
1788678617498536700,23.09053662109375,-3.4610002040863037,-40.29500198364258,-15.467000961303711
1788678617514750200,23.106750244140624,-1.183000087738037,-41.034000396728516,-14.356000900268555
1788678617530888200,23.12288818359375,-2.9060001373291016,-39.5260009765625,-14.035000801086426
1788678617546936800,23.138936767578127,-2.007000207901001,-41.12200164794922,-13.031001091003418
1788678617563081500,23.15508154296875,-2.6660001277923584,-41.78000259399414,-14.258000373840332
1788678617579224000,23.17122412109375,-2.88700008392334,-41.677001953125,-14.563000679016113
1788678617595440000,23.187440185546876,-2.75600004196167,-41.98600387573242,-13.649001121520996
1788678617611579000,23.203578857421874,-4.49500036239624,-40.92100143432617,-14.350000381469727
1788678617627645700,23.219645751953124,-1.8240001201629639,-41.68100357055664,-14.768000602722168
1788678617643800000,23.235800048828125,-2.7690000534057617,-41.5620002746582,-13.951000213623047
1788678617659908900,23.251908935546876,-0.5080000162124634,-41.55400085449219,-13.13900089263916
1788678617676123100,23.268123046875,-2.9670002460479736,-41.98500061035156,-13.547000885009766
1788678617692263400,23.284263427734373,-1.686000108718872,-42.31100082397461,-13.755001068115234
1788678617708334600,23.30033447265625,-3.1510002613067627,-41.96600341796875,-12.222000122070312
1788678617724480000,23.31647998046875,-2.2150001525878906,-41.33400344848633,-12.931000709533691
1788678617740585200,23.332585205078125,-5.271000385284424,-41.9530029296875,-11.506000518798828
1788678617756802800,23.348802734375,-3.5990002155303955,-41.329002380371094,-12.725000381469727
1788678617772961500,23.36496142578125,-4.6570000648498535,-40.67400360107422,-11.903000831604004
1788678617789006800,23.3810068359375,-3.5400002002716064,-42.26700210571289,-10.696000099182129
1788678617805150200,23.397150146484375,-2.7960002422332764,-42.48600387573242,-11.005000114440918
1788678617821259000,23.413259033203126,-2.931000232696533,-41.63800048828125,-11.710000991821289
1788678617837474800,23.429474853515625,-2.1530001163482666,-41.40500259399414,-10.181000709533691
1788678617853603600,23.445603515625,-4.087000370025635,-41.19300079345703,-10.584000587463379
1788678617869663000,23.4616630859375,-4.185000419616699,-40.647003173828125,-9.866000175476074
1788678617885813500,23.4778134765625,-3.128000259399414,-41.19600296020508,-10.687000274658203
1788678617901923000,23.493923095703124,-4.209000110626221,-40.229000091552734,-10.677000045776367
1788678617918139100,23.51013916015625,-3.1110000610351562,-40.42900085449219,-9.458000183105469
1788678617934277000,23.526277099609374,-3.432000160217285,-41.18600082397461,-9.974000930786133
1788678617950343200,23.54234326171875,-1.0830000638961792,-41.8380012512207,-10.390000343322754
1788678617966495200,23.5584951171875,-1.186000108718872,-40.64600372314453,-9.463000297546387
1788678617982607000,23.574607177734375,-3.9820001125335693,-41.194000244140625,-10.68600082397461
1788678617998823700,23.59082373046875,-5.240000247955322,-41.39400100708008,-9.770000457763672
1788678618014965200,23.60696533203125,-4.081000328063965,-41.730003356933594,-10.691000938415527
1788678618031040000,23.6230400390625,-3.3340001106262207,-42.380001068115234,-11.105000495910645
1788678618047191300,23.63919140625,-4.629000186920166,-41.0890007019043,-10.88800048828125
1788678618063302100,23.65530224609375,-3.754000186920166,-41.72600173950195,-10.386000633239746
1788678618079497700,23.671497802734375,-2.1750001907348633,-40.121002197265625,-10.374000549316406
1788678618095653000,23.687653076171873,-2.948000192642212,-39.37900161743164,-11.079000473022461
1788678618111680000,23.703679931640625,-3.257000207901001,-40.88500213623047,-11.499000549316406
1788678618127830000,23.719830078125,-3.457000255584717,-39.90400314331055,-10.268000602722168
1788678618143977700,23.735977783203126,-2.7920000553131104,-39.67400360107422,-9.045000076293945
1788678618160196000,23.752196044921874,-4.926000118255615,-40.750003814697266,-9.663000106811523
1788678618176307700,23.7683076171875,-4.203000068664551,-41.95500183105469,-11.508000373840332
1788678618192383000,23.784383056640625,-3.567000150680542,-41.310001373291016,-11.29900074005127
1788678618208541200,23.800541259765627,-2.1730000972747803,-40.768001556396484,-10.6850004196167
1788678618224683300,23.816683349609374,-2.8460001945495605,-40.67900085449219,-12.109000205993652
1788678618240902100,23.832902099609374,-3.7840001583099365,-39.58300018310547,-10.367000579833984
1788678618257062100,23.849062255859376,-3.68500018119812,-40.66800308227539,-11.395000457763672
1788678618273141800,23.865141845703125,-3.3420002460479736,-40.980003356933594,-10.583000183105469
1788678618289288200,23.8812880859375,-2.202000141143799,-40.13800048828125,-11.596000671386719
1788678618305390000,23.89739013671875,-2.7260000705718994,-40.996002197265625,-11.705000877380371
1788678618321607000,23.91360693359375,-2.9750001430511475,-38.9630012512207,-11.992000579833984
1788678618337726000,23.929725830078127,-3.9140002727508545,-39.05600357055664,-11.075000762939453
1788678618353781500,23.945781494140626,-1.593000054359436,-38.64500045776367,-12.093000411987305
1788678618369932300,23.961932373046874,-2.9580001831054688,-40.03300094604492,-11.90000057220459
1788678618386042000,23.9780419921875,-5.182000160217285,-39.04600143432617,-10.462000846862793
1788678618402259000,23.994259033203125,-2.955000162124634,-39.599002838134766,-11.488000869750977
1788678618418396400,24.010396484375,-1.7760001420974731,-40.68000030517578,-12.009000778198242
1788678618434460700,24.026460693359375,-3.1730000972747803,-40.034000396728516,-12.00100040435791
1788678618450609400,24.042609375,-3.1650002002716064,-39.81300354003906,-11.49000072479248
1788678618466720000,24.058719970703127,-4.565000057220459,-39.27800369262695,-11.687000274658203
1788678618482934800,24.074934814453126,-3.252000093460083,-39.909000396728516,-10.676000595092773
1788678618499080200,24.091080078125,-3.5300002098083496,-39.08300018310547,-13.011000633239746
1788678618515153700,24.107153564453125,-3.699000120162964,-39.48800277709961,-11.283000946044922
1788678618531302100,24.12330224609375,-2.5360000133514404,-40.14500045776367,-12.207000732421875
1788678618547412500,24.13941259765625,-2.7400002479553223,-40.1400032043457,-11.79900074005127
1788678618563629800,24.1556298828125,-2.138000011444092,-38.867000579833984,-12.705000877380371
1788678618579786200,24.1717861328125,-4.813000202178955,-39.29800033569336,-13.21500015258789
1788678618595827500,24.187827392578125,-3.4100000858306885,-39.724002838134766,-12.813000679016113
1788678618611977700,24.203977783203126,-2.4090001583099365,-40.13300323486328,-11.290000915527344
1788678618628088800,24.2200888671875,-2.517000198364258,-39.37700271606445,-10.87600040435791
1788678618644287000,24.236286865234376,-2.2080001831054688,-39.060001373291016,-11.179000854492188
1788678618660450600,24.252450439453124,-1.5500000715255737,-40.13200378417969,-11.087000846862793
1788678618676495000,24.2684951171875,-3.7150001525878906,-38.849002838134766,-11.583000183105469
1788678618692638700,24.284638671875,0.8870000243186951,-39.17400360107422,-11.28600025177002
1788678618708735500,24.300735595703124,-1.7100000381469727,-39.08300018310547,-12.8100004196167
1788678618724955100,24.316955078125,-2.2960000038146973,-40.23800277709961,-11.087000846862793
1788678618741078800,24.333078857421874,-1.2320001125335693,-40.134002685546875,-11.190000534057617
1788678618757128700,24.349128662109376,-2.9840002059936523,-38.75300216674805,-12.296000480651855
1788678618773273600,24.365273681640623,-1.9070000648498535,-40.262001037597656,-12.820000648498535
1788678618789389000,24.38138916015625,-1.2480000257492065,-39.17100143432617,-11.283000946044922
1788678618805606000,24.39760595703125,-2.317000150680542,-38.19700241088867,-10.76400089263916
1788678618821731300,24.4137314453125,-2.8500001430511475,-38.62800216674805,-10.971000671386719
1788678618837826300,24.429826416015626,-3.6760001182556152,-39.36600112915039,-10.16100025177002
1788678618853973200,24.44597314453125,-2.8990001678466797,-39.134002685546875,-8.734000205993652
1788678618870077000,24.462076904296875,-1.4390000104904175,-39.48100280761719,-10.471000671386719
1788678618886291200,24.478291259765626,-3.266000270843506,-39.053001403808594,-10.770000457763672
1788678618902424600,24.494424560546875,-3.132000207901001,-39.577003479003906,-9.858000755310059
1788678618918481700,24.510481689453126,-3.3430001735687256,-40.1150016784668,-10.066000938415527
1788678618934636300,24.52663623046875,-2.7370002269744873,-39.92100143432617,-11.492000579833984
1788678618950744800,24.542744873046875,-0.9850000739097595,-39.57400131225586,-9.35200023651123
1788678618966960000,24.558960205078126,-0.9250000715255737,-39.49400329589844,-11.38800048828125
1788678618983101000,24.575100830078124,-1.2260000705718994,-39.05000305175781,-10.26300048828125
1788678618999175000,24.5911748046875,-4.5420002937316895,-39.80400085449219,-10.979000091552734
1788678619015275000,24.60727490234375,-1.002000093460083,-39.367000579833984,-9.961000442504883
1788678619031385600,24.623385498046876,-3.57200026512146,-39.80000305175781,-10.57300090789795
1788678619047605800,24.639605712890624,-2.9810001850128174,-38.21000289916992,-11.782000541687012
1788678619063765800,24.655765869140627,-3.9240002632141113,-38.198001861572266,-10.9660005569458
1788678619079793000,24.67179296875,-4.133000373840332,-38.62700271606445,-11.071000099182129
1788678619095947300,24.687947265625,-3.819000244140625,-40.03600311279297,-12.204000473022461
1788678619112069000,24.704069091796875,-4.589000225067139,-38.86000061035156,-12.499000549316406
1788678619128285200,24.72028515625,-3.6180002689361572,-38.9630012512207,-12.093000411987305
1788678619144399000,24.736399169921874,-4.156000137329102,-38.6410026550293,-12.09000015258789
1788678619160439800,24.752439697265626,-3.186000108718872,-39.61000061035156,-12.303000450134277
1788678619176588800,24.7685888671875,-2.6510000228881836,-39.069000244140625,-11.892000198364258
1788678619192698400,24.784698486328125,-2.2250001430511475,-39.93600082397461,-12.511000633239746
1788678619208896000,24.80089599609375,-2.877000093460083,-39.29300308227539,-12.606000900268555
1788678619225016000,24.81701611328125,-2.3320000171661377,-38.63800048828125,-11.684000968933105
1788678619241059300,24.833059326171874,-2.5830001831054688,-37.25600051879883,-12.487000465393066
1788678619257208800,24.849208740234374,-5.252000331878662,-39.0890007019043,-13.620000839233398
1788678619273354800,24.865354736328126,-2.374000072479248,-37.90700149536133,-13.10400104522705
1788678619289569800,24.88156982421875,-5.039000034332275,-38.22500228881836,-13.10400104522705
1788678619305697500,24.897697509765624,-3.2210001945495605,-38.7660026550293,-13.314001083374023
1788678619321759000,24.913759033203124,-4.931000232696533,-38.656002044677734,-13.31100082397461
1788678619337902000,24.929902099609375,-2.0820000171661377,-38.1410026550293,-14.533000946044922
1788678619354012200,24.94601220703125,-3.0850000381469727,-39.72100067138672,-12.610000610351562
1788678619370227700,24.962227783203126,-4.461000442504883,-38.95500183105469,-11.583000183105469
1788678619386363000,24.97836279296875,-3.875000238418579,-37.909000396728516,-13.408000946044922
1788678619402429200,24.99442919921875,-4.006999969482422,-37.92400360107422,-14.528000831604004
1788678619418576400,25.010576416015624,-3.621000289916992,-39.073001861572266,-12.29800033569336
1788678619434687000,25.02668701171875,-3.4160001277923584,-38.10600280761719,-12.086000442504883
1788678619450900000,25.04289990234375,-2.062000036239624,-37.2650032043457,-13.099000930786133
1788678619467037700,25.05903759765625,-2.992000102996826,-37.893001556396484,-12.085000991821289
1788678619483111400,25.075111328125,-4.284000396728516,-38.11300277709961,-12.696001052856445
1788678619499258600,25.091258544921875,-4.438000202178955,-36.9530029296875,-14.112000465393066
1788678619515366400,25.107366455078125,-5.0360002517700195,-38.22300338745117,-13.00200080871582
1788678619531577000,25.1235771484375,-4.513000011444092,-37.150001525878906,-12.789000511169434
1788678619547726800,25.139726806640624,-3.444000244140625,-37.691001892089844,-13.101000785827637
1788678619563754800,25.155754638671876,-4.600000381469727,-38.43400192260742,-12.69800090789795
1788678619579899100,25.171899169921875,-5.797000408172607,-38.12200164794922,-13.509000778198242
1788678619596002000,25.188001953125,-5.697000503540039,-37.262001037597656,-13.29800033569336
1788678619612213200,25.204213134765624,-4.645000457763672,-36.625,-13.599000930786133
1788678619628366300,25.220366455078125,-5.582000255584717,-38.87800216674805,-13.92400074005127
1788678619644395000,25.23639501953125,-4.4110002517700195,-37.58500289916992,-13.302000999450684
1788678619660537300,25.252537353515624,-3.8980002403259277,-36.62600326538086,-13.600000381469727
1788678619676640800,25.268640869140626,-3.686000108718872,-37.492000579833984,-14.219000816345215
1788678619692853000,25.28485302734375,-5.918000221252441,-37.59000015258789,-13.8100004196167
1788678619708968000,25.300968017578125,-3.9020001888275146,-36.62800216674805,-13.804000854492188
1788678619725015800,25.317015869140626,-4.438000202178955,-37.27799987792969,-14.318000793457031
1788678619741107500,25.333107421875,-5.707000255584717,-37.37600326538086,-13.808000564575195
1788678619757214500,25.34921435546875,-4.753000259399414,-38.354000091552734,-14.735000610351562
1788678619773427200,25.36542724609375,-3.4780001640319824,-37.71200180053711,-14.629000663757324
1788678619789556000,25.381555908203126,-2.205000162124634,-37.28700256347656,-14.72900104522705
1788678619805616000,25.3976162109375,-4.094000339508057,-38.34400177001953,-13.921000480651855
1788678619821765400,25.413765380859374,-1.6410000324249268,-37.70100021362305,-13.613000869750977
1788678619837891000,25.42989111328125,-3.126000165939331,-37.58500289916992,-13.100000381469727
1788678619854109700,25.446109619140625,-3.9880001544952393,-37.80500030517578,-13.611001014709473
1788678619870238200,25.46223828125,-4.2900004386901855,-38.33300018310547,-13.105000495910645
1788678619886346200,25.47834619140625,-4.185000419616699,-39.307003021240234,-13.827000617980957
1788678619902496800,25.494496826171876,-2.823000192642212,-36.62300109863281,-13.296000480651855
1788678619918611000,25.51061083984375,-3.7380001544952393,-38.323001861572266,-12.291000366210938
1788678619934829300,25.526829345703124,-5.254000186920166,-37.577003479003906,-12.792000770568848
1788678619950962400,25.54296240234375,-7.908000469207764,-37.88800048828125,-12.282000541687012
1788678619967022800,25.55902294921875,-4.194000244140625,-37.69200134277344,-13.202000617980957
1788678619983170800,25.5751708984375,-4.574000358581543,-38.63500213623047,-11.682000160217285
1788678619999314400,25.591314453125,-5.6610002517700195,-38.75300216674805,-12.598000526428223
1788678620015524000,25.607524169921874,-4.410000324249268,-38.01700210571289,-13.510000228881836
1788678620031674400,25.62367431640625,-2.6720001697540283,-38.650001525878906,-12.601000785827637
1788678620047695000,25.639695068359377,-4.996000289916992,-37.659000396728516,-10.858000755310059
1788678620063859700,25.655859619140625,-4.367000102996826,-38.855003356933594,-12.0910005569458
1788678620079969000,25.671968994140624,-4.164000034332275,-38.2140007019043,-12.188000679016113
1788678620096185000,25.68818505859375,-6.482000350952148,-38.8390007019043,-11.172000885009766
1788678620112301000,25.704301025390624,-6.6050004959106445,-38.30900192260742,-11.574000358581543
1788678620128348400,25.720348388671876,-3.5910000801086426,-38.73100280761719,-10.767000198364258
1788678620144469000,25.736468994140626,-5.300000190734863,-38.729000091552734,-10.765000343322754
1788678620160614400,25.752614501953126,-5,-38.74100112915039,-11.682000160217285
1788678620176829200,25.7688291015625,-5.7330002784729,-38.40800094604492,-10.863000869750977
1788678620192981200,25.784981201171874,-5.332000255584717,-38.53200149536133,-12.087000846862793
1788678620209059000,25.80105908203125,-4.353000164031982,-38.84700012207031,-11.480000495910645
1788678620225208800,25.817208740234374,-2.5290000438690186,-38.84400177001953,-11.075000762939453
1788678620241317600,25.833317626953125,-4.344000339508057,-37.86900329589844,-10.45300006866455
1788678620257538600,25.84953857421875,-1.7630001306533813,-38.51000213623047,-10.054000854492188
1788678620273672200,25.865672119140626,-3.569000244140625,-39.36600112915039,-10.16100025177002
1788678620289735000,25.88173486328125,-4.006999969482422,-39.37200164794922,-10.670000076293945
1788678620305879800,25.8978798828125,-5.395000457763672,-39.04600143432617,-10.462000846862793
1788678620321992000,25.913991943359374,-3.9160001277923584,-39.05800247192383,-11.177000999450684
1788678620338186200,25.930186279296876,-4.640000343322754,-39.150001525878906,-10.158000946044922
1788678620354327300,25.946327392578127,-4.700000286102295,-38.86300277709961,-12.702000617980957
1788678620370396400,25.962396484375,-4.678000450134277,-38.30900192260742,-11.373000144958496
1788678620386545400,25.97854541015625,-4.7820000648498535,-39.06300354003906,-11.6850004196167
1788678620402653000,25.99465283203125,-4.558000087738037,-39.4900016784668,-11.485000610351562
1788678620418868000,26.010867919921875,-4.453000068664551,-39.1670036315918,-11.381000518798828
1788678620434996000,26.026995849609374,-2.368000030517578,-37.47200012207031,-12.5910005569458
1788678620451058000,26.043057861328126,-5.359000205993652,-37.25100326538086,-12.483000755310059
1788678620467207200,26.059207275390627,-5.798000335693359,-37.69000244140625,-13.302000999450684
1788678620483315000,26.07531494140625,-3.065000057220459,-39.49300003051758,-11.589000701904297
1788678620499530200,26.0915302734375,-3.4110002517700195,-39.61600112915039,-12.812000274658203
1788678620515691000,26.10769091796875,-5.212000370025635,-37.98400115966797,-11.166000366210938
1788678620531728400,26.123728271484374,-5.031000137329102,-38.652000427246094,-13.005001068115234
1788678620547876900,26.139876953125,-5.982000350952148,-38.32100296020508,-12.390000343322754
1788678620563988500,26.155988525390626,-5.640000343322754,-38.63199996948242,-11.578001022338867
1788678620580205600,26.17220556640625,-3.945000171661377,-38.643001556396484,-12.192000389099121
1788678620596325400,26.188325439453124,-6.474000453948975,-39.375,-11.176000595092773
1788678620612374000,26.2043740234375,-4.582000255584717,-39.18000030517578,-12.39900016784668
1788678620628506600,26.220506591796877,-3.0930001735687256,-38.10600280761719,-11.984000205993652
1788678620644615400,26.236615478515624,-6.819000244140625,-38.30800247192383,-11.574000358581543
1788678620660810500,26.252810546875,-4.384000301361084,-38.217002868652344,-12.493000984191895
1788678620676942800,26.26894287109375,-4.0329999923706055,-38.95600128173828,-11.583000183105469
1788678620693002200,26.285002197265626,-6.742000102996826,-37.57100296020508,-12.484000205993652
1788678620709134800,26.301134765625,-4.690000057220459,-38.316001892089844,-11.882000923156738
1788678620725207000,26.31720703125,-3.6430001258850098,-38.1140022277832,-12.697000503540039
1788678620741428700,26.3334287109375,-5.770000457763672,-38.538002014160156,-12.596000671386719
1788678620757564000,26.34956396484375,-7.456000328063965,-38.73800277709961,-11.679000854492188
1788678620773630500,26.36563037109375,-5.3460001945495605,-39.83700180053711,-13.52500057220459
1788678620789784800,26.381784912109374,-5.873000144958496,-38.64400100708008,-12.495000839233398
1788678620805898000,26.39789794921875,-6.246000289916992,-39.47500228881836,-10.566000938415527
1788678620822118400,26.414118408203127,-5.87000036239624,-38.42500305175781,-12.187000274658203
1788678620838261800,26.43026171875,-7.654000282287598,-39.160003662109375,-11.27500057220459
1788678620854324700,26.44632470703125,-7.0970001220703125,-39.68800354003906,-10.567000389099121
1788678620870477300,26.462477294921875,-5.253000259399414,-40.105003356933594,-9.555000305175781
1788678620886588200,26.478588134765626,-6.369000434875488,-37.755001068115234,-10.245000839233398
1788678620902806800,26.494806884765627,-4.452000141143799,-39.27400207519531,-11.382000923156738
1788678620918954800,26.510954833984375,-2.8340001106262207,-40.2400016784668,-11.291000366210938
1788678620934983000,26.52698291015625,-4.732000350952148,-41.194000244140625,-10.78700065612793
1788678620951134700,26.543134765625,-6.449000358581543,-38.927001953125,-9.746000289916992
1788678620967247600,26.55924755859375,-4.03000020980835,-40.035003662109375,-12.10200023651123
1788678620983466800,26.575466796875,-7.117000102996826,-39.051002502441406,-11.071000099182129
1788678620999631400,26.59163134765625,-4.674000263214111,-38.30600357055664,-11.169000625610352
1788678621015660000,26.607659912109376,-7.450000286102295,-39.16600036621094,-11.683000564575195
1788678621031807500,26.623807373046876,-4.225000381469727,-38.72600173950195,-10.460000038146973
1788678621047948800,26.63994873046875,-6.600000381469727,-37.87300109863281,-11.06100082397461
1788678621064163300,26.656163330078126,-5.818000316619873,-39.0420036315918,-10.258000373840332
1788678621080315600,26.672315673828123,-7.4170002937316895,-40.551002502441406,-11.084000587463379
1788678621096390000,26.688389892578126,-6.76800012588501,-40.1150016784668,-10.469000816345215
1788678621112536800,26.704536865234374,-5.368000030517578,-40.00200271606445,-9.859000205993652
1788678621128637400,26.720637451171875,-6.572000503540039,-39.04500198364258,-10.562000274658203
1788678621144853200,26.736853271484375,-3.6660001277923584,-40.54900360107422,-10.47700023651123
1788678621160965600,26.752965576171874,-6.436000347137451,-39.35200119018555,-9.445000648498535
1788678621177016000,26.76901611328125,-5.255000114440918,-40.647003173828125,-9.967000007629395
1788678621193164300,26.785164306640624,-7.389000415802002,-39.77800369262695,-9.345000267028809
1788678621209271000,26.80127099609375,-6.8460001945495605,-40.746002197265625,-9.558000564575195
1788678621225484000,26.817484130859373,-5.555000305175781,-39.77000045776367,-8.532999992370605
1788678621241611800,26.83361181640625,-5.747000217437744,-40.729000091552734,-8.133000373840332
1788678621257669600,26.849669677734376,-4.839000225067139,-40.00600051879883,-10.064000129699707
1788678621273811200,26.865811279296874,-5.230000019073486,-40.63200378417969,-8.846000671386719
1788678621289952000,26.881951904296876,-4.458000183105469,-40.94200134277344,-7.933000564575195
1788678621306161700,26.89816162109375,-5.125000476837158,-41.17300033569336,-9.259000778198242
1788678621322281000,26.914281005859376,-5.88800048828125,-39.88500213623047,-9.144000053405762
1788678621338379300,26.930379150390625,-6.1710004806518555,-40.61800003051758,-7.928000450134277
1788678621354524200,26.946524169921876,-7.366000175476074,-41.60100173950195,-9.463000297546387
1788678621370632700,26.9626328125,-5.209000110626221,-42.45600128173828,-9.065999984741211
1788678621386846200,26.97884619140625,-6.306000232696533,-41.176002502441406,-9.563000679016113
1788678621402987000,26.994987060546876,-5.3470001220703125,-40.09700012207031,-8.943000793457031
1788678621419010800,27.0110107421875,-5.646000385284424,-40.94900131225586,-8.543000221252441
1788678621435157000,27.027156982421875,-9.622000694274902,-39.76900100708008,-8.9350004196167
1788678621451265000,27.04326513671875,-6.556000232696533,-40.224002838134766,-10.57300090789795
1788678621467481600,27.059481689453126,-7.385000228881836,-40.85600280761719,-9.86400032043457
1788678621483634400,27.075634521484375,-7.164000511169434,-41.393001556396484,-9.869000434875488
1788678621499700700,27.09170068359375,-6.298000335693359,-41.60300064086914,-9.46500015258789
1788678621515852800,27.107852783203125,-8.782000541687012,-41.18400192260742,-10.476000785827637
1788678621531964000,27.1239638671875,-6.443000316619873,-40.65300369262695,-10.577000617980957
1788678621548181500,27.140181396484376,-4.180000305175781,-40.86000061035156,-9.766000747680664
1788678621564301000,27.156301025390626,-7.39300012588501,-41.29300308227539,-10.479000091552734
1788678621580345300,27.172345458984374,-6.944000244140625,-42.03700256347656,-9.97700023651123
1788678621596490000,27.188489990234373,-5.9210004806518555,-39.47200012207031,-10.363000869750977
1788678621612630500,27.204630615234375,-6.025000095367432,-40.659000396728516,-10.985000610351562
1788678621628845600,27.220845458984375,-6.4170002937316895,-41.39400100708008,-9.870000839233398
1788678621644952300,27.236952392578125,-8.04699993133545,-39.67900085449219,-10.057000160217285
1788678621661038000,27.2530380859375,-8.485000610351562,-40.65800094604492,-11.1850004196167
1788678621677178400,27.269178466796873,-5.875000476837158,-42.47100067138672,-10.18600082397461
1788678621693276000,27.28527587890625,-8.679000854492188,-40.970001220703125,-10.475000381469727
1788678621709486000,27.301486083984376,-5.808000087738037,-39.9010009765625,-10.367000579833984
1788678621725612300,27.3176123046875,-6.973000526428223,-41.73100280761719,-11.095000267028809
1788678621741673700,27.333673828125,-8.256999969482422,-41.406002044677734,-10.988000869750977
1788678621757818000,27.349818115234374,-6.556000232696533,-40.224002838134766,-10.57300090789795
1788678621773926000,27.36592578125,-8.015000343322754,-42.14600372314453,-10.180000305175781
1788678621790142500,27.382142578125,-6.4720001220703125,-40.022003173828125,-11.488000869750977
1788678621806281700,27.39828173828125,-6.112000465393066,-41.72800064086914,-10.790000915527344
1788678621822350600,27.4143505859375,-6.147000312805176,-41.20900344848633,-12.008000373840332
1788678621838497500,27.43049755859375,-5.642000198364258,-39.60600280761719,-12.300000190734863
1788678621854603800,27.446603759765626,-5.936000347137451,-40.67000198364258,-11.800000190734863
1788678621870813700,27.462813720703124,-7.087000370025635,-40.871002197265625,-10.883000373840332
1788678621886958800,27.478958740234376,-7.403000354766846,-40.759002685546875,-10.576000213623047
1788678621903062300,27.495062255859374,-7.389000415802002,-42.37200164794922,-10.998000144958496
1788678621919204000,27.5112041015625,-7.633000373840332,-40.66100311279297,-11.288000106811523
1788678621935310800,27.527310791015626,-5.713000297546387,-40.88100051879883,-11.496000289916992
1788678621951526100,27.543526123046874,-5.89300012588501,-43.130001068115234,-11.414000511169434
1788678621967677200,27.55967724609375,-6.005000114440918,-43.24100112915039,-11.720000267028809
1788678621983711700,27.575711669921876,-7.192000389099121,-41.842002868652344,-11.4010009765625
1788678621999857000,27.59185693359375,-5.683000087738037,-42.70000076293945,-11.309000968933105
1788678622015965000,27.60796484375,-7.000000476837158,-41.9630012512207,-12.421000480651855
1788678622032177700,27.624177734375,-4.01200008392334,-41.86100387573242,-12.42400074005127
1788678622048291800,27.640291748046874,-6.974000453948975,-42.704002380371094,-11.714000701904297
1788678622064363000,27.656363037109376,-5.240000247955322,-43.34000015258789,-11.009000778198242
1788678622080509200,27.67250927734375,-5.7210001945495605,-41.64200210571289,-12.318000793457031
1788678622096649500,27.6886494140625,-6.862000465393066,-42.9170036315918,-11.61500072479248
1788678622112863200,27.70486328125,-7.011000156402588,-41.64600372314453,-12.724000930786133
1788678622128972300,27.72097216796875,-6.581000328063965,-42.185001373291016,-12.933000564575195
1788678622145056000,27.737055908203125,-9.32800006866455,-42.81100082397461,-12.018000602722168
1788678622161198300,27.7531982421875,-6.962000370025635,-43.02100372314453,-11.41200065612793
1788678622177305900,27.769305908203126,-8.869000434875488,-43.00800323486328,-10.696000099182129
1788678622193517000,27.78551708984375,-8.593000411987305,-42.064002990722656,-12.11400032043457
1788678622209633300,27.80163330078125,-8.903000831604004,-42.4890022277832,-11.914000511169434
1788678622225729300,27.817729248046874,-8.004000663757324,-42.89600372314453,-10.187000274658203
1788678622241873200,27.833873046875,-7.174000263214111,-42.47900390625,-10.999000549316406
1788678622258016800,27.850016845703124,-7.282000541687012,-42.91200256347656,-11.308000564575195
1788678622274231300,27.866231201171875,-7.36400032043457,-42.897003173828125,-10.188000679016113
1788678622290369300,27.882369384765624,-9.10200023651123,-43.23600387573242,-11.7160005569458
1788678622306434000,27.89843408203125,-5.031000137329102,-43.34300231933594,-11.213000297546387
1788678622322591500,27.914591552734375,-7.39400053024292,-42.375003814697266,-11.202000617980957
1788678622338699300,27.93069921875,-6.743000507354736,-43.45000076293945,-11.416000366210938
1788678622354914000,27.9469140625,-6.092000484466553,-43.33700180053711,-10.906000137329102
1788678622371063000,27.96306298828125,-9.180000305175781,-43.6510009765625,-10.701000213623047
1788678622387093000,27.979093017578126,-7.2950005531311035,-43.13600158691406,-12.02400016784668
1788678622403242500,27.995242431640627,-8.638999938964844,-43.64800262451172,-10.396000862121582
1788678622419350300,28.011350341796874,-6.927000522613525,-43.75600051879883,-10.29800033569336
1788678622435562000,28.02756201171875,-6.951000213623047,-43.663002014160156,-11.316000938415527
1788678622451716900,28.043716796875,-7.247000217437744,-43.323001861572266,-9.988000869750977
1788678622467754000,28.05975390625,-7.39300012588501,-43.77900314331055,-12.029000282287598
1788678622483903200,28.0759033203125,-7.810000419616699,-43.66400146484375,-11.518000602722168
1788678622500010000,28.092010009765627,-6.963000297546387,-43.454002380371094,-11.721000671386719
1788678622516220400,28.108220458984373,-8.344000816345215,-44.63600158691406,-12.137001037597656
1788678622532378400,28.12437841796875,-6.004000186920166,-43.67300033569336,-11.928000450134277
1788678622548417000,28.1404169921875,-6.538000106811523,-43.78000259399414,-12.030000686645508
1788678622564562200,28.156562255859374,-7.409000396728516,-43.573001861572266,-12.63800048828125
1788678622580667400,28.17266748046875,-8.556000709533691,-42.906002044677734,-11.00100040435791
1788678622596881200,28.188881103515627,-8.766000747680664,-44.52400207519531,-11.830000877380371
1788678622613001200,28.205001220703124,-8.817000389099121,-43.150001525878906,-13.244000434875488
1788678622629024000,28.22102392578125,-10.833000183105469,-43.57100296020508,-12.940000534057617
1788678622645169700,28.237169677734375,-7.629000186920166,-42.928001403808594,-12.531000137329102
1788678622661278200,28.2532783203125,-10.302000045776367,-43.358001708984375,-12.938000679016113
1788678622677493000,28.269492919921873,-9.087000846862793,-41.99500274658203,-15.067000389099121
1788678622693624000,28.2856240234375,-9.601000785827637,-44.14400100708008,-15.493000984191895
1788678622709689000,28.301689208984374,-6.783000469207764,-44.0150032043457,-13.5600004196167
1788678622725827800,28.317827880859376,-8.631999969482422,-42.73500061035156,-14.259000778198242
1788678622741968000,28.3339677734375,-9.830000877380371,-43.50400161743164,-15.793001174926758
1788678622758183200,28.35018310546875,-8.008000373840332,-43.827003479003906,-15.696001052856445
1788678622774301200,28.36630126953125,-7.919000148773193,-42.86600112915039,-15.891000747680664
1788678622790369000,28.382369140625,-8.892000198364258,-42.33100128173828,-16.089000701904297
1788678622806514200,28.39851416015625,-7.321000576019287,-42.24400329589844,-17.415000915527344
1788678622822632200,28.414632080078125,-9.843000411987305,-42.8640022277832,-15.99100112915039
1788678622838846200,28.43084619140625,-8.556000709533691,-42.970001220703125,-15.790000915527344
1788678622854995000,28.446994873046876,-7.705000400543213,-41.893001556396484,-15.272000312805176
1788678622871015000,28.463014892578126,-8.565999984741211,-42.544002532958984,-15.98900032043457
1788678622887157000,28.479156982421873,-9.21500015258789,-42.656002044677734,-16.397001266479492
1788678622903262500,28.495262451171875,-9.205000877380371,-42.00200271606445,-15.576001167297363
1788678622919475500,28.511475341796874,-8.156000137329102,-41.47500228881836,-16.082000732421875
1788678622935583700,28.527583740234373,-7.753000259399414,-41.59800338745117,-17.204999923706055
1788678622951618600,28.54361865234375,-8.596000671386719,-42.23800277709961,-17.10700035095215
1788678622967760000,28.559759765625,-7.720000267028809,-42.76700210571289,-16.50200080871582
1788678622983900200,28.575900146484376,-9.849000930786133,-43.73200225830078,-16.81300163269043
1788678623000113200,28.592113037109375,-7.979000568389893,-41.17300033569336,-17.506000518798828
1788678623016231200,28.608231201171876,-8.473000526428223,-43.4170036315918,-17.118000030517578
1788678623032276000,28.62427587890625,-8.600000381469727,-40.944000244140625,-16.485000610351562
1788678623048420000,28.640420166015623,-8.819000244140625,-42.027000427246094,-17.411001205444336
1788678623064526800,28.65652685546875,-9.456000328063965,-41.48400115966797,-16.895999908447266
1788678623080740600,28.67274072265625,-9.451000213623047,-43.10200119018555,-17.725000381469727
1788678623096863500,28.688863525390627,-9.63900089263916,-42.87000274658203,-16.398000717163086
1788678623112914000,28.704913818359376,-9.21500015258789,-42.11600112915039,-16.086999893188477
1788678623129040600,28.72104052734375,-6.803000450134277,-40.4170036315918,-16.992000579833984
1788678623145150000,28.73714990234375,-8.27400016784668,-40.83300018310547,-16.178001403808594
1788678623161363000,28.753363037109374,-8.12700080871582,-43.0780029296875,-15.791000366210938
1788678623177502200,28.769502197265624,-9.520000457763672,-41.78200149536133,-15.167000770568848
1788678623193599000,28.785598876953124,-9.857000350952148,-42.54800033569336,-16.395000457763672
1788678623209740800,28.80174072265625,-8.284000396728516,-41.92000198364258,-17.30900001525879
1788678623225883400,28.81788330078125,-9.652000427246094,-41.90500259399414,-16.39000129699707
1788678623242098000,28.834097900390624,-9.656000137329102,-41.58400344848633,-16.387001037597656
1788678623258238200,28.85023828125,-9.538000106811523,-41.79300308227539,-15.982000350952148
1788678623274307600,28.8663076171875,-8.580000877380371,-42.01300048828125,-16.290000915527344
1788678623290457600,28.88245751953125,-9.844000816345215,-41.13500213623047,-14.957000732421875
1788678623306602800,28.898602783203124,-12.637001037597656,-41.249000549316406,-15.769001007080078
1788678623322818600,28.914818603515624,-10.687000274658203,-41.452003479003906,-14.653000831604004
1788678623338952200,28.9309521484375,-10.897000312805176,-42.42100143432617,-15.069000244140625
1788678623355017700,28.947017822265625,-10.914000511169434,-41.67500305175781,-15.368000984191895
1788678623371173000,28.963173095703127,-9.178000450134277,-42.310001373291016,-14.5600004196167
1788678623387271200,28.979271240234375,-10.87600040435791,-41.76000213623047,-13.73900032043457
1788678623403484200,28.995484130859374,-10.248000144958496,-41.66100311279297,-14.248001098632812
1788678623419643000,29.011642822265625,-12.066000938415527,-41.660003662109375,-14.347001075744629
1788678623435681500,29.027681640625,-10.880000114440918,-41.33000183105469,-13.633000373840332
1788678623451829200,29.043829345703124,-10.008000373840332,-41.75400161743164,-13.128000259399414
1788678623467936500,29.0599365234375,-9.41100025177002,-40.91600036621094,-14.54800033569336
1788678623484151000,29.076151123046873,-9.600000381469727,-40.9010009765625,-13.427000999450684
1788678623500267300,29.092267333984374,-10.75100040435791,-41.10100173950195,-12.510000228881836
1788678623516315600,29.108315673828123,-8.648000717163086,-41.55600357055664,-14.249000549316406
1788678623532461600,29.124461669921875,-9.909000396728516,-42.8390007019043,-14.157000541687012
1788678623548570400,29.1405703125,-11.278000831604004,-41.96000289916992,-12.721000671386719
1788678623564788200,29.156788330078125,-10.336000442504883,-40.893001556396484,-12.917000770568848
1788678623580916700,29.172916748046877,-11.196000099182129,-41.111000061035156,-13.325000762939453
1788678623596970800,29.188970703125,-10.338000297546387,-41.11000061035156,-13.122000694274902
1788678623613116700,29.20511669921875,-11.112000465393066,-41.125003814697266,-14.344000816345215
1788678623629223000,29.221222900390625,-10.882000923156738,-42.62900161743164,-14.56100082397461
1788678623645439000,29.23743896484375,-9.609000205993652,-40.36600112915039,-13.52400016784668
1788678623661571600,29.253571533203125,-10.029000282287598,-41.44200134277344,-13.839000701904297
1788678623677589500,29.269589599609375,-9.569000244140625,-42.612003326416016,-13.137001037597656
1788678623693710600,29.285710693359373,-9.268000602722168,-42.40700149536133,-13.848000526428223
1788678623709820200,29.301820068359376,-11.316000938415527,-41.98400115966797,-14.453001022338867
1788678623726035500,29.318035400390624,-10.440000534057617,-43.053001403808594,-14.158000946044922
1788678623742182400,29.334182373046875,-11.742000579833984,-41.7660026550293,-14.247000694274902
1788678623758310700,29.350310546875,-9.595000267028809,-42.08700180053711,-13.947000503540039
1788678623774457600,29.36645751953125,-11.726000785827637,-43.702003479003906,-14.773000717163086
1788678623790562000,29.38256201171875,-9.874000549316406,-40.505001068115234,-15.868000984191895
1788678623806777000,29.398777099609376,-10.224000930786133,-42.40300369262695,-13.643000602722168
1788678623822925300,29.41492529296875,-10.96500015258789,-41.05800247192383,-17.29800033569336
1788678623838982000,29.43098193359375,-11.142000198364258,-40.60300064086914,-15.358000755310059
1788678623855123200,29.447123291015625,-9.880000114440918,-40.509002685546875,-16.174001693725586
1788678623871262000,29.463261962890623,-12.497000694274902,-42.634002685546875,-15.170001029968262
1788678623887474000,29.479473876953126,-9.62700080871582,-40.9170036315918,-14.649001121520996
1788678623903626000,29.4956259765625,-10.080000877380371,-40.71600341796875,-15.666000366210938
1788678623919657500,29.511657470703124,-10.67400074005127,-40.579002380371094,-13.52500057220459
1788678623935814000,29.52781396484375,-7.828000545501709,-41.038002014160156,-15.468000411987305
1788678623951924200,29.54392431640625,-10.271000862121582,-41.67500305175781,-15.267001152038574
1788678623968141800,29.560141845703125,-7.892000198364258,-42.30900192260742,-14.358000755310059
1788678623984264200,29.57626416015625,-10.952000617980957,-41.05000305175781,-16.68600082397461
1788678624000306700,29.592306640625,-10.28600025177002,-40.60300064086914,-15.257000923156738
1788678624016456700,29.608456787109375,-10.067000389099121,-41.46500015258789,-15.571001052856445
1788678624032567600,29.624567626953127,-9.872000694274902,-41.26000213623047,-16.282001495361328
1788678624048782800,29.640782958984374,-9.562000274658203,-41.159000396728516,-16.689001083374023
1788678624064909000,29.656908935546873,-9.663000106811523,-40.939002990722656,-16.280000686645508
1788678624080967200,29.67296728515625,-8.822000503540039,-40.94900131225586,-16.892000198364258
1788678624097112000,29.689112060546876,-10.7160005569458,-41.361000061035156,-15.874000549316406
1788678624113216500,29.705216552734374,-8.586000442504883,-41.26000213623047,-16.079999923706055
1788678624129429800,29.7214296875,-9.01200008392334,-40.71800231933594,-15.667000770568848
1788678624145567000,29.73756689453125,-10.972000122070312,-40.73800277709961,-17.397001266479492
1788678624161628700,29.753628662109374,-8.581000328063965,-42.121002197265625,-16.393001556396484
1788678624177740000,29.769739990234374,-8.678000450134277,-43.52000045776367,-16.81300163269043
1788678624193848300,29.785848388671877,-9.43600082397461,-41.58000183105469,-16.082000732421875
1788678624210039000,29.8020390625,-8.410000801086426,-41.3900032043457,-17.81300163269043
1788678624226182400,29.818182373046874,-8.563000679016113,-43.08300018310547,-16.197999954223633
1788678624242251800,29.834251708984375,-7.385000228881836,-44.05500030517578,-16.61600112915039
1788678624258398700,29.850398681640623,-9.95300006866455,-42.974002838134766,-16.19500160217285
1788678624274538800,29.866538818359373,-9.209000587463379,-41.89600372314453,-15.677000999450684
1788678624290753500,29.88275341796875,-7.484000205993652,-43.294002532958984,-15.794000625610352
1788678624306884000,29.898884033203124,-5.4710001945495605,-42.65800094604492,-16.09600067138672
1788678624322915000,29.9149150390625,-7.484000205993652,-43.294002532958984,-15.794000625610352
1788678624339060200,29.931060302734377,-7.957000255584717,-41.592002868652344,-16.797000885009766
1788678624355165000,29.9471650390625,-8.993000030517578,-42.544002532958984,-15.98900032043457
1788678624371377200,29.963377197265626,-8.337000846862793,-43.18400192260742,-15.690000534057617
1788678624387486500,29.979486572265625,-7.509000301361084,-43.09300231933594,-16.81100082397461
1788678624403521000,29.99552099609375,-8.43600082397461,-43.71900177001953,-15.694001197814941
1788678624419664100,30.0116640625,-8.983000755310059,-42.970001220703125,-15.789000511169434
1788678624435806500,30.027806396484376,-6.651000499725342,-42.552001953125,-16.29800033569336
1788678624452021000,30.04402099609375,-7.793000221252441,-43.07100296020508,-15.180000305175781
1788678624468136200,30.06013623046875,-9.521000862121582,-43.512001037597656,-16.302000045776367
1788678624484214500,30.076214599609376,-8.628000259399414,-43.4900016784668,-14.572000503540039
1788678624500365300,30.092365234375,-8.897000312805176,-43.566001892089844,-12.331000328063965
1788678624516462300,30.10846240234375,-7.878000259399414,-43.70500183105469,-14.574000358581543
1788678624532676900,30.1246767578125,-5.849000453948975,-44.03300094604492,-14.784000396728516
1788678624548797200,30.140797119140625,-6.186000347137451,-42.96200180053711,-14.87600040435791
1788678624564850000,30.156849853515624,-6.457000255584717,-44.22800064086914,-13.460000991821289
1788678624580998400,30.172998291015624,-7.103000164031982,-44.663002014160156,-13.973000526428223
1788678624597107700,30.189107666015627,-6.350000381469727,-43.79600143432617,-13.1510009765625
1788678624613322200,30.205322265625,-6.3550004959106445,-43.90700149536133,-13.458000183105469
1788678624629454600,30.22145458984375,-8.249000549316406,-43.45500183105469,-11.92300033569336
1788678624645521700,30.237521728515624,-7.076000213623047,-44.97100067138672,-12.957000732421875
1788678624661667000,30.2536669921875,-6.556000232696533,-44.980003356933594,-13.569000244140625
1788678624677810000,30.269809814453126,-7.500000476837158,-44.21200180053711,-12.338000297546387
1788678624694023700,30.286023681640625,-5.24500036239624,-45.8280029296875,-12.76300048828125
1788678624710165500,30.30216552734375,-7.817000389099121,-44.965003967285156,-12.65000057220459
1788678624726235600,30.318235595703126,-6.5460004806518555,-45.406002044677734,-13.369000434875488
1788678624742387200,30.33438720703125,-6.420000076293945,-45.28600311279297,-12.451000213623047
1788678624758489000,30.350489013671876,-8.992000579833984,-45.72100067138672,-13.165000915527344
1788678624774705200,30.366705078125,-7.7270002365112305,-44.11100387573242,-12.846000671386719
1788678624790858000,30.38285791015625,-7.081000328063965,-44.32500076293945,-12.747000694274902
1788678624806887000,30.398886962890625,-8.747000694274902,-43.605003356933594,-15.184000968933105
1788678624823048000,30.4150478515625,-6.048000335693359,-43.91600036621094,-14.069000244140625
1788678624839162000,30.431162109375,-6.359000205993652,-43.801002502441406,-13.559000968933105
1788678624855381200,30.44738134765625,-4.798000335693359,-43.61300277709961,-15.291000366210938
1788678624871498800,30.463498779296874,-6.930000305175781,-44.36300277709961,-15.600000381469727
1788678624887536400,30.479536376953124,-7.089000225067139,-44.22200393676758,-13.052000999450684
1788678624903684400,30.495684326171876,-6.38200044631958,-43.92300033569336,-14.680000305175781
1788678624919796200,30.511796142578124,-5.244000434875488,-42.43400192260742,-15.382000923156738
1788678624936011500,30.528011474609375,-6.208000183105469,-43.08300018310547,-15.895000457763672
1788678624952136700,30.54413671875,-6.3610005378723145,-43.802001953125,-13.660000801086426
1788678624968219400,30.560219482421875,-8.093000411987305,-42.733001708984375,-14.056000709533691
1788678624984366600,30.57636669921875,-6.407000541687012,-42.31700134277344,-14.768000602722168
1788678625000508700,30.5925087890625,-7.140000343322754,-43.820003509521484,-15.086000442504883
1788678625016725000,30.60872509765625,-7.901000499725342,-43.17900085449219,-15.283000946044922
1788678625032853000,30.62485302734375,-8.320000648498535,-44.25400161743164,-15.597001075744629
1788678625048909600,30.64090966796875,-7.044000148773193,-42.855003356933594,-14.975000381469727
1788678625065060900,30.657060791015624,-6.823000431060791,-43.06700134277344,-14.774001121520996
1788678625081172200,30.673172119140624,-6.419000148773193,-42.432003021240234,-15.380001068115234
1788678625097389300,30.689389404296875,-6.219000339508057,-42.22500228881836,-15.88800048828125
1788678625113529600,30.705529541015625,-6.403000354766846,-43.720001220703125,-15.493000984191895
1788678625129600500,30.7216005859375,-5.987000465393066,-42.43000030517578,-15.177000999450684
1788678625145747700,30.737747802734376,-8.117000579833984,-42.85600280761719,-15.178000450134277
1788678625161862000,30.75386181640625,-6.835000514984131,-43.182003021240234,-15.386000633239746
1788678625178080300,30.770080322265624,-6.845000267028809,-42.97200393676758,-15.690000534057617
1788678625194232800,30.78623291015625,-5.883000373840332,-42.8650016784668,-15.588000297546387
1788678625210264600,30.8022646484375,-7.039000511169434,-43.06800079345703,-14.87600040435791
1788678625226417000,30.8184169921875,-6.837000370025635,-43.39900207519531,-15.592000961303711
1788678625242530300,30.8345302734375,-6.985000133514404,-41.586002349853516,-16.28900146484375
1788678625258748700,30.850748779296875,-5.7960004806518555,-43.74100112915039,-17.022001266479492
1788678625274907000,30.866906982421874,-6.323000431060791,-42.97900390625,-16.200000762939453
1788678625290939000,30.88293896484375,-7.956000328063965,-42.996002197265625,-17.624000549316406
1788678625307086300,30.89908642578125,-7.636000156402588,-41.48400115966797,-16.694000244140625
1788678625323195600,30.915195556640626,-5.819000244140625,-42.134002685546875,-17.00800132751465
1788678625339413200,30.931413330078126,-5.7960004806518555,-42.76900100708008,-16.402000427246094
1788678625355525600,30.947525634765626,-6.881000518798828,-42.345001220703125,-16.907001495361328
1788678625371568400,30.963568359375,-6.8510003089904785,-43.19200134277344,-16.099000930786133
1788678625387696600,30.979696533203125,-5.584000110626221,-43.63500213623047,-17.022001266479492
1788678625403807700,30.995807861328124,-6.2310004234313965,-42.55600357055664,-16.604000091552734
1788678625420027100,31.012027099609377,-6.328000068664551,-40.605003356933594,-14.957000732421875
1788678625436150300,31.028150390625,-7.511000156402588,-42.12200164794922,-16.293001174926758
1788678625452205600,31.04420556640625,-6.862000465393066,-42.441001892089844,-16.093000411987305
1788678625468357000,31.060357177734375,-7.732000350952148,-42.88200378417969,-17.11400032043457
1788678625484469800,31.0764697265625,-6.407000541687012,-43.93800354003906,-15.801000595092773
1788678625500774400,31.0927744140625,-6.442000389099121,-41.906002044677734,-16.088001251220703
1788678625516908000,31.108907958984375,-6.551000118255615,-41.90700149536133,-16.190000534057617
1788678625533009400,31.125009521484376,-7.932000160217285,-41.577003479003906,-15.676000595092773
1788678625549157400,31.141157470703124,-7.272000312805176,-42.647003173828125,-15.483000755310059
1788678625565302000,31.157302001953123,-7.932000160217285,-42.117000579833984,-15.987000465393066
1788678625581520400,31.173520263671875,-6.817000389099121,-42.198001861572266,-13.951000213623047
1788678625597645000,31.18964501953125,-7.439000129699707,-43.59100341796875,-13.963000297546387
1788678625613718300,31.20571826171875,-7.659000396728516,-42.94600296020508,-13.855000495910645
1788678625629870600,31.22187060546875,-7.449000358581543,-43.165000915527344,-14.16300106048584
1788678625645982700,31.237982666015625,-6.902000427246094,-43.91400146484375,-14.068000793457031
1788678625662202400,31.254202392578126,-7.435000419616699,-43.37200164794922,-13.655000686645508
1788678625678353400,31.270353515625,-8.202000617980957,-43.599002838134766,-14.67500114440918
1788678625694382300,31.28638232421875,-4.6579999923706055,-43.91600036621094,-13.969000816345215
1788678625710534400,31.302534423828124,-7.009000301361084,-44.454002380371094,-14.378000259399414
1788678625726645800,31.318645751953124,-8.5,-44.233001708984375,-14.069000244140625
1788678625742866000,31.334865966796876,-7.755000591278076,-44.34400177001953,-14.27500057220459
1788678625759021800,31.351021728515626,-5.736000061035156,-43.81300354003906,-14.374000549316406
1788678625775081000,31.3670810546875,-8.200000762939453,-43.70600128173828,-14.676000595092773
1788678625791228400,31.383228515625,-7.8560004234313965,-43.47600173950195,-13.452000617980957
1788678625807342800,31.3993427734375,-5.824000358581543,-45.31500244140625,-14.48900032043457
1788678625823562800,31.415562744140626,-5.705000400543213,-43.794002532958984,-12.94800090789795
1788678625839684600,31.4316845703125,-6.575000286102295,-43.91100311279297,-13.76300048828125
1788678625855737000,31.447737060546874,-5.309000015258789,-44.78700256347656,-14.995000839233398
1788678625871888600,31.463888671875,-5.740000247955322,-44.35600280761719,-14.88900089263916
1788678625887998500,31.47999853515625,-6.391000270843506,-44.79300308227539,-15.605000495910645
1788678625904214500,31.496214599609374,-7.9760003089904785,-43.80800247192383,-14.270000457763672
1788678625920343600,31.512343505859373,-6.050000190734863,-45.105003356933594,-14.895000457763672
1788678625936393700,31.528393798828127,-4.925000190734863,-42.54300308227539,-15.485000610351562
1788678625952501500,31.54450146484375,-8.34000015258789,-44.48200225830078,-16.618000030517578
1788678625968609500,31.560609619140624,-5.994000434875488,-44.05600357055664,-16.51500129699707
1788678625984822500,31.576822509765623,-7.475000381469727,-44.58500289916992,-16.213001251220703
1788678626000949500,31.592949462890626,-7.304000377655029,-43.9630012512207,-17.735000610351562
1788678626017009400,31.609009521484374,-5.357000350952148,-44.275001525878906,-16.82400131225586
1788678626033155800,31.62515576171875,-7.947000503540039,-43.9630012512207,-17.836000442504883
1788678626049267500,31.641267333984374,-7.919000148773193,-43.51400375366211,-16.304000854492188
1788678626065487000,31.657487060546874,-7.208000183105469,-43.53700256347656,-17.935001373291016
1788678626081612300,31.6736123046875,-5.926000118255615,-42.78200149536133,-17.421001434326172
1788678626097717800,31.6897177734375,-7.9770002365112305,-43.441001892089844,-18.850000381469727
1788678626113861400,31.705861328125,-6.433000087738037,-43.522003173828125,-16.714000701904297
1788678626130002000,31.722001953125,-8.390000343322754,-43.64800262451172,-18.34200096130371
1788678626146216700,31.738216796875,-7.342000484466553,-42.689002990722656,-18.641000747680664
1788678626162351400,31.754351318359376,-6.672000408172607,-43.86100387573242,-18.041000366210938
1788678626178371000,31.77037109375,-11.571000099182129,-43.0890007019043,-17.009000778198242
1788678626194517200,31.786517333984374,-9.039000511169434,-43.220001220703125,-18.440000534057617
1788678626210624500,31.80262451171875,-9.584000587463379,-42.36100387573242,-18.431001663208008
1788678626226839000,31.818839111328124,-7.759000301361084,-41.81700134277344,-17.61400032043457
1788678626242989300,31.8349892578125,-9.51200008392334,-42.49100112915039,-20.062000274658203
1788678626259025400,31.851025390625,-8.192000389099121,-43.009002685546875,-18.643001556396484
1788678626275176200,31.86717626953125,-8.624000549316406,-42.47100067138672,-18.535001754760742
1788678626291284700,31.88328466796875,-8.398000717163086,-43.54500198364258,-18.647001266479492
1788678626307501300,31.899501220703126,-7.789000511169434,-41.62000274658203,-18.83500099182129
1788678626323655700,31.91565576171875,-6.908000469207764,-43.01000213623047,-18.542001724243164
1788678626339695400,31.9316953125,-8.52500057220459,-43.233001708984375,-19.35700035095215
1788678626355840300,31.94784033203125,-7.65500020980835,-44.0890007019043,-19.16200065612793
1788678626371948500,31.963948486328125,-5.75600004196167,-43.24100112915039,-19.666000366210938
1788678626388161500,31.98016162109375,-7.570000171661377,-42.15700149536133,-18.94099998474121
1788678626404290600,31.99629052734375,-7.14900016784668,-43.35000228881836,-19.97100067138672
1788678626420341200,32.01234130859375,-6.713000297546387,-43.67000198364258,-19.7710018157959
1788678626436486700,32.02848657226563,-7.531000137329102,-43.97100067138672,-18.34600067138672
1788678626452593000,32.04459301757812,-7.088000297546387,-43.96200180053711,-17.634000778198242
1788678626468809000,32.06080908203125,-6.681000232696533,-43.5420036315918,-18.242000579833984
1788678626484941000,32.07694116210938,-7.556000232696533,-43.01300048828125,-18.847000122070312
1788678626501010000,32.09301000976563,-7.633000373840332,-44.50800323486328,-18.453001022338867
1788678626517135000,32.10913500976562,-5.395000457763672,-44.19000244140625,-18.453001022338867
1788678626533241900,32.12524194335938,-7.99500036239624,-43.12800216674805,-19.459001541137695
1788678626549453300,32.14145336914063,-6.275000095367432,-44.3120002746582,-19.67500114440918
1788678626565591000,32.15759106445312,-6.930000305175781,-42.915000915527344,-19.45800018310547
1788678626581667300,32.17366723632812,-8.325000762939453,-42.9170036315918,-19.762001037597656
1788678626597806300,32.18980639648437,-7.059000492095947,-43.14400100708008,-20.58100128173828
1788678626613912000,32.205912109375,-7.234000205993652,-43.121002197265625,-18.849000930786133
1788678626630127400,32.22212744140625,-7.778000354766846,-43.88300323486328,-19.7710018157959
1788678626646278400,32.2382783203125,-7.789000511169434,-43.56500244140625,-20.07400131225586
1788678626662307600,32.2543076171875,-8.17400074005127,-44.29500198364258,-18.654001235961914
1788678626678459600,32.27045971679688,-6.714000225067139,-44.427001953125,-20.28700065612793
1788678626694575000,32.2865751953125,-7.782000541687012,-44.21000289916992,-20.1820011138916
1788678626710796300,32.30279638671875,-8.084000587463379,-43.441001892089844,-18.850000381469727
1788678626726907100,32.3189072265625,-8.197999954223633,-43.22900390625,-19.052000045776367
1788678626742948600,32.33494848632812,-7.115000247955322,-43.33000183105469,-18.44300079345703
1788678626759099600,32.351099609375,-8.38700008392334,-43.862003326416016,-18.34400177001953
1788678626775207000,32.36720703125,-7.5420002937316895,-44.19300079345703,-18.959001541137695
1788678626791423200,32.38342333984375,-7.817000389099121,-44.814002990722656,-17.33500099182129
1788678626807542300,32.399542236328124,-7.717000484466553,-44.17000198364258,-17.227001190185547
1788678626823594000,32.41559399414062,-7.560000419616699,-43.55600357055664,-19.361000061035156
1788678626839742200,32.4317421875,-7.322000503540039,-45.487003326416016,-19.481000900268555
1788678626855873500,32.44787353515625,-7.929000377655029,-44.60100173950195,-17.435001373291016
1788678626872089300,32.46408935546875,-8.510000228881836,-43.980003356933594,-19.160001754760742
1788678626888217300,32.48021728515625,-9.151000022888184,-44.62800216674805,-19.57200050354004
1788678626904272000,32.49627197265625,-10.869000434875488,-43.118003845214844,-19.04800033569336
1788678626920420900,32.5124208984375,-7.723000526428223,-46.01100158691406,-18.670000076293945
1788678626936529700,32.52852978515625,-8.842000007629395,-43.01400375366211,-19.049001693725586
1788678626952743200,32.5447431640625,-7.326000213623047,-44.19200134277344,-18.858001708984375
1788678626968879600,32.56087963867188,-8.631999969482422,-44.20500183105469,-19.977001190185547
1788678626984946400,32.57694653320313,-8.574000358581543,-44.60300064086914,-17.63800048828125
1788678627001095400,32.59309545898437,-9.146000862121582,-43.3280029296875,-18.542001724243164
1788678627017206300,32.60920629882813,-7.678000450134277,-44.211002349853516,-20.284000396728516
1788678627033422300,32.62542236328125,-8.312000274658203,-44.20600128173828,-19.977001190185547
1788678627049566500,32.64156640625,-8.212000846862793,-44.21000289916992,-20.283000946044922
1788678627065621500,32.65762158203125,-9.038000106811523,-44.73200225830078,-19.3700008392334
1788678627081765000,32.67376513671875,-9.681000709533691,-43.76000213623047,-18.851001739501953
1788678627097874200,32.689874267578126,-10.117000579833984,-44.73800277709961,-19.878000259399414
1788678627114093300,32.70609326171875,-9.605000495910645,-44.535003662109375,-20.692001342773438
1788678627130248700,32.722248779296876,-7.9160003662109375,-43.577003479003906,-20.99100112915039
1788678627146276400,32.7382763671875,-9.714000701904297,-44.320003509521484,-20.690000534057617
1788678627162425600,32.75442553710938,-10.69800090789795,-43.68400192260742,-21.29400062561035
1788678627178535000,32.770534912109376,-8.440000534057617,-43.678001403808594,-20.584001541137695
1788678627194751500,32.78675146484375,-8.666000366210938,-42.7130012512207,-20.575000762939453
1788678627210907400,32.802907470703126,-10.363000869750977,-42.595001220703125,-19.96000099182129
1788678627226980400,32.81898046875,-9.951000213623047,-42.82100296020508,-20.77800178527832
1788678627243127800,32.8351279296875,-9.744000434875488,-42.50100326538086,-20.87700080871582
1788678627259231200,32.85123120117188,-11.680000305175781,-42.29100036621094,-21.382001876831055
1788678627275452700,32.86745263671875,-9.934000015258789,-42.919002532958984,-20.066001892089844
1788678627291595300,32.88359521484375,-12.204000473022461,-42.06700134277344,-20.768001556396484
1788678627307629000,32.89962915039062,-11.782000541687012,-42.8280029296875,-21.48900032043457
1788678627323780000,32.915780029296876,-12.110000610351562,-42.07600021362305,-21.380001068115234
1788678627339893800,32.93189379882813,-11.237000465393066,-43.14600372314453,-21.187000274658203
1788678627356113200,32.94811303710937,-11.500000953674316,-41.230003356933594,-22.18800163269043
1788678627372237000,32.96423706054688,-10.214000701904297,-41.01400375366211,-21.882001876831055
1788678627388286700,32.98028662109375,-12.3410005569458,-41.65300369262695,-21.885000228881836
1788678627404436700,32.996436767578125,-11.485000610351562,-41.762001037597656,-21.887001037597656
1788678627420551000,33.01255102539063,-10.622000694274902,-41.43400192260742,-21.27400016784668
1788678627436769000,33.02876904296875,-12.87600040435791,-42.08500289916992,-22.194000244140625
1788678627452896800,33.044896728515624,-11.046000480651855,-41.647003173828125,-21.275001525878906
1788678627468953600,33.06095361328125,-10.309000015258789,-42.73500061035156,-22.407001495361328
1788678627485104000,33.07710424804687,-10.385000228881836,-43.797000885009766,-21.703001022338867
1788678627501215500,33.09321557617187,-10.765000343322754,-42.10400390625,-23.317001342773438
1788678627517431600,33.109431640625,-11.79800033569336,-42.83700180053711,-22.202001571655273
1788678627533575400,33.12557543945312,-10.2160005569458,-42.85200119018555,-23.121000289916992
1788678627549655000,33.14165502929688,-10.313000679016113,-42.73800277709961,-22.610000610351562
1788678627565805000,33.15780517578125,-10.747000694274902,-43.281002044677734,-23.226001739501953
1788678627581915600,33.17391552734375,-8.60200023651123,-42.09100341796875,-22.097000122070312
1788678627598133200,33.19013330078125,-9.587000846862793,-42.86000061035156,-23.631000518798828
1788678627614284500,33.20628442382812,-9.701000213623047,-42.8640022277832,-23.93600082397461
1788678627630309000,33.22230908203125,-9.005000114440918,-44.02100372314453,-22.216001510620117
1788678627646458000,33.2384580078125,-9.641000747680664,-44.557003021240234,-22.32200050354004
1788678627662569700,33.25456982421875,-8.485000610351562,-43.38100051879883,-22.415000915527344
1788678627678789600,33.27078955078125,-7.003000259399414,-43.60700225830078,-23.132001876831055
1788678627694904800,33.28690478515625,-8.690999984741211,-44.24100112915039,-22.626001358032227
1788678627710951000,33.30295092773437,-7.759000301361084,-43.288002014160156,-23.33100128173828
1788678627727100200,33.31910009765625,-8.04900074005127,-44.13300323486328,-22.52400016784668
1788678627743208000,33.3352080078125,-9.671000480651855,-42.84600067138672,-22.612001419067383
1788678627759421200,33.351421142578126,-9.735000610351562,-44.441001892089844,-21.709001541137695
1788678627775539000,33.3675390625,-8.136000633239746,-43.47200393676758,-21.19300079345703
1788678627791617500,33.38361743164062,-8.134000778198242,-44.22800064086914,-21.608001708984375
1788678627807761400,33.39976147460938,-9.463000297546387,-42.09400177001953,-22.402000427246094
1788678627823862500,33.41586254882812,-9.301000595092773,-44.329002380371094,-21.301000595092773
1788678627840080600,33.43208056640625,-9.265000343322754,-45.28000259399414,-20.291000366210938
1788678627856205800,33.448205810546874,-9.309000015258789,-42.281002044677734,-20.36600112915039
1788678627872294100,33.46429418945313,-7.154000282287598,-43.46200180053711,-20.27800178527832
1788678627888439300,33.48043920898437,-5.948000431060791,-45.60600280761719,-20.196001052856445
1788678627904583000,33.4965830078125,-7.485000133514404,-44.00800323486328,-21.097000122070312
1788678627920800800,33.51280078125,-7.439000129699707,-45.38500213623047,-19.887001037597656
1788678627936914700,33.528914794921874,-4.170000076293945,-43.902000427246094,-20.795000076293945
1788678627953007900,33.5450078125,-9.077000617980957,-44.21600341796875,-20.791000366210938
1788678627969148700,33.561148681640624,-10.753000259399414,-45.27400207519531,-19.98400115966797
1788678627985251600,33.57725146484375,-8.699000358581543,-45.802001953125,-19.176000595092773
1788678628001467400,33.59346728515625,-9.26300048828125,-45.71200180053711,-20.499000549316406
1788678628017608000,33.60960791015625,-10.669000625610352,-43.45100021362305,-19.86600112915039
1788678628033712000,33.62571215820312,-8.307000160217285,-44.743003845214844,-20.084001541137695
1788678628049858300,33.6418583984375,-8.295000076293945,-43.439002990722656,-18.748001098632812
1788678628065974800,33.657974853515626,-8.189000129699707,-44.52100372314453,-19.47100067138672
1788678628082196500,33.67419653320312,-7.219000339508057,-45.70500183105469,-19.788000106811523
1788678628098352000,33.69035205078125,-9.660000801086426,-46.125003814697266,-19.381000518798828
1788678628114387000,33.706386962890626,-8.48900032043457,-46.02100372314453,-19.48400115966797
1788678628130536200,33.7225361328125,-8.625,-44.20100021362305,-19.671001434326172
1788678628146647300,33.73864721679688,-10.181000709533691,-45.68400192260742,-18.562000274658203
1788678628162865700,33.75486572265625,-7.952000141143799,-44.6150016784668,-18.453001022338867
1788678628178975200,33.77097534179688,-7.115000247955322,-45.81500244140625,-19.993000030517578
1788678628195047400,33.78704736328125,-9.050000190734863,-44.52400207519531,-19.775001525878906
1788678628211166500,33.80316650390625,-10.729000091552734,-45.04300308227539,-18.759000778198242
1788678628227278600,33.81927856445313,-6.778000354766846,-46.23800277709961,-19.488000869750977
1788678628243495000,33.835494873046876,-6.585000514984131,-44.84600067138672,-19.578001022338867
1788678628259610600,33.85161059570312,-8.190999984741211,-46.035003662109375,-20.503000259399414
1788678628275657200,33.8676572265625,-9.053000450134277,-44.525001525878906,-19.87700080871582
1788678628291808000,33.88380810546875,-7.3550004959106445,-44.750003814697266,-20.493000030517578
1788678628307922000,33.899921875,-8.670000076293945,-43.79600143432617,-21.39900016784668
1788678628324140800,33.91614086914063,-9.528000831604004,-43.47300338745117,-21.395000457763672
1788678628340264700,33.9322646484375,-9.540000915527344,-44.4530029296875,-22.525001525878906
1788678628356356000,33.948356201171876,-8.343000411987305,-43.9010009765625,-21.19700050354004
1788678628372502300,33.964502197265624,-7.836000442504883,-43.16100311279297,-21.904001235961914
1788678628388647200,33.980647216796875,-8.756000518798828,-43.78300094604492,-20.48200035095215
1788678628404869400,33.996869384765624,-8.744000434875488,-43.992000579833984,-20.077001571655273
1788678628421004500,34.01300463867187,-8.758000373840332,-42.48800277709961,-19.75800132751465
1788678628437064000,34.02906396484375,-7.811000347137451,-43.794002532958984,-21.19700050354004
1788678628453214000,34.0452138671875,-8.87600040435791,-43.35900115966797,-20.784000396728516
1788678628469325000,34.061324951171876,-9.645000457763672,-43.58700180053711,-21.9060001373291
1788678628485537800,34.077537841796875,-8.659000396728516,-43.573001861572266,-20.786001205444336
1788678628501688800,34.09368872070313,-8.460000038146973,-44.3390007019043,-21.91400146484375
1788678628517710800,34.1097109375,-8.806000709533691,-42.5160026550293,-21.897001266479492
1788678628533858600,34.12585864257812,-10.158000946044922,-43.1410026550293,-20.679000854492188
1788678628549970400,34.141970458984375,-8.903000831604004,-41.862003326416016,-21.076000213623047
1788678628566190300,34.1581904296875,-8.129000663757324,-43.79300308227539,-21.09400177001953
1788678628582349800,34.17434985351562,-9.861000061035156,-42.724002838134766,-21.490001678466797
1788678628598406000,34.19040600585937,-8.976000785827637,-45.30000305175781,-21.718000411987305
1788678628614558200,34.20655810546875,-6.103000164031982,-43.58100128173828,-21.095001220703125
1788678628630676000,34.222676025390626,-7.395000457763672,-43.47800064086914,-21.500001907348633
1788678628646891800,34.23889184570312,-7.229000568389893,-42.21000289916992,-22.81300163269043
1788678628663004400,34.25500439453125,-9.319000244140625,-43.69200134277344,-21.703001022338867
1788678628679045400,34.27104541015625,-6.3460001945495605,-42.302001953125,-21.593000411987305
1788678628695196000,34.28719580078125,-7.1650004386901855,-43.68400192260742,-20.891000747680664
1788678628711306000,34.30330590820312,-6.320000171661377,-42.71800231933594,-20.68000030517578
1788678628727523300,34.3195234375,-7.610000133514404,-43.694000244140625,-21.705001831054688
1788678628743648300,34.335648193359376,-6.76900053024292,-42.40700149536133,-21.49100112915039
1788678628759677700,34.351677734375,-8.27500057220459,-42.41100311279297,-21.999000549316406
1788678628775826000,34.36782592773437,-9.021000862121582,-42.733001708984375,-22.10300064086914
1788678628791934000,34.38393383789062,-6.946000099182129,-42.92500305175781,-20.171001434326172
1788678628808149200,34.400149169921875,-7.179000377655029,-42.8280029296875,-20.985000610351562
1788678628824260000,34.41626000976562,-9.172000885009766,-42.47900390625,-19.1460018157959
1788678628840348700,34.4323486328125,-10.445000648498535,-44.525001525878906,-20.07900047302246
1788678628856490800,34.44849072265625,-7.801000595092773,-42.70800018310547,-20.067001342773438
1788678628872602000,34.46460205078125,-7.613000392913818,-43.156002044677734,-21.49700164794922
1788678628888815600,34.480815673828126,-8.638999938964844,-42.69700241088867,-19.352001190185547
1788678628904953900,34.49695385742187,-8.872000694274902,-42.816001892089844,-20.270000457763672
1788678628921053400,34.513053466796876,-7.806000232696533,-43.68300247192383,-20.89000129699707
1788678628937200400,34.52920043945313,-6.919000148773193,-43.233001708984375,-19.1560001373291
1788678628953309700,34.54530981445313,-8.949000358581543,-43.12200164794922,-19.152000427246094
1788678628969523500,34.5615234375,-8.31100082397461,-42.47600173950195,-18.841001510620117
1788678628985668400,34.57766845703125,-6.833000183105469,-42.38100051879883,-19.556001663208008
1788678629001730300,34.593730224609374,-7.484000205993652,-41.954002380371094,-19.755001068115234
1788678629017875000,34.609875,-7.366000175476074,-43.24400329589844,-20.07200050354004
1788678629033986800,34.62598681640625,-8.741000175476074,-42.910003662109375,-19.25200080871582
1788678629050201600,34.64220166015625,-7.9800004959106445,-43.22700119018555,-18.849000930786133
1788678629066355200,34.65835522460937,-7.343000411987305,-43.44600296020508,-19.157001495361328
1788678629082389800,34.6743896484375,-8.93600082397461,-44.08700180053711,-19.161001205444336
1788678629098536400,34.690536376953126,-9.055000305175781,-42.689002990722656,-18.84200096130371
1788678629114645800,34.706645751953126,-8.413000106811523,-43.44600296020508,-19.256999969482422
1788678629130862000,34.72286206054687,-8.108000755310059,-41.83500289916992,-18.93800163269043
1788678629147004700,34.73900463867187,-9.282000541687012,-43.02100372314453,-19.660001754760742
1788678629163078400,34.75507836914063,-7.339000225067139,-43.22800064086914,-18.849000930786133
1788678629179229000,34.77122900390625,-9.295000076293945,-41.624000549316406,-19.34200096130371
1788678629195338200,34.787338134765626,-6.937000274658203,-42.595001220703125,-19.5570011138916
1788678629211554000,34.80355395507812,-7.137000560760498,-43.55900192260742,-19.56599998474121
1788678629227679500,34.81967944335938,-8.447999954223633,-42.0620002746582,-19.95800018310547
1788678629243729700,34.835729736328126,-8.845000267028809,-43.448001861572266,-19.461000442504883
1788678629259877600,34.851877685546874,-10.336000442504883,-42.90300369262695,-18.94500160217285
1788678629275984000,34.86798388671875,-8.73900032043457,-42.69200134277344,-19.047000885009766
1788678629292179000,34.88417895507813,-10.438000679016113,-43.224002838134766,-18.94700050354004
1788678629308305400,34.90030541992188,-8.093000411987305,-41.285003662109375,-17.91400146484375
1788678629324362000,34.916362060546874,-10.577000617980957,-40.75800323486328,-18.822999954223633
1788678629340513000,34.932512939453126,-8.468000411987305,-41.31800079345703,-20.35900115966797
1788678629356625000,34.948625,-11.124000549316406,-40.7650032043457,-19.43400001525879
1788678629372840400,34.96484033203125,-9.535000801086426,-40.55900192260742,-19.84200096130371
1788678629388975900,34.98097583007812,-8.522000312805176,-42.150001525878906,-18.533000946044922
1788678629405042000,34.9970419921875,-8.892000198364258,-41.531002044677734,-20.360000610351562
1788678629421189600,35.013189697265624,-9.084000587463379,-41.086002349853516,-19.134000778198242
1788678629437332000,35.02933203125,-10.814000129699707,-41.3120002746582,-20.25400161743164
1788678629453547800,35.0455478515625,-11.050000190734863,-39.380001068115234,-20.033000946044922
1788678629469674800,35.0616748046875,-11.456000328063965,-40.12300109863281,-19.530000686645508
1788678629485756000,35.077755859375,-11.236000061035156,-41.41600036621094,-20.051000595092773
1788678629501907000,35.09390698242188,-10.790000915527344,-41.297000885009766,-19.134000778198242
1788678629518016000,35.11001611328125,-10.598000526428223,-40.01400375366211,-19.326000213623047
1788678629534231300,35.126231201171876,-10.92300033569336,-40.01700210571289,-19.530000686645508
1788678629550382300,35.14238232421875,-12.670001029968262,-39.7130012512207,-21.053001403808594
1788678629566405000,35.15840502929687,-11.897000312805176,-39.915000915527344,-20.03700065612793
1788678629582555600,35.1745556640625,-12.404000282287598,-41.195003509521484,-19.64000129699707
1788678629598663400,35.190663330078124,-13.375000953674316,-40.11800003051758,-19.42500114440918
1788678629614875400,35.20687548828125,-10.714000701904297,-40.992000579833984,-20.35300064086914
1788678629630986000,35.222986083984374,-13.584000587463379,-39.68300247192383,-18.91200065612793
1788678629647023600,35.239023681640624,-11.496000289916992,-40.03900146484375,-21.261001586914062
1788678629663170300,35.25517041015625,-11.745000839233398,-38.439002990722656,-21.85700035095215
1788678629679277800,35.27127783203125,-12.87600040435791,-38.41100311279297,-19.920000076293945
1788678629695492600,35.28749267578125,-10.756000518798828,-39.61300277709961,-21.360000610351562
1788678629711613400,35.303613525390624,-10.018000602722168,-38.97100067138672,-21.35500144958496
1788678629727664600,35.31966455078125,-11.10300064086914,-38.656002044677734,-21.96200180053711
1788678629743812900,35.335812744140625,-10.94800090789795,-39.707000732421875,-20.444000244140625
1788678629759921400,35.35192138671875,-11.271000862121582,-40.03200149536133,-20.75200080871582
1788678629776136400,35.36813647460937,-9.995000839233398,-39.93000030517578,-20.95600128173828
1788678629792262700,35.3842626953125,-10.21500015258789,-39.82500076293945,-21.159000396728516
1788678629808319500,35.400319580078126,-11.046000480651855,-39.702003479003906,-20.036001205444336
1788678629824466000,35.4164658203125,-11.25100040435791,-40.4530029296875,-20.144001007080078
1788678629840570000,35.432570068359375,-8.932000160217285,-40.79900360107422,-21.678001403808594
1788678629856782800,35.448782958984374,-9.640000343322754,-39.802001953125,-19.326000213623047
1788678629872923100,35.46492309570313,-8.170000076293945,-40.467002868652344,-20.861000061035156
1788678629888974000,35.48097412109375,-8.471000671386719,-40.2390022277832,-19.84000015258789
1788678629905120500,35.49712060546875,-8.122000694274902,-41.303001403808594,-19.23900032043457
1788678629921229300,35.513229248046876,-6.797000408172607,-40.695003509521484,-21.68000030517578
1788678629937446000,35.52944580078125,-8.486000061035156,-39.816001892089844,-20.244001388549805
1788678629953595400,35.54559545898437,-8.88900089263916,-41.20600128173828,-20.052000045776367
1788678629969623600,35.56162353515625,-9.338000297546387,-40.677001953125,-20.658000946044922
1788678629985768400,35.5777685546875,-9.205000877380371,-41.202003479003906,-19.84800148010254
1788678630001909800,35.59390966796875,-8.039999961853027,-40.345001220703125,-19.740001678466797
1788678630018125000,35.610125,-9.307000160217285,-40.44200134277344,-19.128000259399414
1788678630034270200,35.62627026367188,-10.37700080871582,-40.7660026550293,-19.435001373291016
1788678630050342700,35.6423427734375,-8.994000434875488,-40.55500030517578,-19.53700065612793
1788678630066488600,35.658488525390624,-10.184000015258789,-40.56300354003906,-20.248001098632812
1788678630082589200,35.674589111328125,-9.094000816345215,-41.20000076293945,-19.644001007080078
1788678630098803000,35.69080297851563,-8.229000091552734,-41.303001403808594,-19.23900032043457
1788678630114913800,35.706913818359375,-8.667000770568848,-40.87600326538086,-19.43800163269043
1788678630130951700,35.72295166015625,-8.265000343322754,-41.64900207519531,-21.075000762939453
1788678630147096000,35.739095947265625,-6.646000385284424,-41.6410026550293,-20.262001037597656
1788678630163203000,35.755203125,-8.769000053405762,-42.17000198364258,-20.06100082397461
1788678630179417000,35.7714169921875,-8.679000854492188,-41.316001892089844,-20.257001876831055
1788678630195537000,35.78753686523437,-11.300000190734863,-42.03900146484375,-18.52800178527832
1788678630211593000,35.80359301757812,-8.949000358581543,-42.79800033569336,-18.94500160217285
1788678630227742200,35.8197421875,-9.065000534057617,-42.47900390625,-19.1460018157959
1788678630243881500,35.83588159179688,-10.769000053405762,-43.12200164794922,-19.35300064086914
1788678630260091600,35.85209155273437,-9.282000541687012,-41.400001525878906,-18.62700080871582
1788678630276200200,35.8682001953125,-10.246000289916992,-41.50800323486328,-18.830001831054688
1788678630292289500,35.88428955078125,-10.229000091552734,-43.552001953125,-19.358001708984375
1788678630308436200,35.900436279296876,-8.289000511169434,-42.57100296020508,-17.926000595092773
1788678630324546300,35.91654638671875,-7.997000217437744,-43.993003845214844,-20.078001022338867
1788678630340760600,35.932760498046875,-9.576000213623047,-42.4640007019043,-18.12700080871582
1788678630356895000,35.94889501953125,-9.60300064086914,-43.12900161743164,-19.762001037597656
1788678630372960300,35.96496020507813,-10.986000061035156,-42.04300308227539,-18.834001541137695
1788678630389110300,35.9811103515625,-9.930000305175781,-42.052001953125,-19.345001220703125
1788678630405220400,35.99722045898437,-8.646000862121582,-42.052001953125,-19.2450008392334
1788678630421435600,36.013435546875,-9.064000129699707,-42.695003509521484,-19.25
1788678630437583000,36.0295830078125,-9.678000450134277,-43.00200271606445,-18.233001708984375
1788678630453670000,36.045669921875,-8.831000328063965,-42.467002868652344,-18.23000144958496
1788678630469820200,36.061820068359374,-7.2220001220703125,-43.65400314331055,-18.650001525878906
1788678630485930200,36.07793017578125,-8.833000183105469,-43.00800323486328,-18.642000198364258
1788678630502144000,36.09414404296875,-6.516000270843506,-41.303001403808594,-19.03700065612793
1788678630518297900,36.1102978515625,-8.871000289916992,-42.05900192260742,-19.75400161743164
1788678630534318600,36.12631860351563,-9.9350004196167,-41.62300109863281,-19.341001510620117
1788678630550460700,36.142460693359375,-11.030000686645508,-42.178001403808594,-20.873001098632812
1788678630566564400,36.158564453125,-11.02400016784668,-41.634002685546875,-20.257001876831055
1788678630582775000,36.17477514648437,-10.36400032043457,-42.37900161743164,-19.85700035095215
1788678630598924800,36.1909248046875,-11.427000999450684,-43.34800338745117,-20.2710018157959
1788678630614998300,36.20699829101562,-13.637001037597656,-43.21600341796875,-18.73900032043457
1788678630631140900,36.22314086914062,-8.43600082397461,-43.24400329589844,-20.172000885009766
1788678630647238000,36.23923779296875,-8.445000648498535,-42.277000427246094,-19.96000099182129
1788678630663449600,36.25544970703125,-9.863000869750977,-41.104000091552734,-20.559001922607422
1788678630679570200,36.271570068359374,-10.45300006866455,-43.45000076293945,-19.764001846313477
1788678630695621400,36.28762133789063,-10.818000793457031,-41.74700164794922,-20.665000915527344
1788678630711769900,36.30376977539063,-10.89900016784668,-41.62300109863281,-19.442001342773438
1788678630727879400,36.31987939453125,-11.018000602722168,-41.41400146484375,-19.847000122070312
1788678630744095200,36.33609521484375,-12.642000198364258,-41.42500305175781,-20.86400032043457
1788678630760229000,36.35222900390625,-10.789000511169434,-41.83700180053711,-19.444000244140625
1788678630776290600,36.36829052734375,-10.471000671386719,-42.48800277709961,-19.959001541137695
1788678630792438000,36.38443798828125,-10.475000381469727,-42.70600128173828,-20.267000198364258
1788678630808547800,36.4005478515625,-7.374000549316406,-41.52000045776367,-19.34400177001953
1788678630824765700,36.416765625,-6.961000442504883,-42.82600021362305,-20.782001495361328
1788678630840904200,36.432904296875,-10.809000968933105,-41.20100021362305,-19.948001861572266
1788678630856978000,36.44897802734375,-9.697000503540039,-42.58100128173828,-18.841001510620117
1788678630873127200,36.46512719726562,-9.335000038146973,-43.48600387573242,-22.31300163269043
1788678630889256200,36.481256103515626,-11.316000938415527,-43.12900161743164,-19.964000701904297
1788678630905472000,36.49747192382812,-11.551000595092773,-42.277000427246094,-20.36400032043457
1788678630921623600,36.51362353515625,-8.848000526428223,-42.909000396728516,-19.25200080871582
1788678630937651500,36.5296513671875,-8.407999992370605,-43.659000396728516,-19.157001495361328
1788678630953799000,36.545798828125,-10.973000526428223,-44.62900161743164,-19.876001358032227
1788678630969910800,36.561910888671875,-8.613000869750977,-43.97700119018555,-18.95600128173828
1788678630986128100,36.57812817382813,-8.929000854492188,-43.75800323486328,-18.648000717163086
1788678631002287400,36.594287353515625,-9.027000427246094,-43.42900085449219,-18.034000396728516
1788678631018352400,36.610352294921874,-5.954000473022461,-43.55600357055664,-19.160001754760742
1788678631034504200,36.62650415039062,-8.023000717163086,-44.37700271606445,-16.7189998626709
1788678631050613000,36.64261303710938,-8.794000625610352,-44.82200241088867,-18.047000885009766
1788678631066830000,36.658830078125,-7.4170002937316895,-44.50700378417969,-18.351001739501953
1788678631082987800,36.67498779296875,-8.668000221252441,-45.027000427246094,-17.336000442504883
1788678631099030300,36.6910302734375,-5.485000133514404,-44.93600082397461,-18.154001235961914
1788678631115181300,36.70718139648437,-7.997000217437744,-45.7660026550293,-16.426000595092773
1788678631131293700,36.723293701171876,-6.810000419616699,-45.868003845214844,-15.919000625610352
1788678631147511800,36.73951171875,-7.669000148773193,-44.68100357055664,-15.398000717163086
1788678631163664600,36.75566455078125,-8.217000007629395,-45.98500061035156,-16.83500099182129
1788678631179745500,36.77174560546875,-8.839000701904297,-46.29800033569336,-16.22599983215332
1788678631195891700,36.7878916015625,-8.157000541687012,-46.16600036621094,-14.290000915527344
1788678631212032000,36.804031982421876,-9.237000465393066,-45.95500183105469,-14.694000244140625
1788678631228245200,36.820245361328126,-7.401000499725342,-47.134002685546875,-14.503000259399414
1788678631244406800,36.83640673828125,-8.153000831604004,-46.163002014160156,-14.086000442504883
1788678631260463400,36.85246337890625,-6.884000301361084,-47.03700256347656,-15.2160005569458
1788678631276619300,36.86861938476562,-7.1050004959106445,-45.52800369262695,-14.592000961303711
1788678631292727300,36.88472729492187,-9.32300090789795,-46.15800094604492,-13.881000518798828
1788678631308943600,36.90094360351563,-7.582000255584717,-48.195003509521484,-13.69800090789795
1788678631325076700,36.91707666015625,-7.059000492095947,-46.90500259399414,-13.381000518798828
1788678631341141800,36.933141845703126,-9.720000267028809,-46.1400032043457,-12.556000709533691
1788678631357292300,36.94929223632813,-8.528000831604004,-46.77900314331055,-12.156000137329102
1788678631373433000,36.96543310546875,-7.378000259399414,-47.12000274658203,-13.485000610351562
1788678631389647400,36.9816474609375,-9.065999984741211,-46.457000732421875,-12.152000427246094
1788678631405776600,36.99777661132813,-7.991000175476074,-47.31900405883789,-12.36500072479248
1788678631421782000,37.013781982421875,-7.5420002937316895,-47.41400146484375,-11.450000762939453
1788678631437936600,37.0299365234375,-5.821000099182129,-48.814002990722656,-11.770000457763672
1788678631454049500,37.04604956054688,-6.937000274658203,-47.97700119018555,-13.391000747680664
1788678631470266400,37.062266357421876,-7.430000305175781,-48.1670036315918,-11.660000801086426
1788678631486420700,37.07842065429688,-7.136000156402588,-46.2390022277832,-11.644001007080078
1788678631502453000,37.09445288085937,-8.291000366210938,-46.98200225830078,-11.241000175476074
1788678631518600400,37.110600341796875,-8.596000671386719,-46.432003021240234,-10.217000961303711
1788678631534713900,37.1267138671875,-8.26300048828125,-47.829002380371094,-10.53600025177002
1788678631550906600,37.14290673828125,-9.677000045776367,-46.65400314331055,-10.931000709533691
1788678631567024400,37.1590244140625,-7.754000186920166,-46.54800033569336,-10.831000328063965
1788678631583071700,37.17507177734375,-7.2910003662109375,-46.85100173950195,-9.407999992370605
1788678631599222300,37.19122216796875,-8.28700065612793,-45.790000915527344,-10.314000129699707
1788678631615329500,37.20732958984375,-8.12600040435791,-47.27100372314453,-8.79900074005127
1788678631631543800,37.22354370117188,-10.60200023651123,-46.7390022277832,-9.403000831604004
1788678631647669500,37.23966943359375,-8.294000625610352,-45.470001220703125,-10.413000106811523
1788678631663726600,37.2557265625,-7.951000213623047,-45.781002044677734,-9.601000785827637
1788678631679873300,37.27187329101562,-9.782000541687012,-45.4640007019043,-10.105000495910645
1788678631696015400,37.28801538085938,-10.255000114440918,-46.72300338745117,-8.180000305175781
1788678631712228600,37.304228515625,-9.233000755310059,-45.88800048828125,-9.702000617980957
1788678631728340500,37.32034057617187,-8.12600040435791,-46.62200164794922,-8.386000633239746
1788678631744441000,37.336441162109374,-8.380000114440918,-45.78200149536133,-9.70300006866455
1788678631760588800,37.3525888671875,-7.2960004806518555,-44.36900329589844,-8.062000274658203
1788678631776689700,37.36868969726562,-8.759000778198242,-46.617000579833984,-8.079999923706055
1788678631792905700,37.38490576171875,-7.827000141143799,-44.582000732421875,-8.063000679016113
1788678631809041000,37.401041015625,-8.5600004196167,-44.788002014160156,-7.554000377655029
1788678631825111600,37.417111572265625,-8.88700008392334,-43.60300064086914,-7.136000156402588
1788678631841263000,37.43326318359375,-9.0910005569458,-44.35300064086914,-7.142000198364258
1788678631857374700,37.449374755859374,-8.54699993133545,-43.592002868652344,-6.220000267028809
1788678631873597000,37.46559692382812,-9.926000595092773,-43.90800094604492,-6.017000198364258
1788678631889747500,37.48174755859375,-7.158000469207764,-43.810001373291016,-6.325000286102295
1788678631905774000,37.497774169921875,-9.075000762939453,-43.15500259399414,-5.706000328063965
1788678631921915000,37.513914794921874,-8.456000328063965,-42.62900161743164,-6.313000202178955
1788678631938024200,37.53002416992187,-9.622000694274902,-42.51400375366211,-5.903000354766846
1788678631954238500,37.54623852539063,-10.791000366210938,-43.2650032043457,-6.112000465393066
1788678631970396700,37.56239672851562,-8.756999969482422,-41.86000061035156,-4.982000350952148
1788678631986436900,37.578436767578125,-8.373000144958496,-41.99500274658203,-7.021000385284424
1788678632002585300,37.59458544921875,-7.282000541687012,-41.7660026550293,-5.798000335693359
1788678632018696200,37.6106962890625,-7.091000556945801,-41.2400016784668,-6.506000518798828
1788678632034911200,37.6269111328125,-8.26200008392334,-42.96600341796875,-7.437000274658203
1788678632051031300,37.64303125,-7.498000144958496,-41.552001953125,-5.795000076293945
1788678632067076400,37.65907641601562,-6.021000385284424,-40.592002868652344,-5.993000507354736
1788678632083227100,37.67522705078125,-5.145000457763672,-41.66100311279297,-5.697000503540039
1788678632099339000,37.691339111328126,-5.547000408172607,-40.99700164794922,-4.163000106811523
1788678632115556000,37.70755615234375,-5.674000263214111,-40.25200271606445,-4.564000129699707
1788678632131674600,37.723674560546876,-6.630000114440918,-41.220001220703125,-4.979000091552734
1788678632147719400,37.739719482421876,-6.010000228881836,-40.58500289916992,-5.4830002784729
1788678632163821600,37.755821533203125,-8.342000007629395,-40.788002014160156,-4.871000289916992
1788678632179961300,37.77196142578125,-6.360000133514404,-39.09000015258789,-5.877000331878662
1788678632196178200,37.78817822265625,-6.374000072479248,-40.17900085449219,-7.211000442504883
1788678632212289500,37.80428955078125,-6.454000473022461,-40.163002014160156,-5.988000392913818
1788678632228384800,37.820384765625,-6.691000461578369,-40.285003662109375,-7.109000205993652
1788678632244509400,37.83650952148437,-8.271000862121582,-39.40400314331055,-5.572000026702881
1788678632260653000,37.852653076171876,-6.473000526428223,-39.41800308227539,-6.389000415802002
1788678632276868900,37.86886889648437,-5.709000110626221,-38.86800003051758,-5.265000343322754
1788678632292990000,37.884989990234374,-6.372000217437744,-37.90800094604492,-5.663000106811523
1788678632309060400,37.90106030273437,-8.897000312805176,-38.314002990722656,-4.236999988555908
1788678632325208600,37.91720849609375,-6.557000160217285,-38.43100357055664,-4.75
1788678632341309400,37.93330932617187,-9.010000228881836,-38.53300094604492,-4.646000385284424
1788678632357523700,37.94952368164063,-6.906000137329102,-38.0160026550293,-5.765000343322754
1788678632373675300,37.96567529296875,-4.752000331878662,-37.900001525878906,-4.850000381469727
1788678632389696300,37.9816962890625,-6.236000061035156,-38.86300277709961,-4.958000183105469
1788678632405845800,37.997845703125,-5.609000205993652,-36.711002349853516,-4.2270002365112305
1788678632421954300,38.01395434570313,-6.772000312805176,-37.67500305175781,-4.336000442504883
1788678632438175200,38.03017529296875,-6.813000202178955,-36.1870002746582,-5.240000247955322
1788678632454286800,38.04628686523437,-7.436000347137451,-36.82400131225586,-4.837000370025635
1788678632470329600,38.06232958984375,-6.4770002365112305,-36.50200271606445,-4.7330002784729
1788678632486472200,38.07847216796875,-5.070000171661377,-36.92500305175781,-4.128000259399414
1788678632502582500,38.09458251953125,-5.1710004806518555,-36.814002990722656,-3.821000099182129
1788678632518794800,38.110794677734376,-7.2260003089904785,-36.71800231933594,-4.938000202178955
1788678632534915800,38.12691577148438,-5.711000442504883,-36.060001373291016,-3.6100001335144043
1788678632550966000,38.14296606445313,-6.488000392913818,-36.07600021362305,-4.933000087738037
1788678632567110100,38.159110107421874,-5.935000419616699,-37.145999908447266,-4.740000247955322
1788678632583219000,38.17521899414062,-8.529000282287598,-35.32400131225586,-5.026000022888184
1788678632599434200,38.19143432617187,-6.607000350952148,-35.97600173950195,-5.442000389099121
1788678632615560000,38.20755981445313,-7.0370001792907715,-35.3280029296875,-5.130000114440918
1788678632631619800,38.22361987304687,-6.273000240325928,-36.50800323486328,-5.141000270843506
1788678632647749600,38.23974951171875,-8.646000862121582,-35.22200012207031,-5.432000160217285
1788678632663865000,38.25586499023437,-4.962000370025635,-36.16800308227539,-3.6120002269744873
1788678632680086000,38.2720859375,-6.304000377655029,-36.2030029296875,-6.3610005378723145
1788678632696148200,38.288148193359376,-6.642000198364258,-34.48400115966797,-6.0400004386901855
1788678632712149500,38.3041494140625,-6.095000267028809,-33.93600082397461,-5.119000434875488
1788678632728266000,38.32026586914063,-6.953000545501709,-35.12600326538086,-6.045000076293945
1788678632744366600,38.33636669921875,-5.892000198364258,-35.13199996948242,-6.3520002365112305
1788678632760586500,38.35258642578125,-4.617000102996826,-34.70500183105469,-6.350000381469727
1788678632776734000,38.36873388671875,-6.107000350952148,-36.2130012512207,-7.074000358581543
1788678632792811000,38.38481103515625,-5.866000175476074,-35.54800033569336,-5.439000129699707
1788678632808958500,38.40095849609375,-6.088000297546387,-35.553001403808594,-5.8460001945495605
1788678632825105200,38.41710522460937,-7.027000427246094,-33.22600173950195,-8.167000770568848
1788678632841325300,38.4333251953125,-5.729000091552734,-33.650001525878906,-7.663000583648682
1788678632857461800,38.449461669921874,-5.7220001220703125,-33.32100296020508,-7.151000499725342
1788678632873529900,38.46552978515625,-5.283000469207764,-34.17900085449219,-7.159000396728516
1788678632889661700,38.48166162109375,-5.093000411987305,-33.762001037597656,-7.9710001945495605
1788678632905763300,38.49776342773438,-4.485000133514404,-32.37800216674805,-8.570000648498535
1788678632921984300,38.513984375,-6.178000450134277,-32.04100036621094,-7.64900016784668
1788678632938113300,38.53011328125,-5.539000034332275,-33.23200225830078,-8.475000381469727
1788678632954151000,38.54615087890625,-5.5400004386901855,-32.69200134277344,-8.164000511169434
1788678632970303200,38.56230322265625,-5.105000019073486,-32.58000183105469,-7.75700044631958
1788678632986417000,38.5784169921875,-4.681000232696533,-32.367000579833984,-7.755000591278076
1788678633002638000,38.59463818359375,-4.252000331878662,-32.79899978637695,-7.963000297546387
1788678633018752800,38.61075268554688,-3.7290000915527344,-32.698001861572266,-8.371000289916992
1788678633034802200,38.62680224609375,-4.700000286102295,-31.62200164794922,-8.156000137329102
1788678633050956300,38.642956298828125,-5.00600004196167,-33.66600036621094,-8.785000801086426
1788678633067068700,38.65906860351563,-4.190999984741211,-31.96200180053711,-9.484000205993652
1788678633083287000,38.675287109375,-4.703000068664551,-32.055999755859375,-8.567000389099121
1788678633099412700,38.691412841796875,-5.570000171661377,-31.84600067138672,-8.972000122070312
1788678633115473700,38.7074736328125,-4.521000385284424,-30.994001388549805,-9.271000862121582
1788678633131626000,38.7236259765625,-4.897000312805176,-31.828001022338867,-7.5460004806518555
1788678633147738600,38.73973852539063,-4.926000118255615,-32.38500213623047,-9.181000709533691
1788678633163959600,38.75595947265625,-4.091000080108643,-31.31800079345703,-9.37700080871582
1788678633180101600,38.7721015625,-4.296000003814697,-31.312002182006836,-8.969000816345215
1788678633196171300,38.78817114257812,-4.37000036239624,-32.04800033569336,-7.957000255584717
1788678633212323000,38.80432299804688,-4.918000221252441,-30.976001739501953,-7.946000576019287
1788678633228433700,38.82043359375,-5.678000450134277,-31.090002059936523,-8.558000564575195
1788678633244653600,38.83665356445312,-3.9610002040863037,-30.547000885009766,-7.842000484466553
1788678633260799200,38.85279931640625,-2.248000144958496,-30.871002197265625,-7.847000598907471
1788678633276908300,38.868908203125,-3.31000018119812,-31.947002410888672,-8.26300048828125
1788678633293039900,38.88503979492187,-4.176000118255615,-31.41200065612793,-8.460000038146973
1788678633309186600,38.9011865234375,-2.93500018119812,-29.16900062561035,-8.850000381469727
1788678633325405400,38.917405517578125,-3.759000062942505,-30.23000144958496,-8.145000457763672
1788678633341559000,38.93355908203125,-2.9000000953674316,-30.87700080871582,-8.355999946594238
1788678633357582300,38.949582275390625,-3.1120002269744873,-29.363000869750977,-7.323000431060791
1788678633373743400,38.965743408203124,-3.0280001163482666,-29.70100212097168,-8.54900074005127
1788678633389855200,38.981855224609376,-5.125000476837158,-31.296001434326172,-7.847000598907471
1788678633406070800,38.99807080078125,-3.0370001792907715,-28.84200096130371,-8.439000129699707
1788678633422226000,39.014225830078125,-4.305000305175781,-30.12900161743164,-8.653000831604004
1788678633438274800,39.03027490234375,-2.062000036239624,-30.240001678466797,-8.657000541687012
1788678633454421800,39.046421875,-3.7380001544952393,-30.218002319335938,-7.228000164031982
1788678633470535700,39.06253564453125,-4.374000072479248,-30.430002212524414,-7.127000331878662
1788678633486754800,39.0787548828125,-3.9680001735687256,-30.227001190185547,-7.941000461578369
1788678633502887000,39.09488696289063,-3.448000192642212,-30.020002365112305,-8.449000358581543
1788678633518934300,39.11093432617187,-4.298000335693359,-30.016000747680664,-8.244000434875488
1788678633535087000,39.127087158203125,-4.945000171661377,-29.047000885009766,-7.929000377655029
1788678633551201000,39.14320092773438,-4.714000225067139,-30.117000579833984,-7.837000370025635
1788678633567393000,39.15939306640625,-5.9160003662109375,-29.15900230407715,-8.438000679016113
1788678633583523300,39.1755234375,-6.365000247955322,-27.875001907348633,-8.630000114440918
1788678633599613000,39.19161303710938,-5.600000381469727,-28.838001251220703,-8.43600082397461
1788678633615758600,39.20775854492187,-3.3630001544952393,-27.332000732421875,-7.712000370025635
1788678633631902000,39.22390185546875,-5.890000343322754,-29.575000762939453,-7.52500057220459
1788678633648118800,39.240118896484375,-4.706000328063965,-28.923002243041992,-6.706000328063965
1788678633664258600,39.25625854492188,-6.527000427246094,-29.78900146484375,-7.526000499725342
1788678633680328200,39.272328125,-4.5980000495910645,-29.35500144958496,-6.914000511169434
1788678633696478500,39.288478515625,-6.438000202178955,-28.71900177001953,-7.619000434875488
1788678633712587800,39.304587890625,-5.055000305175781,-29.156002044677734,-8.134000778198242
1788678633728803600,39.320803466796875,-5.683000087738037,-29.904001235961914,-8.038000106811523
1788678633744953300,39.33695336914062,-6.859000205993652,-29.147001266479492,-7.622000217437744
1788678633760996400,39.35299633789062,-6.850000381469727,-28.817001342773438,-7.008000373840332
1788678633777115000,39.36911499023437,-6.6670002937316895,-29.052001953125,-8.538000106811523
1788678633793223200,39.38522314453125,-6.237000465393066,-28.29400062561035,-7.9210004806518555
1788678633809439700,39.40143969726562,-8.315999984741211,-31.067001342773438,-7.128000259399414
1788678633825605600,39.41760571289063,-6.003000259399414,-29.255001068115234,-7.624000549316406
1788678633841640200,39.43364013671875,-5.7960004806518555,-29.80000114440918,-8.24000072479248
1788678633857792300,39.44979223632812,-5.600000381469727,-29.16200065612793,-8.643000602722168
1788678633873904400,39.465904296875,-5.465000152587891,-29.577001571655273,-7.628000259399414
1788678633890119400,39.482119384765625,-4.50700044631958,-28.825000762939453,-7.317000389099121
1788678633906240300,39.498240234375,-5.891000270843506,-28.4950008392334,-6.90500020980835
1788678633922291200,39.51429125976563,-5.389000415802002,-28.840002059936523,-8.538000106811523
1788678633938445000,39.53044506835938,-6.328000068664551,-29.582000732421875,-8.034000396728516
1788678633954591500,39.54659155273438,-5.426000118255615,-28.106000900268555,-9.754000663757324
1788678633970813200,39.562813232421874,-6.043000221252441,-28.198001861572266,-8.735000610351562
1788678633986972400,39.57897241210937,-6.373000144958496,-27.663002014160156,-8.832000732421875
1788678634003055000,39.59505517578125,-6.895000457763672,-28.196001052856445,-8.631999969482422
1788678634019211300,39.61121118164063,-7.314000129699707,-29.595001220703125,-9.154000282287598
1788678634035314000,39.62731396484375,-5.9160003662109375,-29.15900230407715,-8.438000679016113
1788678634051530200,39.6435302734375,-6.7900004386901855,-28.5210018157959,-8.940999984741211
1788678634067658800,39.65965869140625,-6.78000020980835,-28.73200225830078,-8.63700008392334
1788678634083715800,39.6757158203125,-8.392000198364258,-29.167001724243164,-9.35200023651123
1788678634099865300,39.691865234375,-7.502000331878662,-29.580001831054688,-8.032999992370605
1788678634115974700,39.707974609375,-7.859000205993652,-28.953001022338867,-9.249000549316406
1788678634132193800,39.72419384765625,-7.329000473022461,-29.496002197265625,-9.76400089263916
1788678634148328400,39.74032836914063,-8.069000244140625,-29.382001876831055,-9.354000091552734
1788678634164394200,39.75639428710937,-6.243000507354736,-31.000001907348633,-9.880000114440918
1788678634180544500,39.77254443359375,-7.331000328063965,-28.525001525878906,-9.246000289916992
1788678634196657400,39.78865747070312,-6.682000160217285,-28.62900161743164,-8.942000389099121
1788678634212876300,39.80487622070312,-7.311000347137451,-29.270000457763672,-8.845000267028809
1788678634229029600,39.821029541015626,-5.212000370025635,-29.295001983642578,-10.47800064086914
1788678634245057300,39.837057373046875,-5.080000400543213,-29.280000686645508,-9.357000350952148
1788678634261207300,39.85320727539062,-4.875,-30.798002243041992,-10.695000648498535
1788678634277317400,39.8693173828125,-4.254000186920166,-29.406002044677734,-10.684000968933105
1788678634293533200,39.885533203125,-5.710000038146973,-31.218002319335938,-10.087000846862793
1788678634309680600,39.9016806640625,-4.87000036239624,-31.227001190185547,-10.699000358581543
1788678634325703400,39.917703369140625,-4.742000102996826,-31.431001663208008,-9.886000633239746
1788678634341851100,39.93385107421875,-7.315000534057617,-30.676000595092773,-9.87600040435791
1788678634357961200,39.949961181640624,-4.624000072479248,-31.533000946044922,-9.480000495910645
1788678634374179000,39.96617895507813,-7.304000377655029,-30.454002380371094,-9.26300048828125
1788678634390296600,39.98229663085937,-6.65500020980835,-31.207000732421875,-9.372000694274902
1788678634406366700,39.99836669921875,-4.712000370025635,-31.413002014160156,-8.562000274658203
1788678634422511900,40.01451196289062,-5.366000175476074,-31.96000099182129,-9.482000350952148
1788678634438621400,40.03062133789062,-5.39900016784668,-31.224000930786133,-10.495000839233398
1788678634454836500,40.04683642578125,-6.758000373840332,-31.312002182006836,-9.271000862121582
1788678634470958800,40.06295874023437,-5.377000331878662,-32.50699996948242,-10.302000045776367
1788678634487008000,40.079008056640625,-7.826000213623047,-31.63500213623047,-9.476000785827637
1788678634503157500,40.09515747070313,-8.586000442504883,-31.209001541137695,-9.777000427246094
1788678634519300400,40.11130029296875,-6.622000217437744,-32.483001708984375,-8.671000480651855
1788678634535519000,40.12751904296875,-7.492000579833984,-31.194002151489258,-8.556000709533691
1788678634551635000,40.143635009765624,-6.988000392913818,-30.457000732421875,-9.467000007629395
1788678634567698700,40.15969873046875,-8.226000785827637,-32.15800094604492,-8.564000129699707
1788678634583855000,40.17585522460938,-6.815000534057617,-33.11900329589844,-8.167000770568848
1788678634599967200,40.19196728515625,-6.159000396728516,-33.11000061035156,-7.454000473022461
1788678634616182800,40.208182861328126,-7.478000164031982,-31.83500099182129,-8.358000755310059
1788678634632327400,40.224327392578125,-7.344000339508057,-32.358001708984375,-7.446000576019287
1788678634648401200,40.24040112304687,-8.419000625610352,-34.63100051879883,-9.197000503540039
1788678634664555300,40.25655517578125,-8.506999969482422,-33.32200241088867,-7.555000305175781
1788678634680667000,40.2726669921875,-7.209000110626221,-33.855003356933594,-7.154000282287598
1788678634696884000,40.288884033203125,-8.734000205993652,-33.33000183105469,-8.166000366210938
1788678634713014300,40.30501416015625,-8.70300006866455,-34.06800079345703,-7.256000518798828
1788678634729124600,40.32112451171875,-8.483000755310059,-35.361000061035156,-7.777000427246094
1788678634745275100,40.33727514648437,-7.943000316619873,-34.71000289916992,-7.059000492095947
1788678634761423400,40.35342333984375,-7.956000328063965,-33.74500274658203,-7.050000190734863
1788678634777717500,40.36971752929688,-8.279000282287598,-34.39400100708008,-7.565000534057617
1788678634793872600,40.38587255859375,-7.391000270843506,-35.02400207519531,-6.451000213623047
1788678634809905700,40.40190576171875,-8.982000350952148,-35.770999908447266,-6.456000328063965
1788678634826056400,40.418056396484374,-8.934000015258789,-34.18600082397461,-8.071000099182129
1788678634842166000,40.434166015625,-9.295000076293945,-36.307003021240234,-6.460000514984131
1788678634858380800,40.450380859375,-8.189000129699707,-34.297000885009766,-8.277000427246094
1788678634874499600,40.46649951171875,-10.493000030517578,-35.77900314331055,-7.1670002937316895
1788678634890539300,40.482539306640625,-8.725000381469727,-34.189002990722656,-8.27500057220459
1788678634906669000,40.4986689453125,-11.072000503540039,-35.2650032043457,-8.893000602722168
1788678634922801000,40.51480078125,-11.167000770568848,-34.50100326538086,-7.868000507354736
1788678634939021600,40.531021484375,-9.780000686645508,-35.04500198364258,-8.282000541687012
1788678634955146000,40.54714599609375,-9.665000915527344,-35.14800262451172,-7.9770002365112305
1788678634971203600,40.56320361328125,-6.6620001792907715,-35.79300308227539,-7.783000469207764
1788678634987354000,40.57935400390625,-7.866000175476074,-35.48500061035156,-8.89900016784668
1788678635003466800,40.595466796875,-9.345000267028809,-35.47300338745117,-8.184000015258789
1788678635019687700,40.611687744140625,-10.745000839233398,-35.802001953125,-8.898000717163086
1788678635035821800,40.62782177734375,-10.393000602722168,-36.10700225830078,-7.679000377655029
1788678635051884500,40.643884521484374,-8.38800048828125,-36.665000915527344,-9.113000869750977
1788678635068037000,40.660037109375,-8.487000465393066,-36.553001403808594,-8.704000473022461
1788678635084182000,40.67618212890625,-10.646000862121582,-37.320003509521484,-10.236000061035156
1788678635100401400,40.6924013671875,-10.855000495910645,-36.34400177001953,-9.41200065612793
1788678635116538000,40.7085380859375,-11.570000648498535,-36.10700225830078,-7.779000282287598
1788678635132640500,40.724640625,-11.143000602722168,-36.540000915527344,-8.089000701904297
1788678635148788500,40.74078857421875,-9.562000274658203,-36.23100280761719,-8.802000045776367
1788678635164902700,40.75690258789062,-9.785000801086426,-36.34400177001953,-9.312000274658203
1788678635181122300,40.773122314453126,-10.622000694274902,-36.11600112915039,-8.392000198364258
1788678635197276200,40.789276123046875,-12.446001052856445,-35.79500198364258,-8.5910005569458
1788678635213300700,40.80530078125,-11.878000259399414,-36.31500244140625,-7.373000144958496
1788678635229452300,40.821452392578124,-11.035000801086426,-36.64800262451172,-8.0910005569458
1788678635245564400,40.837564453125,-11.245000839233398,-36.75300216674805,-7.98900032043457
1788678635261784600,40.85378466796875,-11.817000389099121,-35.803001403808594,-9.101000785827637
1788678635277947000,40.86994677734375,-10.62700080871582,-36.768001556396484,-9.009000778198242
1788678635293969200,40.88596923828125,-9.248000144958496,-36.23500061035156,-9.108000755310059
1788678635310116900,40.902116943359374,-10.416000366210938,-37.41800308227539,-9.52400016784668
1788678635326227000,40.91822705078125,-9.961000442504883,-37.402000427246094,-8.302000045776367
1788678635342444000,40.93444409179688,-10.088000297546387,-37.954002380371094,-9.529000282287598
1788678635358563800,40.95056372070312,-10.098000526428223,-38.393001556396484,-10.246000289916992
1788678635374606600,40.96660668945312,-8.044000625610352,-38.38100051879883,-9.128000259399414
1788678635390751500,40.98275146484375,-12.168000221252441,-38.99800109863281,-7.702000141143799
1788678635406861600,40.998861572265625,-9.65000057220459,-39.03000259399414,-9.743000030517578
1788678635423080000,41.01507983398437,-11.23900032043457,-39.34300231933594,-9.336000442504883
1788678635439204600,41.03120458984375,-12.725000381469727,-38.47100067138672,-8.410000801086426
1788678635455258000,41.04725805664062,-10.893000602722168,-39.220001220703125,-8.11299991607666
1788678635471408000,41.063408203125,-11.753000259399414,-38.25,-7.798000335693359
1788678635487516700,41.0795166015625,-9.729000091552734,-38.58000183105469,-8.211000442504883
1788678635503732500,41.095732421875,-13.046000480651855,-38.255001068115234,-8.306000709533691
1788678635519867100,41.1118671875,-13.076000213623047,-40.694000244140625,-6.392000198364258
1788678635535930000,41.12793017578125,-13.347001075744629,-38.67500305175781,-7.698000431060791
1788678635552057300,41.14405737304688,-13.32300090789795,-39.092002868652344,-6.887000560760498
1788678635568202800,41.16020263671875,-13.556000709533691,-38.672000885009766,-7.494000434875488
1788678635584423700,41.17642358398437,-12.349000930786133,-39.73400115966797,-6.690000534057617
1788678635600562200,41.19256225585937,-13.946001052856445,-39.189002990722656,-6.174000263214111
1788678635616631000,41.20863110351563,-12.891000747680664,-39.630001068115234,-6.994000434875488
1788678635632781300,41.22478125,-11.821000099182129,-38.7660026550293,-6.37600040435791
1788678635648925700,41.24092578125,-12.850000381469727,-39.28200149536133,-4.954000473022461
1788678635665144000,41.25714404296875,-13.069000244140625,-39.177001953125,-5.156000137329102
1788678635681281500,41.273281494140626,-13.272000312805176,-38.954002380371094,-4.543000221252441
1788678635697349600,41.289349609375,-15.524001121520996,-37.983001708984375,-4.328000068664551
1788678635713505500,41.305505615234374,-15.16300106048584,-39.58000183105469,-3.5270001888275146
1788678635729610500,41.32161059570313,-12.826000213623047,-39.375,-3.936000108718872
1788678635745830700,41.33783056640625,-13.37700080871582,-39.277000427246094,-4.647000312805176
1788678635761993000,41.35399291992187,-13.063000679016113,-39.49700164794922,-5.057000160217285
1788678635778039000,41.3700390625,-14.11600112915039,-40.24300003051758,-4.859000205993652
1788678635794192000,41.38619189453125,-14.358000755310059,-38.638999938964844,-5.150000095367432
1788678635810305000,41.40230493164062,-14.67400074005127,-39.284000396728516,-5.359000205993652
1788678635826524000,41.41852392578125,-15.612000465393066,-39.80900192260742,-4.64900016784668
1788678635842642400,41.43464233398438,-16.269001007080078,-38.30500030517578,-4.431000232696533
1788678635858693600,41.450693603515624,-15.18600082397461,-40.242000579833984,-4.959000110626221
1788678635874843000,41.4668427734375,-14.551000595092773,-38.518001556396484,-4.130000114440918
1788678635890952700,41.48295263671875,-14.339000701904297,-38.51900100708008,-4.232000350952148
1788678635907173000,41.49917309570313,-16.67300033569336,-39.803001403808594,-4.3420000076293945
1788678635923299000,41.51529907226563,-15.597001075744629,-39.90800094604492,-4.039000034332275
1788678635939357700,41.53135766601562,-14.760000228881836,-38.29900360107422,-3.82200026512146
1788678635955508500,41.547508544921875,-15.358000755310059,-39.893001556396484,-2.9180002212524414
1788678635971620000,41.5636201171875,-13.886000633239746,-40.233001708984375,-4.146000385284424
1788678635987838700,41.579838623046875,-15.727001190185547,-39.38100051879883,-4.747000217437744
1788678636003976200,41.59597607421875,-14.317000389099121,-39.47800064086914,-3.8330001831054688
1788678636020041200,41.612041259765626,-15.72800064086914,-39.27400207519531,-4.746000289916992
1788678636036192800,41.62819287109375,-13.99100112915039,-39.36800003051758,-3.5270001888275146
1788678636052305400,41.64430541992188,-13.909000396728516,-39.38300323486328,-4.648000240325928
1788678636068527000,41.660527099609375,-15.528000831604004,-39.17400360107422,-5.255000114440918
1788678636084678100,41.67667822265625,-14.318000793457031,-39.58700180053711,-3.936000108718872
1788678636100736800,41.69273681640625,-14.207000732421875,-40.01700210571289,-4.0420002937316895
1788678636116886300,41.70888623046875,-12.385000228881836,-39.69200134277344,-3.5320000648498535
1788678636132995000,41.7249951171875,-13.234000205993652,-40.44300079345703,-3.741000175476074
1788678636149208600,41.74120849609375,-13.375000953674316,-39.275001525878906,-4.545000076293945
1788678636165360000,41.757360107421874,-12.617000579833984,-40.027000427246094,-4.553000450134277
1788678636181383700,41.7733837890625,-14.937000274658203,-39.68100357055664,-3.0190000534057617
1788678636197531100,41.78953125,-14.195000648498535,-40.11800003051758,-3.5330002307891846
1788678636213677600,41.80567749023437,-14.969000816345215,-38.29600143432617,-3.6180002689361572
1788678636229904100,41.821904052734375,-13.88900089263916,-40.01900100708008,-4.144000053405762
1788678636246015200,41.83801513671875,-15.520000457763672,-38.737003326416016,-4.640000343322754
1788678636262091300,41.85409130859375,-14.414000511169434,-39.689002990722656,-3.5290002822875977
1788678636278215400,41.87021533203125,-13.555000305175781,-39.579002380371094,-3.2240002155303955
1788678636294318000,41.886318115234374,-16.983001708984375,-38.71600341796875,-3.2120001316070557
1788678636310534700,41.90253466796875,-16.904001235961914,-38.19200134277344,-4.124000072479248
1788678636326657800,41.91865771484375,-14.630001068115234,-39.3650016784668,-3.4240002632141113
1788678636342707000,41.93470703125,-15.00200080871582,-37.23500061035156,-4.423000335693359
1788678636358853400,41.95085327148438,-17.306001663208008,-38.177001953125,-3.003000259399414
1788678636374965500,41.96696557617187,-16.155000686645508,-38.301002502441406,-4.12600040435791
1788678636391180800,41.983180908203124,-14.85300064086914,-38.50600051879883,-3.314000129699707
1788678636407311000,41.99931103515625,-14.331000328063965,-36.461002349853516,-2.5840001106262207
1788678636423372000,42.0153720703125,-15.511000633239746,-38.73200225830078,-4.232000350952148
1788678636439522800,42.031522705078125,-14.758000373840332,-38.62200164794922,-3.9270002841949463
1788678636455634000,42.047634033203124,-13.348000526428223,-39.04300308227539,-3.2190001010894775
1788678636471851500,42.0638515625,-13.684000968933105,-38.29500198364258,-3.4160001277923584
1788678636487992800,42.07999291992188,-14.954000473022461,-39.58300018310547,-3.7310001850128174
1788678636504065300,42.09606518554688,-13.504000663757324,-37.12700271606445,-4.2210001945495605
1788678636520213000,42.112212890625,-13.885000228881836,-38.17900085449219,-2.8030002117156982
1788678636536321800,42.12832177734375,-13.233000755310059,-38.17400360107422,-2.2950000762939453
1788678636552536000,42.1445361328125,-12.307000160217285,-38.30400085449219,-3.9270002841949463
1788678636568680000,42.16067993164062,-13.456000328063965,-38.17900085449219,-2.702000141143799
1788678636584751000,42.176751220703125,-13.37600040435791,-37.547000885009766,-3.511000156402588
1788678636600900400,42.192900390625,-13.254000663757324,-38.83400344848633,-3.625000238418579
1788678636617009700,42.209009765625,-13.009000778198242,-40.22100067138672,-3.128000259399414
1788678636633226500,42.2252265625,-11.441000938415527,-37.974002838134766,-3.2120001316070557
1788678636649381000,42.24138110351562,-11.97700023651123,-37.86600112915039,-3.2100000381469727
1788678636665451500,42.25745141601563,-11.827000617980957,-38.4890022277832,-1.6880000829696655
1788678636681597000,42.27359692382812,-14.087000846862793,-37.52400207519531,-1.880000114440918
1788678636697705000,42.289705078125,-13.00200080871582,-38.92000198364258,-1.996000051498413
1788678636713918200,42.305918212890624,-13.434000968933105,-38.922000885009766,-2.199000120162964
1788678636730029000,42.32202905273437,-14.943000793457031,-37.7390022277832,-2.0850000381469727
1788678636746065700,42.338065673828126,-15.250000953674316,-37.73100280761719,-1.4730000495910645
1788678636762211800,42.3542119140625,-15.192000389099121,-37.00400161743164,-3.199000120162964
1788678636778352600,42.3703525390625,-14.3100004196167,-38.177001953125,-2.701000213623047
1788678636794565000,42.38656518554688,-14.317000389099121,-37.96600341796875,-2.9030001163482666
1788678636810716000,42.4027158203125,-11.94800090789795,-38.281002044677734,-2.196000099182129
1788678636826807000,42.41880712890625,-14.088000297546387,-37.63199996948242,-1.9830000400543213
1788678636842963000,42.434962890625,-12.991000175476074,-38.913002014160156,-1.4870001077651978
1788678636859033300,42.45103344726562,-11.93600082397461,-39.78700256347656,-2.616000175476074
1788678636875252200,42.46725219726562,-12.769001007080078,-39.665000915527344,-1.5950000286102295
1788678636891377400,42.48337744140625,-12.600000381469727,-37.9630012512207,-2.497000217437744
1788678636907434200,42.49943432617187,-13.119000434875488,-36.87300109863281,-1.1630001068115234
1788678636923592000,42.51559204101562,-11.725000381469727,-38.816001892089844,-2.0990002155303955
1788678636939705600,42.53170556640625,-13.194000244140625,-38.69000244140625,-0.8730000257492065
1788678636955921700,42.54792163085938,-13.022000312805176,-37.527000427246094,-1.9840000867843628
1788678636972060000,42.564059814453124,-13.406001091003418,-37.82400131225586,-0.2540000081062317
1788678636988155600,42.58015576171875,-13.66300106048584,-38.28300094604492,-2.499000072479248
1788678637004303600,42.5963037109375,-12.570000648498535,-38.48500061035156,-1.4830000400543213
1788678637020448800,42.61244873046875,-12.06100082397461,-36.98800277709961,-1.6750000715255737
1788678637036668000,42.62866796875,-11.714000701904297,-39.242000579833984,-1.8990000486373901
1788678637052817200,42.644817138671876,-14.943000793457031,-38.38800048828125,-2.498000144958496
1788678637068842500,42.66084252929687,-12.348000526428223,-39.4530029296875,-1.696000099182129
1788678637084994000,42.676994140625,-13.344000816345215,-38.06800079345703,-2.3960001468658447
1788678637101104000,42.69310424804687,-11.729000091552734,-39.035003662109375,-2.4060001373291016
1788678637117319700,42.70931958007812,-13.565000534057617,-37.316001892089844,-2.2870001792907715
1788678637133473000,42.72547314453125,-10.054000854492188,-36.57200241088867,-2.38700008392334
1788678637149500700,42.741500732421876,-11.17400074005127,-38.59000015258789,-1.1810001134872437
1788678637165633000,42.75763305664063,-12.356000900268555,-38.48500061035156,-1.4840000867843628
1788678637181749000,42.7737490234375,-12.255000114440918,-38.27300262451172,-1.5840001106262207
1788678637197972500,42.78997241210938,-13.219000816345215,-37.51700210571289,-1.2700001001358032
1788678637214067500,42.8060673828125,-11.084000587463379,-38.169002532958984,-1.686000108718872
1788678637230090000,42.82209008789062,-12.045001029968262,-39.35600280761719,-2.4090001583099365
1788678637246247000,42.838246826171876,-11.0910005569458,-38.82100296020508,-2.4050002098083496
1788678637262360800,42.85436083984375,-10.250000953674316,-39.371002197265625,-3.328000068664551
1788678637278580700,42.870580810546876,-11.505000114440918,-39.785003662109375,-2.4130001068115234
1788678637294700500,42.88670043945312,-12.984000205993652,-39.55800247192383,-1.5940001010894775
1788678637310790700,42.902790771484376,-10.86400032043457,-38.27300262451172,-1.4840000867843628
1788678637326935600,42.918935546875,-12.124000549316406,-39.3390007019043,-1.186000108718872
1788678637343079700,42.93507958984375,-12.98900032043457,-38.5880012512207,-1.1780000925064087
1788678637359298600,42.951298583984375,-11.623000144958496,-38.27900314331055,-1.9920001029968262
1788678637375431200,42.96743115234375,-12.351000785827637,-39.23800277709961,-1.6940001249313354
1788678637391500300,42.98350024414062,-12.387001037597656,-38.39600372314453,-2.807000160217285
1788678637407652000,42.99965209960938,-12.140000343322754,-38.37600326538086,-1.2790000438690186
1788678637423764000,43.01576391601562,-12.984000205993652,-38.26100158691406,-0.7680000066757202
1788678637439980000,43.03197998046875,-12.613000869750977,-36.67400360107422,-2.2820000648498535
1788678637456120000,43.0481201171875,-14.108000755310059,-37.320003509521484,-2.694000244140625
1788678637472185600,43.064185546875,-13.878000259399414,-37.85100173950195,-2.2910001277923584
1788678637488336000,43.0803359375,-13.439001083374023,-38.70900344848633,-2.2990000247955322
1788678637504447500,43.096447509765625,-12.601000785827637,-38.18000030517578,-2.703000068664551
1788678637520661200,43.1126611328125,-12.271000862121582,-38.60600280761719,-2.504000186920166
1788678637536811300,43.128811279296876,-13.446001052856445,-39.902000427246094,-3.328000068664551
1788678637552874200,43.144874267578125,-10.432000160217285,-39.027000427246094,-1.6950000524520874
1788678637569020200,43.16102026367187,-11.00200080871582,-38.832000732421875,-3.2200002670288086
1788678637585129200,43.17712915039063,-11.223000526428223,-38.836002349853516,-3.5260002613067627
1788678637601347300,43.193347412109375,-11.644001007080078,-38.07600021362305,-2.805000066757202
1788678637617508000,43.20950805664062,-12.357000350952148,-39.24300003051758,-2
1788678637633552100,43.22555224609375,-12.791000366210938,-39.246002197265625,-2.305000066757202
1788678637649706000,43.2417060546875,-10.699000358581543,-39.275001525878906,-4.243000030517578
1788678637665821000,43.257821044921876,-12.17400074005127,-38.505001068115234,-2.9100000858306885
1788678637682018000,43.27401806640625,-12.584000587463379,-39.46600341796875,-2.7140002250671387
1788678637698140200,43.29014013671875,-12.784000396728516,-39.13300323486328,-1.8960001468658447
1788678637714215700,43.30621557617187,-10.871000289916992,-39.25,-2.4090001583099365
1788678637730367000,43.32236694335938,-10.660000801086426,-39.9010009765625,-2.9250001907348633
1788678637746475500,43.3384755859375,-12.46500015258789,-39.35100173950195,-2.1019999980926514
1788678637762690800,43.35469091796875,-10.207000732421875,-40.31800079345703,-2.01200008392334
1788678637778814200,43.37081420898438,-12.905000686645508,-39.034000396728516,-2.507000207901001
1788678637794879500,43.38687939453125,-11.088000297546387,-38.711002349853516,-2.200000047683716
1788678637811025700,43.403025634765626,-12.750000953674316,-40.086002349853516,-0.9880000352859497
1788678637827137800,43.4191376953125,-11.075000762939453,-40,-2.4160001277923584
1788678637843353000,43.43535302734375,-10.105000495910645,-39.672000885009766,-1.8030000925064087
1788678637859485700,43.451485595703126,-11.0600004196167,-40.42300033569336,-2.01200008392334
1788678637875571700,43.46757177734375,-10.22700023651123,-40.00600051879883,-2.7220001220703125
1788678637891717400,43.48371728515625,-11.080000877380371,-39.13900375366211,-2.1019999980926514
1788678637907857200,43.49985717773438,-11.043000221252441,-39.33300018310547,-0.5760000348091125
1788678637924071700,43.51607177734375,-11.893000602722168,-39.97700119018555,-0.784000039100647
1788678637940198000,43.532197998046875,-10.962000846862793,-39.45600128173828,-1.8000000715255737
1788678637956302800,43.548302734375,-11.470000267028809,-39.980003356933594,-0.9890000224113464
1788678637972457700,43.564457763671875,-8.88800048828125,-40.08100128173828,-0.17800000309944153
1788678637988560600,43.580560546875,-12.132000923156738,-40.42500305175781,-2.2139999866485596
1788678638004777200,43.596777099609376,-10.206000328063965,-39.88500213623047,-1.7030000686645508
1788678638020921300,43.61292138671875,-11.46500015258789,-41.4900016784668,-1.715000033378601
1788678638036993000,43.62899291992188,-11.290000915527344,-39.677001953125,-2.311000108718872
1788678638053144600,43.64514453125,-12.97700023651123,-39.121002197265625,-0.9790000319480896
1788678638069256700,43.66125659179688,-9.526000022888184,-40.61800003051758,-0.38600000739097595
1788678638085474300,43.677474365234374,-10.845000267028809,-39.88200378417969,-1.600000023841858
1788678638101630000,43.6936298828125,-9.562000274658203,-39.452003479003906,-1.2920000553131104
1788678638117684500,43.7096845703125,-11.07800006866455,-39.570003509521484,-2.31000018119812
1788678638133838000,43.725838134765624,-11.080000877380371,-40.76000213623047,-3.135000228881836
1788678638149950500,43.74195043945313,-10.94800090789795,-39.98800277709961,-1.499000072479248
1788678638166168800,43.7581689453125,-10.628000259399414,-40.09700012207031,-1.602000117301941
1788678638182282500,43.77428247070313,-11.902000427246094,-39.33400344848633,-0.7790000438690186
1788678638198327000,43.7903271484375,-11.29800033569336,-39.46500015258789,-2.51200008392334
1788678638214475500,43.8064755859375,-10.205000877380371,-39.992000579833984,-1.7030000686645508
1788678638230589400,43.82258935546875,-9.885000228881836,-39.777000427246094,-1.600000023841858
1788678638246808000,43.83880810546875,-11.267000198364258,-40.52800369262695,-1.8090001344680786
1788678638262928600,43.8549287109375,-12.059000968933105,-38.82400131225586,-2.7090001106262207
1788678638278988300,43.87098828125,-9.881000518798828,-39.88300323486328,-1.499000072479248
1788678638295113700,43.88711376953125,-10.00200080871582,-39.8910026550293,-2.1100001335144043
1788678638311225000,43.90322509765625,-11.485000610351562,-40.20600128173828,-1.8060001134872437
1788678638327440600,43.91944067382813,-9.545000076293945,-40.73800277709961,-1.3030000925064087
1788678638343554800,43.935554931640624,-11.529000282287598,-39.152000427246094,-3.121000051498413
1788678638359619800,43.95161987304687,-10.691000938415527,-39.163002014160156,-3.8350002765655518
1788678638375769600,43.96776953125,-9.930000305175781,-37.85900115966797,-2.3980000019073486
1788678638391878000,43.9838779296875,-7.656000137329102,-40.76100158691406,-2.8340001106262207
1788678638408096500,44.00009643554687,-8.654000282287598,-39.26900100708008,-3.5330002307891846
1788678638424223700,44.0162236328125,-11.300000190734863,-39.79100036621094,-2.821000099182129
1788678638440328700,44.03232861328125,-10.679000854492188,-39.69600296020508,-3.636000156402588
1788678638456478500,44.048478515625,-10.041000366210938,-39.698001861572266,-3.7380001544952393
1788678638472624600,44.06462475585938,-10.70300006866455,-38.954002380371094,-4.240000247955322
1788678638488830000,44.080829833984374,-8.771000862121582,-38.84300231933594,-3.7330002784729004
1788678638504977000,44.096976806640626,-9.378000259399414,-40.44300079345703,-3.2370002269744873
1788678638521003800,44.11300366210938,-10.041000366210938,-39.807003021240234,-3.8410000801086426
1788678638537112800,44.12911279296875,-12.60400104522705,-37.96600341796875,-2.701000213623047
1788678638553221600,44.1452216796875,-10.503000259399414,-37.9900016784668,-4.232000350952148
1788678638569441800,44.16144189453125,-8.123000144958496,-38.73100280761719,-3.325000047683716
1788678638585599000,44.17759887695313,-11.4350004196167,-38.61900329589844,-3.320000171661377
1788678638601641500,44.193641357421875,-11.011000633239746,-39.16200256347656,-3.8340001106262207
1788678638617791200,44.20979125976562,-11.241000175476074,-39.28000259399414,-4.650000095367432
1788678638633904000,44.22590405273438,-11.744000434875488,-38.28700256347656,-2.6030001640319824
1788678638650097000,44.24209692382812,-11.6510009765625,-39.37700271606445,-3.937000274658203
1788678638666223900,44.258223876953124,-8.574000358581543,-39.177001953125,-4.653000354766846
1788678638682224400,44.274224365234375,-11.128000259399414,-38.952003479003906,-4.138000011444092
1788678638698380500,44.290380615234376,-9.826000213623047,-39.80600357055664,-3.7400002479553223
1788678638714495000,44.30649487304687,-8.568000793457031,-38.4170036315918,-3.933000087738037
1788678638730719000,44.32271899414062,-8.67300033569336,-37.76700210571289,-3.4180002212524414
1788678638746849300,44.338849365234374,-11.995000839233398,-38.5260009765625,-4.439000129699707
1788678638762912500,44.35491259765625,-7.289000511169434,-39.93300247192383,-4.966000080108643
1788678638779063300,44.371063232421875,-10.475000381469727,-40.35000228881836,-4.457000255584717
1788678638795176000,44.38717602539062,-10.283000946044922,-38.634002685546875,-4.340000152587891
1788678638811391500,44.4033916015625,-8.105000495910645,-40.342002868652344,-3.5430002212524414
1788678638827525400,44.419525390625,-9.530000686645508,-37.87600326538086,-3.621000289916992
1788678638843591400,44.43559130859375,-9.155000686645508,-40.005001068115234,-2.5200002193450928
1788678638859741700,44.45174169921875,-9.324000358581543,-38.31300354003906,-4.236000061035156
1788678638875856400,44.4678564453125,-9.416000366210938,-41.00600051879883,-5.279000282287598
1788678638892079400,44.48407934570312,-9.746000289916992,-38.85000228881836,-4.343000411987305
1788678638908222000,44.50022192382813,-8.594000816345215,-39.51400375366211,-5.776000499725342
1788678638924294400,44.51629443359375,-8.337000846862793,-40.02800369262695,-4.151000022888184
1788678638940449000,44.53244897460937,-10.498000144958496,-38.85100173950195,-4.545000076293945
1788678638956583700,44.54858374023438,-9.54900074005127,-38.428001403808594,-4.8480000495910645
1788678638972799700,44.5647998046875,-10.730000495910645,-37.67300033569336,-4.636000156402588
1788678638988948000,44.580947998046874,-8.555000305175781,-39.38199996948242,-3.94100022315979
1788678639005008100,44.597008056640625,-10.482000350952148,-38.51700210571289,-3.626000165939331
1788678639021158400,44.613158447265626,-11.124000549316406,-38.08500289916992,-3.4170000553131104
1788678639037299000,44.629298828125,-11.006000518798828,-38.72700119018555,-3.321000099182129
1788678639053518300,44.645518310546876,-9.69800090789795,-38.82100296020508,-2.203000068664551
1788678639069674800,44.6616748046875,-10.893000602722168,-38.83100128173828,-3.119000196456909
1788678639085696300,44.6776962890625,-8.098000526428223,-39.90500259399414,-2.9280002117156982
1788678639101862400,44.6938623046875,-9.625,-38.51700210571289,-3.5250000953674316
1788678639117970000,44.70996997070313,-9.706000328063965,-38.93300247192383,-2.6120002269744873
1788678639134189800,44.72618994140625,-8.529000282287598,-39.25800323486328,-2.7180001735687256
1788678639150303000,44.742302978515625,-8.528000831604004,-39.04100036621094,-2.51200008392334
1788678639166388500,44.758388427734374,-10.575000762939453,-39.37300109863281,-3.5310001373291016
1788678639182545700,44.77454565429687,-10.24000072479248,-39.90500259399414,-3.2310001850128174
1788678639198691600,44.79069165039063,-9.366000175476074,-38.38199996948242,-1.3850001096725464
1788678639214912000,44.806912109375,-8.315000534057617,-38.61000061035156,-2.305000066757202
1788678639231073500,44.82307348632813,-10.634000778198242,-38.80400085449219,-1.0810000896453857
1788678639247159600,44.83915966796875,-11.122000694274902,-38.73200225830078,-3.7290000915527344
1788678639263301400,44.85530126953125,-11.946000099182129,-37.7400016784668,-1.783000111579895
1788678639279449600,44.87144970703125,-10.42400074005127,-39.56300354003906,-1.6990001201629639
1788678639295666400,44.88766650390625,-9.599000930786133,-40.12200164794922,-3.3350002765655518
1788678639311797800,44.9037978515625,-11.531000137329102,-39.36900329589844,-3.326000213623047
1788678639327864600,44.91986450195313,-9.856000900268555,-38.095001220703125,-4.03000020980835
1788678639344012300,44.93601220703125,-10.805000305175781,-38.62700271606445,-3.830000162124634
1788678639360121600,44.95212158203125,-10.807000160217285,-38.51900100708008,-3.829000234603882
1788678639376299800,44.9682998046875,-11.141000747680664,-38.527000427246094,-4.440000057220459
1788678639392443100,44.98444311523438,-11.568000793457031,-38.202003479003906,-4.2330002784729
1788678639408516600,45.0005166015625,-9.006999969482422,-37.88300323486328,-4.13100004196167
1788678639424670000,45.016669921875,-10.065000534057617,-38.092002868652344,-3.826000213623047
1788678639440781300,45.03278125,-9.135000228881836,-37.68000030517578,-4.944000244140625
1788678639456998400,45.04899829101562,-9.950000762939453,-40.03200149536133,-4.6579999923706055
1788678639473146000,45.06514599609375,-10.653000831604004,-37.80000305175781,-6.064000129699707
1788678639489171500,45.08117138671875,-12.15000057220459,-38.12300109863281,-6.37000036239624
1788678639505320700,45.09732080078125,-10.980000495910645,-38.12800216674805,-6.576000213623047
1788678639521429000,45.11342895507813,-9.88700008392334,-38.97800064086914,-5.9730000495910645
1788678639537643000,45.12964306640625,-13.206000328063965,-39.194000244140625,-6.4800004959106445
1788678639553795800,45.1457958984375,-10.326000213623047,-39.30900192260742,-6.689000129699707
1788678639569859600,45.16185961914063,-11.188000679016113,-37.90700149536133,-6.1660003662109375
1788678639586008000,45.17800805664063,-10.01200008392334,-37.69200134277344,-5.962000370025635
1788678639602150100,45.194150146484375,-12.675000190734863,-38.98100280761719,-6.479000091552734
1788678639618370000,45.2103701171875,-12.616000175476074,-37.17300033569336,-7.482000350952148
1788678639634530000,45.226530029296875,-12.062000274658203,-36.621002197265625,-6.255000114440918
1788678639650567200,45.24256713867187,-12.281000137329102,-37.05600357055664,-6.76800012588501
1788678639666717700,45.2587177734375,-12.397000312805176,-38.35900115966797,-8.00200080871582
1788678639682829300,45.274829345703125,-13.141000747680664,-37.16600036621094,-7.074000358581543
1788678639699049500,45.291049560546874,-11.849000930786133,-38.24300003051758,-7.289000511169434
1788678639715174700,45.307174560546876,-11.944000244140625,-37.26300048828125,-6.159000396728516
1788678639731235000,45.32323510742187,-11.429000854492188,-38.35600280761719,-7.698000431060791
1788678639747389000,45.33938891601562,-12.01400089263916,-36.33300018310547,-8.697999954223633
1788678639763491300,45.3554912109375,-12.530000686645508,-37.61800003051758,-8.708000183105469
1788678639779707600,45.37170776367188,-11.247000694274902,-37.079002380371094,-8.29800033569336
1788678639795836400,45.38783642578125,-12.220000267028809,-36.86800003051758,-8.702000617980957
1788678639811900200,45.403900146484375,-11.254000663757324,-38.05600357055664,-9.223000526428223
1788678639828045800,45.4200458984375,-14.620000839233398,-39.749000549316406,-8.011000633239746
1788678639844154600,45.436154541015625,-12.00200080871582,-38.7030029296875,-9.635000228881836
1788678639860367600,45.45236767578125,-11.13700008392334,-36.64500045776367,-7.887000560760498
1788678639876507100,45.468507080078126,-12.668000221252441,-37.31300354003906,-9.928000450134277
1788678639892576500,45.48457641601563,-10.848000526428223,-39.04100036621094,-10.760000228881836
1788678639908724000,45.500723876953124,-9.426000595092773,-38.483001708984375,-8.92400074005127
1788678639924833500,45.51683349609375,-12.557000160217285,-38.28300094604492,-10.344000816345215
1788678639941050400,45.53305029296875,-11.702000617980957,-38.71600341796875,-10.553000450134277
1788678639957203700,45.54920361328125,-10.37700080871582,-38.259002685546875,-8.309000015258789
1788678639973231400,45.5652314453125,-12.99000072479248,-37.42100143432617,-10.030000686645508
1788678639989363000,45.58136303710938,-11.950000762939453,-36.68300247192383,-10.84000015258789
1788678640005472300,45.59747216796875,-11.498000144958496,-36.560001373291016,-9.617000579833984
1788678640021692200,45.61369213867187,-11.059000968933105,-38.3910026550293,-10.245000839233398
1788678640037804000,45.629803955078124,-11.907000541687012,-37.84600067138672,-9.628000259399414
1788678640053832400,45.64583251953125,-12.451000213623047,-38.06700134277344,-10.24000072479248
1788678640069982700,45.661982666015625,-11.593000411987305,-36.553001403808594,-9.108000755310059
1788678640086097200,45.67809716796875,-12.319000244140625,-37.944000244140625,-9.017000198364258
1788678640102314200,45.69431420898437,-12.028000831604004,-37.09800338745117,-9.825000762939453
1788678640118430700,45.7104306640625,-11.710000991821289,-37.6400032043457,-10.238000869750977
1788678640134511900,45.726511962890626,-13.01400089263916,-36.78700256347656,-10.738000869750977
1788678640150658800,45.74265893554688,-10.842000961303711,-37.957000732421875,-9.834000587463379
1788678640166802700,45.758802734375,-12.003000259399414,-38.27100372314453,-9.428000450134277
1788678640183016200,45.77501611328125,-12.250000953674316,-36.88600158691406,-10.027000427246094
1788678640199135000,45.791135009765625,-12.540000915527344,-37.73200225830078,-9.219000816345215
1788678640215179500,45.807179443359374,-11.586000442504883,-37.0890007019043,-9.112000465393066
1788678640231324400,45.823324462890625,-10.7160005569458,-38.37800216674805,-9.22700023651123
1788678640247430000,45.83942993164062,-9.962000846862793,-38.051002502441406,-8.71500015258789
1788678640263649300,45.855649169921875,-11.259000778198242,-36.54600143432617,-8.497000694274902
1788678640279790300,45.871790283203126,-10.82800006866455,-37.19200134277344,-8.707000732421875
1788678640295861200,45.887861328125,-13.387001037597656,-37.61800003051758,-8.809000015258789
1788678640311991600,45.90399145507813,-12.325000762939453,-36.97500228881836,-8.70300006866455
1788678640328103400,45.920103515625,-10.601000785827637,-38.15700149536133,-8.7160005569458
1788678640344320800,45.93632080078125,-12.3100004196167,-37.939002990722656,-8.610000610351562
1788678640360470800,45.952470703125,-11.559000968933105,-38.37000274658203,-8.7160005569458
1788678640376530700,45.96853076171875,-12.64900016784668,-37.08500289916992,-8.907000541687012
1788678640392677000,45.98467700195312,-10.619000434875488,-37.51900100708008,-9.117000579833984
1788678640408789800,46.00078979492187,-11.5600004196167,-37.6140022277832,-8.302000045776367
1788678640425008400,46.01700830078125,-11.45300006866455,-37.50600051879883,-8.199000358581543
1788678640441162500,46.03316259765625,-11.574000358581543,-37.29800033569336,-8.707000732421875
1788678640457197800,46.04919775390625,-11.593000411987305,-36.553001403808594,-9.108000755310059
1788678640473349000,46.06534912109375,-12.756000518798828,-37.409000396728516,-9.11400032043457
1788678640489460200,46.08146020507812,-9.776000022888184,-36.663002014160156,-9.111000061035156
1788678640505675500,46.097675537109374,-12.8410005569458,-37.8280029296875,-8.404000282287598
1788678640521832700,46.11383276367187,-13.165000915527344,-37.18100357055664,-8.194000244140625
1788678640537904400,46.129904296875,-12.106000900268555,-35.78300094604492,-7.674000263214111
1788678640554054700,46.1460546875,-12.952000617980957,-37.50600051879883,-8.401000022888184
1788678640570169000,46.162169189453124,-14.691000938415527,-37.09000015258789,-9.516000747680664
1788678640586386400,46.178386474609376,-11.701000213623047,-36.44600296020508,-9.107000350952148
1788678640602500600,46.19450048828125,-12.671000480651855,-36.77400207519531,-9.719000816345215
1788678640618547700,46.21054760742187,-13.404000282287598,-36.87200164794922,-9.108000755310059
1788678640634699500,46.22669946289062,-13.636000633239746,-36.99100112915039,-10.026000022888184
1788678640650809300,46.24280932617187,-11.056000709533691,-37.09300231933594,-9.317000389099121
1788678640667028500,46.259028564453125,-12.873000144958496,-36.11800003051758,-8.797000885009766
1788678640683155700,46.27515576171875,-13.858000755310059,-35.915000915527344,-9.710000038146973
1788678640699199500,46.291199462890624,-12.7760009765625,-36.124000549316406,-9.204000473022461
1788678640715347500,46.30734741210937,-13.041000366210938,-35.50699996948242,-11.134000778198242
1788678640731492600,46.32349267578125,-13.652000427246094,-37.00100326538086,-10.73900032043457
1788678640747710200,46.33971020507813,-13.771000862121582,-34.95500183105469,-10.008000373840332
1788678640763837200,46.35583715820312,-14.009000778198242,-34.861000061035156,-11.02500057220459
1788678640779894800,46.37189477539062,-16.027999877929688,-35.06800079345703,-10.719000816345215
1788678640796046600,46.38804663085938,-13.918000221252441,-33.358001708984375,-10.808000564575195
1788678640812153600,46.404153564453125,-13.043000221252441,-35.50800323486328,-11.236000061035156
1788678640828373000,46.420373046875,-13.042000770568848,-34.64200210571289,-10.617000579833984
1788678640844514800,46.436514892578124,-12.696001052856445,-35.16800308227539,-9.807000160217285
1788678640860586500,46.45258642578125,-12.520000457763672,-34.11000061035156,-10.817000389099121
1788678640876739000,46.46873901367187,-13.034000396728516,-34.854000091552734,-10.415000915527344
1788678640892852700,46.484852783203124,-12.75200080871582,-33.90500259399414,-11.528000831604004
1788678640909070800,46.50107080078125,-11.357000350952148,-34.22700119018555,-11.430000305175781
1788678640925206000,46.5172060546875,-12.505001068115234,-34.53300094604492,-10.413000106811523
1788678640941268500,46.5332685546875,-12.51400089263916,-35.1870002746582,-11.234000205993652
1788678640957418200,46.54941821289062,-11.66100025177002,-33.13600158691406,-9.994000434875488
1788678640973529600,46.56552954101563,-12.133000373840332,-33.487003326416016,-12.238000869750977
1788678640989748000,46.581748046875,-12.183000564575195,-35.290000915527344,-10.827000617980957
1788678641005907500,46.59790747070313,-13.211000442504883,-33.275001525878906,-12.540000915527344
1788678641021942300,46.6139423828125,-11.85300064086914,-34.52799987792969,-9.904000282287598
1788678641038093600,46.63009350585938,-12.320000648498535,-33.794002532958984,-11.222000122070312
1788678641054202400,46.646202392578125,-12.415000915527344,-34.112003326416016,-10.919000625610352
1788678641070418400,46.66241845703125,-12.892000198364258,-32.30400085449219,-12.023000717163086
1788678641086533400,46.67853344726562,-12.322000503540039,-31.959001541137695,-10.187000274658203
1788678641102580500,46.69458056640625,-12.53700065612793,-33.3640022277832,-11.116000175476074
1788678641118709500,46.71070947265625,-13.723000526428223,-33.47800064086914,-11.726000785827637
1788678641134816300,46.72681616210937,-11.645000457763672,-33.775001525878906,-9.694000244140625
1788678641151035000,46.74303491210937,-15.32300090789795,-31.961002349853516,-10.692000389099121
1788678641167163600,46.75916357421875,-11.875000953674316,-34.54100036621094,-10.92300033569336
1788678641183223300,46.775223388671876,-13.28600025177002,-32.71600341796875,-10.803000450134277
1788678641199372500,46.79137255859375,-15.633000373840332,-32.38600158691406,-10.492000579833984
1788678641215486000,46.80748583984375,-13.971000671386719,-30.68800163269043,-11.498000144958496
1788678641231705300,46.823705322265624,-12.208000183105469,-32.819000244140625,-10.398000717163086
1788678641247844900,46.839844970703126,-14.667000770568848,-32.60100173950195,-10.393000602722168
1788678641263916300,46.85591625976563,-14.872000694274902,-33.89200210571289,-10.812000274658203
1788678641280067800,46.87206787109375,-12.658000946044922,-33.156002044677734,-11.623000144958496
1788678641296211500,46.88821142578125,-14.99100112915039,-31.306001663208008,-9.770000457763672
1788678641312427800,46.904427734375,-14.882000923156738,-30.981000900268555,-9.462000846862793
1788678641328552200,46.92055224609375,-13.765000343322754,-31.774002075195312,-12.5260009765625
1788678641344654000,46.936654052734376,-13.942000389099121,-31.643001556396484,-10.793000221252441
1788678641360812000,46.95281201171875,-12.713000297546387,-32.26000213623047,-8.76300048828125
1788678641376914400,46.96891455078125,-13.074000358581543,-31.636001586914062,-10.183000564575195
1788678641393132800,46.9851328125,-13.815000534057617,-31.63100242614746,-9.87600040435791
1788678641409285600,47.00128564453125,-14.148000717163086,-31.530000686645508,-10.384000778198242
1788678641425314800,47.017314697265626,-13.372000694274902,-32.27000045776367,-9.577000617980957
1788678641441460200,47.03346020507813,-12.860000610351562,-30.66400146484375,-9.563000679016113
1788678641457565700,47.04956567382813,-14.781001091003418,-30.119001388549805,-9.14900016784668
1788678641473778700,47.06577880859375,-12.85200023651123,-31.415000915527344,-9.672000885009766
1788678641489887200,47.08188720703125,-14.224000930786133,-30.6460018157959,-8.440999984741211
1788678641505924600,47.09792456054687,-14.75200080871582,-30.858001708984375,-8.34000015258789
1788678641522067700,47.11406762695312,-13.897000312805176,-31.724000930786133,-8.858000755310059
1788678641538173400,47.13017333984375,-13.806000709533691,-31.08500099182129,-9.157999992370605
1788678641554386400,47.14638647460937,-14.359000205993652,-30.231000900268555,-9.456000328063965
1788678641570495000,47.162494873046874,-14.224000930786133,-30.97100067138672,-8.648000717163086
1788678641586535700,47.17853564453125,-16.17500114440918,-30.661001205444336,-9.76300048828125
1788678641602680300,47.19468041992187,-14.778000831604004,-30.658000946044922,-9.357000350952148
1788678641618789600,47.21078955078125,-15.718000411987305,-31.184001922607422,-8.749000549316406
1788678641635003400,47.22700341796875,-14.982000350952148,-30.328001022338867,-8.743000030517578
1788678641651135000,47.24313500976562,-14.237000465393066,-30.655000686645508,-9.052000045776367
1788678641667198700,47.25919873046875,-14.875000953674316,-30.328001022338867,-8.743000030517578
1788678641683326000,47.27532592773437,-15.527000427246094,-29.685001373291016,-8.838000297546387
1788678641699437000,47.29143701171875,-15.134000778198242,-30.679000854492188,-10.987000465393066
1788678641715650000,47.30765014648438,-14.123001098632812,-29.894001007080078,-8.230999946594238
1788678641731789300,47.32378930664063,-13.296000480651855,-30.020002365112305,-9.557000160217285
1788678641747862500,47.33986254882812,-14.688000679016113,-30.23600196838379,-9.863000869750977
1788678641764014800,47.35601489257812,-15.000000953674316,-30.23000144958496,-9.455000877380371
1788678641780128300,47.37212817382812,-13.744000434875488,-29.492000579833984,-10.163000106811523
1788678641796346000,47.38834619140625,-13.601000785827637,-29.68600082397461,-8.63700008392334
1788678641812501500,47.40450146484375,-13.941000938415527,-29.373001098632812,-9.347000122070312
1788678641828530000,47.42053002929688,-14.370000839233398,-29.26500129699707,-9.345000267028809
1788678641844676600,47.43667651367188,-16.947999954223633,-28.838001251220703,-9.746000289916992
1788678641860820200,47.4528203125,-13.297000885009766,-28.183000564575195,-8.420000076293945
1788678641877037300,47.469037353515624,-16.547000885009766,-27.558000564575195,-10.142000198364258
1788678641893169700,47.485169677734376,-14.726000785827637,-27.665000915527344,-9.942000389099121
1788678641909228500,47.501228515625,-16.525001525878906,-27.65300178527832,-9.22700023651123
1788678641925383200,47.517383056640625,-15.26400089263916,-27.23400115966797,-9.836000442504883
1788678641941492200,47.5334921875,-13.955000877380371,-28.19300079345703,-9.235000610351562
1788678641957717500,47.54971752929688,-14.297000885009766,-27.340002059936523,-9.634000778198242
1788678641973828400,47.565828369140625,-13.313000679016113,-28.51700210571289,-9.34000015258789
1788678641989867000,47.58186694335937,-13.338000297546387,-26.69500160217285,-9.324000358581543
1788678642006015000,47.59801489257813,-15.0600004196167,-27.349000930786133,-10.346000671386719
1788678642022125000,47.614125,-15.392001152038574,-26.167001724243164,-10.132000923156738
1788678642038341000,47.63034106445313,-16.463001251220703,-26.275001525878906,-10.335000038146973
1788678642054465300,47.64646533203125,-15.407000541687012,-27.040000915527344,-11.362000465393066
1788678642070508800,47.6625087890625,-15.462000846862793,-27.657001495361328,-9.432000160217285
1788678642086657000,47.67865698242188,-13.344000816345215,-26.915000915527344,-9.733000755310059
1788678642102768600,47.6947685546875,-15.283000946044922,-25.841001510620117,-9.82300090789795
1788678642118986800,47.71098681640625,-14.82300090789795,-27.875001907348633,-9.63800048828125
1788678642135117800,47.727117919921874,-13.577000617980957,-25.30500030517578,-9.617000579833984
1788678642151176000,47.743176025390625,-13.77500057220459,-27.132001876831055,-10.040000915527344
1788678642167323600,47.75932373046875,-15.91300106048584,-27.455001831054688,-10.346000671386719
1788678642183437300,47.77543725585937,-13.148000717163086,-26.49300193786621,-10.23900032043457
1788678642199637000,47.79163696289063,-16.55000114440918,-27.559001922607422,-10.244000434875488
1788678642215783200,47.807783203125,-13.974000930786133,-27.66400146484375,-9.73900032043457
1788678642231857000,47.82385693359375,-14.38900089263916,-27.22300148010254,-8.920000076293945
1788678642248004400,47.84000439453125,-14.386000633239746,-28.626001358032227,-9.645000457763672
1788678642264116200,47.8561162109375,-13.366000175476074,-26.280000686645508,-10.339000701904297
1788678642280333600,47.87233349609375,-15.010001182556152,-28.183000564575195,-8.622000694274902
1788678642296484400,47.888484375,-15.812000274658203,-26.16200065612793,-9.825000762939453
1788678642312514000,47.90451416015625,-15.244000434875488,-27.33100128173828,-9.022000312805176
1788678642328645000,47.92064501953125,-11.27500057220459,-27.21700096130371,-8.109000205993652
1788678642344756000,47.936755859375,-13.554000854492188,-26.804000854492188,-9.528000831604004
1788678642360971300,47.95297119140625,-14.080000877380371,-26.906002044677734,-9.223000526428223
1788678642377134000,47.969134033203126,-12.491000175476074,-26.809001922607422,-9.734000205993652
1788678642393171000,47.9851708984375,-13.849000930786133,-27.65300178527832,-8.92400074005127
1788678642409324300,48.00132421875,-14.044000625610352,-27.209001541137695,-7.800000190734863
1788678642425434600,48.0174345703125,-15.658000946044922,-27.106000900268555,-8.306000709533691
1788678642441655000,48.033655029296874,-13.945000648498535,-27.430002212524414,-8.31100082397461
1788678642457769700,48.04976977539062,-13.179000854492188,-28.176000595092773,-7.9110002517700195
1788678642473845800,48.065845703125,-12.72800064086914,-28.055002212524414,-6.7900004386901855
1788678642489982000,48.08198193359375,-14.12700080871582,-27.95100212097168,-7.195000171661377
1788678642506127400,48.09812744140625,-13.503000259399414,-28.178001403808594,-8.11400032043457
1788678642522344400,48.11434448242188,-11.791000366210938,-28.28700065612793,-8.016000747680664
1788678642538456300,48.13045629882812,-11.879000663757324,-27.519001007080078,-6.685000419616699
1788678642554504000,48.14650390625,-12.975000381469727,-27.64200210571289,-8.009000778198242
1788678642570658300,48.162658203125,-13.476000785827637,-27.189001083374023,-6.272000312805176
1788678642586812400,48.1788125,-14.597001075744629,-27.652000427246094,-8.92300033569336
1788678642603027700,48.19502783203125,-15.081000328063965,-26.972002029418945,-6.26800012588501
1788678642619164700,48.21116455078125,-14.346000671386719,-26.225000381469727,-6.36400032043457
1788678642635235300,48.2272353515625,-14.556000709533691,-27.62700080871582,-7.090000152587891
1788678642651386400,48.24338647460937,-15.152000427246094,-29.54400062561035,-6.2910003662109375
1788678642667500000,48.2595,-13.712000846862793,-27.418001174926758,-7.39400053024292
1788678642683720000,48.27571997070312,-14.86500072479248,-28.268001556396484,-6.993000507354736
1788678642699863000,48.29186303710937,-15.588000297546387,-27.279001235961914,-5.252000331878662
1788678642715965000,48.30796484375,-14.733000755310059,-27.281002044677734,-5.253000259399414
1788678642732110800,48.32411083984375,-15.155000686645508,-27.16900062561035,-4.946000099182129
1788678642748236800,48.34023681640625,-15.930000305175781,-26.644001007080078,-5.857000350952148
1788678642764456400,48.35645654296875,-18.375,-26.309001922607422,-5.138000011444092
1788678642780592600,48.372592529296874,-15.3100004196167,-26.009000778198242,-6.3610005378723145
1788678642796694300,48.3886943359375,-16.481000900268555,-25.573001861572266,-5.948000431060791
1788678642812841000,48.40484106445312,-16.450000762939453,-25.66200065612793,-4.625
1788678642828943000,48.42094311523437,-16.25400161743164,-24.916000366210938,-4.924000263214111
1788678642845136000,48.43713598632812,-17.711000442504883,-25.86400032043457,-3.81000018119812
1788678642861279500,48.453279541015625,-16.527999877929688,-25.968000411987305,-3.507000207901001
1788678642877338600,48.46933862304687,-15.552000999450684,-26.393001556396484,-3.1050002574920654
1788678642893483500,48.4854833984375,-13.824000358581543,-26.816001892089844,-2.499000072479248
1788678642909631700,48.5016318359375,-17.772001266479492,-26.160001754760742,-1.9790000915527344
1788678642925849000,48.51784912109375,-19.158000946044922,-27.0210018157959,-2.3930001258850098
1788678642942000600,48.53400073242187,-16.202001571655273,-24.885000228881836,-2.5810000896453857
1788678642958070000,48.550070068359375,-14.646000862121582,-27.012001037597656,-1.1759999990463257
1788678642974211300,48.56621142578125,-17.847000122070312,-27.654001235961914,-1.4830000400543213
1788678642990322200,48.582322265625,-14.42300033569336,-27.222002029418945,-0.8720000386238098
1788678643006537500,48.598537353515624,-16.345001220703125,-26.35500144958496,-0.3530000150203705
1788678643022656300,48.61465625,-14.16300106048584,-28.599000930786133,0.3370000123977661
1788678643038745300,48.630745361328124,-14.193000793457031,-27.86100196838379,-0.5730000138282776
1788678643054892500,48.646892578125,-12.453001022338867,-29.03400230407715,0.12700000405311584
1788678643071003100,48.66300317382812,-13.720000267028809,-29.239002227783203,0.6360000371932983
1788678643087217200,48.679217041015626,-11.822000503540039,-28.176000595092773,0.23500001430511475
1788678643103342800,48.6953427734375,-12.417000770568848,-28.363000869750977,2.1700000762939453
1788678643119393500,48.7113935546875,-11.471000671386719,-28.374000549316406,1.4560000896453857
1788678643135538400,48.727538330078126,-12.862000465393066,-28.373001098632812,1.3560000658035278
1788678643151649300,48.74364916992187,-12.387001037597656,-28.56100082397461,3.391000270843506
1788678643167866600,48.75986669921875,-12.295001029968262,-28.46200180053711,2.7800002098083496
1788678643184003000,48.77600317382812,-11.5600004196167,-27.715002059936523,2.684000015258789
1788678643200064000,48.79206396484375,-12.382000923156738,-28.558000564575195,3.5940001010894775
1788678643216210000,48.8082099609375,-11.782000541687012,-27.28700065612793,2.5860002040863037
1788678643232318500,48.824318359375,-12.384000778198242,-29.10000228881836,3.182000160217285
1788678643248535800,48.84053588867187,-13.116000175476074,-27.360000610351562,4.930000305175781
1788678643264676900,48.8566767578125,-10.659000396728516,-28.660001754760742,4.203000068664551
1788678643280735700,48.87273583984375,-10.1850004196167,-29.065000534057617,6.0320000648498535
1788678643296881700,48.888881591796874,-11.582000732421875,-27.555002212524414,6.556000232696533
1788678643312988400,48.90498852539063,-10.824000358581543,-27.55000114440918,7.065000534057617
1788678643329204700,48.921204833984376,-9.148000717163086,-27.14000129699707,5.844000339508057
1788678643345353700,48.93735375976563,-10.37600040435791,-28.18600082397461,7.568000316619873
1788678643361385000,48.953385009765626,-10.284000396728516,-27.33100128173828,7.474000453948975
1788678643377529300,48.969529296875,-13.172000885009766,-26.78900146484375,7.584000587463379
1788678643393638700,48.985638671875,-11.016000747680664,-28.4010009765625,7.465000152587891
1788678643409855500,49.00185546875,-13.166000366210938,-27.86600112915039,7.1670002937316895
1788678643426004500,49.01800439453125,-11.462000846862793,-27.871002197265625,6.961000442504883
1788678643442066400,49.03406640625,-13.16300106048584,-26.783000946044922,7.991000175476074
1788678643458215000,49.05021484375,-12.295001029968262,-27.101001739501953,8.395000457763672
1788678643474327800,49.066327880859376,-10.373000144958496,-25.8070011138916,9.219000816345215
1788678643490545700,49.08254565429687,-12.733000755310059,-26.350000381469727,8.402000427246094
1788678643506671000,49.09867114257813,-10.782000541687012,-25.795001983642578,10.034000396728516
1788678643522721000,49.114720947265624,-11.85300064086914,-25.57900047302246,10.038000106811523
1788678643538871600,49.13087158203125,-10.65000057220459,-26.429000854492188,10.742000579833984
1788678643554980400,49.14698046875,-12.23900032043457,-25.554000854492188,11.872000694274902
1788678643571197400,49.163197509765624,-12.470000267028809,-24.26700210571289,11.884000778198242
1788678643587328800,49.17932885742187,-10.443000793457031,-23.839000701904297,12.089000701904297
1788678643603389200,49.19538916015625,-12.874000549316406,-24.46900177001953,12.79900074005127
1788678643619535600,49.21153564453125,-11.808000564575195,-24.03900146484375,13.005001068115234
1788678643635643600,49.2276435546875,-13.22700023651123,-22.435001373291016,12.61400032043457
1788678643651857400,49.243857421875,-13.285000801086426,-22.51300048828125,14.75200080871582
1788678643667994400,49.259994384765626,-13.605000495910645,-22.18800163269043,14.959000587463379
1788678643684058600,49.27605859375,-12.66100025177002,-20.68600082397461,15.17500114440918
1788678643700204500,49.29220458984375,-15.147000312805176,-19.94500160217285,14.268000602722168
1788678643716312800,49.30831274414062,-15.762001037597656,-18.19900131225586,16.525001525878906
1788678643732526300,49.3245263671875,-13.925000190734863,-17.972000122070312,17.645999908447266
1788678643748670500,49.34067041015625,-15.895000457763672,-16.5939998626709,16.336000442504883
1788678643764743400,49.35674340820312,-14.596000671386719,-17.233001708984375,16.736000061035156
1788678643780895000,49.37289501953125,-15.306000709533691,-16.66900062561035,18.779001235961914
1788678643797006300,49.38900634765625,-14.577000617980957,-16.78900146484375,17.861000061035156
1788678643813224200,49.40522412109375,-14.13800048828125,-16.999000549316406,18.266000747680664
1788678643829372400,49.42137231445312,-13.087000846862793,-15.282000541687012,18.58500099182129
1788678643845397000,49.43739697265625,-14.67400074005127,-15.378000259399414,19.19700050354004
1788678643861545700,49.453545654296875,-13.552000999450684,-14.223000526428223,17.576000213623047
1788678643877657300,49.4696572265625,-16.248001098632812,-15.575000762939453,20.31800079345703
1788678643893874400,49.48587451171875,-15.426000595092773,-14.516000747680664,19.512001037597656
1788678643909991000,49.501990966796875,-17.602001190185547,-13.88800048828125,18.09400177001953
1788678643926035000,49.51803491210938,-16.856000900268555,-12.485000610351562,18.920000076293945
1788678643942187500,49.5341875,-16.277999877929688,-13.2160005569458,20.441001892089844
1788678643958300400,49.55030053710937,-14.059000968933105,-13.017000198364258,19.523000717163086
